2025-10-28T00:05:45.653-05:00  INFO 26160 --- [auth-server] [main] org.cibertec.AuthServerApplication       : Starting AuthServerApplication using Java 21.0.5 with PID 26160 (C:\Users\User\Documents\Ciclo 2025\Desarrollo de Aplicaciones Web II\PROYECTO\dawii-proyecto-dev\auth-server\target\classes started by User in C:\Users\User\Documents\Ciclo 2025\Desarrollo de Aplicaciones Web II\PROYECTO\dawii-proyecto-dev\api-gateway)
2025-10-28T00:05:45.656-05:00  INFO 26160 --- [auth-server] [main] org.cibertec.AuthServerApplication       : No active profile set, falling back to 1 default profile: "default"
2025-10-28T00:05:45.676-05:00  INFO 26160 --- [auth-server] [main] o.s.c.c.c.ConfigServerConfigDataLoader   : Fetching config from server at : http://localhost:8888
2025-10-28T00:05:45.676-05:00  INFO 26160 --- [auth-server] [main] o.s.c.c.c.ConfigServerConfigDataLoader   : Located environment: name=auth-server, profiles=[default], label=null, version=null, state=null
2025-10-28T00:05:46.144-05:00  INFO 26160 --- [auth-server] [main] .s.d.r.c.RepositoryConfigurationDelegate : Bootstrapping Spring Data JPA repositories in DEFAULT mode.
2025-10-28T00:05:46.216-05:00  INFO 26160 --- [auth-server] [main] .s.d.r.c.RepositoryConfigurationDelegate : Finished Spring Data repository scanning in 67 ms. Found 1 JPA repository interface.
2025-10-28T00:05:46.348-05:00  INFO 26160 --- [auth-server] [main] o.s.cloud.context.scope.GenericScope     : BeanFactory id=aa80d89b-37c8-344c-aee1-8c124199bfa8
2025-10-28T00:05:46.541-05:00  INFO 26160 --- [auth-server] [main] o.s.b.w.embedded.tomcat.TomcatWebServer  : Tomcat initialized with port 0 (http)
2025-10-28T00:05:46.548-05:00  INFO 26160 --- [auth-server] [main] o.apache.catalina.core.StandardService   : Starting service [Tomcat]
2025-10-28T00:05:46.549-05:00  INFO 26160 --- [auth-server] [main] o.apache.catalina.core.StandardEngine    : Starting Servlet engine: [Apache Tomcat/10.1.44]
2025-10-28T00:05:46.590-05:00  INFO 26160 --- [auth-server] [main] o.a.c.c.C.[Tomcat].[localhost].[/]       : Initializing Spring embedded WebApplicationContext
2025-10-28T00:05:46.590-05:00  INFO 26160 --- [auth-server] [main] w.s.c.ServletWebServerApplicationContext : Root WebApplicationContext: initialization completed in 913 ms
2025-10-28T00:05:46.723-05:00  INFO 26160 --- [auth-server] [main] com.zaxxer.hikari.HikariDataSource       : HikariPool-1 - Starting...
2025-10-28T00:05:46.880-05:00  INFO 26160 --- [auth-server] [main] com.zaxxer.hikari.pool.HikariPool        : HikariPool-1 - Added connection com.mysql.cj.jdbc.ConnectionImpl@12ebfb2d
2025-10-28T00:05:46.881-05:00  INFO 26160 --- [auth-server] [main] com.zaxxer.hikari.HikariDataSource       : HikariPool-1 - Start completed.
2025-10-28T00:05:46.903-05:00  INFO 26160 --- [auth-server] [main] o.hibernate.jpa.internal.util.LogHelper  : HHH000204: Processing PersistenceUnitInfo [name: default]
2025-10-28T00:05:46.931-05:00  INFO 26160 --- [auth-server] [main] org.hibernate.Version                    : HHH000412: Hibernate ORM core version 6.6.26.Final
2025-10-28T00:05:46.948-05:00  INFO 26160 --- [auth-server] [main] o.h.c.internal.RegionFactoryInitiator    : HHH000026: Second-level cache disabled
2025-10-28T00:05:47.096-05:00  INFO 26160 --- [auth-server] [main] o.s.o.j.p.SpringPersistenceUnitInfo      : No LoadTimeWeaver setup: ignoring JPA class transformer
2025-10-28T00:05:47.153-05:00  INFO 26160 --- [auth-server] [main] org.hibernate.orm.connections.pooling    : HHH10001005: Database info:
	Database JDBC URL [Connecting through datasource 'HikariDataSource (HikariPool-1)']
	Database driver: undefined/unknown
	Database version: 8.0.34
	Autocommit mode: undefined/unknown
	Isolation level: undefined/unknown
	Minimum pool size: undefined/unknown
	Maximum pool size: undefined/unknown
2025-10-28T00:05:47.664-05:00  INFO 26160 --- [auth-server] [main] o.h.e.t.j.p.i.JtaPlatformInitiator       : HHH000489: No JTA platform available (set 'hibernate.transaction.jta.platform' to enable JTA platform integration)
2025-10-28T00:05:47.666-05:00  INFO 26160 --- [auth-server] [main] j.LocalContainerEntityManagerFactoryBean : Initialized JPA EntityManagerFactory for persistence unit 'default'
2025-10-28T00:05:47.839-05:00  WARN 26160 --- [auth-server] [main] JpaBaseConfiguration$JpaWebConfiguration : spring.jpa.open-in-view is enabled by default. Therefore, database queries may be performed during view rendering. Explicitly configure spring.jpa.open-in-view to disable this warning
2025-10-28T00:05:47.858-05:00  INFO 26160 --- [auth-server] [main] r$InitializeUserDetailsManagerConfigurer : Global AuthenticationManager configured with UserDetailsService bean with name customUserDetailsService
2025-10-28T00:05:48.387-05:00  INFO 26160 --- [auth-server] [main] o.s.b.a.e.web.EndpointLinksResolver      : Exposing 18 endpoints beneath base path '/actuator'
2025-10-28T00:05:48.419-05:00  INFO 26160 --- [auth-server] [main] DiscoveryClientOptionalArgsConfiguration : Eureka HTTP Client uses RestTemplate.
2025-10-28T00:05:48.436-05:00  WARN 26160 --- [auth-server] [main] iguration$LoadBalancerCaffeineWarnLogger : Spring Cloud LoadBalancer is currently working with the default cache. While this cache implementation is useful for development and tests, it's recommended to use Caffeine cache in production.You can switch to using Caffeine cache, by adding it and org.springframework.cache.caffeine.CaffeineCacheManager to the classpath.
2025-10-28T00:05:48.486-05:00  INFO 26160 --- [auth-server] [main] o.s.b.w.embedded.tomcat.TomcatWebServer  : Tomcat started on port 64157 (http) with context path '/'
2025-10-28T00:05:48.487-05:00  INFO 26160 --- [auth-server] [main] .s.c.n.e.s.EurekaAutoServiceRegistration : Updating port to 64157
2025-10-28T00:05:48.490-05:00  INFO 26160 --- [auth-server] [main] o.s.c.n.eureka.InstanceInfoFactory       : Setting initial instance status as: STARTING
2025-10-28T00:05:48.503-05:00  INFO 26160 --- [auth-server] [main] com.netflix.discovery.DiscoveryClient    : Initializing Eureka in region us-east-1
2025-10-28T00:05:48.505-05:00  INFO 26160 --- [auth-server] [main] c.n.d.s.r.aws.ConfigClusterResolver      : Resolving eureka endpoints via configuration
2025-10-28T00:05:48.511-05:00  INFO 26160 --- [auth-server] [main] com.netflix.discovery.DiscoveryClient    : Disable delta property : false
2025-10-28T00:05:48.511-05:00  INFO 26160 --- [auth-server] [main] com.netflix.discovery.DiscoveryClient    : Single vip registry refresh property : null
2025-10-28T00:05:48.511-05:00  INFO 26160 --- [auth-server] [main] com.netflix.discovery.DiscoveryClient    : Force full registry fetch : false
2025-10-28T00:05:48.511-05:00  INFO 26160 --- [auth-server] [main] com.netflix.discovery.DiscoveryClient    : Application is null : false
2025-10-28T00:05:48.511-05:00  INFO 26160 --- [auth-server] [main] com.netflix.discovery.DiscoveryClient    : Registered Applications size is zero : true
2025-10-28T00:05:48.511-05:00  INFO 26160 --- [auth-server] [main] com.netflix.discovery.DiscoveryClient    : Application version is -1: true
2025-10-28T00:05:48.511-05:00  INFO 26160 --- [auth-server] [main] com.netflix.discovery.DiscoveryClient    : Getting all instance registry info from the eureka server
2025-10-28T00:05:48.651-05:00  INFO 26160 --- [auth-server] [main] com.netflix.discovery.DiscoveryClient    : The response status is 200
2025-10-28T00:05:48.652-05:00  INFO 26160 --- [auth-server] [main] com.netflix.discovery.DiscoveryClient    : Starting heartbeat executor: renew interval is: 30
2025-10-28T00:05:48.653-05:00  INFO 26160 --- [auth-server] [main] c.n.discovery.InstanceInfoReplicator     : InstanceInfoReplicator onDemand update allowed rate per min is 4
2025-10-28T00:05:48.653-05:00  INFO 26160 --- [auth-server] [main] com.netflix.discovery.DiscoveryClient    : Discovery Client initialized at timestamp 1761627948653 with initial instances count: 1
2025-10-28T00:05:48.656-05:00  INFO 26160 --- [auth-server] [main] o.s.c.n.e.s.EurekaServiceRegistry        : Registering application AUTH-SERVER with eureka with status UP
2025-10-28T00:05:48.656-05:00  INFO 26160 --- [auth-server] [main] com.netflix.discovery.DiscoveryClient    : Saw local status change event StatusChangeEvent [timestamp=1761627948656, current=UP, previous=STARTING]
2025-10-28T00:05:48.657-05:00  INFO 26160 --- [auth-server] [DiscoveryClient-InstanceInfoReplicator-%d] com.netflix.discovery.DiscoveryClient    : DiscoveryClient_AUTH-SERVER/host.docker.internal:auth-server:0: registering service...
2025-10-28T00:05:48.671-05:00  INFO 26160 --- [auth-server] [main] org.cibertec.AuthServerApplication       : Started AuthServerApplication in 3.492 seconds (process running for 4.01)
2025-10-28T00:05:48.688-05:00  INFO 26160 --- [auth-server] [DiscoveryClient-InstanceInfoReplicator-%d] com.netflix.discovery.DiscoveryClient    : DiscoveryClient_AUTH-SERVER/host.docker.internal:auth-server:0 - registration status: 204
2025-10-28T00:05:49.154-05:00  INFO 26160 --- [auth-server] [RMI TCP Connection(4)-192.168.1.72] o.a.c.c.C.[Tomcat].[localhost].[/]       : Initializing Spring DispatcherServlet 'dispatcherServlet'
2025-10-28T00:05:49.154-05:00  INFO 26160 --- [auth-server] [RMI TCP Connection(4)-192.168.1.72] o.s.web.servlet.DispatcherServlet        : Initializing Servlet 'dispatcherServlet'
2025-10-28T00:05:49.156-05:00  INFO 26160 --- [auth-server] [RMI TCP Connection(4)-192.168.1.72] o.s.web.servlet.DispatcherServlet        : Completed initialization in 2 ms
2025-10-28T00:10:48.520-05:00  INFO 26160 --- [auth-server] [AsyncResolver-bootstrap-executor-%d] c.n.d.s.r.aws.ConfigClusterResolver      : Resolving eureka endpoints via configuration
2025-10-28T00:15:48.532-05:00  INFO 26160 --- [auth-server] [AsyncResolver-bootstrap-executor-%d] c.n.d.s.r.aws.ConfigClusterResolver      : Resolving eureka endpoints via configuration
2025-10-28T00:20:48.544-05:00  INFO 26160 --- [auth-server] [AsyncResolver-bootstrap-executor-%d] c.n.d.s.r.aws.ConfigClusterResolver      : Resolving eureka endpoints via configuration
2025-10-28T00:25:48.551-05:00  INFO 26160 --- [auth-server] [AsyncResolver-bootstrap-executor-%d] c.n.d.s.r.aws.ConfigClusterResolver      : Resolving eureka endpoints via configuration
2025-10-28T00:30:48.562-05:00  INFO 26160 --- [auth-server] [AsyncResolver-bootstrap-executor-%d] c.n.d.s.r.aws.ConfigClusterResolver      : Resolving eureka endpoints via configuration
2025-10-28T00:35:48.576-05:00  INFO 26160 --- [auth-server] [AsyncResolver-bootstrap-executor-%d] c.n.d.s.r.aws.ConfigClusterResolver      : Resolving eureka endpoints via configuration
2025-10-28T00:40:48.589-05:00  INFO 26160 --- [auth-server] [AsyncResolver-bootstrap-executor-%d] c.n.d.s.r.aws.ConfigClusterResolver      : Resolving eureka endpoints via configuration
2025-10-28T00:45:48.599-05:00  INFO 26160 --- [auth-server] [AsyncResolver-bootstrap-executor-%d] c.n.d.s.r.aws.ConfigClusterResolver      : Resolving eureka endpoints via configuration
2025-10-28T00:50:48.607-05:00  INFO 26160 --- [auth-server] [AsyncResolver-bootstrap-executor-%d] c.n.d.s.r.aws.ConfigClusterResolver      : Resolving eureka endpoints via configuration
2025-10-28T00:54:36.444-05:00  INFO 26160 --- [auth-server] [SpringApplicationShutdownHook] o.s.c.n.e.s.EurekaServiceRegistry        : Unregistering application AUTH-SERVER with eureka with status DOWN
2025-10-28T00:54:36.445-05:00  INFO 26160 --- [auth-server] [SpringApplicationShutdownHook] com.netflix.discovery.DiscoveryClient    : Saw local status change event StatusChangeEvent [timestamp=1761630876445, current=DOWN, previous=UP]
2025-10-28T00:54:36.445-05:00  INFO 26160 --- [auth-server] [DiscoveryClient-InstanceInfoReplicator-%d] com.netflix.discovery.DiscoveryClient    : DiscoveryClient_AUTH-SERVER/host.docker.internal:auth-server:0: registering service...
2025-10-28T00:54:36.456-05:00  INFO 26160 --- [auth-server] [DiscoveryClient-InstanceInfoReplicator-%d] com.netflix.discovery.DiscoveryClient    : DiscoveryClient_AUTH-SERVER/host.docker.internal:auth-server:0 - registration status: 204
2025-10-28T00:54:36.457-05:00  INFO 26160 --- [auth-server] [SpringApplicationShutdownHook] o.s.b.w.e.tomcat.GracefulShutdown        : Commencing graceful shutdown. Waiting for active requests to complete
2025-10-28T00:54:36.468-05:00  INFO 26160 --- [auth-server] [tomcat-shutdown] o.s.b.w.e.tomcat.GracefulShutdown        : Graceful shutdown complete
2025-10-28T00:54:36.487-05:00  INFO 26160 --- [auth-server] [SpringApplicationShutdownHook] j.LocalContainerEntityManagerFactoryBean : Closing JPA EntityManagerFactory for persistence unit 'default'
2025-10-28T00:54:36.493-05:00  INFO 26160 --- [auth-server] [SpringApplicationShutdownHook] com.zaxxer.hikari.HikariDataSource       : HikariPool-1 - Shutdown initiated...
2025-10-28T00:54:36.499-05:00  INFO 26160 --- [auth-server] [SpringApplicationShutdownHook] com.zaxxer.hikari.HikariDataSource       : HikariPool-1 - Shutdown completed.
2025-10-28T00:54:36.499-05:00  INFO 26160 --- [auth-server] [SpringApplicationShutdownHook] com.netflix.discovery.DiscoveryClient    : Shutting down DiscoveryClient ...
2025-10-28T00:54:39.512-05:00  INFO 26160 --- [auth-server] [SpringApplicationShutdownHook] com.netflix.discovery.DiscoveryClient    : Unregistering ...
2025-10-28T00:54:39.529-05:00  INFO 26160 --- [auth-server] [SpringApplicationShutdownHook] com.netflix.discovery.DiscoveryClient    : DiscoveryClient_AUTH-SERVER/host.docker.internal:auth-server:0 - deregister  status: 200
2025-10-28T00:54:39.530-05:00  INFO 26160 --- [auth-server] [SpringApplicationShutdownHook] com.netflix.discovery.DiscoveryClient    : Completed shut down of DiscoveryClient
2025-10-28T00:54:43.031-05:00  INFO 16180 --- [auth-server] [main] org.cibertec.AuthServerApplication       : Starting AuthServerApplication using Java 21.0.5 with PID 16180 (C:\Users\User\Documents\Ciclo 2025\Desarrollo de Aplicaciones Web II\PROYECTO\dawii-proyecto-dev\auth-server\target\classes started by User in C:\Users\User\Documents\Ciclo 2025\Desarrollo de Aplicaciones Web II\PROYECTO\dawii-proyecto-dev\api-gateway)
2025-10-28T00:54:43.032-05:00  INFO 16180 --- [auth-server] [main] org.cibertec.AuthServerApplication       : No active profile set, falling back to 1 default profile: "default"
2025-10-28T00:54:43.053-05:00  INFO 16180 --- [auth-server] [main] o.s.c.c.c.ConfigServerConfigDataLoader   : Fetching config from server at : http://localhost:8888
2025-10-28T00:54:43.053-05:00  INFO 16180 --- [auth-server] [main] o.s.c.c.c.ConfigServerConfigDataLoader   : Located environment: name=auth-server, profiles=[default], label=null, version=null, state=null
2025-10-28T00:54:43.623-05:00  INFO 16180 --- [auth-server] [main] .s.d.r.c.RepositoryConfigurationDelegate : Bootstrapping Spring Data JPA repositories in DEFAULT mode.
2025-10-28T00:54:43.719-05:00  INFO 16180 --- [auth-server] [main] .s.d.r.c.RepositoryConfigurationDelegate : Finished Spring Data repository scanning in 89 ms. Found 1 JPA repository interface.
2025-10-28T00:54:43.855-05:00  INFO 16180 --- [auth-server] [main] o.s.cloud.context.scope.GenericScope     : BeanFactory id=aa80d89b-37c8-344c-aee1-8c124199bfa8
2025-10-28T00:54:44.129-05:00  INFO 16180 --- [auth-server] [main] o.s.b.w.embedded.tomcat.TomcatWebServer  : Tomcat initialized with port 0 (http)
2025-10-28T00:54:44.140-05:00  INFO 16180 --- [auth-server] [main] o.apache.catalina.core.StandardService   : Starting service [Tomcat]
2025-10-28T00:54:44.140-05:00  INFO 16180 --- [auth-server] [main] o.apache.catalina.core.StandardEngine    : Starting Servlet engine: [Apache Tomcat/10.1.44]
2025-10-28T00:54:44.187-05:00  INFO 16180 --- [auth-server] [main] o.a.c.c.C.[Tomcat].[localhost].[/]       : Initializing Spring embedded WebApplicationContext
2025-10-28T00:54:44.187-05:00  INFO 16180 --- [auth-server] [main] w.s.c.ServletWebServerApplicationContext : Root WebApplicationContext: initialization completed in 1132 ms
2025-10-28T00:54:44.360-05:00  INFO 16180 --- [auth-server] [main] com.zaxxer.hikari.HikariDataSource       : HikariPool-1 - Starting...
2025-10-28T00:54:44.624-05:00  INFO 16180 --- [auth-server] [main] com.zaxxer.hikari.pool.HikariPool        : HikariPool-1 - Added connection com.mysql.cj.jdbc.ConnectionImpl@4a45ca1c
2025-10-28T00:54:44.626-05:00  INFO 16180 --- [auth-server] [main] com.zaxxer.hikari.HikariDataSource       : HikariPool-1 - Start completed.
2025-10-28T00:54:44.660-05:00  INFO 16180 --- [auth-server] [main] o.hibernate.jpa.internal.util.LogHelper  : HHH000204: Processing PersistenceUnitInfo [name: default]
2025-10-28T00:54:44.713-05:00  INFO 16180 --- [auth-server] [main] org.hibernate.Version                    : HHH000412: Hibernate ORM core version 6.6.26.Final
2025-10-28T00:54:44.744-05:00  INFO 16180 --- [auth-server] [main] o.h.c.internal.RegionFactoryInitiator    : HHH000026: Second-level cache disabled
2025-10-28T00:54:44.963-05:00  INFO 16180 --- [auth-server] [main] o.s.o.j.p.SpringPersistenceUnitInfo      : No LoadTimeWeaver setup: ignoring JPA class transformer
2025-10-28T00:54:45.054-05:00  INFO 16180 --- [auth-server] [main] org.hibernate.orm.connections.pooling    : HHH10001005: Database info:
	Database JDBC URL [Connecting through datasource 'HikariDataSource (HikariPool-1)']
	Database driver: undefined/unknown
	Database version: 8.0.34
	Autocommit mode: undefined/unknown
	Isolation level: undefined/unknown
	Minimum pool size: undefined/unknown
	Maximum pool size: undefined/unknown
2025-10-28T00:54:45.741-05:00  INFO 16180 --- [auth-server] [main] o.h.e.t.j.p.i.JtaPlatformInitiator       : HHH000489: No JTA platform available (set 'hibernate.transaction.jta.platform' to enable JTA platform integration)
2025-10-28T00:54:45.744-05:00  INFO 16180 --- [auth-server] [main] j.LocalContainerEntityManagerFactoryBean : Initialized JPA EntityManagerFactory for persistence unit 'default'
2025-10-28T00:54:45.959-05:00  WARN 16180 --- [auth-server] [main] JpaBaseConfiguration$JpaWebConfiguration : spring.jpa.open-in-view is enabled by default. Therefore, database queries may be performed during view rendering. Explicitly configure spring.jpa.open-in-view to disable this warning
2025-10-28T00:54:45.983-05:00  INFO 16180 --- [auth-server] [main] r$InitializeUserDetailsManagerConfigurer : Global AuthenticationManager configured with UserDetailsService bean with name customUserDetailsService
2025-10-28T00:54:46.584-05:00  INFO 16180 --- [auth-server] [main] o.s.b.a.e.web.EndpointLinksResolver      : Exposing 18 endpoints beneath base path '/actuator'
2025-10-28T00:54:46.620-05:00  INFO 16180 --- [auth-server] [main] DiscoveryClientOptionalArgsConfiguration : Eureka HTTP Client uses RestTemplate.
2025-10-28T00:54:46.638-05:00  WARN 16180 --- [auth-server] [main] iguration$LoadBalancerCaffeineWarnLogger : Spring Cloud LoadBalancer is currently working with the default cache. While this cache implementation is useful for development and tests, it's recommended to use Caffeine cache in production.You can switch to using Caffeine cache, by adding it and org.springframework.cache.caffeine.CaffeineCacheManager to the classpath.
2025-10-28T00:54:46.692-05:00  INFO 16180 --- [auth-server] [main] o.s.b.w.embedded.tomcat.TomcatWebServer  : Tomcat started on port 59627 (http) with context path '/'
2025-10-28T00:54:46.693-05:00  INFO 16180 --- [auth-server] [main] .s.c.n.e.s.EurekaAutoServiceRegistration : Updating port to 59627
2025-10-28T00:54:46.697-05:00  INFO 16180 --- [auth-server] [main] o.s.c.n.eureka.InstanceInfoFactory       : Setting initial instance status as: STARTING
2025-10-28T00:54:46.714-05:00  INFO 16180 --- [auth-server] [main] com.netflix.discovery.DiscoveryClient    : Initializing Eureka in region us-east-1
2025-10-28T00:54:46.717-05:00  INFO 16180 --- [auth-server] [main] c.n.d.s.r.aws.ConfigClusterResolver      : Resolving eureka endpoints via configuration
2025-10-28T00:54:46.723-05:00  INFO 16180 --- [auth-server] [main] com.netflix.discovery.DiscoveryClient    : Disable delta property : false
2025-10-28T00:54:46.723-05:00  INFO 16180 --- [auth-server] [main] com.netflix.discovery.DiscoveryClient    : Single vip registry refresh property : null
2025-10-28T00:54:46.723-05:00  INFO 16180 --- [auth-server] [main] com.netflix.discovery.DiscoveryClient    : Force full registry fetch : false
2025-10-28T00:54:46.724-05:00  INFO 16180 --- [auth-server] [main] com.netflix.discovery.DiscoveryClient    : Application is null : false
2025-10-28T00:54:46.724-05:00  INFO 16180 --- [auth-server] [main] com.netflix.discovery.DiscoveryClient    : Registered Applications size is zero : true
2025-10-28T00:54:46.724-05:00  INFO 16180 --- [auth-server] [main] com.netflix.discovery.DiscoveryClient    : Application version is -1: true
2025-10-28T00:54:46.724-05:00  INFO 16180 --- [auth-server] [main] com.netflix.discovery.DiscoveryClient    : Getting all instance registry info from the eureka server
2025-10-28T00:54:46.898-05:00  INFO 16180 --- [auth-server] [main] com.netflix.discovery.DiscoveryClient    : The response status is 200
2025-10-28T00:54:46.900-05:00  INFO 16180 --- [auth-server] [main] com.netflix.discovery.DiscoveryClient    : Starting heartbeat executor: renew interval is: 30
2025-10-28T00:54:46.901-05:00  INFO 16180 --- [auth-server] [main] c.n.discovery.InstanceInfoReplicator     : InstanceInfoReplicator onDemand update allowed rate per min is 4
2025-10-28T00:54:46.902-05:00  INFO 16180 --- [auth-server] [main] com.netflix.discovery.DiscoveryClient    : Discovery Client initialized at timestamp 1761630886902 with initial instances count: 2
2025-10-28T00:54:46.905-05:00  INFO 16180 --- [auth-server] [main] o.s.c.n.e.s.EurekaServiceRegistry        : Registering application AUTH-SERVER with eureka with status UP
2025-10-28T00:54:46.905-05:00  INFO 16180 --- [auth-server] [main] com.netflix.discovery.DiscoveryClient    : Saw local status change event StatusChangeEvent [timestamp=1761630886905, current=UP, previous=STARTING]
2025-10-28T00:54:46.906-05:00  INFO 16180 --- [auth-server] [DiscoveryClient-InstanceInfoReplicator-%d] com.netflix.discovery.DiscoveryClient    : DiscoveryClient_AUTH-SERVER/host.docker.internal:auth-server:0: registering service...
2025-10-28T00:54:46.921-05:00  INFO 16180 --- [auth-server] [main] org.cibertec.AuthServerApplication       : Started AuthServerApplication in 4.533 seconds (process running for 5.155)
2025-10-28T00:54:46.939-05:00  INFO 16180 --- [auth-server] [DiscoveryClient-InstanceInfoReplicator-%d] com.netflix.discovery.DiscoveryClient    : DiscoveryClient_AUTH-SERVER/host.docker.internal:auth-server:0 - registration status: 204
2025-10-28T00:54:47.059-05:00  INFO 16180 --- [auth-server] [main] .s.b.a.l.ConditionEvaluationReportLogger : 

Error starting ApplicationContext. To display the condition evaluation report re-run your application with 'debug' enabled.
2025-10-28T00:54:47.069-05:00 ERROR 16180 --- [auth-server] [main] o.s.boot.SpringApplication               : Application run failed

java.lang.IllegalArgumentException: Registered client must be unique. Found duplicate client identifier: angular-spa
	at org.springframework.security.oauth2.server.authorization.client.JdbcRegisteredClientRepository.assertUniqueIdentifiers(JdbcRegisteredClientRepository.java:175) ~[spring-security-oauth2-authorization-server-1.4.5.jar:1.4.5]
	at org.springframework.security.oauth2.server.authorization.client.JdbcRegisteredClientRepository.insertRegisteredClient(JdbcRegisteredClientRepository.java:164) ~[spring-security-oauth2-authorization-server-1.4.5.jar:1.4.5]
	at org.springframework.security.oauth2.server.authorization.client.JdbcRegisteredClientRepository.save(JdbcRegisteredClientRepository.java:148) ~[spring-security-oauth2-authorization-server-1.4.5.jar:1.4.5]
	at org.cibertec.AuthServerApplication.run(AuthServerApplication.java:67) ~[classes/:na]
	at org.springframework.boot.SpringApplication.lambda$callRunner$5(SpringApplication.java:788) ~[spring-boot-3.4.9.jar:3.4.9]
	at org.springframework.util.function.ThrowingConsumer$1.acceptWithException(ThrowingConsumer.java:82) ~[spring-core-6.2.10.jar:6.2.10]
	at org.springframework.util.function.ThrowingConsumer.accept(ThrowingConsumer.java:60) ~[spring-core-6.2.10.jar:6.2.10]
	at org.springframework.util.function.ThrowingConsumer$1.accept(ThrowingConsumer.java:86) ~[spring-core-6.2.10.jar:6.2.10]
	at org.springframework.boot.SpringApplication.callRunner(SpringApplication.java:796) ~[spring-boot-3.4.9.jar:3.4.9]
	at org.springframework.boot.SpringApplication.callRunner(SpringApplication.java:787) ~[spring-boot-3.4.9.jar:3.4.9]
	at org.springframework.boot.SpringApplication.lambda$callRunners$3(SpringApplication.java:772) ~[spring-boot-3.4.9.jar:3.4.9]
	at java.base/java.util.stream.ForEachOps$ForEachOp$OfRef.accept(ForEachOps.java:184) ~[na:na]
	at java.base/java.util.stream.SortedOps$SizedRefSortingSink.end(SortedOps.java:357) ~[na:na]
	at java.base/java.util.stream.AbstractPipeline.copyInto(AbstractPipeline.java:510) ~[na:na]
	at java.base/java.util.stream.AbstractPipeline.wrapAndCopyInto(AbstractPipeline.java:499) ~[na:na]
	at java.base/java.util.stream.ForEachOps$ForEachOp.evaluateSequential(ForEachOps.java:151) ~[na:na]
	at java.base/java.util.stream.ForEachOps$ForEachOp$OfRef.evaluateSequential(ForEachOps.java:174) ~[na:na]
	at java.base/java.util.stream.AbstractPipeline.evaluate(AbstractPipeline.java:234) ~[na:na]
	at java.base/java.util.stream.ReferencePipeline.forEach(ReferencePipeline.java:596) ~[na:na]
	at org.springframework.boot.SpringApplication.callRunners(SpringApplication.java:772) ~[spring-boot-3.4.9.jar:3.4.9]
	at org.springframework.boot.SpringApplication.run(SpringApplication.java:325) ~[spring-boot-3.4.9.jar:3.4.9]
	at org.springframework.boot.SpringApplication.run(SpringApplication.java:1361) ~[spring-boot-3.4.9.jar:3.4.9]
	at org.springframework.boot.SpringApplication.run(SpringApplication.java:1350) ~[spring-boot-3.4.9.jar:3.4.9]
	at org.cibertec.AuthServerApplication.main(AuthServerApplication.java:32) ~[classes/:na]

2025-10-28T00:54:47.072-05:00  INFO 16180 --- [auth-server] [main] o.s.c.n.e.s.EurekaServiceRegistry        : Unregistering application AUTH-SERVER with eureka with status DOWN
2025-10-28T00:54:47.072-05:00  INFO 16180 --- [auth-server] [main] com.netflix.discovery.DiscoveryClient    : Saw local status change event StatusChangeEvent [timestamp=1761630887072, current=DOWN, previous=UP]
2025-10-28T00:54:47.072-05:00  INFO 16180 --- [auth-server] [DiscoveryClient-InstanceInfoReplicator-%d] com.netflix.discovery.DiscoveryClient    : DiscoveryClient_AUTH-SERVER/host.docker.internal:auth-server:0: registering service...
2025-10-28T00:54:47.073-05:00  INFO 16180 --- [auth-server] [main] o.s.b.w.e.tomcat.GracefulShutdown        : Commencing graceful shutdown. Waiting for active requests to complete
2025-10-28T00:54:47.076-05:00  INFO 16180 --- [auth-server] [DiscoveryClient-InstanceInfoReplicator-%d] com.netflix.discovery.DiscoveryClient    : DiscoveryClient_AUTH-SERVER/host.docker.internal:auth-server:0 - registration status: 204
2025-10-28T00:54:47.081-05:00  INFO 16180 --- [auth-server] [tomcat-shutdown] o.s.b.w.e.tomcat.GracefulShutdown        : Graceful shutdown complete
2025-10-28T00:54:47.085-05:00  INFO 16180 --- [auth-server] [main] j.LocalContainerEntityManagerFactoryBean : Closing JPA EntityManagerFactory for persistence unit 'default'
2025-10-28T00:54:47.087-05:00  INFO 16180 --- [auth-server] [main] com.zaxxer.hikari.HikariDataSource       : HikariPool-1 - Shutdown initiated...
2025-10-28T00:54:47.091-05:00  INFO 16180 --- [auth-server] [main] com.zaxxer.hikari.HikariDataSource       : HikariPool-1 - Shutdown completed.
2025-10-28T00:54:47.091-05:00  INFO 16180 --- [auth-server] [main] com.netflix.discovery.DiscoveryClient    : Shutting down DiscoveryClient ...
2025-10-28T00:54:50.101-05:00  INFO 16180 --- [auth-server] [main] com.netflix.discovery.DiscoveryClient    : Unregistering ...
2025-10-28T00:54:50.119-05:00  INFO 16180 --- [auth-server] [main] com.netflix.discovery.DiscoveryClient    : DiscoveryClient_AUTH-SERVER/host.docker.internal:auth-server:0 - deregister  status: 200
2025-10-28T00:54:50.119-05:00  INFO 16180 --- [auth-server] [main] com.netflix.discovery.DiscoveryClient    : Completed shut down of DiscoveryClient
2025-10-28T00:56:13.821-05:00  INFO 24132 --- [auth-server] [main] org.cibertec.AuthServerApplication       : Starting AuthServerApplication using Java 21.0.5 with PID 24132 (C:\Users\User\Documents\Ciclo 2025\Desarrollo de Aplicaciones Web II\PROYECTO\dawii-proyecto-dev\auth-server\target\classes started by User in C:\Users\User\Documents\Ciclo 2025\Desarrollo de Aplicaciones Web II\PROYECTO\dawii-proyecto-dev\api-gateway)
2025-10-28T00:56:13.823-05:00  INFO 24132 --- [auth-server] [main] org.cibertec.AuthServerApplication       : No active profile set, falling back to 1 default profile: "default"
2025-10-28T00:56:13.843-05:00  INFO 24132 --- [auth-server] [main] o.s.c.c.c.ConfigServerConfigDataLoader   : Fetching config from server at : http://localhost:8888
2025-10-28T00:56:13.843-05:00  INFO 24132 --- [auth-server] [main] o.s.c.c.c.ConfigServerConfigDataLoader   : Located environment: name=auth-server, profiles=[default], label=null, version=null, state=null
2025-10-28T00:56:14.328-05:00  INFO 24132 --- [auth-server] [main] .s.d.r.c.RepositoryConfigurationDelegate : Bootstrapping Spring Data JPA repositories in DEFAULT mode.
2025-10-28T00:56:14.410-05:00  INFO 24132 --- [auth-server] [main] .s.d.r.c.RepositoryConfigurationDelegate : Finished Spring Data repository scanning in 77 ms. Found 1 JPA repository interface.
2025-10-28T00:56:14.539-05:00  INFO 24132 --- [auth-server] [main] o.s.cloud.context.scope.GenericScope     : BeanFactory id=aa80d89b-37c8-344c-aee1-8c124199bfa8
2025-10-28T00:56:14.775-05:00  INFO 24132 --- [auth-server] [main] o.s.b.w.embedded.tomcat.TomcatWebServer  : Tomcat initialized with port 0 (http)
2025-10-28T00:56:14.785-05:00  INFO 24132 --- [auth-server] [main] o.apache.catalina.core.StandardService   : Starting service [Tomcat]
2025-10-28T00:56:14.785-05:00  INFO 24132 --- [auth-server] [main] o.apache.catalina.core.StandardEngine    : Starting Servlet engine: [Apache Tomcat/10.1.44]
2025-10-28T00:56:14.819-05:00  INFO 24132 --- [auth-server] [main] o.a.c.c.C.[Tomcat].[localhost].[/]       : Initializing Spring embedded WebApplicationContext
2025-10-28T00:56:14.819-05:00  INFO 24132 --- [auth-server] [main] w.s.c.ServletWebServerApplicationContext : Root WebApplicationContext: initialization completed in 975 ms
2025-10-28T00:56:14.954-05:00  INFO 24132 --- [auth-server] [main] com.zaxxer.hikari.HikariDataSource       : HikariPool-1 - Starting...
2025-10-28T00:56:15.122-05:00  INFO 24132 --- [auth-server] [main] com.zaxxer.hikari.pool.HikariPool        : HikariPool-1 - Added connection com.mysql.cj.jdbc.ConnectionImpl@3ca6bd01
2025-10-28T00:56:15.123-05:00  INFO 24132 --- [auth-server] [main] com.zaxxer.hikari.HikariDataSource       : HikariPool-1 - Start completed.
2025-10-28T00:56:15.146-05:00  INFO 24132 --- [auth-server] [main] o.hibernate.jpa.internal.util.LogHelper  : HHH000204: Processing PersistenceUnitInfo [name: default]
2025-10-28T00:56:15.175-05:00  INFO 24132 --- [auth-server] [main] org.hibernate.Version                    : HHH000412: Hibernate ORM core version 6.6.26.Final
2025-10-28T00:56:15.195-05:00  INFO 24132 --- [auth-server] [main] o.h.c.internal.RegionFactoryInitiator    : HHH000026: Second-level cache disabled
2025-10-28T00:56:15.350-05:00  INFO 24132 --- [auth-server] [main] o.s.o.j.p.SpringPersistenceUnitInfo      : No LoadTimeWeaver setup: ignoring JPA class transformer
2025-10-28T00:56:15.411-05:00  INFO 24132 --- [auth-server] [main] org.hibernate.orm.connections.pooling    : HHH10001005: Database info:
	Database JDBC URL [Connecting through datasource 'HikariDataSource (HikariPool-1)']
	Database driver: undefined/unknown
	Database version: 8.0.34
	Autocommit mode: undefined/unknown
	Isolation level: undefined/unknown
	Minimum pool size: undefined/unknown
	Maximum pool size: undefined/unknown
2025-10-28T00:56:15.950-05:00  INFO 24132 --- [auth-server] [main] o.h.e.t.j.p.i.JtaPlatformInitiator       : HHH000489: No JTA platform available (set 'hibernate.transaction.jta.platform' to enable JTA platform integration)
2025-10-28T00:56:15.952-05:00  INFO 24132 --- [auth-server] [main] j.LocalContainerEntityManagerFactoryBean : Initialized JPA EntityManagerFactory for persistence unit 'default'
2025-10-28T00:56:16.138-05:00  WARN 24132 --- [auth-server] [main] JpaBaseConfiguration$JpaWebConfiguration : spring.jpa.open-in-view is enabled by default. Therefore, database queries may be performed during view rendering. Explicitly configure spring.jpa.open-in-view to disable this warning
2025-10-28T00:56:16.157-05:00  INFO 24132 --- [auth-server] [main] r$InitializeUserDetailsManagerConfigurer : Global AuthenticationManager configured with UserDetailsService bean with name customUserDetailsService
2025-10-28T00:56:16.645-05:00  INFO 24132 --- [auth-server] [main] o.s.b.a.e.web.EndpointLinksResolver      : Exposing 18 endpoints beneath base path '/actuator'
2025-10-28T00:56:16.679-05:00  INFO 24132 --- [auth-server] [main] DiscoveryClientOptionalArgsConfiguration : Eureka HTTP Client uses RestTemplate.
2025-10-28T00:56:16.695-05:00  WARN 24132 --- [auth-server] [main] iguration$LoadBalancerCaffeineWarnLogger : Spring Cloud LoadBalancer is currently working with the default cache. While this cache implementation is useful for development and tests, it's recommended to use Caffeine cache in production.You can switch to using Caffeine cache, by adding it and org.springframework.cache.caffeine.CaffeineCacheManager to the classpath.
2025-10-28T00:56:16.745-05:00  INFO 24132 --- [auth-server] [main] o.s.b.w.embedded.tomcat.TomcatWebServer  : Tomcat started on port 53307 (http) with context path '/'
2025-10-28T00:56:16.746-05:00  INFO 24132 --- [auth-server] [main] .s.c.n.e.s.EurekaAutoServiceRegistration : Updating port to 53307
2025-10-28T00:56:16.749-05:00  INFO 24132 --- [auth-server] [main] o.s.c.n.eureka.InstanceInfoFactory       : Setting initial instance status as: STARTING
2025-10-28T00:56:16.763-05:00  INFO 24132 --- [auth-server] [main] com.netflix.discovery.DiscoveryClient    : Initializing Eureka in region us-east-1
2025-10-28T00:56:16.765-05:00  INFO 24132 --- [auth-server] [main] c.n.d.s.r.aws.ConfigClusterResolver      : Resolving eureka endpoints via configuration
2025-10-28T00:56:16.771-05:00  INFO 24132 --- [auth-server] [main] com.netflix.discovery.DiscoveryClient    : Disable delta property : false
2025-10-28T00:56:16.771-05:00  INFO 24132 --- [auth-server] [main] com.netflix.discovery.DiscoveryClient    : Single vip registry refresh property : null
2025-10-28T00:56:16.771-05:00  INFO 24132 --- [auth-server] [main] com.netflix.discovery.DiscoveryClient    : Force full registry fetch : false
2025-10-28T00:56:16.771-05:00  INFO 24132 --- [auth-server] [main] com.netflix.discovery.DiscoveryClient    : Application is null : false
2025-10-28T00:56:16.771-05:00  INFO 24132 --- [auth-server] [main] com.netflix.discovery.DiscoveryClient    : Registered Applications size is zero : true
2025-10-28T00:56:16.771-05:00  INFO 24132 --- [auth-server] [main] com.netflix.discovery.DiscoveryClient    : Application version is -1: true
2025-10-28T00:56:16.771-05:00  INFO 24132 --- [auth-server] [main] com.netflix.discovery.DiscoveryClient    : Getting all instance registry info from the eureka server
2025-10-28T00:56:16.902-05:00  INFO 24132 --- [auth-server] [main] com.netflix.discovery.DiscoveryClient    : The response status is 200
2025-10-28T00:56:16.903-05:00  INFO 24132 --- [auth-server] [main] com.netflix.discovery.DiscoveryClient    : Starting heartbeat executor: renew interval is: 30
2025-10-28T00:56:16.904-05:00  INFO 24132 --- [auth-server] [main] c.n.discovery.InstanceInfoReplicator     : InstanceInfoReplicator onDemand update allowed rate per min is 4
2025-10-28T00:56:16.905-05:00  INFO 24132 --- [auth-server] [main] com.netflix.discovery.DiscoveryClient    : Discovery Client initialized at timestamp 1761630976905 with initial instances count: 1
2025-10-28T00:56:16.907-05:00  INFO 24132 --- [auth-server] [main] o.s.c.n.e.s.EurekaServiceRegistry        : Registering application AUTH-SERVER with eureka with status UP
2025-10-28T00:56:16.907-05:00  INFO 24132 --- [auth-server] [main] com.netflix.discovery.DiscoveryClient    : Saw local status change event StatusChangeEvent [timestamp=1761630976907, current=UP, previous=STARTING]
2025-10-28T00:56:16.908-05:00  INFO 24132 --- [auth-server] [DiscoveryClient-InstanceInfoReplicator-%d] com.netflix.discovery.DiscoveryClient    : DiscoveryClient_AUTH-SERVER/host.docker.internal:auth-server:0: registering service...
2025-10-28T00:56:16.922-05:00  INFO 24132 --- [auth-server] [main] org.cibertec.AuthServerApplication       : Started AuthServerApplication in 3.613 seconds (process running for 4.041)
2025-10-28T00:56:16.932-05:00  INFO 24132 --- [auth-server] [DiscoveryClient-InstanceInfoReplicator-%d] com.netflix.discovery.DiscoveryClient    : DiscoveryClient_AUTH-SERVER/host.docker.internal:auth-server:0 - registration status: 204
2025-10-28T00:56:17.045-05:00  INFO 24132 --- [auth-server] [main] .s.b.a.l.ConditionEvaluationReportLogger : 

Error starting ApplicationContext. To display the condition evaluation report re-run your application with 'debug' enabled.
2025-10-28T00:56:17.055-05:00 ERROR 24132 --- [auth-server] [main] o.s.boot.SpringApplication               : Application run failed

java.lang.IllegalArgumentException: Registered client must be unique. Found duplicate client identifier: angular-spa
	at org.springframework.security.oauth2.server.authorization.client.JdbcRegisteredClientRepository.assertUniqueIdentifiers(JdbcRegisteredClientRepository.java:175) ~[spring-security-oauth2-authorization-server-1.4.5.jar:1.4.5]
	at org.springframework.security.oauth2.server.authorization.client.JdbcRegisteredClientRepository.insertRegisteredClient(JdbcRegisteredClientRepository.java:164) ~[spring-security-oauth2-authorization-server-1.4.5.jar:1.4.5]
	at org.springframework.security.oauth2.server.authorization.client.JdbcRegisteredClientRepository.save(JdbcRegisteredClientRepository.java:148) ~[spring-security-oauth2-authorization-server-1.4.5.jar:1.4.5]
	at org.cibertec.AuthServerApplication.run(AuthServerApplication.java:67) ~[classes/:na]
	at org.springframework.boot.SpringApplication.lambda$callRunner$5(SpringApplication.java:788) ~[spring-boot-3.4.9.jar:3.4.9]
	at org.springframework.util.function.ThrowingConsumer$1.acceptWithException(ThrowingConsumer.java:82) ~[spring-core-6.2.10.jar:6.2.10]
	at org.springframework.util.function.ThrowingConsumer.accept(ThrowingConsumer.java:60) ~[spring-core-6.2.10.jar:6.2.10]
	at org.springframework.util.function.ThrowingConsumer$1.accept(ThrowingConsumer.java:86) ~[spring-core-6.2.10.jar:6.2.10]
	at org.springframework.boot.SpringApplication.callRunner(SpringApplication.java:796) ~[spring-boot-3.4.9.jar:3.4.9]
	at org.springframework.boot.SpringApplication.callRunner(SpringApplication.java:787) ~[spring-boot-3.4.9.jar:3.4.9]
	at org.springframework.boot.SpringApplication.lambda$callRunners$3(SpringApplication.java:772) ~[spring-boot-3.4.9.jar:3.4.9]
	at java.base/java.util.stream.ForEachOps$ForEachOp$OfRef.accept(ForEachOps.java:184) ~[na:na]
	at java.base/java.util.stream.SortedOps$SizedRefSortingSink.end(SortedOps.java:357) ~[na:na]
	at java.base/java.util.stream.AbstractPipeline.copyInto(AbstractPipeline.java:510) ~[na:na]
	at java.base/java.util.stream.AbstractPipeline.wrapAndCopyInto(AbstractPipeline.java:499) ~[na:na]
	at java.base/java.util.stream.ForEachOps$ForEachOp.evaluateSequential(ForEachOps.java:151) ~[na:na]
	at java.base/java.util.stream.ForEachOps$ForEachOp$OfRef.evaluateSequential(ForEachOps.java:174) ~[na:na]
	at java.base/java.util.stream.AbstractPipeline.evaluate(AbstractPipeline.java:234) ~[na:na]
	at java.base/java.util.stream.ReferencePipeline.forEach(ReferencePipeline.java:596) ~[na:na]
	at org.springframework.boot.SpringApplication.callRunners(SpringApplication.java:772) ~[spring-boot-3.4.9.jar:3.4.9]
	at org.springframework.boot.SpringApplication.run(SpringApplication.java:325) ~[spring-boot-3.4.9.jar:3.4.9]
	at org.springframework.boot.SpringApplication.run(SpringApplication.java:1361) ~[spring-boot-3.4.9.jar:3.4.9]
	at org.springframework.boot.SpringApplication.run(SpringApplication.java:1350) ~[spring-boot-3.4.9.jar:3.4.9]
	at org.cibertec.AuthServerApplication.main(AuthServerApplication.java:32) ~[classes/:na]

2025-10-28T00:56:17.058-05:00  INFO 24132 --- [auth-server] [main] o.s.c.n.e.s.EurekaServiceRegistry        : Unregistering application AUTH-SERVER with eureka with status DOWN
2025-10-28T00:56:17.058-05:00  INFO 24132 --- [auth-server] [main] com.netflix.discovery.DiscoveryClient    : Saw local status change event StatusChangeEvent [timestamp=1761630977058, current=DOWN, previous=UP]
2025-10-28T00:56:17.058-05:00  INFO 24132 --- [auth-server] [DiscoveryClient-InstanceInfoReplicator-%d] com.netflix.discovery.DiscoveryClient    : DiscoveryClient_AUTH-SERVER/host.docker.internal:auth-server:0: registering service...
2025-10-28T00:56:17.059-05:00  INFO 24132 --- [auth-server] [main] o.s.b.w.e.tomcat.GracefulShutdown        : Commencing graceful shutdown. Waiting for active requests to complete
2025-10-28T00:56:17.061-05:00  INFO 24132 --- [auth-server] [DiscoveryClient-InstanceInfoReplicator-%d] com.netflix.discovery.DiscoveryClient    : DiscoveryClient_AUTH-SERVER/host.docker.internal:auth-server:0 - registration status: 204
2025-10-28T00:56:17.067-05:00  INFO 24132 --- [auth-server] [tomcat-shutdown] o.s.b.w.e.tomcat.GracefulShutdown        : Graceful shutdown complete
2025-10-28T00:56:17.072-05:00  INFO 24132 --- [auth-server] [main] j.LocalContainerEntityManagerFactoryBean : Closing JPA EntityManagerFactory for persistence unit 'default'
2025-10-28T00:56:17.073-05:00  INFO 24132 --- [auth-server] [main] com.zaxxer.hikari.HikariDataSource       : HikariPool-1 - Shutdown initiated...
2025-10-28T00:56:17.077-05:00  INFO 24132 --- [auth-server] [main] com.zaxxer.hikari.HikariDataSource       : HikariPool-1 - Shutdown completed.
2025-10-28T00:56:17.077-05:00  INFO 24132 --- [auth-server] [main] com.netflix.discovery.DiscoveryClient    : Shutting down DiscoveryClient ...
2025-10-28T00:56:20.080-05:00  INFO 24132 --- [auth-server] [main] com.netflix.discovery.DiscoveryClient    : Unregistering ...
2025-10-28T00:56:20.098-05:00  INFO 24132 --- [auth-server] [main] com.netflix.discovery.DiscoveryClient    : DiscoveryClient_AUTH-SERVER/host.docker.internal:auth-server:0 - deregister  status: 200
2025-10-28T00:56:20.098-05:00  INFO 24132 --- [auth-server] [main] com.netflix.discovery.DiscoveryClient    : Completed shut down of DiscoveryClient
2025-10-28T01:02:36.980-05:00  INFO 30432 --- [auth-server] [main] org.cibertec.AuthServerApplication       : Starting AuthServerApplication using Java 21.0.5 with PID 30432 (C:\Users\User\Documents\Ciclo 2025\Desarrollo de Aplicaciones Web II\PROYECTO\dawii-proyecto-dev\auth-server\target\classes started by User in C:\Users\User\Documents\Ciclo 2025\Desarrollo de Aplicaciones Web II\PROYECTO\dawii-proyecto-dev\api-gateway)
2025-10-28T01:02:36.982-05:00  INFO 30432 --- [auth-server] [main] org.cibertec.AuthServerApplication       : No active profile set, falling back to 1 default profile: "default"
2025-10-28T01:02:37.002-05:00  INFO 30432 --- [auth-server] [main] o.s.c.c.c.ConfigServerConfigDataLoader   : Fetching config from server at : http://localhost:8888
2025-10-28T01:02:37.002-05:00  INFO 30432 --- [auth-server] [main] o.s.c.c.c.ConfigServerConfigDataLoader   : Located environment: name=auth-server, profiles=[default], label=null, version=null, state=null
2025-10-28T01:02:37.485-05:00  INFO 30432 --- [auth-server] [main] .s.d.r.c.RepositoryConfigurationDelegate : Bootstrapping Spring Data JPA repositories in DEFAULT mode.
2025-10-28T01:02:37.572-05:00  INFO 30432 --- [auth-server] [main] .s.d.r.c.RepositoryConfigurationDelegate : Finished Spring Data repository scanning in 82 ms. Found 1 JPA repository interface.
2025-10-28T01:02:37.708-05:00  INFO 30432 --- [auth-server] [main] o.s.cloud.context.scope.GenericScope     : BeanFactory id=aa80d89b-37c8-344c-aee1-8c124199bfa8
2025-10-28T01:02:37.919-05:00  INFO 30432 --- [auth-server] [main] o.s.b.w.embedded.tomcat.TomcatWebServer  : Tomcat initialized with port 0 (http)
2025-10-28T01:02:37.926-05:00  INFO 30432 --- [auth-server] [main] o.apache.catalina.core.StandardService   : Starting service [Tomcat]
2025-10-28T01:02:37.927-05:00  INFO 30432 --- [auth-server] [main] o.apache.catalina.core.StandardEngine    : Starting Servlet engine: [Apache Tomcat/10.1.44]
2025-10-28T01:02:37.961-05:00  INFO 30432 --- [auth-server] [main] o.a.c.c.C.[Tomcat].[localhost].[/]       : Initializing Spring embedded WebApplicationContext
2025-10-28T01:02:37.961-05:00  INFO 30432 --- [auth-server] [main] w.s.c.ServletWebServerApplicationContext : Root WebApplicationContext: initialization completed in 958 ms
2025-10-28T01:02:38.098-05:00  INFO 30432 --- [auth-server] [main] com.zaxxer.hikari.HikariDataSource       : HikariPool-1 - Starting...
2025-10-28T01:02:38.270-05:00  INFO 30432 --- [auth-server] [main] com.zaxxer.hikari.pool.HikariPool        : HikariPool-1 - Added connection com.mysql.cj.jdbc.ConnectionImpl@4070c4ff
2025-10-28T01:02:38.271-05:00  INFO 30432 --- [auth-server] [main] com.zaxxer.hikari.HikariDataSource       : HikariPool-1 - Start completed.
2025-10-28T01:02:38.295-05:00  INFO 30432 --- [auth-server] [main] o.hibernate.jpa.internal.util.LogHelper  : HHH000204: Processing PersistenceUnitInfo [name: default]
2025-10-28T01:02:38.326-05:00  INFO 30432 --- [auth-server] [main] org.hibernate.Version                    : HHH000412: Hibernate ORM core version 6.6.26.Final
2025-10-28T01:02:38.343-05:00  INFO 30432 --- [auth-server] [main] o.h.c.internal.RegionFactoryInitiator    : HHH000026: Second-level cache disabled
2025-10-28T01:02:38.504-05:00  INFO 30432 --- [auth-server] [main] o.s.o.j.p.SpringPersistenceUnitInfo      : No LoadTimeWeaver setup: ignoring JPA class transformer
2025-10-28T01:02:38.562-05:00  INFO 30432 --- [auth-server] [main] org.hibernate.orm.connections.pooling    : HHH10001005: Database info:
	Database JDBC URL [Connecting through datasource 'HikariDataSource (HikariPool-1)']
	Database driver: undefined/unknown
	Database version: 8.0.34
	Autocommit mode: undefined/unknown
	Isolation level: undefined/unknown
	Minimum pool size: undefined/unknown
	Maximum pool size: undefined/unknown
2025-10-28T01:02:39.087-05:00  INFO 30432 --- [auth-server] [main] o.h.e.t.j.p.i.JtaPlatformInitiator       : HHH000489: No JTA platform available (set 'hibernate.transaction.jta.platform' to enable JTA platform integration)
2025-10-28T01:02:39.090-05:00  INFO 30432 --- [auth-server] [main] j.LocalContainerEntityManagerFactoryBean : Initialized JPA EntityManagerFactory for persistence unit 'default'
2025-10-28T01:02:39.266-05:00  WARN 30432 --- [auth-server] [main] JpaBaseConfiguration$JpaWebConfiguration : spring.jpa.open-in-view is enabled by default. Therefore, database queries may be performed during view rendering. Explicitly configure spring.jpa.open-in-view to disable this warning
2025-10-28T01:02:39.284-05:00  INFO 30432 --- [auth-server] [main] r$InitializeUserDetailsManagerConfigurer : Global AuthenticationManager configured with UserDetailsService bean with name customUserDetailsService
2025-10-28T01:02:39.768-05:00  INFO 30432 --- [auth-server] [main] o.s.b.a.e.web.EndpointLinksResolver      : Exposing 18 endpoints beneath base path '/actuator'
2025-10-28T01:02:39.799-05:00  INFO 30432 --- [auth-server] [main] DiscoveryClientOptionalArgsConfiguration : Eureka HTTP Client uses RestTemplate.
2025-10-28T01:02:39.818-05:00  WARN 30432 --- [auth-server] [main] iguration$LoadBalancerCaffeineWarnLogger : Spring Cloud LoadBalancer is currently working with the default cache. While this cache implementation is useful for development and tests, it's recommended to use Caffeine cache in production.You can switch to using Caffeine cache, by adding it and org.springframework.cache.caffeine.CaffeineCacheManager to the classpath.
2025-10-28T01:02:39.868-05:00  INFO 30432 --- [auth-server] [main] o.s.b.w.embedded.tomcat.TomcatWebServer  : Tomcat started on port 49431 (http) with context path '/'
2025-10-28T01:02:39.869-05:00  INFO 30432 --- [auth-server] [main] .s.c.n.e.s.EurekaAutoServiceRegistration : Updating port to 49431
2025-10-28T01:02:39.872-05:00  INFO 30432 --- [auth-server] [main] o.s.c.n.eureka.InstanceInfoFactory       : Setting initial instance status as: STARTING
2025-10-28T01:02:39.887-05:00  INFO 30432 --- [auth-server] [main] com.netflix.discovery.DiscoveryClient    : Initializing Eureka in region us-east-1
2025-10-28T01:02:39.889-05:00  INFO 30432 --- [auth-server] [main] c.n.d.s.r.aws.ConfigClusterResolver      : Resolving eureka endpoints via configuration
2025-10-28T01:02:39.894-05:00  INFO 30432 --- [auth-server] [main] com.netflix.discovery.DiscoveryClient    : Disable delta property : false
2025-10-28T01:02:39.894-05:00  INFO 30432 --- [auth-server] [main] com.netflix.discovery.DiscoveryClient    : Single vip registry refresh property : null
2025-10-28T01:02:39.894-05:00  INFO 30432 --- [auth-server] [main] com.netflix.discovery.DiscoveryClient    : Force full registry fetch : false
2025-10-28T01:02:39.894-05:00  INFO 30432 --- [auth-server] [main] com.netflix.discovery.DiscoveryClient    : Application is null : false
2025-10-28T01:02:39.894-05:00  INFO 30432 --- [auth-server] [main] com.netflix.discovery.DiscoveryClient    : Registered Applications size is zero : true
2025-10-28T01:02:39.894-05:00  INFO 30432 --- [auth-server] [main] com.netflix.discovery.DiscoveryClient    : Application version is -1: true
2025-10-28T01:02:39.894-05:00  INFO 30432 --- [auth-server] [main] com.netflix.discovery.DiscoveryClient    : Getting all instance registry info from the eureka server
2025-10-28T01:02:40.034-05:00  INFO 30432 --- [auth-server] [main] com.netflix.discovery.DiscoveryClient    : The response status is 200
2025-10-28T01:02:40.035-05:00  INFO 30432 --- [auth-server] [main] com.netflix.discovery.DiscoveryClient    : Starting heartbeat executor: renew interval is: 30
2025-10-28T01:02:40.036-05:00  INFO 30432 --- [auth-server] [main] c.n.discovery.InstanceInfoReplicator     : InstanceInfoReplicator onDemand update allowed rate per min is 4
2025-10-28T01:02:40.037-05:00  INFO 30432 --- [auth-server] [main] com.netflix.discovery.DiscoveryClient    : Discovery Client initialized at timestamp 1761631360037 with initial instances count: 1
2025-10-28T01:02:40.038-05:00  INFO 30432 --- [auth-server] [main] o.s.c.n.e.s.EurekaServiceRegistry        : Registering application AUTH-SERVER with eureka with status UP
2025-10-28T01:02:40.039-05:00  INFO 30432 --- [auth-server] [main] com.netflix.discovery.DiscoveryClient    : Saw local status change event StatusChangeEvent [timestamp=1761631360039, current=UP, previous=STARTING]
2025-10-28T01:02:40.040-05:00  INFO 30432 --- [auth-server] [DiscoveryClient-InstanceInfoReplicator-%d] com.netflix.discovery.DiscoveryClient    : DiscoveryClient_AUTH-SERVER/host.docker.internal:auth-server:0: registering service...
2025-10-28T01:02:40.054-05:00  INFO 30432 --- [auth-server] [main] org.cibertec.AuthServerApplication       : Started AuthServerApplication in 3.567 seconds (process running for 4.0)
2025-10-28T01:02:40.066-05:00  INFO 30432 --- [auth-server] [DiscoveryClient-InstanceInfoReplicator-%d] com.netflix.discovery.DiscoveryClient    : DiscoveryClient_AUTH-SERVER/host.docker.internal:auth-server:0 - registration status: 204
2025-10-28T01:02:40.470-05:00  INFO 30432 --- [auth-server] [RMI TCP Connection(3)-192.168.1.72] o.a.c.c.C.[Tomcat].[localhost].[/]       : Initializing Spring DispatcherServlet 'dispatcherServlet'
2025-10-28T01:02:40.471-05:00  INFO 30432 --- [auth-server] [RMI TCP Connection(3)-192.168.1.72] o.s.web.servlet.DispatcherServlet        : Initializing Servlet 'dispatcherServlet'
2025-10-28T01:02:40.472-05:00  INFO 30432 --- [auth-server] [RMI TCP Connection(3)-192.168.1.72] o.s.web.servlet.DispatcherServlet        : Completed initialization in 1 ms
2025-10-28T01:04:32.062-05:00  INFO 30432 --- [auth-server] [SpringApplicationShutdownHook] o.s.c.n.e.s.EurekaServiceRegistry        : Unregistering application AUTH-SERVER with eureka with status DOWN
2025-10-28T01:04:32.063-05:00  INFO 30432 --- [auth-server] [SpringApplicationShutdownHook] com.netflix.discovery.DiscoveryClient    : Saw local status change event StatusChangeEvent [timestamp=1761631472063, current=DOWN, previous=UP]
2025-10-28T01:04:32.063-05:00  INFO 30432 --- [auth-server] [DiscoveryClient-InstanceInfoReplicator-%d] com.netflix.discovery.DiscoveryClient    : DiscoveryClient_AUTH-SERVER/host.docker.internal:auth-server:0: registering service...
2025-10-28T01:04:32.065-05:00  INFO 30432 --- [auth-server] [SpringApplicationShutdownHook] o.s.b.w.e.tomcat.GracefulShutdown        : Commencing graceful shutdown. Waiting for active requests to complete
2025-10-28T01:04:32.070-05:00  INFO 30432 --- [auth-server] [DiscoveryClient-InstanceInfoReplicator-%d] com.netflix.discovery.DiscoveryClient    : DiscoveryClient_AUTH-SERVER/host.docker.internal:auth-server:0 - registration status: 204
2025-10-28T01:04:32.087-05:00  INFO 30432 --- [auth-server] [tomcat-shutdown] o.s.b.w.e.tomcat.GracefulShutdown        : Graceful shutdown complete
2025-10-28T01:04:32.092-05:00  INFO 30432 --- [auth-server] [SpringApplicationShutdownHook] j.LocalContainerEntityManagerFactoryBean : Closing JPA EntityManagerFactory for persistence unit 'default'
2025-10-28T01:04:32.093-05:00  INFO 30432 --- [auth-server] [SpringApplicationShutdownHook] com.zaxxer.hikari.HikariDataSource       : HikariPool-1 - Shutdown initiated...
2025-10-28T01:04:32.101-05:00  INFO 30432 --- [auth-server] [SpringApplicationShutdownHook] com.zaxxer.hikari.HikariDataSource       : HikariPool-1 - Shutdown completed.
2025-10-28T01:04:32.102-05:00  INFO 30432 --- [auth-server] [SpringApplicationShutdownHook] com.netflix.discovery.DiscoveryClient    : Shutting down DiscoveryClient ...
2025-10-28T01:04:35.106-05:00  INFO 30432 --- [auth-server] [SpringApplicationShutdownHook] com.netflix.discovery.DiscoveryClient    : Unregistering ...
2025-10-28T01:04:35.126-05:00  INFO 30432 --- [auth-server] [SpringApplicationShutdownHook] c.n.d.s.t.d.RedirectingEurekaHttpClient  : Request execution error. endpoint=DefaultEndpoint{ serviceUrl='http://localhost:8761/eureka/} exception=I/O error on DELETE request for "http://localhost:8761/eureka/apps/AUTH-SERVER/host.docker.internal:auth-server:0": Connect to http://localhost:8761 [localhost/127.0.0.1, localhost/0:0:0:0:0:0:0:1] failed: Connection refused: getsockopt stacktrace=org.springframework.web.client.ResourceAccessException: I/O error on DELETE request for "http://localhost:8761/eureka/apps/AUTH-SERVER/host.docker.internal:auth-server:0": Connect to http://localhost:8761 [localhost/127.0.0.1, localhost/0:0:0:0:0:0:0:1] failed: Connection refused: getsockopt
	at org.springframework.web.client.RestTemplate.createResourceAccessException(RestTemplate.java:926)
	at org.springframework.web.client.RestTemplate.doExecute(RestTemplate.java:906)
	at org.springframework.web.client.RestTemplate.execute(RestTemplate.java:841)
	at org.springframework.web.client.RestTemplate.exchange(RestTemplate.java:702)
	at org.springframework.cloud.netflix.eureka.http.RestTemplateEurekaHttpClient.cancel(RestTemplateEurekaHttpClient.java:100)
	at com.netflix.discovery.shared.transport.decorator.EurekaHttpClientDecorator$2.execute(EurekaHttpClientDecorator.java:74)
	at com.netflix.discovery.shared.transport.decorator.RedirectingEurekaHttpClient.execute(RedirectingEurekaHttpClient.java:91)
	at com.netflix.discovery.shared.transport.decorator.EurekaHttpClientDecorator.cancel(EurekaHttpClientDecorator.java:71)
	at com.netflix.discovery.shared.transport.decorator.EurekaHttpClientDecorator$2.execute(EurekaHttpClientDecorator.java:74)
	at com.netflix.discovery.shared.transport.decorator.RetryableEurekaHttpClient.execute(RetryableEurekaHttpClient.java:120)
	at com.netflix.discovery.shared.transport.decorator.EurekaHttpClientDecorator.cancel(EurekaHttpClientDecorator.java:71)
	at com.netflix.discovery.shared.transport.decorator.EurekaHttpClientDecorator$2.execute(EurekaHttpClientDecorator.java:74)
	at com.netflix.discovery.shared.transport.decorator.SessionedEurekaHttpClient.execute(SessionedEurekaHttpClient.java:76)
	at com.netflix.discovery.shared.transport.decorator.EurekaHttpClientDecorator.cancel(EurekaHttpClientDecorator.java:71)
	at com.netflix.discovery.DiscoveryClient.unregister(DiscoveryClient.java:919)
	at com.netflix.discovery.DiscoveryClient.shutdown(DiscoveryClient.java:900)
	at java.base/jdk.internal.reflect.DirectMethodHandleAccessor.invoke(DirectMethodHandleAccessor.java:103)
	at java.base/java.lang.reflect.Method.invoke(Method.java:580)
	at org.springframework.beans.factory.annotation.InitDestroyAnnotationBeanPostProcessor$LifecycleMethod.invoke(InitDestroyAnnotationBeanPostProcessor.java:457)
	at org.springframework.beans.factory.annotation.InitDestroyAnnotationBeanPostProcessor$LifecycleMetadata.invokeDestroyMethods(InitDestroyAnnotationBeanPostProcessor.java:415)
	at org.springframework.beans.factory.annotation.InitDestroyAnnotationBeanPostProcessor.postProcessBeforeDestruction(InitDestroyAnnotationBeanPostProcessor.java:239)
	at org.springframework.beans.factory.support.DisposableBeanAdapter.destroy(DisposableBeanAdapter.java:202)
	at org.springframework.beans.factory.support.DisposableBeanAdapter.run(DisposableBeanAdapter.java:195)
	at org.springframework.cloud.context.scope.GenericScope$BeanLifecycleWrapper.destroy(GenericScope.java:389)
	at org.springframework.cloud.context.scope.GenericScope.destroy(GenericScope.java:136)
	at org.springframework.beans.factory.support.DisposableBeanAdapter.destroy(DisposableBeanAdapter.java:211)
	at org.springframework.beans.factory.support.DefaultSingletonBeanRegistry.destroyBean(DefaultSingletonBeanRegistry.java:798)
	at org.springframework.beans.factory.support.DefaultSingletonBeanRegistry.destroySingleton(DefaultSingletonBeanRegistry.java:748)
	at org.springframework.beans.factory.support.DefaultListableBeanFactory.destroySingleton(DefaultListableBeanFactory.java:1481)
	at org.springframework.beans.factory.support.DefaultSingletonBeanRegistry.destroySingletons(DefaultSingletonBeanRegistry.java:707)
	at org.springframework.beans.factory.support.DefaultListableBeanFactory.destroySingletons(DefaultListableBeanFactory.java:1474)
	at org.springframework.context.support.AbstractApplicationContext.destroyBeans(AbstractApplicationContext.java:1219)
	at org.springframework.context.support.AbstractApplicationContext.doClose(AbstractApplicationContext.java:1180)
	at org.springframework.boot.web.servlet.context.ServletWebServerApplicationContext.doClose(ServletWebServerApplicationContext.java:179)
	at org.springframework.context.support.AbstractApplicationContext.close(AbstractApplicationContext.java:1126)
	at org.springframework.boot.SpringApplicationShutdownHook.closeAndWait(SpringApplicationShutdownHook.java:147)
	at java.base/java.lang.Iterable.forEach(Iterable.java:75)
	at org.springframework.boot.SpringApplicationShutdownHook.run(SpringApplicationShutdownHook.java:116)
	at java.base/java.lang.Thread.run(Thread.java:1583)
Caused by: org.apache.hc.client5.http.HttpHostConnectException: Connect to http://localhost:8761 [localhost/127.0.0.1, localhost/0:0:0:0:0:0:0:1] failed: Connection refused: getsockopt
	at java.base/sun.nio.ch.Net.pollConnect(Native Method)
	at java.base/sun.nio.ch.Net.pollConnectNow(Net.java:682)
	at java.base/sun.nio.ch.NioSocketImpl.timedFinishConnect(NioSocketImpl.java:542)
	at java.base/sun.nio.ch.NioSocketImpl.connect(NioSocketImpl.java:592)
	at java.base/java.net.SocksSocketImpl.connect(SocksSocketImpl.java:327)
	at java.base/java.net.Socket.connect(Socket.java:751)
	at org.apache.hc.client5.http.impl.io.DefaultHttpClientConnectionOperator.connect(DefaultHttpClientConnectionOperator.java:216)
	at org.apache.hc.client5.http.impl.io.PoolingHttpClientConnectionManager.connect(PoolingHttpClientConnectionManager.java:490)
	at org.apache.hc.client5.http.impl.classic.InternalExecRuntime.connectEndpoint(InternalExecRuntime.java:164)
	at org.apache.hc.client5.http.impl.classic.InternalExecRuntime.connectEndpoint(InternalExecRuntime.java:174)
	at org.apache.hc.client5.http.impl.classic.ConnectExec.execute(ConnectExec.java:144)
	at org.apache.hc.client5.http.impl.classic.ExecChainElement.execute(ExecChainElement.java:51)
	at org.apache.hc.client5.http.impl.classic.ProtocolExec.execute(ProtocolExec.java:192)
	at org.apache.hc.client5.http.impl.classic.ExecChainElement.execute(ExecChainElement.java:51)
	at org.apache.hc.client5.http.impl.classic.ContentCompressionExec.execute(ContentCompressionExec.java:150)
	at org.apache.hc.client5.http.impl.classic.ExecChainElement.execute(ExecChainElement.java:51)
	at org.apache.hc.client5.http.impl.classic.HttpRequestRetryExec.execute(HttpRequestRetryExec.java:113)
	at org.apache.hc.client5.http.impl.classic.ExecChainElement.execute(ExecChainElement.java:51)
	at org.apache.hc.client5.http.impl.classic.RedirectExec.execute(RedirectExec.java:110)
	at org.apache.hc.client5.http.impl.classic.ExecChainElement.execute(ExecChainElement.java:51)
	at org.apache.hc.client5.http.impl.classic.InternalHttpClient.doExecute(InternalHttpClient.java:183)
	at org.apache.hc.client5.http.impl.classic.CloseableHttpClient.execute(CloseableHttpClient.java:87)
	at org.apache.hc.client5.http.impl.classic.CloseableHttpClient.execute(CloseableHttpClient.java:55)
	at org.apache.hc.client5.http.classic.HttpClient.executeOpen(HttpClient.java:183)
	at org.springframework.http.client.HttpComponentsClientHttpRequest.executeInternal(HttpComponentsClientHttpRequest.java:99)
	at org.springframework.http.client.AbstractStreamingClientHttpRequest.executeInternal(AbstractStreamingClientHttpRequest.java:71)
	at org.springframework.http.client.AbstractClientHttpRequest.execute(AbstractClientHttpRequest.java:81)
	at org.springframework.http.client.InterceptingClientHttpRequest$InterceptingRequestExecution.execute(InterceptingClientHttpRequest.java:117)
	at org.springframework.cloud.netflix.eureka.http.RestTemplateTransportClientFactory.lambda$restTemplate$3(RestTemplateTransportClientFactory.java:141)
	at org.springframework.http.client.InterceptingClientHttpRequest$InterceptingRequestExecution.execute(InterceptingClientHttpRequest.java:88)
	at org.springframework.http.client.InterceptingClientHttpRequest.executeInternal(InterceptingClientHttpRequest.java:72)
	at org.springframework.http.client.AbstractBufferingClientHttpRequest.executeInternal(AbstractBufferingClientHttpRequest.java:48)
	at org.springframework.http.client.AbstractClientHttpRequest.execute(AbstractClientHttpRequest.java:81)
	at org.springframework.web.client.RestTemplate.doExecute(RestTemplate.java:900)
	... 37 more

2025-10-28T01:04:35.126-05:00  WARN 30432 --- [auth-server] [SpringApplicationShutdownHook] c.n.d.s.t.d.RetryableEurekaHttpClient    : Request execution failed with message: I/O error on DELETE request for "http://localhost:8761/eureka/apps/AUTH-SERVER/host.docker.internal:auth-server:0": Connect to http://localhost:8761 [localhost/127.0.0.1, localhost/0:0:0:0:0:0:0:1] failed: Connection refused: getsockopt
2025-10-28T01:04:35.130-05:00  INFO 30432 --- [auth-server] [SpringApplicationShutdownHook] c.n.d.s.t.d.RedirectingEurekaHttpClient  : Request execution error. endpoint=DefaultEndpoint{ serviceUrl='http://localhost:8761/eureka/}, exception=I/O error on DELETE request for "http://localhost:8761/eureka/apps/AUTH-SERVER/host.docker.internal:auth-server:0": Connect to http://localhost:8761 [localhost/127.0.0.1, localhost/0:0:0:0:0:0:0:1] failed: Connection refused: getsockopt stacktrace=org.springframework.web.client.ResourceAccessException: I/O error on DELETE request for "http://localhost:8761/eureka/apps/AUTH-SERVER/host.docker.internal:auth-server:0": Connect to http://localhost:8761 [localhost/127.0.0.1, localhost/0:0:0:0:0:0:0:1] failed: Connection refused: getsockopt
	at org.springframework.web.client.RestTemplate.createResourceAccessException(RestTemplate.java:926)
	at org.springframework.web.client.RestTemplate.doExecute(RestTemplate.java:906)
	at org.springframework.web.client.RestTemplate.execute(RestTemplate.java:841)
	at org.springframework.web.client.RestTemplate.exchange(RestTemplate.java:702)
	at org.springframework.cloud.netflix.eureka.http.RestTemplateEurekaHttpClient.cancel(RestTemplateEurekaHttpClient.java:100)
	at com.netflix.discovery.shared.transport.decorator.EurekaHttpClientDecorator$2.execute(EurekaHttpClientDecorator.java:74)
	at com.netflix.discovery.shared.transport.decorator.RedirectingEurekaHttpClient.executeOnNewServer(RedirectingEurekaHttpClient.java:121)
	at com.netflix.discovery.shared.transport.decorator.RedirectingEurekaHttpClient.execute(RedirectingEurekaHttpClient.java:80)
	at com.netflix.discovery.shared.transport.decorator.EurekaHttpClientDecorator.cancel(EurekaHttpClientDecorator.java:71)
	at com.netflix.discovery.shared.transport.decorator.EurekaHttpClientDecorator$2.execute(EurekaHttpClientDecorator.java:74)
	at com.netflix.discovery.shared.transport.decorator.RetryableEurekaHttpClient.execute(RetryableEurekaHttpClient.java:120)
	at com.netflix.discovery.shared.transport.decorator.EurekaHttpClientDecorator.cancel(EurekaHttpClientDecorator.java:71)
	at com.netflix.discovery.shared.transport.decorator.EurekaHttpClientDecorator$2.execute(EurekaHttpClientDecorator.java:74)
	at com.netflix.discovery.shared.transport.decorator.SessionedEurekaHttpClient.execute(SessionedEurekaHttpClient.java:76)
	at com.netflix.discovery.shared.transport.decorator.EurekaHttpClientDecorator.cancel(EurekaHttpClientDecorator.java:71)
	at com.netflix.discovery.DiscoveryClient.unregister(DiscoveryClient.java:919)
	at com.netflix.discovery.DiscoveryClient.shutdown(DiscoveryClient.java:900)
	at java.base/jdk.internal.reflect.DirectMethodHandleAccessor.invoke(DirectMethodHandleAccessor.java:103)
	at java.base/java.lang.reflect.Method.invoke(Method.java:580)
	at org.springframework.beans.factory.annotation.InitDestroyAnnotationBeanPostProcessor$LifecycleMethod.invoke(InitDestroyAnnotationBeanPostProcessor.java:457)
	at org.springframework.beans.factory.annotation.InitDestroyAnnotationBeanPostProcessor$LifecycleMetadata.invokeDestroyMethods(InitDestroyAnnotationBeanPostProcessor.java:415)
	at org.springframework.beans.factory.annotation.InitDestroyAnnotationBeanPostProcessor.postProcessBeforeDestruction(InitDestroyAnnotationBeanPostProcessor.java:239)
	at org.springframework.beans.factory.support.DisposableBeanAdapter.destroy(DisposableBeanAdapter.java:202)
	at org.springframework.beans.factory.support.DisposableBeanAdapter.run(DisposableBeanAdapter.java:195)
	at org.springframework.cloud.context.scope.GenericScope$BeanLifecycleWrapper.destroy(GenericScope.java:389)
	at org.springframework.cloud.context.scope.GenericScope.destroy(GenericScope.java:136)
	at org.springframework.beans.factory.support.DisposableBeanAdapter.destroy(DisposableBeanAdapter.java:211)
	at org.springframework.beans.factory.support.DefaultSingletonBeanRegistry.destroyBean(DefaultSingletonBeanRegistry.java:798)
	at org.springframework.beans.factory.support.DefaultSingletonBeanRegistry.destroySingleton(DefaultSingletonBeanRegistry.java:748)
	at org.springframework.beans.factory.support.DefaultListableBeanFactory.destroySingleton(DefaultListableBeanFactory.java:1481)
	at org.springframework.beans.factory.support.DefaultSingletonBeanRegistry.destroySingletons(DefaultSingletonBeanRegistry.java:707)
	at org.springframework.beans.factory.support.DefaultListableBeanFactory.destroySingletons(DefaultListableBeanFactory.java:1474)
	at org.springframework.context.support.AbstractApplicationContext.destroyBeans(AbstractApplicationContext.java:1219)
	at org.springframework.context.support.AbstractApplicationContext.doClose(AbstractApplicationContext.java:1180)
	at org.springframework.boot.web.servlet.context.ServletWebServerApplicationContext.doClose(ServletWebServerApplicationContext.java:179)
	at org.springframework.context.support.AbstractApplicationContext.close(AbstractApplicationContext.java:1126)
	at org.springframework.boot.SpringApplicationShutdownHook.closeAndWait(SpringApplicationShutdownHook.java:147)
	at java.base/java.lang.Iterable.forEach(Iterable.java:75)
	at org.springframework.boot.SpringApplicationShutdownHook.run(SpringApplicationShutdownHook.java:116)
	at java.base/java.lang.Thread.run(Thread.java:1583)
Caused by: org.apache.hc.client5.http.HttpHostConnectException: Connect to http://localhost:8761 [localhost/127.0.0.1, localhost/0:0:0:0:0:0:0:1] failed: Connection refused: getsockopt
	at java.base/sun.nio.ch.Net.pollConnect(Native Method)
	at java.base/sun.nio.ch.Net.pollConnectNow(Net.java:682)
	at java.base/sun.nio.ch.NioSocketImpl.timedFinishConnect(NioSocketImpl.java:542)
	at java.base/sun.nio.ch.NioSocketImpl.connect(NioSocketImpl.java:592)
	at java.base/java.net.SocksSocketImpl.connect(SocksSocketImpl.java:327)
	at java.base/java.net.Socket.connect(Socket.java:751)
	at org.apache.hc.client5.http.impl.io.DefaultHttpClientConnectionOperator.connect(DefaultHttpClientConnectionOperator.java:216)
	at org.apache.hc.client5.http.impl.io.PoolingHttpClientConnectionManager.connect(PoolingHttpClientConnectionManager.java:490)
	at org.apache.hc.client5.http.impl.classic.InternalExecRuntime.connectEndpoint(InternalExecRuntime.java:164)
	at org.apache.hc.client5.http.impl.classic.InternalExecRuntime.connectEndpoint(InternalExecRuntime.java:174)
	at org.apache.hc.client5.http.impl.classic.ConnectExec.execute(ConnectExec.java:144)
	at org.apache.hc.client5.http.impl.classic.ExecChainElement.execute(ExecChainElement.java:51)
	at org.apache.hc.client5.http.impl.classic.ProtocolExec.execute(ProtocolExec.java:192)
	at org.apache.hc.client5.http.impl.classic.ExecChainElement.execute(ExecChainElement.java:51)
	at org.apache.hc.client5.http.impl.classic.ContentCompressionExec.execute(ContentCompressionExec.java:150)
	at org.apache.hc.client5.http.impl.classic.ExecChainElement.execute(ExecChainElement.java:51)
	at org.apache.hc.client5.http.impl.classic.HttpRequestRetryExec.execute(HttpRequestRetryExec.java:113)
	at org.apache.hc.client5.http.impl.classic.ExecChainElement.execute(ExecChainElement.java:51)
	at org.apache.hc.client5.http.impl.classic.RedirectExec.execute(RedirectExec.java:110)
	at org.apache.hc.client5.http.impl.classic.ExecChainElement.execute(ExecChainElement.java:51)
	at org.apache.hc.client5.http.impl.classic.InternalHttpClient.doExecute(InternalHttpClient.java:183)
	at org.apache.hc.client5.http.impl.classic.CloseableHttpClient.execute(CloseableHttpClient.java:87)
	at org.apache.hc.client5.http.impl.classic.CloseableHttpClient.execute(CloseableHttpClient.java:55)
	at org.apache.hc.client5.http.classic.HttpClient.executeOpen(HttpClient.java:183)
	at org.springframework.http.client.HttpComponentsClientHttpRequest.executeInternal(HttpComponentsClientHttpRequest.java:99)
	at org.springframework.http.client.AbstractStreamingClientHttpRequest.executeInternal(AbstractStreamingClientHttpRequest.java:71)
	at org.springframework.http.client.AbstractClientHttpRequest.execute(AbstractClientHttpRequest.java:81)
	at org.springframework.http.client.InterceptingClientHttpRequest$InterceptingRequestExecution.execute(InterceptingClientHttpRequest.java:117)
	at org.springframework.cloud.netflix.eureka.http.RestTemplateTransportClientFactory.lambda$restTemplate$3(RestTemplateTransportClientFactory.java:141)
	at org.springframework.http.client.InterceptingClientHttpRequest$InterceptingRequestExecution.execute(InterceptingClientHttpRequest.java:88)
	at org.springframework.http.client.InterceptingClientHttpRequest.executeInternal(InterceptingClientHttpRequest.java:72)
	at org.springframework.http.client.AbstractBufferingClientHttpRequest.executeInternal(AbstractBufferingClientHttpRequest.java:48)
	at org.springframework.http.client.AbstractClientHttpRequest.execute(AbstractClientHttpRequest.java:81)
	at org.springframework.web.client.RestTemplate.doExecute(RestTemplate.java:900)
	... 38 more

2025-10-28T01:04:35.131-05:00  WARN 30432 --- [auth-server] [SpringApplicationShutdownHook] c.n.d.s.t.d.RetryableEurekaHttpClient    : Request execution failed with message: I/O error on DELETE request for "http://localhost:8761/eureka/apps/AUTH-SERVER/host.docker.internal:auth-server:0": Connect to http://localhost:8761 [localhost/127.0.0.1, localhost/0:0:0:0:0:0:0:1] failed: Connection refused: getsockopt
2025-10-28T01:04:35.131-05:00 ERROR 30432 --- [auth-server] [SpringApplicationShutdownHook] com.netflix.discovery.DiscoveryClient    : DiscoveryClient_AUTH-SERVER/host.docker.internal:auth-server:0 - de-registration failedCannot execute request on any known server

com.netflix.discovery.shared.transport.TransportException: Cannot execute request on any known server
	at com.netflix.discovery.shared.transport.decorator.RetryableEurekaHttpClient.execute(RetryableEurekaHttpClient.java:112) ~[eureka-client-2.0.4.jar:2.0.4]
	at com.netflix.discovery.shared.transport.decorator.EurekaHttpClientDecorator.cancel(EurekaHttpClientDecorator.java:71) ~[eureka-client-2.0.4.jar:2.0.4]
	at com.netflix.discovery.shared.transport.decorator.EurekaHttpClientDecorator$2.execute(EurekaHttpClientDecorator.java:74) ~[eureka-client-2.0.4.jar:2.0.4]
	at com.netflix.discovery.shared.transport.decorator.SessionedEurekaHttpClient.execute(SessionedEurekaHttpClient.java:76) ~[eureka-client-2.0.4.jar:2.0.4]
	at com.netflix.discovery.shared.transport.decorator.EurekaHttpClientDecorator.cancel(EurekaHttpClientDecorator.java:71) ~[eureka-client-2.0.4.jar:2.0.4]
	at com.netflix.discovery.DiscoveryClient.unregister(DiscoveryClient.java:919) ~[eureka-client-2.0.4.jar:2.0.4]
	at com.netflix.discovery.DiscoveryClient.shutdown(DiscoveryClient.java:900) ~[eureka-client-2.0.4.jar:2.0.4]
	at java.base/jdk.internal.reflect.DirectMethodHandleAccessor.invoke(DirectMethodHandleAccessor.java:103) ~[na:na]
	at java.base/java.lang.reflect.Method.invoke(Method.java:580) ~[na:na]
	at org.springframework.beans.factory.annotation.InitDestroyAnnotationBeanPostProcessor$LifecycleMethod.invoke(InitDestroyAnnotationBeanPostProcessor.java:457) ~[spring-beans-6.2.10.jar:6.2.10]
	at org.springframework.beans.factory.annotation.InitDestroyAnnotationBeanPostProcessor$LifecycleMetadata.invokeDestroyMethods(InitDestroyAnnotationBeanPostProcessor.java:415) ~[spring-beans-6.2.10.jar:6.2.10]
	at org.springframework.beans.factory.annotation.InitDestroyAnnotationBeanPostProcessor.postProcessBeforeDestruction(InitDestroyAnnotationBeanPostProcessor.java:239) ~[spring-beans-6.2.10.jar:6.2.10]
	at org.springframework.beans.factory.support.DisposableBeanAdapter.destroy(DisposableBeanAdapter.java:202) ~[spring-beans-6.2.10.jar:6.2.10]
	at org.springframework.beans.factory.support.DisposableBeanAdapter.run(DisposableBeanAdapter.java:195) ~[spring-beans-6.2.10.jar:6.2.10]
	at org.springframework.cloud.context.scope.GenericScope$BeanLifecycleWrapper.destroy(GenericScope.java:389) ~[spring-cloud-context-4.2.0.jar:4.2.0]
	at org.springframework.cloud.context.scope.GenericScope.destroy(GenericScope.java:136) ~[spring-cloud-context-4.2.0.jar:4.2.0]
	at org.springframework.beans.factory.support.DisposableBeanAdapter.destroy(DisposableBeanAdapter.java:211) ~[spring-beans-6.2.10.jar:6.2.10]
	at org.springframework.beans.factory.support.DefaultSingletonBeanRegistry.destroyBean(DefaultSingletonBeanRegistry.java:798) ~[spring-beans-6.2.10.jar:6.2.10]
	at org.springframework.beans.factory.support.DefaultSingletonBeanRegistry.destroySingleton(DefaultSingletonBeanRegistry.java:748) ~[spring-beans-6.2.10.jar:6.2.10]
	at org.springframework.beans.factory.support.DefaultListableBeanFactory.destroySingleton(DefaultListableBeanFactory.java:1481) ~[spring-beans-6.2.10.jar:6.2.10]
	at org.springframework.beans.factory.support.DefaultSingletonBeanRegistry.destroySingletons(DefaultSingletonBeanRegistry.java:707) ~[spring-beans-6.2.10.jar:6.2.10]
	at org.springframework.beans.factory.support.DefaultListableBeanFactory.destroySingletons(DefaultListableBeanFactory.java:1474) ~[spring-beans-6.2.10.jar:6.2.10]
	at org.springframework.context.support.AbstractApplicationContext.destroyBeans(AbstractApplicationContext.java:1219) ~[spring-context-6.2.10.jar:6.2.10]
	at org.springframework.context.support.AbstractApplicationContext.doClose(AbstractApplicationContext.java:1180) ~[spring-context-6.2.10.jar:6.2.10]
	at org.springframework.boot.web.servlet.context.ServletWebServerApplicationContext.doClose(ServletWebServerApplicationContext.java:179) ~[spring-boot-3.4.9.jar:3.4.9]
	at org.springframework.context.support.AbstractApplicationContext.close(AbstractApplicationContext.java:1126) ~[spring-context-6.2.10.jar:6.2.10]
	at org.springframework.boot.SpringApplicationShutdownHook.closeAndWait(SpringApplicationShutdownHook.java:147) ~[spring-boot-3.4.9.jar:3.4.9]
	at java.base/java.lang.Iterable.forEach(Iterable.java:75) ~[na:na]
	at org.springframework.boot.SpringApplicationShutdownHook.run(SpringApplicationShutdownHook.java:116) ~[spring-boot-3.4.9.jar:3.4.9]
	at java.base/java.lang.Thread.run(Thread.java:1583) ~[na:na]

2025-10-28T01:04:35.134-05:00  INFO 30432 --- [auth-server] [SpringApplicationShutdownHook] com.netflix.discovery.DiscoveryClient    : Completed shut down of DiscoveryClient
2025-10-28T01:06:37.920-05:00  INFO 31416 --- [auth-server] [main] org.cibertec.AuthServerApplication       : Starting AuthServerApplication using Java 21.0.5 with PID 31416 (C:\Users\User\Documents\Ciclo 2025\Desarrollo de Aplicaciones Web II\PROYECTO\dawii-proyecto-dev\auth-server\target\classes started by User in C:\Users\User\Documents\Ciclo 2025\Desarrollo de Aplicaciones Web II\PROYECTO\dawii-proyecto-dev\api-gateway)
2025-10-28T01:06:37.921-05:00  INFO 31416 --- [auth-server] [main] org.cibertec.AuthServerApplication       : No active profile set, falling back to 1 default profile: "default"
2025-10-28T01:06:37.942-05:00  INFO 31416 --- [auth-server] [main] o.s.c.c.c.ConfigServerConfigDataLoader   : Fetching config from server at : http://localhost:8888
2025-10-28T01:06:37.942-05:00  INFO 31416 --- [auth-server] [main] o.s.c.c.c.ConfigServerConfigDataLoader   : Located environment: name=auth-server, profiles=[default], label=null, version=null, state=null
2025-10-28T01:06:38.431-05:00  INFO 31416 --- [auth-server] [main] .s.d.r.c.RepositoryConfigurationDelegate : Bootstrapping Spring Data JPA repositories in DEFAULT mode.
2025-10-28T01:06:38.512-05:00  INFO 31416 --- [auth-server] [main] .s.d.r.c.RepositoryConfigurationDelegate : Finished Spring Data repository scanning in 76 ms. Found 1 JPA repository interface.
2025-10-28T01:06:38.654-05:00  INFO 31416 --- [auth-server] [main] o.s.cloud.context.scope.GenericScope     : BeanFactory id=aa80d89b-37c8-344c-aee1-8c124199bfa8
2025-10-28T01:06:38.863-05:00  INFO 31416 --- [auth-server] [main] o.s.b.w.embedded.tomcat.TomcatWebServer  : Tomcat initialized with port 0 (http)
2025-10-28T01:06:38.872-05:00  INFO 31416 --- [auth-server] [main] o.apache.catalina.core.StandardService   : Starting service [Tomcat]
2025-10-28T01:06:38.872-05:00  INFO 31416 --- [auth-server] [main] o.apache.catalina.core.StandardEngine    : Starting Servlet engine: [Apache Tomcat/10.1.44]
2025-10-28T01:06:38.909-05:00  INFO 31416 --- [auth-server] [main] o.a.c.c.C.[Tomcat].[localhost].[/]       : Initializing Spring embedded WebApplicationContext
2025-10-28T01:06:38.909-05:00  INFO 31416 --- [auth-server] [main] w.s.c.ServletWebServerApplicationContext : Root WebApplicationContext: initialization completed in 965 ms
2025-10-28T01:06:39.046-05:00  INFO 31416 --- [auth-server] [main] com.zaxxer.hikari.HikariDataSource       : HikariPool-1 - Starting...
2025-10-28T01:06:39.207-05:00  INFO 31416 --- [auth-server] [main] com.zaxxer.hikari.pool.HikariPool        : HikariPool-1 - Added connection com.mysql.cj.jdbc.ConnectionImpl@4ae5ddc0
2025-10-28T01:06:39.208-05:00  INFO 31416 --- [auth-server] [main] com.zaxxer.hikari.HikariDataSource       : HikariPool-1 - Start completed.
2025-10-28T01:06:39.230-05:00  INFO 31416 --- [auth-server] [main] o.hibernate.jpa.internal.util.LogHelper  : HHH000204: Processing PersistenceUnitInfo [name: default]
2025-10-28T01:06:39.258-05:00  INFO 31416 --- [auth-server] [main] org.hibernate.Version                    : HHH000412: Hibernate ORM core version 6.6.26.Final
2025-10-28T01:06:39.276-05:00  INFO 31416 --- [auth-server] [main] o.h.c.internal.RegionFactoryInitiator    : HHH000026: Second-level cache disabled
2025-10-28T01:06:39.432-05:00  INFO 31416 --- [auth-server] [main] o.s.o.j.p.SpringPersistenceUnitInfo      : No LoadTimeWeaver setup: ignoring JPA class transformer
2025-10-28T01:06:39.492-05:00  INFO 31416 --- [auth-server] [main] org.hibernate.orm.connections.pooling    : HHH10001005: Database info:
	Database JDBC URL [Connecting through datasource 'HikariDataSource (HikariPool-1)']
	Database driver: undefined/unknown
	Database version: 8.0.34
	Autocommit mode: undefined/unknown
	Isolation level: undefined/unknown
	Minimum pool size: undefined/unknown
	Maximum pool size: undefined/unknown
2025-10-28T01:06:40.033-05:00  INFO 31416 --- [auth-server] [main] o.h.e.t.j.p.i.JtaPlatformInitiator       : HHH000489: No JTA platform available (set 'hibernate.transaction.jta.platform' to enable JTA platform integration)
2025-10-28T01:06:40.034-05:00  INFO 31416 --- [auth-server] [main] j.LocalContainerEntityManagerFactoryBean : Initialized JPA EntityManagerFactory for persistence unit 'default'
2025-10-28T01:06:40.213-05:00  WARN 31416 --- [auth-server] [main] JpaBaseConfiguration$JpaWebConfiguration : spring.jpa.open-in-view is enabled by default. Therefore, database queries may be performed during view rendering. Explicitly configure spring.jpa.open-in-view to disable this warning
2025-10-28T01:06:40.232-05:00  INFO 31416 --- [auth-server] [main] r$InitializeUserDetailsManagerConfigurer : Global AuthenticationManager configured with UserDetailsService bean with name customUserDetailsService
2025-10-28T01:06:40.734-05:00  INFO 31416 --- [auth-server] [main] o.s.b.a.e.web.EndpointLinksResolver      : Exposing 18 endpoints beneath base path '/actuator'
2025-10-28T01:06:40.766-05:00  INFO 31416 --- [auth-server] [main] DiscoveryClientOptionalArgsConfiguration : Eureka HTTP Client uses RestTemplate.
2025-10-28T01:06:40.784-05:00  WARN 31416 --- [auth-server] [main] iguration$LoadBalancerCaffeineWarnLogger : Spring Cloud LoadBalancer is currently working with the default cache. While this cache implementation is useful for development and tests, it's recommended to use Caffeine cache in production.You can switch to using Caffeine cache, by adding it and org.springframework.cache.caffeine.CaffeineCacheManager to the classpath.
2025-10-28T01:06:40.830-05:00  INFO 31416 --- [auth-server] [main] o.s.b.w.embedded.tomcat.TomcatWebServer  : Tomcat started on port 49728 (http) with context path '/'
2025-10-28T01:06:40.831-05:00  INFO 31416 --- [auth-server] [main] .s.c.n.e.s.EurekaAutoServiceRegistration : Updating port to 49728
2025-10-28T01:06:40.834-05:00  INFO 31416 --- [auth-server] [main] o.s.c.n.eureka.InstanceInfoFactory       : Setting initial instance status as: STARTING
2025-10-28T01:06:40.849-05:00  INFO 31416 --- [auth-server] [main] com.netflix.discovery.DiscoveryClient    : Initializing Eureka in region us-east-1
2025-10-28T01:06:40.851-05:00  INFO 31416 --- [auth-server] [main] c.n.d.s.r.aws.ConfigClusterResolver      : Resolving eureka endpoints via configuration
2025-10-28T01:06:40.856-05:00  INFO 31416 --- [auth-server] [main] com.netflix.discovery.DiscoveryClient    : Disable delta property : false
2025-10-28T01:06:40.856-05:00  INFO 31416 --- [auth-server] [main] com.netflix.discovery.DiscoveryClient    : Single vip registry refresh property : null
2025-10-28T01:06:40.856-05:00  INFO 31416 --- [auth-server] [main] com.netflix.discovery.DiscoveryClient    : Force full registry fetch : false
2025-10-28T01:06:40.856-05:00  INFO 31416 --- [auth-server] [main] com.netflix.discovery.DiscoveryClient    : Application is null : false
2025-10-28T01:06:40.856-05:00  INFO 31416 --- [auth-server] [main] com.netflix.discovery.DiscoveryClient    : Registered Applications size is zero : true
2025-10-28T01:06:40.856-05:00  INFO 31416 --- [auth-server] [main] com.netflix.discovery.DiscoveryClient    : Application version is -1: true
2025-10-28T01:06:40.856-05:00  INFO 31416 --- [auth-server] [main] com.netflix.discovery.DiscoveryClient    : Getting all instance registry info from the eureka server
2025-10-28T01:06:40.996-05:00  INFO 31416 --- [auth-server] [main] com.netflix.discovery.DiscoveryClient    : The response status is 200
2025-10-28T01:06:40.996-05:00  INFO 31416 --- [auth-server] [main] com.netflix.discovery.DiscoveryClient    : Starting heartbeat executor: renew interval is: 30
2025-10-28T01:06:40.998-05:00  INFO 31416 --- [auth-server] [main] c.n.discovery.InstanceInfoReplicator     : InstanceInfoReplicator onDemand update allowed rate per min is 4
2025-10-28T01:06:40.999-05:00  INFO 31416 --- [auth-server] [main] com.netflix.discovery.DiscoveryClient    : Discovery Client initialized at timestamp 1761631600999 with initial instances count: 1
2025-10-28T01:06:41.002-05:00  INFO 31416 --- [auth-server] [main] o.s.c.n.e.s.EurekaServiceRegistry        : Registering application AUTH-SERVER with eureka with status UP
2025-10-28T01:06:41.002-05:00  INFO 31416 --- [auth-server] [main] com.netflix.discovery.DiscoveryClient    : Saw local status change event StatusChangeEvent [timestamp=1761631601002, current=UP, previous=STARTING]
2025-10-28T01:06:41.003-05:00  INFO 31416 --- [auth-server] [DiscoveryClient-InstanceInfoReplicator-%d] com.netflix.discovery.DiscoveryClient    : DiscoveryClient_AUTH-SERVER/host.docker.internal:auth-server:0: registering service...
2025-10-28T01:06:41.017-05:00  INFO 31416 --- [auth-server] [main] org.cibertec.AuthServerApplication       : Started AuthServerApplication in 3.696 seconds (process running for 4.187)
2025-10-28T01:06:41.030-05:00  INFO 31416 --- [auth-server] [DiscoveryClient-InstanceInfoReplicator-%d] com.netflix.discovery.DiscoveryClient    : DiscoveryClient_AUTH-SERVER/host.docker.internal:auth-server:0 - registration status: 204
2025-10-28T01:06:41.145-05:00  INFO 31416 --- [auth-server] [main] .s.b.a.l.ConditionEvaluationReportLogger : 

Error starting ApplicationContext. To display the condition evaluation report re-run your application with 'debug' enabled.
2025-10-28T01:06:41.155-05:00 ERROR 31416 --- [auth-server] [main] o.s.boot.SpringApplication               : Application run failed

java.lang.IllegalArgumentException: Registered client must be unique. Found duplicate client identifier: angular-spa
	at org.springframework.security.oauth2.server.authorization.client.JdbcRegisteredClientRepository.assertUniqueIdentifiers(JdbcRegisteredClientRepository.java:175) ~[spring-security-oauth2-authorization-server-1.4.5.jar:1.4.5]
	at org.springframework.security.oauth2.server.authorization.client.JdbcRegisteredClientRepository.insertRegisteredClient(JdbcRegisteredClientRepository.java:164) ~[spring-security-oauth2-authorization-server-1.4.5.jar:1.4.5]
	at org.springframework.security.oauth2.server.authorization.client.JdbcRegisteredClientRepository.save(JdbcRegisteredClientRepository.java:148) ~[spring-security-oauth2-authorization-server-1.4.5.jar:1.4.5]
	at org.cibertec.AuthServerApplication.run(AuthServerApplication.java:65) ~[classes/:na]
	at org.springframework.boot.SpringApplication.lambda$callRunner$5(SpringApplication.java:788) ~[spring-boot-3.4.9.jar:3.4.9]
	at org.springframework.util.function.ThrowingConsumer$1.acceptWithException(ThrowingConsumer.java:82) ~[spring-core-6.2.10.jar:6.2.10]
	at org.springframework.util.function.ThrowingConsumer.accept(ThrowingConsumer.java:60) ~[spring-core-6.2.10.jar:6.2.10]
	at org.springframework.util.function.ThrowingConsumer$1.accept(ThrowingConsumer.java:86) ~[spring-core-6.2.10.jar:6.2.10]
	at org.springframework.boot.SpringApplication.callRunner(SpringApplication.java:796) ~[spring-boot-3.4.9.jar:3.4.9]
	at org.springframework.boot.SpringApplication.callRunner(SpringApplication.java:787) ~[spring-boot-3.4.9.jar:3.4.9]
	at org.springframework.boot.SpringApplication.lambda$callRunners$3(SpringApplication.java:772) ~[spring-boot-3.4.9.jar:3.4.9]
	at java.base/java.util.stream.ForEachOps$ForEachOp$OfRef.accept(ForEachOps.java:184) ~[na:na]
	at java.base/java.util.stream.SortedOps$SizedRefSortingSink.end(SortedOps.java:357) ~[na:na]
	at java.base/java.util.stream.AbstractPipeline.copyInto(AbstractPipeline.java:510) ~[na:na]
	at java.base/java.util.stream.AbstractPipeline.wrapAndCopyInto(AbstractPipeline.java:499) ~[na:na]
	at java.base/java.util.stream.ForEachOps$ForEachOp.evaluateSequential(ForEachOps.java:151) ~[na:na]
	at java.base/java.util.stream.ForEachOps$ForEachOp$OfRef.evaluateSequential(ForEachOps.java:174) ~[na:na]
	at java.base/java.util.stream.AbstractPipeline.evaluate(AbstractPipeline.java:234) ~[na:na]
	at java.base/java.util.stream.ReferencePipeline.forEach(ReferencePipeline.java:596) ~[na:na]
	at org.springframework.boot.SpringApplication.callRunners(SpringApplication.java:772) ~[spring-boot-3.4.9.jar:3.4.9]
	at org.springframework.boot.SpringApplication.run(SpringApplication.java:325) ~[spring-boot-3.4.9.jar:3.4.9]
	at org.springframework.boot.SpringApplication.run(SpringApplication.java:1361) ~[spring-boot-3.4.9.jar:3.4.9]
	at org.springframework.boot.SpringApplication.run(SpringApplication.java:1350) ~[spring-boot-3.4.9.jar:3.4.9]
	at org.cibertec.AuthServerApplication.main(AuthServerApplication.java:32) ~[classes/:na]

2025-10-28T01:06:41.158-05:00  INFO 31416 --- [auth-server] [main] o.s.c.n.e.s.EurekaServiceRegistry        : Unregistering application AUTH-SERVER with eureka with status DOWN
2025-10-28T01:06:41.159-05:00  INFO 31416 --- [auth-server] [main] com.netflix.discovery.DiscoveryClient    : Saw local status change event StatusChangeEvent [timestamp=1761631601159, current=DOWN, previous=UP]
2025-10-28T01:06:41.159-05:00  INFO 31416 --- [auth-server] [DiscoveryClient-InstanceInfoReplicator-%d] com.netflix.discovery.DiscoveryClient    : DiscoveryClient_AUTH-SERVER/host.docker.internal:auth-server:0: registering service...
2025-10-28T01:06:41.159-05:00  INFO 31416 --- [auth-server] [main] o.s.b.w.e.tomcat.GracefulShutdown        : Commencing graceful shutdown. Waiting for active requests to complete
2025-10-28T01:06:41.162-05:00  INFO 31416 --- [auth-server] [DiscoveryClient-InstanceInfoReplicator-%d] com.netflix.discovery.DiscoveryClient    : DiscoveryClient_AUTH-SERVER/host.docker.internal:auth-server:0 - registration status: 204
2025-10-28T01:06:41.167-05:00  INFO 31416 --- [auth-server] [tomcat-shutdown] o.s.b.w.e.tomcat.GracefulShutdown        : Graceful shutdown complete
2025-10-28T01:06:41.171-05:00  INFO 31416 --- [auth-server] [main] j.LocalContainerEntityManagerFactoryBean : Closing JPA EntityManagerFactory for persistence unit 'default'
2025-10-28T01:06:41.173-05:00  INFO 31416 --- [auth-server] [main] com.zaxxer.hikari.HikariDataSource       : HikariPool-1 - Shutdown initiated...
2025-10-28T01:06:41.176-05:00  INFO 31416 --- [auth-server] [main] com.zaxxer.hikari.HikariDataSource       : HikariPool-1 - Shutdown completed.
2025-10-28T01:06:41.176-05:00  INFO 31416 --- [auth-server] [main] com.netflix.discovery.DiscoveryClient    : Shutting down DiscoveryClient ...
2025-10-28T01:06:44.191-05:00  INFO 31416 --- [auth-server] [main] com.netflix.discovery.DiscoveryClient    : Unregistering ...
2025-10-28T01:06:44.214-05:00  INFO 31416 --- [auth-server] [main] com.netflix.discovery.DiscoveryClient    : DiscoveryClient_AUTH-SERVER/host.docker.internal:auth-server:0 - deregister  status: 200
2025-10-28T01:06:44.215-05:00  INFO 31416 --- [auth-server] [main] com.netflix.discovery.DiscoveryClient    : Completed shut down of DiscoveryClient
2025-10-28T01:08:49.374-05:00  INFO 28292 --- [auth-server] [main] org.cibertec.AuthServerApplication       : Starting AuthServerApplication using Java 21.0.5 with PID 28292 (C:\Users\User\Documents\Ciclo 2025\Desarrollo de Aplicaciones Web II\PROYECTO\dawii-proyecto-dev\auth-server\target\classes started by User in C:\Users\User\Documents\Ciclo 2025\Desarrollo de Aplicaciones Web II\PROYECTO\dawii-proyecto-dev\api-gateway)
2025-10-28T01:08:49.375-05:00  INFO 28292 --- [auth-server] [main] org.cibertec.AuthServerApplication       : No active profile set, falling back to 1 default profile: "default"
2025-10-28T01:08:49.396-05:00  INFO 28292 --- [auth-server] [main] o.s.c.c.c.ConfigServerConfigDataLoader   : Fetching config from server at : http://localhost:8888
2025-10-28T01:08:49.397-05:00  INFO 28292 --- [auth-server] [main] o.s.c.c.c.ConfigServerConfigDataLoader   : Located environment: name=auth-server, profiles=[default], label=null, version=null, state=null
2025-10-28T01:08:49.889-05:00  INFO 28292 --- [auth-server] [main] .s.d.r.c.RepositoryConfigurationDelegate : Bootstrapping Spring Data JPA repositories in DEFAULT mode.
2025-10-28T01:08:49.975-05:00  INFO 28292 --- [auth-server] [main] .s.d.r.c.RepositoryConfigurationDelegate : Finished Spring Data repository scanning in 80 ms. Found 1 JPA repository interface.
2025-10-28T01:08:50.108-05:00  INFO 28292 --- [auth-server] [main] o.s.cloud.context.scope.GenericScope     : BeanFactory id=aa80d89b-37c8-344c-aee1-8c124199bfa8
2025-10-28T01:08:50.311-05:00  INFO 28292 --- [auth-server] [main] o.s.b.w.embedded.tomcat.TomcatWebServer  : Tomcat initialized with port 0 (http)
2025-10-28T01:08:50.318-05:00  INFO 28292 --- [auth-server] [main] o.apache.catalina.core.StandardService   : Starting service [Tomcat]
2025-10-28T01:08:50.318-05:00  INFO 28292 --- [auth-server] [main] o.apache.catalina.core.StandardEngine    : Starting Servlet engine: [Apache Tomcat/10.1.44]
2025-10-28T01:08:50.353-05:00  INFO 28292 --- [auth-server] [main] o.a.c.c.C.[Tomcat].[localhost].[/]       : Initializing Spring embedded WebApplicationContext
2025-10-28T01:08:50.353-05:00  INFO 28292 --- [auth-server] [main] w.s.c.ServletWebServerApplicationContext : Root WebApplicationContext: initialization completed in 955 ms
2025-10-28T01:08:50.488-05:00  INFO 28292 --- [auth-server] [main] com.zaxxer.hikari.HikariDataSource       : HikariPool-1 - Starting...
2025-10-28T01:08:50.655-05:00  INFO 28292 --- [auth-server] [main] com.zaxxer.hikari.pool.HikariPool        : HikariPool-1 - Added connection com.mysql.cj.jdbc.ConnectionImpl@3ca6bd01
2025-10-28T01:08:50.656-05:00  INFO 28292 --- [auth-server] [main] com.zaxxer.hikari.HikariDataSource       : HikariPool-1 - Start completed.
2025-10-28T01:08:50.679-05:00  INFO 28292 --- [auth-server] [main] o.hibernate.jpa.internal.util.LogHelper  : HHH000204: Processing PersistenceUnitInfo [name: default]
2025-10-28T01:08:50.708-05:00  INFO 28292 --- [auth-server] [main] org.hibernate.Version                    : HHH000412: Hibernate ORM core version 6.6.26.Final
2025-10-28T01:08:50.725-05:00  INFO 28292 --- [auth-server] [main] o.h.c.internal.RegionFactoryInitiator    : HHH000026: Second-level cache disabled
2025-10-28T01:08:50.881-05:00  INFO 28292 --- [auth-server] [main] o.s.o.j.p.SpringPersistenceUnitInfo      : No LoadTimeWeaver setup: ignoring JPA class transformer
2025-10-28T01:08:50.938-05:00  INFO 28292 --- [auth-server] [main] org.hibernate.orm.connections.pooling    : HHH10001005: Database info:
	Database JDBC URL [Connecting through datasource 'HikariDataSource (HikariPool-1)']
	Database driver: undefined/unknown
	Database version: 8.0.34
	Autocommit mode: undefined/unknown
	Isolation level: undefined/unknown
	Minimum pool size: undefined/unknown
	Maximum pool size: undefined/unknown
2025-10-28T01:08:51.462-05:00  INFO 28292 --- [auth-server] [main] o.h.e.t.j.p.i.JtaPlatformInitiator       : HHH000489: No JTA platform available (set 'hibernate.transaction.jta.platform' to enable JTA platform integration)
2025-10-28T01:08:51.464-05:00  INFO 28292 --- [auth-server] [main] j.LocalContainerEntityManagerFactoryBean : Initialized JPA EntityManagerFactory for persistence unit 'default'
2025-10-28T01:08:51.640-05:00  WARN 28292 --- [auth-server] [main] JpaBaseConfiguration$JpaWebConfiguration : spring.jpa.open-in-view is enabled by default. Therefore, database queries may be performed during view rendering. Explicitly configure spring.jpa.open-in-view to disable this warning
2025-10-28T01:08:51.658-05:00  INFO 28292 --- [auth-server] [main] r$InitializeUserDetailsManagerConfigurer : Global AuthenticationManager configured with UserDetailsService bean with name customUserDetailsService
2025-10-28T01:08:52.160-05:00  INFO 28292 --- [auth-server] [main] o.s.b.a.e.web.EndpointLinksResolver      : Exposing 18 endpoints beneath base path '/actuator'
2025-10-28T01:08:52.195-05:00  INFO 28292 --- [auth-server] [main] DiscoveryClientOptionalArgsConfiguration : Eureka HTTP Client uses RestTemplate.
2025-10-28T01:08:52.212-05:00  WARN 28292 --- [auth-server] [main] iguration$LoadBalancerCaffeineWarnLogger : Spring Cloud LoadBalancer is currently working with the default cache. While this cache implementation is useful for development and tests, it's recommended to use Caffeine cache in production.You can switch to using Caffeine cache, by adding it and org.springframework.cache.caffeine.CaffeineCacheManager to the classpath.
2025-10-28T01:08:52.261-05:00  INFO 28292 --- [auth-server] [main] o.s.b.w.embedded.tomcat.TomcatWebServer  : Tomcat started on port 57916 (http) with context path '/'
2025-10-28T01:08:52.262-05:00  INFO 28292 --- [auth-server] [main] .s.c.n.e.s.EurekaAutoServiceRegistration : Updating port to 57916
2025-10-28T01:08:52.266-05:00  INFO 28292 --- [auth-server] [main] o.s.c.n.eureka.InstanceInfoFactory       : Setting initial instance status as: STARTING
2025-10-28T01:08:52.279-05:00  INFO 28292 --- [auth-server] [main] com.netflix.discovery.DiscoveryClient    : Initializing Eureka in region us-east-1
2025-10-28T01:08:52.282-05:00  INFO 28292 --- [auth-server] [main] c.n.d.s.r.aws.ConfigClusterResolver      : Resolving eureka endpoints via configuration
2025-10-28T01:08:52.287-05:00  INFO 28292 --- [auth-server] [main] com.netflix.discovery.DiscoveryClient    : Disable delta property : false
2025-10-28T01:08:52.287-05:00  INFO 28292 --- [auth-server] [main] com.netflix.discovery.DiscoveryClient    : Single vip registry refresh property : null
2025-10-28T01:08:52.287-05:00  INFO 28292 --- [auth-server] [main] com.netflix.discovery.DiscoveryClient    : Force full registry fetch : false
2025-10-28T01:08:52.287-05:00  INFO 28292 --- [auth-server] [main] com.netflix.discovery.DiscoveryClient    : Application is null : false
2025-10-28T01:08:52.287-05:00  INFO 28292 --- [auth-server] [main] com.netflix.discovery.DiscoveryClient    : Registered Applications size is zero : true
2025-10-28T01:08:52.287-05:00  INFO 28292 --- [auth-server] [main] com.netflix.discovery.DiscoveryClient    : Application version is -1: true
2025-10-28T01:08:52.287-05:00  INFO 28292 --- [auth-server] [main] com.netflix.discovery.DiscoveryClient    : Getting all instance registry info from the eureka server
2025-10-28T01:08:52.416-05:00  INFO 28292 --- [auth-server] [main] com.netflix.discovery.DiscoveryClient    : The response status is 200
2025-10-28T01:08:52.417-05:00  INFO 28292 --- [auth-server] [main] com.netflix.discovery.DiscoveryClient    : Starting heartbeat executor: renew interval is: 30
2025-10-28T01:08:52.419-05:00  INFO 28292 --- [auth-server] [main] c.n.discovery.InstanceInfoReplicator     : InstanceInfoReplicator onDemand update allowed rate per min is 4
2025-10-28T01:08:52.419-05:00  INFO 28292 --- [auth-server] [main] com.netflix.discovery.DiscoveryClient    : Discovery Client initialized at timestamp 1761631732419 with initial instances count: 1
2025-10-28T01:08:52.421-05:00  INFO 28292 --- [auth-server] [main] o.s.c.n.e.s.EurekaServiceRegistry        : Registering application AUTH-SERVER with eureka with status UP
2025-10-28T01:08:52.421-05:00  INFO 28292 --- [auth-server] [main] com.netflix.discovery.DiscoveryClient    : Saw local status change event StatusChangeEvent [timestamp=1761631732421, current=UP, previous=STARTING]
2025-10-28T01:08:52.422-05:00  INFO 28292 --- [auth-server] [DiscoveryClient-InstanceInfoReplicator-%d] com.netflix.discovery.DiscoveryClient    : DiscoveryClient_AUTH-SERVER/host.docker.internal:auth-server:0: registering service...
2025-10-28T01:08:52.438-05:00  INFO 28292 --- [auth-server] [main] org.cibertec.AuthServerApplication       : Started AuthServerApplication in 3.563 seconds (process running for 3.993)
2025-10-28T01:08:52.450-05:00  INFO 28292 --- [auth-server] [DiscoveryClient-InstanceInfoReplicator-%d] com.netflix.discovery.DiscoveryClient    : DiscoveryClient_AUTH-SERVER/host.docker.internal:auth-server:0 - registration status: 204
2025-10-28T01:08:52.614-05:00  INFO 28292 --- [auth-server] [RMI TCP Connection(2)-192.168.1.72] o.a.c.c.C.[Tomcat].[localhost].[/]       : Initializing Spring DispatcherServlet 'dispatcherServlet'
2025-10-28T01:08:52.615-05:00  INFO 28292 --- [auth-server] [RMI TCP Connection(2)-192.168.1.72] o.s.web.servlet.DispatcherServlet        : Initializing Servlet 'dispatcherServlet'
2025-10-28T01:08:52.617-05:00  INFO 28292 --- [auth-server] [RMI TCP Connection(2)-192.168.1.72] o.s.web.servlet.DispatcherServlet        : Completed initialization in 2 ms
2025-10-28T01:13:52.292-05:00  INFO 28292 --- [auth-server] [AsyncResolver-bootstrap-executor-%d] c.n.d.s.r.aws.ConfigClusterResolver      : Resolving eureka endpoints via configuration
2025-10-28T01:18:52.300-05:00  INFO 28292 --- [auth-server] [AsyncResolver-bootstrap-executor-%d] c.n.d.s.r.aws.ConfigClusterResolver      : Resolving eureka endpoints via configuration
2025-10-28T01:23:52.314-05:00  INFO 28292 --- [auth-server] [AsyncResolver-bootstrap-executor-%d] c.n.d.s.r.aws.ConfigClusterResolver      : Resolving eureka endpoints via configuration
2025-10-28T01:28:52.329-05:00  INFO 28292 --- [auth-server] [AsyncResolver-bootstrap-executor-%d] c.n.d.s.r.aws.ConfigClusterResolver      : Resolving eureka endpoints via configuration
2025-10-28T01:33:52.337-05:00  INFO 28292 --- [auth-server] [AsyncResolver-bootstrap-executor-%d] c.n.d.s.r.aws.ConfigClusterResolver      : Resolving eureka endpoints via configuration
2025-10-28T01:38:52.342-05:00  INFO 28292 --- [auth-server] [AsyncResolver-bootstrap-executor-%d] c.n.d.s.r.aws.ConfigClusterResolver      : Resolving eureka endpoints via configuration
2025-10-28T01:41:31.171-05:00  INFO 28292 --- [auth-server] [SpringApplicationShutdownHook] o.s.c.n.e.s.EurekaServiceRegistry        : Unregistering application AUTH-SERVER with eureka with status DOWN
2025-10-28T01:41:31.172-05:00  INFO 28292 --- [auth-server] [SpringApplicationShutdownHook] com.netflix.discovery.DiscoveryClient    : Saw local status change event StatusChangeEvent [timestamp=1761633691172, current=DOWN, previous=UP]
2025-10-28T01:41:31.173-05:00  INFO 28292 --- [auth-server] [DiscoveryClient-InstanceInfoReplicator-%d] com.netflix.discovery.DiscoveryClient    : DiscoveryClient_AUTH-SERVER/host.docker.internal:auth-server:0: registering service...
2025-10-28T01:41:31.194-05:00  INFO 28292 --- [auth-server] [SpringApplicationShutdownHook] o.s.b.w.e.tomcat.GracefulShutdown        : Commencing graceful shutdown. Waiting for active requests to complete
2025-10-28T01:41:31.211-05:00  INFO 28292 --- [auth-server] [tomcat-shutdown] o.s.b.w.e.tomcat.GracefulShutdown        : Graceful shutdown complete
2025-10-28T01:41:31.223-05:00  INFO 28292 --- [auth-server] [DiscoveryClient-InstanceInfoReplicator-%d] c.n.d.s.t.d.RedirectingEurekaHttpClient  : Request execution error. endpoint=DefaultEndpoint{ serviceUrl='http://localhost:8761/eureka/} exception=I/O error on POST request for "http://localhost:8761/eureka/apps/AUTH-SERVER": localhost:8761 failed to respond stacktrace=org.springframework.web.client.ResourceAccessException: I/O error on POST request for "http://localhost:8761/eureka/apps/AUTH-SERVER": localhost:8761 failed to respond
	at org.springframework.web.client.RestTemplate.createResourceAccessException(RestTemplate.java:926)
	at org.springframework.web.client.RestTemplate.doExecute(RestTemplate.java:906)
	at org.springframework.web.client.RestTemplate.execute(RestTemplate.java:841)
	at org.springframework.web.client.RestTemplate.exchange(RestTemplate.java:702)
	at org.springframework.cloud.netflix.eureka.http.RestTemplateEurekaHttpClient.register(RestTemplateEurekaHttpClient.java:87)
	at com.netflix.discovery.shared.transport.decorator.EurekaHttpClientDecorator$1.execute(EurekaHttpClientDecorator.java:59)
	at com.netflix.discovery.shared.transport.decorator.RedirectingEurekaHttpClient.execute(RedirectingEurekaHttpClient.java:91)
	at com.netflix.discovery.shared.transport.decorator.EurekaHttpClientDecorator.register(EurekaHttpClientDecorator.java:56)
	at com.netflix.discovery.shared.transport.decorator.EurekaHttpClientDecorator$1.execute(EurekaHttpClientDecorator.java:59)
	at com.netflix.discovery.shared.transport.decorator.RetryableEurekaHttpClient.execute(RetryableEurekaHttpClient.java:120)
	at com.netflix.discovery.shared.transport.decorator.EurekaHttpClientDecorator.register(EurekaHttpClientDecorator.java:56)
	at com.netflix.discovery.shared.transport.decorator.EurekaHttpClientDecorator$1.execute(EurekaHttpClientDecorator.java:59)
	at com.netflix.discovery.shared.transport.decorator.SessionedEurekaHttpClient.execute(SessionedEurekaHttpClient.java:76)
	at com.netflix.discovery.shared.transport.decorator.EurekaHttpClientDecorator.register(EurekaHttpClientDecorator.java:56)
	at com.netflix.discovery.DiscoveryClient.register(DiscoveryClient.java:828)
	at com.netflix.discovery.InstanceInfoReplicator.run(InstanceInfoReplicator.java:125)
	at com.netflix.discovery.InstanceInfoReplicator$2.run(InstanceInfoReplicator.java:105)
	at java.base/java.util.concurrent.Executors$RunnableAdapter.call(Executors.java:572)
	at java.base/java.util.concurrent.FutureTask.run(FutureTask.java:317)
	at java.base/java.util.concurrent.ScheduledThreadPoolExecutor$ScheduledFutureTask.run(ScheduledThreadPoolExecutor.java:304)
	at java.base/java.util.concurrent.ThreadPoolExecutor.runWorker(ThreadPoolExecutor.java:1144)
	at java.base/java.util.concurrent.ThreadPoolExecutor$Worker.run(ThreadPoolExecutor.java:642)
	at java.base/java.lang.Thread.run(Thread.java:1583)
Caused by: org.apache.hc.core5.http.NoHttpResponseException: localhost:8761 failed to respond
	at org.apache.hc.core5.http.impl.io.DefaultBHttpClientConnection.receiveResponseHeader(DefaultBHttpClientConnection.java:333)
	at org.apache.hc.core5.http.impl.io.HttpRequestExecutor.execute(HttpRequestExecutor.java:196)
	at org.apache.hc.client5.http.impl.classic.InternalExecRuntime.lambda$execute$0(InternalExecRuntime.java:236)
	at org.apache.hc.client5.http.impl.io.PoolingHttpClientConnectionManager$InternalConnectionEndpoint.execute(PoolingHttpClientConnectionManager.java:791)
	at org.apache.hc.client5.http.impl.classic.InternalExecRuntime.execute(InternalExecRuntime.java:233)
	at org.apache.hc.client5.http.impl.classic.MainClientExec.execute(MainClientExec.java:120)
	at org.apache.hc.client5.http.impl.classic.ExecChainElement.execute(ExecChainElement.java:51)
	at org.apache.hc.client5.http.impl.classic.ConnectExec.execute(ConnectExec.java:198)
	at org.apache.hc.client5.http.impl.classic.ExecChainElement.execute(ExecChainElement.java:51)
	at org.apache.hc.client5.http.impl.classic.ProtocolExec.execute(ProtocolExec.java:192)
	at org.apache.hc.client5.http.impl.classic.ExecChainElement.execute(ExecChainElement.java:51)
	at org.apache.hc.client5.http.impl.classic.ContentCompressionExec.execute(ContentCompressionExec.java:150)
	at org.apache.hc.client5.http.impl.classic.ExecChainElement.execute(ExecChainElement.java:51)
	at org.apache.hc.client5.http.impl.classic.HttpRequestRetryExec.execute(HttpRequestRetryExec.java:113)
	at org.apache.hc.client5.http.impl.classic.ExecChainElement.execute(ExecChainElement.java:51)
	at org.apache.hc.client5.http.impl.classic.RedirectExec.execute(RedirectExec.java:110)
	at org.apache.hc.client5.http.impl.classic.ExecChainElement.execute(ExecChainElement.java:51)
	at org.apache.hc.client5.http.impl.classic.InternalHttpClient.doExecute(InternalHttpClient.java:183)
	at org.apache.hc.client5.http.impl.classic.CloseableHttpClient.execute(CloseableHttpClient.java:87)
	at org.apache.hc.client5.http.impl.classic.CloseableHttpClient.execute(CloseableHttpClient.java:55)
	at org.apache.hc.client5.http.classic.HttpClient.executeOpen(HttpClient.java:183)
	at org.springframework.http.client.HttpComponentsClientHttpRequest.executeInternal(HttpComponentsClientHttpRequest.java:99)
	at org.springframework.http.client.AbstractStreamingClientHttpRequest.executeInternal(AbstractStreamingClientHttpRequest.java:71)
	at org.springframework.http.client.AbstractClientHttpRequest.execute(AbstractClientHttpRequest.java:81)
	at org.springframework.http.client.InterceptingClientHttpRequest$InterceptingRequestExecution.execute(InterceptingClientHttpRequest.java:117)
	at org.springframework.cloud.netflix.eureka.http.RestTemplateTransportClientFactory.lambda$restTemplate$3(RestTemplateTransportClientFactory.java:141)
	at org.springframework.http.client.InterceptingClientHttpRequest$InterceptingRequestExecution.execute(InterceptingClientHttpRequest.java:88)
	at org.springframework.http.client.InterceptingClientHttpRequest.executeInternal(InterceptingClientHttpRequest.java:72)
	at org.springframework.http.client.AbstractBufferingClientHttpRequest.executeInternal(AbstractBufferingClientHttpRequest.java:48)
	at org.springframework.http.client.AbstractClientHttpRequest.execute(AbstractClientHttpRequest.java:81)
	at org.springframework.web.client.RestTemplate.doExecute(RestTemplate.java:900)
	... 21 more

2025-10-28T01:41:31.224-05:00  WARN 28292 --- [auth-server] [DiscoveryClient-InstanceInfoReplicator-%d] c.n.d.s.t.d.RetryableEurekaHttpClient    : Request execution failed with message: I/O error on POST request for "http://localhost:8761/eureka/apps/AUTH-SERVER": localhost:8761 failed to respond
2025-10-28T01:41:31.248-05:00  INFO 28292 --- [auth-server] [SpringApplicationShutdownHook] j.LocalContainerEntityManagerFactoryBean : Closing JPA EntityManagerFactory for persistence unit 'default'
2025-10-28T01:41:31.262-05:00  INFO 28292 --- [auth-server] [SpringApplicationShutdownHook] com.zaxxer.hikari.HikariDataSource       : HikariPool-1 - Shutdown initiated...
2025-10-28T01:41:31.271-05:00  INFO 28292 --- [auth-server] [DiscoveryClient-InstanceInfoReplicator-%d] c.n.d.s.t.d.RedirectingEurekaHttpClient  : Request execution error. endpoint=DefaultEndpoint{ serviceUrl='http://localhost:8761/eureka/}, exception=I/O error on POST request for "http://localhost:8761/eureka/apps/AUTH-SERVER": Connect to http://localhost:8761 [localhost/127.0.0.1, localhost/0:0:0:0:0:0:0:1] failed: Connection refused: getsockopt stacktrace=org.springframework.web.client.ResourceAccessException: I/O error on POST request for "http://localhost:8761/eureka/apps/AUTH-SERVER": Connect to http://localhost:8761 [localhost/127.0.0.1, localhost/0:0:0:0:0:0:0:1] failed: Connection refused: getsockopt
	at org.springframework.web.client.RestTemplate.createResourceAccessException(RestTemplate.java:926)
	at org.springframework.web.client.RestTemplate.doExecute(RestTemplate.java:906)
	at org.springframework.web.client.RestTemplate.execute(RestTemplate.java:841)
	at org.springframework.web.client.RestTemplate.exchange(RestTemplate.java:702)
	at org.springframework.cloud.netflix.eureka.http.RestTemplateEurekaHttpClient.register(RestTemplateEurekaHttpClient.java:87)
	at com.netflix.discovery.shared.transport.decorator.EurekaHttpClientDecorator$1.execute(EurekaHttpClientDecorator.java:59)
	at com.netflix.discovery.shared.transport.decorator.RedirectingEurekaHttpClient.executeOnNewServer(RedirectingEurekaHttpClient.java:121)
	at com.netflix.discovery.shared.transport.decorator.RedirectingEurekaHttpClient.execute(RedirectingEurekaHttpClient.java:80)
	at com.netflix.discovery.shared.transport.decorator.EurekaHttpClientDecorator.register(EurekaHttpClientDecorator.java:56)
	at com.netflix.discovery.shared.transport.decorator.EurekaHttpClientDecorator$1.execute(EurekaHttpClientDecorator.java:59)
	at com.netflix.discovery.shared.transport.decorator.RetryableEurekaHttpClient.execute(RetryableEurekaHttpClient.java:120)
	at com.netflix.discovery.shared.transport.decorator.EurekaHttpClientDecorator.register(EurekaHttpClientDecorator.java:56)
	at com.netflix.discovery.shared.transport.decorator.EurekaHttpClientDecorator$1.execute(EurekaHttpClientDecorator.java:59)
	at com.netflix.discovery.shared.transport.decorator.SessionedEurekaHttpClient.execute(SessionedEurekaHttpClient.java:76)
	at com.netflix.discovery.shared.transport.decorator.EurekaHttpClientDecorator.register(EurekaHttpClientDecorator.java:56)
	at com.netflix.discovery.DiscoveryClient.register(DiscoveryClient.java:828)
	at com.netflix.discovery.InstanceInfoReplicator.run(InstanceInfoReplicator.java:125)
	at com.netflix.discovery.InstanceInfoReplicator$2.run(InstanceInfoReplicator.java:105)
	at java.base/java.util.concurrent.Executors$RunnableAdapter.call(Executors.java:572)
	at java.base/java.util.concurrent.FutureTask.run(FutureTask.java:317)
	at java.base/java.util.concurrent.ScheduledThreadPoolExecutor$ScheduledFutureTask.run(ScheduledThreadPoolExecutor.java:304)
	at java.base/java.util.concurrent.ThreadPoolExecutor.runWorker(ThreadPoolExecutor.java:1144)
	at java.base/java.util.concurrent.ThreadPoolExecutor$Worker.run(ThreadPoolExecutor.java:642)
	at java.base/java.lang.Thread.run(Thread.java:1583)
Caused by: org.apache.hc.client5.http.HttpHostConnectException: Connect to http://localhost:8761 [localhost/127.0.0.1, localhost/0:0:0:0:0:0:0:1] failed: Connection refused: getsockopt
	at java.base/sun.nio.ch.Net.pollConnect(Native Method)
	at java.base/sun.nio.ch.Net.pollConnectNow(Net.java:682)
	at java.base/sun.nio.ch.NioSocketImpl.timedFinishConnect(NioSocketImpl.java:542)
	at java.base/sun.nio.ch.NioSocketImpl.connect(NioSocketImpl.java:592)
	at java.base/java.net.SocksSocketImpl.connect(SocksSocketImpl.java:327)
	at java.base/java.net.Socket.connect(Socket.java:751)
	at org.apache.hc.client5.http.impl.io.DefaultHttpClientConnectionOperator.connect(DefaultHttpClientConnectionOperator.java:216)
	at org.apache.hc.client5.http.impl.io.PoolingHttpClientConnectionManager.connect(PoolingHttpClientConnectionManager.java:490)
	at org.apache.hc.client5.http.impl.classic.InternalExecRuntime.connectEndpoint(InternalExecRuntime.java:164)
	at org.apache.hc.client5.http.impl.classic.InternalExecRuntime.connectEndpoint(InternalExecRuntime.java:174)
	at org.apache.hc.client5.http.impl.classic.ConnectExec.execute(ConnectExec.java:144)
	at org.apache.hc.client5.http.impl.classic.ExecChainElement.execute(ExecChainElement.java:51)
	at org.apache.hc.client5.http.impl.classic.ProtocolExec.execute(ProtocolExec.java:192)
	at org.apache.hc.client5.http.impl.classic.ExecChainElement.execute(ExecChainElement.java:51)
	at org.apache.hc.client5.http.impl.classic.ContentCompressionExec.execute(ContentCompressionExec.java:150)
	at org.apache.hc.client5.http.impl.classic.ExecChainElement.execute(ExecChainElement.java:51)
	at org.apache.hc.client5.http.impl.classic.HttpRequestRetryExec.execute(HttpRequestRetryExec.java:113)
	at org.apache.hc.client5.http.impl.classic.ExecChainElement.execute(ExecChainElement.java:51)
	at org.apache.hc.client5.http.impl.classic.RedirectExec.execute(RedirectExec.java:110)
	at org.apache.hc.client5.http.impl.classic.ExecChainElement.execute(ExecChainElement.java:51)
	at org.apache.hc.client5.http.impl.classic.InternalHttpClient.doExecute(InternalHttpClient.java:183)
	at org.apache.hc.client5.http.impl.classic.CloseableHttpClient.execute(CloseableHttpClient.java:87)
	at org.apache.hc.client5.http.impl.classic.CloseableHttpClient.execute(CloseableHttpClient.java:55)
	at org.apache.hc.client5.http.classic.HttpClient.executeOpen(HttpClient.java:183)
	at org.springframework.http.client.HttpComponentsClientHttpRequest.executeInternal(HttpComponentsClientHttpRequest.java:99)
	at org.springframework.http.client.AbstractStreamingClientHttpRequest.executeInternal(AbstractStreamingClientHttpRequest.java:71)
	at org.springframework.http.client.AbstractClientHttpRequest.execute(AbstractClientHttpRequest.java:81)
	at org.springframework.http.client.InterceptingClientHttpRequest$InterceptingRequestExecution.execute(InterceptingClientHttpRequest.java:117)
	at org.springframework.cloud.netflix.eureka.http.RestTemplateTransportClientFactory.lambda$restTemplate$3(RestTemplateTransportClientFactory.java:141)
	at org.springframework.http.client.InterceptingClientHttpRequest$InterceptingRequestExecution.execute(InterceptingClientHttpRequest.java:88)
	at org.springframework.http.client.InterceptingClientHttpRequest.executeInternal(InterceptingClientHttpRequest.java:72)
	at org.springframework.http.client.AbstractBufferingClientHttpRequest.executeInternal(AbstractBufferingClientHttpRequest.java:48)
	at org.springframework.http.client.AbstractClientHttpRequest.execute(AbstractClientHttpRequest.java:81)
	at org.springframework.web.client.RestTemplate.doExecute(RestTemplate.java:900)
	... 22 more

2025-10-28T01:41:31.271-05:00  WARN 28292 --- [auth-server] [DiscoveryClient-InstanceInfoReplicator-%d] c.n.d.s.t.d.RetryableEurekaHttpClient    : Request execution failed with message: I/O error on POST request for "http://localhost:8761/eureka/apps/AUTH-SERVER": Connect to http://localhost:8761 [localhost/127.0.0.1, localhost/0:0:0:0:0:0:0:1] failed: Connection refused: getsockopt
2025-10-28T01:41:31.274-05:00  INFO 28292 --- [auth-server] [SpringApplicationShutdownHook] com.zaxxer.hikari.HikariDataSource       : HikariPool-1 - Shutdown completed.
2025-10-28T01:41:31.276-05:00  INFO 28292 --- [auth-server] [SpringApplicationShutdownHook] com.netflix.discovery.DiscoveryClient    : Shutting down DiscoveryClient ...
2025-10-28T01:41:31.271-05:00  WARN 28292 --- [auth-server] [DiscoveryClient-InstanceInfoReplicator-%d] com.netflix.discovery.DiscoveryClient    : DiscoveryClient_AUTH-SERVER/host.docker.internal:auth-server:0 - registration failed Cannot execute request on any known server

com.netflix.discovery.shared.transport.TransportException: Cannot execute request on any known server
	at com.netflix.discovery.shared.transport.decorator.RetryableEurekaHttpClient.execute(RetryableEurekaHttpClient.java:112) ~[eureka-client-2.0.4.jar:2.0.4]
	at com.netflix.discovery.shared.transport.decorator.EurekaHttpClientDecorator.register(EurekaHttpClientDecorator.java:56) ~[eureka-client-2.0.4.jar:2.0.4]
	at com.netflix.discovery.shared.transport.decorator.EurekaHttpClientDecorator$1.execute(EurekaHttpClientDecorator.java:59) ~[eureka-client-2.0.4.jar:2.0.4]
	at com.netflix.discovery.shared.transport.decorator.SessionedEurekaHttpClient.execute(SessionedEurekaHttpClient.java:76) ~[eureka-client-2.0.4.jar:2.0.4]
	at com.netflix.discovery.shared.transport.decorator.EurekaHttpClientDecorator.register(EurekaHttpClientDecorator.java:56) ~[eureka-client-2.0.4.jar:2.0.4]
	at com.netflix.discovery.DiscoveryClient.register(DiscoveryClient.java:828) ~[eureka-client-2.0.4.jar:2.0.4]
	at com.netflix.discovery.InstanceInfoReplicator.run(InstanceInfoReplicator.java:125) ~[eureka-client-2.0.4.jar:2.0.4]
	at com.netflix.discovery.InstanceInfoReplicator$2.run(InstanceInfoReplicator.java:105) ~[eureka-client-2.0.4.jar:2.0.4]
	at java.base/java.util.concurrent.Executors$RunnableAdapter.call(Executors.java:572) ~[na:na]
	at java.base/java.util.concurrent.FutureTask.run(FutureTask.java:317) ~[na:na]
	at java.base/java.util.concurrent.ScheduledThreadPoolExecutor$ScheduledFutureTask.run(ScheduledThreadPoolExecutor.java:304) ~[na:na]
	at java.base/java.util.concurrent.ThreadPoolExecutor.runWorker(ThreadPoolExecutor.java:1144) ~[na:na]
	at java.base/java.util.concurrent.ThreadPoolExecutor$Worker.run(ThreadPoolExecutor.java:642) ~[na:na]
	at java.base/java.lang.Thread.run(Thread.java:1583) ~[na:na]

2025-10-28T01:41:31.283-05:00  WARN 28292 --- [auth-server] [DiscoveryClient-InstanceInfoReplicator-%d] c.n.discovery.InstanceInfoReplicator     : There was a problem with the instance info replicator

com.netflix.discovery.shared.transport.TransportException: Cannot execute request on any known server
	at com.netflix.discovery.shared.transport.decorator.RetryableEurekaHttpClient.execute(RetryableEurekaHttpClient.java:112) ~[eureka-client-2.0.4.jar:2.0.4]
	at com.netflix.discovery.shared.transport.decorator.EurekaHttpClientDecorator.register(EurekaHttpClientDecorator.java:56) ~[eureka-client-2.0.4.jar:2.0.4]
	at com.netflix.discovery.shared.transport.decorator.EurekaHttpClientDecorator$1.execute(EurekaHttpClientDecorator.java:59) ~[eureka-client-2.0.4.jar:2.0.4]
	at com.netflix.discovery.shared.transport.decorator.SessionedEurekaHttpClient.execute(SessionedEurekaHttpClient.java:76) ~[eureka-client-2.0.4.jar:2.0.4]
	at com.netflix.discovery.shared.transport.decorator.EurekaHttpClientDecorator.register(EurekaHttpClientDecorator.java:56) ~[eureka-client-2.0.4.jar:2.0.4]
	at com.netflix.discovery.DiscoveryClient.register(DiscoveryClient.java:828) ~[eureka-client-2.0.4.jar:2.0.4]
	at com.netflix.discovery.InstanceInfoReplicator.run(InstanceInfoReplicator.java:125) ~[eureka-client-2.0.4.jar:2.0.4]
	at com.netflix.discovery.InstanceInfoReplicator$2.run(InstanceInfoReplicator.java:105) ~[eureka-client-2.0.4.jar:2.0.4]
	at java.base/java.util.concurrent.Executors$RunnableAdapter.call(Executors.java:572) ~[na:na]
	at java.base/java.util.concurrent.FutureTask.run(FutureTask.java:317) ~[na:na]
	at java.base/java.util.concurrent.ScheduledThreadPoolExecutor$ScheduledFutureTask.run(ScheduledThreadPoolExecutor.java:304) ~[na:na]
	at java.base/java.util.concurrent.ThreadPoolExecutor.runWorker(ThreadPoolExecutor.java:1144) ~[na:na]
	at java.base/java.util.concurrent.ThreadPoolExecutor$Worker.run(ThreadPoolExecutor.java:642) ~[na:na]
	at java.base/java.lang.Thread.run(Thread.java:1583) ~[na:na]

2025-10-28T01:41:31.283-05:00  INFO 28292 --- [auth-server] [SpringApplicationShutdownHook] com.netflix.discovery.DiscoveryClient    : Unregistering ...
2025-10-28T01:41:31.295-05:00  INFO 28292 --- [auth-server] [SpringApplicationShutdownHook] c.n.d.s.t.d.RedirectingEurekaHttpClient  : Request execution error. endpoint=DefaultEndpoint{ serviceUrl='http://localhost:8761/eureka/}, exception=I/O error on DELETE request for "http://localhost:8761/eureka/apps/AUTH-SERVER/host.docker.internal:auth-server:0": Connect to http://localhost:8761 [localhost/127.0.0.1, localhost/0:0:0:0:0:0:0:1] failed: Connection refused: getsockopt stacktrace=org.springframework.web.client.ResourceAccessException: I/O error on DELETE request for "http://localhost:8761/eureka/apps/AUTH-SERVER/host.docker.internal:auth-server:0": Connect to http://localhost:8761 [localhost/127.0.0.1, localhost/0:0:0:0:0:0:0:1] failed: Connection refused: getsockopt
	at org.springframework.web.client.RestTemplate.createResourceAccessException(RestTemplate.java:926)
	at org.springframework.web.client.RestTemplate.doExecute(RestTemplate.java:906)
	at org.springframework.web.client.RestTemplate.execute(RestTemplate.java:841)
	at org.springframework.web.client.RestTemplate.exchange(RestTemplate.java:702)
	at org.springframework.cloud.netflix.eureka.http.RestTemplateEurekaHttpClient.cancel(RestTemplateEurekaHttpClient.java:100)
	at com.netflix.discovery.shared.transport.decorator.EurekaHttpClientDecorator$2.execute(EurekaHttpClientDecorator.java:74)
	at com.netflix.discovery.shared.transport.decorator.RedirectingEurekaHttpClient.executeOnNewServer(RedirectingEurekaHttpClient.java:121)
	at com.netflix.discovery.shared.transport.decorator.RedirectingEurekaHttpClient.execute(RedirectingEurekaHttpClient.java:80)
	at com.netflix.discovery.shared.transport.decorator.EurekaHttpClientDecorator.cancel(EurekaHttpClientDecorator.java:71)
	at com.netflix.discovery.shared.transport.decorator.EurekaHttpClientDecorator$2.execute(EurekaHttpClientDecorator.java:74)
	at com.netflix.discovery.shared.transport.decorator.RetryableEurekaHttpClient.execute(RetryableEurekaHttpClient.java:120)
	at com.netflix.discovery.shared.transport.decorator.EurekaHttpClientDecorator.cancel(EurekaHttpClientDecorator.java:71)
	at com.netflix.discovery.shared.transport.decorator.EurekaHttpClientDecorator$2.execute(EurekaHttpClientDecorator.java:74)
	at com.netflix.discovery.shared.transport.decorator.SessionedEurekaHttpClient.execute(SessionedEurekaHttpClient.java:76)
	at com.netflix.discovery.shared.transport.decorator.EurekaHttpClientDecorator.cancel(EurekaHttpClientDecorator.java:71)
	at com.netflix.discovery.DiscoveryClient.unregister(DiscoveryClient.java:919)
	at com.netflix.discovery.DiscoveryClient.shutdown(DiscoveryClient.java:900)
	at java.base/jdk.internal.reflect.DirectMethodHandleAccessor.invoke(DirectMethodHandleAccessor.java:103)
	at java.base/java.lang.reflect.Method.invoke(Method.java:580)
	at org.springframework.beans.factory.annotation.InitDestroyAnnotationBeanPostProcessor$LifecycleMethod.invoke(InitDestroyAnnotationBeanPostProcessor.java:457)
	at org.springframework.beans.factory.annotation.InitDestroyAnnotationBeanPostProcessor$LifecycleMetadata.invokeDestroyMethods(InitDestroyAnnotationBeanPostProcessor.java:415)
	at org.springframework.beans.factory.annotation.InitDestroyAnnotationBeanPostProcessor.postProcessBeforeDestruction(InitDestroyAnnotationBeanPostProcessor.java:239)
	at org.springframework.beans.factory.support.DisposableBeanAdapter.destroy(DisposableBeanAdapter.java:202)
	at org.springframework.beans.factory.support.DisposableBeanAdapter.run(DisposableBeanAdapter.java:195)
	at org.springframework.cloud.context.scope.GenericScope$BeanLifecycleWrapper.destroy(GenericScope.java:389)
	at org.springframework.cloud.context.scope.GenericScope.destroy(GenericScope.java:136)
	at org.springframework.beans.factory.support.DisposableBeanAdapter.destroy(DisposableBeanAdapter.java:211)
	at org.springframework.beans.factory.support.DefaultSingletonBeanRegistry.destroyBean(DefaultSingletonBeanRegistry.java:798)
	at org.springframework.beans.factory.support.DefaultSingletonBeanRegistry.destroySingleton(DefaultSingletonBeanRegistry.java:748)
	at org.springframework.beans.factory.support.DefaultListableBeanFactory.destroySingleton(DefaultListableBeanFactory.java:1481)
	at org.springframework.beans.factory.support.DefaultSingletonBeanRegistry.destroySingletons(DefaultSingletonBeanRegistry.java:707)
	at org.springframework.beans.factory.support.DefaultListableBeanFactory.destroySingletons(DefaultListableBeanFactory.java:1474)
	at org.springframework.context.support.AbstractApplicationContext.destroyBeans(AbstractApplicationContext.java:1219)
	at org.springframework.context.support.AbstractApplicationContext.doClose(AbstractApplicationContext.java:1180)
	at org.springframework.boot.web.servlet.context.ServletWebServerApplicationContext.doClose(ServletWebServerApplicationContext.java:179)
	at org.springframework.context.support.AbstractApplicationContext.close(AbstractApplicationContext.java:1126)
	at org.springframework.boot.SpringApplicationShutdownHook.closeAndWait(SpringApplicationShutdownHook.java:147)
	at java.base/java.lang.Iterable.forEach(Iterable.java:75)
	at org.springframework.boot.SpringApplicationShutdownHook.run(SpringApplicationShutdownHook.java:116)
	at java.base/java.lang.Thread.run(Thread.java:1583)
Caused by: org.apache.hc.client5.http.HttpHostConnectException: Connect to http://localhost:8761 [localhost/127.0.0.1, localhost/0:0:0:0:0:0:0:1] failed: Connection refused: getsockopt
	at java.base/sun.nio.ch.Net.pollConnect(Native Method)
	at java.base/sun.nio.ch.Net.pollConnectNow(Net.java:682)
	at java.base/sun.nio.ch.NioSocketImpl.timedFinishConnect(NioSocketImpl.java:542)
	at java.base/sun.nio.ch.NioSocketImpl.connect(NioSocketImpl.java:592)
	at java.base/java.net.SocksSocketImpl.connect(SocksSocketImpl.java:327)
	at java.base/java.net.Socket.connect(Socket.java:751)
	at org.apache.hc.client5.http.impl.io.DefaultHttpClientConnectionOperator.connect(DefaultHttpClientConnectionOperator.java:216)
	at org.apache.hc.client5.http.impl.io.PoolingHttpClientConnectionManager.connect(PoolingHttpClientConnectionManager.java:490)
	at org.apache.hc.client5.http.impl.classic.InternalExecRuntime.connectEndpoint(InternalExecRuntime.java:164)
	at org.apache.hc.client5.http.impl.classic.InternalExecRuntime.connectEndpoint(InternalExecRuntime.java:174)
	at org.apache.hc.client5.http.impl.classic.ConnectExec.execute(ConnectExec.java:144)
	at org.apache.hc.client5.http.impl.classic.ExecChainElement.execute(ExecChainElement.java:51)
	at org.apache.hc.client5.http.impl.classic.ProtocolExec.execute(ProtocolExec.java:192)
	at org.apache.hc.client5.http.impl.classic.ExecChainElement.execute(ExecChainElement.java:51)
	at org.apache.hc.client5.http.impl.classic.ContentCompressionExec.execute(ContentCompressionExec.java:150)
	at org.apache.hc.client5.http.impl.classic.ExecChainElement.execute(ExecChainElement.java:51)
	at org.apache.hc.client5.http.impl.classic.HttpRequestRetryExec.execute(HttpRequestRetryExec.java:113)
	at org.apache.hc.client5.http.impl.classic.ExecChainElement.execute(ExecChainElement.java:51)
	at org.apache.hc.client5.http.impl.classic.RedirectExec.execute(RedirectExec.java:110)
	at org.apache.hc.client5.http.impl.classic.ExecChainElement.execute(ExecChainElement.java:51)
	at org.apache.hc.client5.http.impl.classic.InternalHttpClient.doExecute(InternalHttpClient.java:183)
	at org.apache.hc.client5.http.impl.classic.CloseableHttpClient.execute(CloseableHttpClient.java:87)
	at org.apache.hc.client5.http.impl.classic.CloseableHttpClient.execute(CloseableHttpClient.java:55)
	at org.apache.hc.client5.http.classic.HttpClient.executeOpen(HttpClient.java:183)
	at org.springframework.http.client.HttpComponentsClientHttpRequest.executeInternal(HttpComponentsClientHttpRequest.java:99)
	at org.springframework.http.client.AbstractStreamingClientHttpRequest.executeInternal(AbstractStreamingClientHttpRequest.java:71)
	at org.springframework.http.client.AbstractClientHttpRequest.execute(AbstractClientHttpRequest.java:81)
	at org.springframework.http.client.InterceptingClientHttpRequest$InterceptingRequestExecution.execute(InterceptingClientHttpRequest.java:117)
	at org.springframework.cloud.netflix.eureka.http.RestTemplateTransportClientFactory.lambda$restTemplate$3(RestTemplateTransportClientFactory.java:141)
	at org.springframework.http.client.InterceptingClientHttpRequest$InterceptingRequestExecution.execute(InterceptingClientHttpRequest.java:88)
	at org.springframework.http.client.InterceptingClientHttpRequest.executeInternal(InterceptingClientHttpRequest.java:72)
	at org.springframework.http.client.AbstractBufferingClientHttpRequest.executeInternal(AbstractBufferingClientHttpRequest.java:48)
	at org.springframework.http.client.AbstractClientHttpRequest.execute(AbstractClientHttpRequest.java:81)
	at org.springframework.web.client.RestTemplate.doExecute(RestTemplate.java:900)
	... 38 more

2025-10-28T01:41:31.295-05:00  WARN 28292 --- [auth-server] [SpringApplicationShutdownHook] c.n.d.s.t.d.RetryableEurekaHttpClient    : Request execution failed with message: I/O error on DELETE request for "http://localhost:8761/eureka/apps/AUTH-SERVER/host.docker.internal:auth-server:0": Connect to http://localhost:8761 [localhost/127.0.0.1, localhost/0:0:0:0:0:0:0:1] failed: Connection refused: getsockopt
2025-10-28T01:41:31.295-05:00 ERROR 28292 --- [auth-server] [SpringApplicationShutdownHook] com.netflix.discovery.DiscoveryClient    : DiscoveryClient_AUTH-SERVER/host.docker.internal:auth-server:0 - de-registration failedCannot execute request on any known server

com.netflix.discovery.shared.transport.TransportException: Cannot execute request on any known server
	at com.netflix.discovery.shared.transport.decorator.RetryableEurekaHttpClient.execute(RetryableEurekaHttpClient.java:112) ~[eureka-client-2.0.4.jar:2.0.4]
	at com.netflix.discovery.shared.transport.decorator.EurekaHttpClientDecorator.cancel(EurekaHttpClientDecorator.java:71) ~[eureka-client-2.0.4.jar:2.0.4]
	at com.netflix.discovery.shared.transport.decorator.EurekaHttpClientDecorator$2.execute(EurekaHttpClientDecorator.java:74) ~[eureka-client-2.0.4.jar:2.0.4]
	at com.netflix.discovery.shared.transport.decorator.SessionedEurekaHttpClient.execute(SessionedEurekaHttpClient.java:76) ~[eureka-client-2.0.4.jar:2.0.4]
	at com.netflix.discovery.shared.transport.decorator.EurekaHttpClientDecorator.cancel(EurekaHttpClientDecorator.java:71) ~[eureka-client-2.0.4.jar:2.0.4]
	at com.netflix.discovery.DiscoveryClient.unregister(DiscoveryClient.java:919) ~[eureka-client-2.0.4.jar:2.0.4]
	at com.netflix.discovery.DiscoveryClient.shutdown(DiscoveryClient.java:900) ~[eureka-client-2.0.4.jar:2.0.4]
	at java.base/jdk.internal.reflect.DirectMethodHandleAccessor.invoke(DirectMethodHandleAccessor.java:103) ~[na:na]
	at java.base/java.lang.reflect.Method.invoke(Method.java:580) ~[na:na]
	at org.springframework.beans.factory.annotation.InitDestroyAnnotationBeanPostProcessor$LifecycleMethod.invoke(InitDestroyAnnotationBeanPostProcessor.java:457) ~[spring-beans-6.2.10.jar:6.2.10]
	at org.springframework.beans.factory.annotation.InitDestroyAnnotationBeanPostProcessor$LifecycleMetadata.invokeDestroyMethods(InitDestroyAnnotationBeanPostProcessor.java:415) ~[spring-beans-6.2.10.jar:6.2.10]
	at org.springframework.beans.factory.annotation.InitDestroyAnnotationBeanPostProcessor.postProcessBeforeDestruction(InitDestroyAnnotationBeanPostProcessor.java:239) ~[spring-beans-6.2.10.jar:6.2.10]
	at org.springframework.beans.factory.support.DisposableBeanAdapter.destroy(DisposableBeanAdapter.java:202) ~[spring-beans-6.2.10.jar:6.2.10]
	at org.springframework.beans.factory.support.DisposableBeanAdapter.run(DisposableBeanAdapter.java:195) ~[spring-beans-6.2.10.jar:6.2.10]
	at org.springframework.cloud.context.scope.GenericScope$BeanLifecycleWrapper.destroy(GenericScope.java:389) ~[spring-cloud-context-4.2.0.jar:4.2.0]
	at org.springframework.cloud.context.scope.GenericScope.destroy(GenericScope.java:136) ~[spring-cloud-context-4.2.0.jar:4.2.0]
	at org.springframework.beans.factory.support.DisposableBeanAdapter.destroy(DisposableBeanAdapter.java:211) ~[spring-beans-6.2.10.jar:6.2.10]
	at org.springframework.beans.factory.support.DefaultSingletonBeanRegistry.destroyBean(DefaultSingletonBeanRegistry.java:798) ~[spring-beans-6.2.10.jar:6.2.10]
	at org.springframework.beans.factory.support.DefaultSingletonBeanRegistry.destroySingleton(DefaultSingletonBeanRegistry.java:748) ~[spring-beans-6.2.10.jar:6.2.10]
	at org.springframework.beans.factory.support.DefaultListableBeanFactory.destroySingleton(DefaultListableBeanFactory.java:1481) ~[spring-beans-6.2.10.jar:6.2.10]
	at org.springframework.beans.factory.support.DefaultSingletonBeanRegistry.destroySingletons(DefaultSingletonBeanRegistry.java:707) ~[spring-beans-6.2.10.jar:6.2.10]
	at org.springframework.beans.factory.support.DefaultListableBeanFactory.destroySingletons(DefaultListableBeanFactory.java:1474) ~[spring-beans-6.2.10.jar:6.2.10]
	at org.springframework.context.support.AbstractApplicationContext.destroyBeans(AbstractApplicationContext.java:1219) ~[spring-context-6.2.10.jar:6.2.10]
	at org.springframework.context.support.AbstractApplicationContext.doClose(AbstractApplicationContext.java:1180) ~[spring-context-6.2.10.jar:6.2.10]
	at org.springframework.boot.web.servlet.context.ServletWebServerApplicationContext.doClose(ServletWebServerApplicationContext.java:179) ~[spring-boot-3.4.9.jar:3.4.9]
	at org.springframework.context.support.AbstractApplicationContext.close(AbstractApplicationContext.java:1126) ~[spring-context-6.2.10.jar:6.2.10]
	at org.springframework.boot.SpringApplicationShutdownHook.closeAndWait(SpringApplicationShutdownHook.java:147) ~[spring-boot-3.4.9.jar:3.4.9]
	at java.base/java.lang.Iterable.forEach(Iterable.java:75) ~[na:na]
	at org.springframework.boot.SpringApplicationShutdownHook.run(SpringApplicationShutdownHook.java:116) ~[spring-boot-3.4.9.jar:3.4.9]
	at java.base/java.lang.Thread.run(Thread.java:1583) ~[na:na]

2025-10-28T01:41:31.297-05:00  INFO 28292 --- [auth-server] [SpringApplicationShutdownHook] com.netflix.discovery.DiscoveryClient    : Completed shut down of DiscoveryClient
