2025-10-29T00:01:36.592-05:00  INFO 23436 --- [transporte-service] [AsyncResolver-bootstrap-executor-%d] c.n.d.s.r.aws.ConfigClusterResolver      : Resolving eureka endpoints via configuration
2025-10-29T00:06:36.611-05:00  INFO 23436 --- [transporte-service] [AsyncResolver-bootstrap-executor-%d] c.n.d.s.r.aws.ConfigClusterResolver      : Resolving eureka endpoints via configuration
2025-10-29T00:11:36.624-05:00  INFO 23436 --- [transporte-service] [AsyncResolver-bootstrap-executor-%d] c.n.d.s.r.aws.ConfigClusterResolver      : Resolving eureka endpoints via configuration
2025-10-29T00:16:36.625-05:00  INFO 23436 --- [transporte-service] [AsyncResolver-bootstrap-executor-%d] c.n.d.s.r.aws.ConfigClusterResolver      : Resolving eureka endpoints via configuration
2025-10-29T00:21:36.639-05:00  INFO 23436 --- [transporte-service] [AsyncResolver-bootstrap-executor-%d] c.n.d.s.r.aws.ConfigClusterResolver      : Resolving eureka endpoints via configuration
2025-10-29T00:26:36.640-05:00  INFO 23436 --- [transporte-service] [AsyncResolver-bootstrap-executor-%d] c.n.d.s.r.aws.ConfigClusterResolver      : Resolving eureka endpoints via configuration
2025-10-29T00:31:36.646-05:00  INFO 23436 --- [transporte-service] [AsyncResolver-bootstrap-executor-%d] c.n.d.s.r.aws.ConfigClusterResolver      : Resolving eureka endpoints via configuration
2025-10-29T00:36:36.648-05:00  INFO 23436 --- [transporte-service] [AsyncResolver-bootstrap-executor-%d] c.n.d.s.r.aws.ConfigClusterResolver      : Resolving eureka endpoints via configuration
2025-10-29T00:41:36.652-05:00  INFO 23436 --- [transporte-service] [AsyncResolver-bootstrap-executor-%d] c.n.d.s.r.aws.ConfigClusterResolver      : Resolving eureka endpoints via configuration
2025-10-29T00:46:36.660-05:00  INFO 23436 --- [transporte-service] [AsyncResolver-bootstrap-executor-%d] c.n.d.s.r.aws.ConfigClusterResolver      : Resolving eureka endpoints via configuration
2025-10-29T00:51:36.662-05:00  INFO 23436 --- [transporte-service] [AsyncResolver-bootstrap-executor-%d] c.n.d.s.r.aws.ConfigClusterResolver      : Resolving eureka endpoints via configuration
2025-10-29T00:56:36.675-05:00  INFO 23436 --- [transporte-service] [AsyncResolver-bootstrap-executor-%d] c.n.d.s.r.aws.ConfigClusterResolver      : Resolving eureka endpoints via configuration
2025-10-29T01:01:36.689-05:00  INFO 23436 --- [transporte-service] [AsyncResolver-bootstrap-executor-%d] c.n.d.s.r.aws.ConfigClusterResolver      : Resolving eureka endpoints via configuration
2025-10-29T01:06:36.693-05:00  INFO 23436 --- [transporte-service] [AsyncResolver-bootstrap-executor-%d] c.n.d.s.r.aws.ConfigClusterResolver      : Resolving eureka endpoints via configuration
2025-10-29T01:11:36.708-05:00  INFO 23436 --- [transporte-service] [AsyncResolver-bootstrap-executor-%d] c.n.d.s.r.aws.ConfigClusterResolver      : Resolving eureka endpoints via configuration
2025-10-29T01:16:36.724-05:00  INFO 23436 --- [transporte-service] [AsyncResolver-bootstrap-executor-%d] c.n.d.s.r.aws.ConfigClusterResolver      : Resolving eureka endpoints via configuration
2025-10-29T01:21:36.726-05:00  INFO 23436 --- [transporte-service] [AsyncResolver-bootstrap-executor-%d] c.n.d.s.r.aws.ConfigClusterResolver      : Resolving eureka endpoints via configuration
2025-10-29T01:26:36.739-05:00  INFO 23436 --- [transporte-service] [AsyncResolver-bootstrap-executor-%d] c.n.d.s.r.aws.ConfigClusterResolver      : Resolving eureka endpoints via configuration
2025-10-29T01:31:36.748-05:00  INFO 23436 --- [transporte-service] [AsyncResolver-bootstrap-executor-%d] c.n.d.s.r.aws.ConfigClusterResolver      : Resolving eureka endpoints via configuration
2025-10-29T01:36:36.759-05:00  INFO 23436 --- [transporte-service] [AsyncResolver-bootstrap-executor-%d] c.n.d.s.r.aws.ConfigClusterResolver      : Resolving eureka endpoints via configuration
2025-10-29T01:41:36.771-05:00  INFO 23436 --- [transporte-service] [AsyncResolver-bootstrap-executor-%d] c.n.d.s.r.aws.ConfigClusterResolver      : Resolving eureka endpoints via configuration
2025-10-29T01:45:05.671-05:00  INFO 23436 --- [transporte-service] [RMI TCP Connection(165)-127.0.0.1] inMXBeanRegistrar$SpringApplicationAdmin : Application shutdown requested.
2025-10-29T01:45:05.748-05:00  INFO 23436 --- [transporte-service] [RMI TCP Connection(165)-127.0.0.1] o.s.c.n.e.s.EurekaServiceRegistry        : Unregistering application TRANSPORTE-SERVICE with eureka with status DOWN
2025-10-29T01:45:05.753-05:00  INFO 23436 --- [transporte-service] [RMI TCP Connection(165)-127.0.0.1] com.netflix.discovery.DiscoveryClient    : Saw local status change event StatusChangeEvent [timestamp=1761720305751, current=DOWN, previous=UP]
2025-10-29T01:45:05.753-05:00  INFO 23436 --- [transporte-service] [DiscoveryClient-InstanceInfoReplicator-%d] com.netflix.discovery.DiscoveryClient    : DiscoveryClient_TRANSPORTE-SERVICE/transporte-service:0020f4c1512374af35c1734762d72f54: registering service...
2025-10-29T01:45:05.841-05:00  INFO 23436 --- [transporte-service] [DiscoveryClient-InstanceInfoReplicator-%d] com.netflix.discovery.DiscoveryClient    : DiscoveryClient_TRANSPORTE-SERVICE/transporte-service:0020f4c1512374af35c1734762d72f54 - registration status: 204
2025-10-29T01:45:05.938-05:00  INFO 23436 --- [transporte-service] [RMI TCP Connection(165)-127.0.0.1] o.s.b.w.e.tomcat.GracefulShutdown        : Commencing graceful shutdown. Waiting for active requests to complete
2025-10-29T01:45:06.016-05:00  INFO 23436 --- [transporte-service] [tomcat-shutdown] o.s.b.w.e.tomcat.GracefulShutdown        : Graceful shutdown complete
2025-10-29T01:45:06.174-05:00  INFO 23436 --- [transporte-service] [RMI TCP Connection(165)-127.0.0.1] j.LocalContainerEntityManagerFactoryBean : Closing JPA EntityManagerFactory for persistence unit 'default'
2025-10-29T01:45:06.345-05:00  INFO 23436 --- [transporte-service] [RMI TCP Connection(165)-127.0.0.1] com.zaxxer.hikari.HikariDataSource       : HikariPool-1 - Shutdown initiated...
2025-10-29T01:45:06.371-05:00  INFO 23436 --- [transporte-service] [RMI TCP Connection(165)-127.0.0.1] com.zaxxer.hikari.HikariDataSource       : HikariPool-1 - Shutdown completed.
2025-10-29T01:45:06.377-05:00  INFO 23436 --- [transporte-service] [RMI TCP Connection(165)-127.0.0.1] com.netflix.discovery.DiscoveryClient    : Shutting down DiscoveryClient ...
2025-10-29T01:45:09.393-05:00  INFO 23436 --- [transporte-service] [RMI TCP Connection(165)-127.0.0.1] com.netflix.discovery.DiscoveryClient    : Unregistering ...
2025-10-29T01:45:09.458-05:00  INFO 23436 --- [transporte-service] [RMI TCP Connection(165)-127.0.0.1] c.n.d.s.t.d.RedirectingEurekaHttpClient  : Request execution error. endpoint=DefaultEndpoint{ serviceUrl='http://localhost:8761/eureka/} exception=I/O error on DELETE request for "http://localhost:8761/eureka/apps/TRANSPORTE-SERVICE/transporte-service:0020f4c1512374af35c1734762d72f54": Connect to http://localhost:8761 [localhost/127.0.0.1, localhost/0:0:0:0:0:0:0:1] failed: Connection refused: getsockopt stacktrace=org.springframework.web.client.ResourceAccessException: I/O error on DELETE request for "http://localhost:8761/eureka/apps/TRANSPORTE-SERVICE/transporte-service:0020f4c1512374af35c1734762d72f54": Connect to http://localhost:8761 [localhost/127.0.0.1, localhost/0:0:0:0:0:0:0:1] failed: Connection refused: getsockopt
	at org.springframework.web.client.RestTemplate.createResourceAccessException(RestTemplate.java:926)
	at org.springframework.web.client.RestTemplate.doExecute(RestTemplate.java:906)
	at org.springframework.web.client.RestTemplate.execute(RestTemplate.java:841)
	at org.springframework.web.client.RestTemplate.exchange(RestTemplate.java:702)
	at org.springframework.cloud.netflix.eureka.http.RestTemplateEurekaHttpClient.cancel(RestTemplateEurekaHttpClient.java:100)
	at com.netflix.discovery.shared.transport.decorator.EurekaHttpClientDecorator$2.execute(EurekaHttpClientDecorator.java:74)
	at com.netflix.discovery.shared.transport.decorator.RedirectingEurekaHttpClient.execute(RedirectingEurekaHttpClient.java:91)
	at com.netflix.discovery.shared.transport.decorator.EurekaHttpClientDecorator.cancel(EurekaHttpClientDecorator.java:71)
	at com.netflix.discovery.shared.transport.decorator.EurekaHttpClientDecorator$2.execute(EurekaHttpClientDecorator.java:74)
	at com.netflix.discovery.shared.transport.decorator.RetryableEurekaHttpClient.execute(RetryableEurekaHttpClient.java:120)
	at com.netflix.discovery.shared.transport.decorator.EurekaHttpClientDecorator.cancel(EurekaHttpClientDecorator.java:71)
	at com.netflix.discovery.shared.transport.decorator.EurekaHttpClientDecorator$2.execute(EurekaHttpClientDecorator.java:74)
	at com.netflix.discovery.shared.transport.decorator.SessionedEurekaHttpClient.execute(SessionedEurekaHttpClient.java:76)
	at com.netflix.discovery.shared.transport.decorator.EurekaHttpClientDecorator.cancel(EurekaHttpClientDecorator.java:71)
	at com.netflix.discovery.DiscoveryClient.unregister(DiscoveryClient.java:919)
	at com.netflix.discovery.DiscoveryClient.shutdown(DiscoveryClient.java:900)
	at java.base/jdk.internal.reflect.DirectMethodHandleAccessor.invoke(DirectMethodHandleAccessor.java:103)
	at java.base/java.lang.reflect.Method.invoke(Method.java:580)
	at org.springframework.beans.factory.annotation.InitDestroyAnnotationBeanPostProcessor$LifecycleMethod.invoke(InitDestroyAnnotationBeanPostProcessor.java:457)
	at org.springframework.beans.factory.annotation.InitDestroyAnnotationBeanPostProcessor$LifecycleMetadata.invokeDestroyMethods(InitDestroyAnnotationBeanPostProcessor.java:415)
	at org.springframework.beans.factory.annotation.InitDestroyAnnotationBeanPostProcessor.postProcessBeforeDestruction(InitDestroyAnnotationBeanPostProcessor.java:239)
	at org.springframework.beans.factory.support.DisposableBeanAdapter.destroy(DisposableBeanAdapter.java:203)
	at org.springframework.beans.factory.support.DisposableBeanAdapter.run(DisposableBeanAdapter.java:196)
	at org.springframework.cloud.context.scope.GenericScope$BeanLifecycleWrapper.destroy(GenericScope.java:387)
	at org.springframework.cloud.context.scope.GenericScope.destroy(GenericScope.java:134)
	at org.springframework.beans.factory.support.DisposableBeanAdapter.destroy(DisposableBeanAdapter.java:212)
	at org.springframework.beans.factory.support.DefaultSingletonBeanRegistry.destroyBean(DefaultSingletonBeanRegistry.java:798)
	at org.springframework.beans.factory.support.DefaultSingletonBeanRegistry.destroySingleton(DefaultSingletonBeanRegistry.java:748)
	at org.springframework.beans.factory.support.DefaultListableBeanFactory.destroySingleton(DefaultListableBeanFactory.java:1489)
	at org.springframework.beans.factory.support.DefaultSingletonBeanRegistry.destroySingletons(DefaultSingletonBeanRegistry.java:707)
	at org.springframework.beans.factory.support.DefaultListableBeanFactory.destroySingletons(DefaultListableBeanFactory.java:1482)
	at org.springframework.context.support.AbstractApplicationContext.destroyBeans(AbstractApplicationContext.java:1219)
	at org.springframework.context.support.AbstractApplicationContext.doClose(AbstractApplicationContext.java:1180)
	at org.springframework.boot.web.servlet.context.ServletWebServerApplicationContext.doClose(ServletWebServerApplicationContext.java:179)
	at org.springframework.context.support.AbstractApplicationContext.close(AbstractApplicationContext.java:1126)
	at org.springframework.boot.admin.SpringApplicationAdminMXBeanRegistrar$SpringApplicationAdmin.shutdown(SpringApplicationAdminMXBeanRegistrar.java:160)
	at java.base/jdk.internal.reflect.DirectMethodHandleAccessor.invoke(DirectMethodHandleAccessor.java:103)
	at java.base/java.lang.reflect.Method.invoke(Method.java:580)
	at sun.reflect.misc.Trampoline.invoke(MethodUtil.java:64)
	at java.base/jdk.internal.reflect.DirectMethodHandleAccessor.invoke(DirectMethodHandleAccessor.java:103)
	at java.base/java.lang.reflect.Method.invoke(Method.java:580)
	at java.base/sun.reflect.misc.MethodUtil.invoke(MethodUtil.java:97)
	at java.management/com.sun.jmx.mbeanserver.ConvertingMethod.invokeWithOpenReturn(ConvertingMethod.java:193)
	at java.management/com.sun.jmx.mbeanserver.ConvertingMethod.invokeWithOpenReturn(ConvertingMethod.java:175)
	at java.management/com.sun.jmx.mbeanserver.MXBeanIntrospector.invokeM2(MXBeanIntrospector.java:115)
	at java.management/com.sun.jmx.mbeanserver.MXBeanIntrospector.invokeM2(MXBeanIntrospector.java:52)
	at java.management/com.sun.jmx.mbeanserver.MBeanIntrospector.invokeM(MBeanIntrospector.java:236)
	at java.management/com.sun.jmx.mbeanserver.PerInterface.invoke(PerInterface.java:138)
	at java.management/com.sun.jmx.mbeanserver.MBeanSupport.invoke(MBeanSupport.java:252)
	at java.management/com.sun.jmx.interceptor.DefaultMBeanServerInterceptor.invoke(DefaultMBeanServerInterceptor.java:803)
	at java.management/com.sun.jmx.mbeanserver.JmxMBeanServer.invoke(JmxMBeanServer.java:802)
	at java.management.rmi/javax.management.remote.rmi.RMIConnectionImpl.doOperation(RMIConnectionImpl.java:1472)
	at java.management.rmi/javax.management.remote.rmi.RMIConnectionImpl$PrivilegedOperation.run(RMIConnectionImpl.java:1310)
	at java.management.rmi/javax.management.remote.rmi.RMIConnectionImpl.doPrivilegedOperation(RMIConnectionImpl.java:1405)
	at java.management.rmi/javax.management.remote.rmi.RMIConnectionImpl.invoke(RMIConnectionImpl.java:829)
	at java.base/jdk.internal.reflect.DirectMethodHandleAccessor.invoke(DirectMethodHandleAccessor.java:103)
	at java.base/java.lang.reflect.Method.invoke(Method.java:580)
	at java.rmi/sun.rmi.server.UnicastServerRef.dispatch(UnicastServerRef.java:360)
	at java.rmi/sun.rmi.transport.Transport$1.run(Transport.java:200)
	at java.rmi/sun.rmi.transport.Transport$1.run(Transport.java:197)
	at java.base/java.security.AccessController.doPrivileged(AccessController.java:714)
	at java.rmi/sun.rmi.transport.Transport.serviceCall(Transport.java:196)
	at java.rmi/sun.rmi.transport.tcp.TCPTransport.handleMessages(TCPTransport.java:598)
	at java.rmi/sun.rmi.transport.tcp.TCPTransport$ConnectionHandler.run0(TCPTransport.java:844)
	at java.rmi/sun.rmi.transport.tcp.TCPTransport$ConnectionHandler.lambda$run$0(TCPTransport.java:721)
	at java.base/java.security.AccessController.doPrivileged(AccessController.java:400)
	at java.rmi/sun.rmi.transport.tcp.TCPTransport$ConnectionHandler.run(TCPTransport.java:720)
	at java.base/java.util.concurrent.ThreadPoolExecutor.runWorker(ThreadPoolExecutor.java:1144)
	at java.base/java.util.concurrent.ThreadPoolExecutor$Worker.run(ThreadPoolExecutor.java:642)
	at java.base/java.lang.Thread.run(Thread.java:1583)
Caused by: org.apache.hc.client5.http.HttpHostConnectException: Connect to http://localhost:8761 [localhost/127.0.0.1, localhost/0:0:0:0:0:0:0:1] failed: Connection refused: getsockopt
	at java.base/sun.nio.ch.Net.pollConnect(Native Method)
	at java.base/sun.nio.ch.Net.pollConnectNow(Net.java:682)
	at java.base/sun.nio.ch.NioSocketImpl.timedFinishConnect(NioSocketImpl.java:542)
	at java.base/sun.nio.ch.NioSocketImpl.connect(NioSocketImpl.java:592)
	at java.base/java.net.SocksSocketImpl.connect(SocksSocketImpl.java:327)
	at java.base/java.net.Socket.connect(Socket.java:751)
	at org.apache.hc.client5.http.impl.io.DefaultHttpClientConnectionOperator.connect(DefaultHttpClientConnectionOperator.java:216)
	at org.apache.hc.client5.http.impl.io.PoolingHttpClientConnectionManager.connect(PoolingHttpClientConnectionManager.java:490)
	at org.apache.hc.client5.http.impl.classic.InternalExecRuntime.connectEndpoint(InternalExecRuntime.java:164)
	at org.apache.hc.client5.http.impl.classic.InternalExecRuntime.connectEndpoint(InternalExecRuntime.java:174)
	at org.apache.hc.client5.http.impl.classic.ConnectExec.execute(ConnectExec.java:144)
	at org.apache.hc.client5.http.impl.classic.ExecChainElement.execute(ExecChainElement.java:51)
	at org.apache.hc.client5.http.impl.classic.ProtocolExec.execute(ProtocolExec.java:192)
	at org.apache.hc.client5.http.impl.classic.ExecChainElement.execute(ExecChainElement.java:51)
	at org.apache.hc.client5.http.impl.classic.ContentCompressionExec.execute(ContentCompressionExec.java:150)
	at org.apache.hc.client5.http.impl.classic.ExecChainElement.execute(ExecChainElement.java:51)
	at org.apache.hc.client5.http.impl.classic.HttpRequestRetryExec.execute(HttpRequestRetryExec.java:113)
	at org.apache.hc.client5.http.impl.classic.ExecChainElement.execute(ExecChainElement.java:51)
	at org.apache.hc.client5.http.impl.classic.RedirectExec.execute(RedirectExec.java:110)
	at org.apache.hc.client5.http.impl.classic.ExecChainElement.execute(ExecChainElement.java:51)
	at org.apache.hc.client5.http.impl.classic.InternalHttpClient.doExecute(InternalHttpClient.java:183)
	at org.apache.hc.client5.http.impl.classic.CloseableHttpClient.execute(CloseableHttpClient.java:87)
	at org.apache.hc.client5.http.impl.classic.CloseableHttpClient.execute(CloseableHttpClient.java:55)
	at org.apache.hc.client5.http.classic.HttpClient.executeOpen(HttpClient.java:183)
	at org.springframework.http.client.HttpComponentsClientHttpRequest.executeInternal(HttpComponentsClientHttpRequest.java:99)
	at org.springframework.http.client.AbstractStreamingClientHttpRequest.executeInternal(AbstractStreamingClientHttpRequest.java:71)
	at org.springframework.http.client.AbstractClientHttpRequest.execute(AbstractClientHttpRequest.java:81)
	at org.springframework.http.client.InterceptingClientHttpRequest$InterceptingRequestExecution.execute(InterceptingClientHttpRequest.java:117)
	at org.springframework.cloud.netflix.eureka.http.RestTemplateTransportClientFactory.lambda$restTemplate$2(RestTemplateTransportClientFactory.java:145)
	at org.springframework.http.client.InterceptingClientHttpRequest$InterceptingRequestExecution.execute(InterceptingClientHttpRequest.java:88)
	at org.springframework.http.client.InterceptingClientHttpRequest.executeInternal(InterceptingClientHttpRequest.java:72)
	at org.springframework.http.client.AbstractBufferingClientHttpRequest.executeInternal(AbstractBufferingClientHttpRequest.java:48)
	at org.springframework.http.client.AbstractClientHttpRequest.execute(AbstractClientHttpRequest.java:81)
	at org.springframework.web.client.RestTemplate.doExecute(RestTemplate.java:900)
	... 68 more

2025-10-29T01:45:09.459-05:00  WARN 23436 --- [transporte-service] [RMI TCP Connection(165)-127.0.0.1] c.n.d.s.t.d.RetryableEurekaHttpClient    : Request execution failed with message: I/O error on DELETE request for "http://localhost:8761/eureka/apps/TRANSPORTE-SERVICE/transporte-service:0020f4c1512374af35c1734762d72f54": Connect to http://localhost:8761 [localhost/127.0.0.1, localhost/0:0:0:0:0:0:0:1] failed: Connection refused: getsockopt
2025-10-29T01:45:09.488-05:00  INFO 23436 --- [transporte-service] [RMI TCP Connection(165)-127.0.0.1] c.n.d.s.t.d.RedirectingEurekaHttpClient  : Request execution error. endpoint=DefaultEndpoint{ serviceUrl='http://localhost:8761/eureka/}, exception=I/O error on DELETE request for "http://localhost:8761/eureka/apps/TRANSPORTE-SERVICE/transporte-service:0020f4c1512374af35c1734762d72f54": Connect to http://localhost:8761 [localhost/127.0.0.1, localhost/0:0:0:0:0:0:0:1] failed: Connection refused: getsockopt stacktrace=org.springframework.web.client.ResourceAccessException: I/O error on DELETE request for "http://localhost:8761/eureka/apps/TRANSPORTE-SERVICE/transporte-service:0020f4c1512374af35c1734762d72f54": Connect to http://localhost:8761 [localhost/127.0.0.1, localhost/0:0:0:0:0:0:0:1] failed: Connection refused: getsockopt
	at org.springframework.web.client.RestTemplate.createResourceAccessException(RestTemplate.java:926)
	at org.springframework.web.client.RestTemplate.doExecute(RestTemplate.java:906)
	at org.springframework.web.client.RestTemplate.execute(RestTemplate.java:841)
	at org.springframework.web.client.RestTemplate.exchange(RestTemplate.java:702)
	at org.springframework.cloud.netflix.eureka.http.RestTemplateEurekaHttpClient.cancel(RestTemplateEurekaHttpClient.java:100)
	at com.netflix.discovery.shared.transport.decorator.EurekaHttpClientDecorator$2.execute(EurekaHttpClientDecorator.java:74)
	at com.netflix.discovery.shared.transport.decorator.RedirectingEurekaHttpClient.executeOnNewServer(RedirectingEurekaHttpClient.java:121)
	at com.netflix.discovery.shared.transport.decorator.RedirectingEurekaHttpClient.execute(RedirectingEurekaHttpClient.java:80)
	at com.netflix.discovery.shared.transport.decorator.EurekaHttpClientDecorator.cancel(EurekaHttpClientDecorator.java:71)
	at com.netflix.discovery.shared.transport.decorator.EurekaHttpClientDecorator$2.execute(EurekaHttpClientDecorator.java:74)
	at com.netflix.discovery.shared.transport.decorator.RetryableEurekaHttpClient.execute(RetryableEurekaHttpClient.java:120)
	at com.netflix.discovery.shared.transport.decorator.EurekaHttpClientDecorator.cancel(EurekaHttpClientDecorator.java:71)
	at com.netflix.discovery.shared.transport.decorator.EurekaHttpClientDecorator$2.execute(EurekaHttpClientDecorator.java:74)
	at com.netflix.discovery.shared.transport.decorator.SessionedEurekaHttpClient.execute(SessionedEurekaHttpClient.java:76)
	at com.netflix.discovery.shared.transport.decorator.EurekaHttpClientDecorator.cancel(EurekaHttpClientDecorator.java:71)
	at com.netflix.discovery.DiscoveryClient.unregister(DiscoveryClient.java:919)
	at com.netflix.discovery.DiscoveryClient.shutdown(DiscoveryClient.java:900)
	at java.base/jdk.internal.reflect.DirectMethodHandleAccessor.invoke(DirectMethodHandleAccessor.java:103)
	at java.base/java.lang.reflect.Method.invoke(Method.java:580)
	at org.springframework.beans.factory.annotation.InitDestroyAnnotationBeanPostProcessor$LifecycleMethod.invoke(InitDestroyAnnotationBeanPostProcessor.java:457)
	at org.springframework.beans.factory.annotation.InitDestroyAnnotationBeanPostProcessor$LifecycleMetadata.invokeDestroyMethods(InitDestroyAnnotationBeanPostProcessor.java:415)
	at org.springframework.beans.factory.annotation.InitDestroyAnnotationBeanPostProcessor.postProcessBeforeDestruction(InitDestroyAnnotationBeanPostProcessor.java:239)
	at org.springframework.beans.factory.support.DisposableBeanAdapter.destroy(DisposableBeanAdapter.java:203)
	at org.springframework.beans.factory.support.DisposableBeanAdapter.run(DisposableBeanAdapter.java:196)
	at org.springframework.cloud.context.scope.GenericScope$BeanLifecycleWrapper.destroy(GenericScope.java:387)
	at org.springframework.cloud.context.scope.GenericScope.destroy(GenericScope.java:134)
	at org.springframework.beans.factory.support.DisposableBeanAdapter.destroy(DisposableBeanAdapter.java:212)
	at org.springframework.beans.factory.support.DefaultSingletonBeanRegistry.destroyBean(DefaultSingletonBeanRegistry.java:798)
	at org.springframework.beans.factory.support.DefaultSingletonBeanRegistry.destroySingleton(DefaultSingletonBeanRegistry.java:748)
	at org.springframework.beans.factory.support.DefaultListableBeanFactory.destroySingleton(DefaultListableBeanFactory.java:1489)
	at org.springframework.beans.factory.support.DefaultSingletonBeanRegistry.destroySingletons(DefaultSingletonBeanRegistry.java:707)
	at org.springframework.beans.factory.support.DefaultListableBeanFactory.destroySingletons(DefaultListableBeanFactory.java:1482)
	at org.springframework.context.support.AbstractApplicationContext.destroyBeans(AbstractApplicationContext.java:1219)
	at org.springframework.context.support.AbstractApplicationContext.doClose(AbstractApplicationContext.java:1180)
	at org.springframework.boot.web.servlet.context.ServletWebServerApplicationContext.doClose(ServletWebServerApplicationContext.java:179)
	at org.springframework.context.support.AbstractApplicationContext.close(AbstractApplicationContext.java:1126)
	at org.springframework.boot.admin.SpringApplicationAdminMXBeanRegistrar$SpringApplicationAdmin.shutdown(SpringApplicationAdminMXBeanRegistrar.java:160)
	at java.base/jdk.internal.reflect.DirectMethodHandleAccessor.invoke(DirectMethodHandleAccessor.java:103)
	at java.base/java.lang.reflect.Method.invoke(Method.java:580)
	at sun.reflect.misc.Trampoline.invoke(MethodUtil.java:64)
	at java.base/jdk.internal.reflect.DirectMethodHandleAccessor.invoke(DirectMethodHandleAccessor.java:103)
	at java.base/java.lang.reflect.Method.invoke(Method.java:580)
	at java.base/sun.reflect.misc.MethodUtil.invoke(MethodUtil.java:97)
	at java.management/com.sun.jmx.mbeanserver.ConvertingMethod.invokeWithOpenReturn(ConvertingMethod.java:193)
	at java.management/com.sun.jmx.mbeanserver.ConvertingMethod.invokeWithOpenReturn(ConvertingMethod.java:175)
	at java.management/com.sun.jmx.mbeanserver.MXBeanIntrospector.invokeM2(MXBeanIntrospector.java:115)
	at java.management/com.sun.jmx.mbeanserver.MXBeanIntrospector.invokeM2(MXBeanIntrospector.java:52)
	at java.management/com.sun.jmx.mbeanserver.MBeanIntrospector.invokeM(MBeanIntrospector.java:236)
	at java.management/com.sun.jmx.mbeanserver.PerInterface.invoke(PerInterface.java:138)
	at java.management/com.sun.jmx.mbeanserver.MBeanSupport.invoke(MBeanSupport.java:252)
	at java.management/com.sun.jmx.interceptor.DefaultMBeanServerInterceptor.invoke(DefaultMBeanServerInterceptor.java:803)
	at java.management/com.sun.jmx.mbeanserver.JmxMBeanServer.invoke(JmxMBeanServer.java:802)
	at java.management.rmi/javax.management.remote.rmi.RMIConnectionImpl.doOperation(RMIConnectionImpl.java:1472)
	at java.management.rmi/javax.management.remote.rmi.RMIConnectionImpl$PrivilegedOperation.run(RMIConnectionImpl.java:1310)
	at java.management.rmi/javax.management.remote.rmi.RMIConnectionImpl.doPrivilegedOperation(RMIConnectionImpl.java:1405)
	at java.management.rmi/javax.management.remote.rmi.RMIConnectionImpl.invoke(RMIConnectionImpl.java:829)
	at java.base/jdk.internal.reflect.DirectMethodHandleAccessor.invoke(DirectMethodHandleAccessor.java:103)
	at java.base/java.lang.reflect.Method.invoke(Method.java:580)
	at java.rmi/sun.rmi.server.UnicastServerRef.dispatch(UnicastServerRef.java:360)
	at java.rmi/sun.rmi.transport.Transport$1.run(Transport.java:200)
	at java.rmi/sun.rmi.transport.Transport$1.run(Transport.java:197)
	at java.base/java.security.AccessController.doPrivileged(AccessController.java:714)
	at java.rmi/sun.rmi.transport.Transport.serviceCall(Transport.java:196)
	at java.rmi/sun.rmi.transport.tcp.TCPTransport.handleMessages(TCPTransport.java:598)
	at java.rmi/sun.rmi.transport.tcp.TCPTransport$ConnectionHandler.run0(TCPTransport.java:844)
	at java.rmi/sun.rmi.transport.tcp.TCPTransport$ConnectionHandler.lambda$run$0(TCPTransport.java:721)
	at java.base/java.security.AccessController.doPrivileged(AccessController.java:400)
	at java.rmi/sun.rmi.transport.tcp.TCPTransport$ConnectionHandler.run(TCPTransport.java:720)
	at java.base/java.util.concurrent.ThreadPoolExecutor.runWorker(ThreadPoolExecutor.java:1144)
	at java.base/java.util.concurrent.ThreadPoolExecutor$Worker.run(ThreadPoolExecutor.java:642)
	at java.base/java.lang.Thread.run(Thread.java:1583)
Caused by: org.apache.hc.client5.http.HttpHostConnectException: Connect to http://localhost:8761 [localhost/127.0.0.1, localhost/0:0:0:0:0:0:0:1] failed: Connection refused: getsockopt
	at java.base/sun.nio.ch.Net.pollConnect(Native Method)
	at java.base/sun.nio.ch.Net.pollConnectNow(Net.java:682)
	at java.base/sun.nio.ch.NioSocketImpl.timedFinishConnect(NioSocketImpl.java:542)
	at java.base/sun.nio.ch.NioSocketImpl.connect(NioSocketImpl.java:592)
	at java.base/java.net.SocksSocketImpl.connect(SocksSocketImpl.java:327)
	at java.base/java.net.Socket.connect(Socket.java:751)
	at org.apache.hc.client5.http.impl.io.DefaultHttpClientConnectionOperator.connect(DefaultHttpClientConnectionOperator.java:216)
	at org.apache.hc.client5.http.impl.io.PoolingHttpClientConnectionManager.connect(PoolingHttpClientConnectionManager.java:490)
	at org.apache.hc.client5.http.impl.classic.InternalExecRuntime.connectEndpoint(InternalExecRuntime.java:164)
	at org.apache.hc.client5.http.impl.classic.InternalExecRuntime.connectEndpoint(InternalExecRuntime.java:174)
	at org.apache.hc.client5.http.impl.classic.ConnectExec.execute(ConnectExec.java:144)
	at org.apache.hc.client5.http.impl.classic.ExecChainElement.execute(ExecChainElement.java:51)
	at org.apache.hc.client5.http.impl.classic.ProtocolExec.execute(ProtocolExec.java:192)
	at org.apache.hc.client5.http.impl.classic.ExecChainElement.execute(ExecChainElement.java:51)
	at org.apache.hc.client5.http.impl.classic.ContentCompressionExec.execute(ContentCompressionExec.java:150)
	at org.apache.hc.client5.http.impl.classic.ExecChainElement.execute(ExecChainElement.java:51)
	at org.apache.hc.client5.http.impl.classic.HttpRequestRetryExec.execute(HttpRequestRetryExec.java:113)
	at org.apache.hc.client5.http.impl.classic.ExecChainElement.execute(ExecChainElement.java:51)
	at org.apache.hc.client5.http.impl.classic.RedirectExec.execute(RedirectExec.java:110)
	at org.apache.hc.client5.http.impl.classic.ExecChainElement.execute(ExecChainElement.java:51)
	at org.apache.hc.client5.http.impl.classic.InternalHttpClient.doExecute(InternalHttpClient.java:183)
	at org.apache.hc.client5.http.impl.classic.CloseableHttpClient.execute(CloseableHttpClient.java:87)
	at org.apache.hc.client5.http.impl.classic.CloseableHttpClient.execute(CloseableHttpClient.java:55)
	at org.apache.hc.client5.http.classic.HttpClient.executeOpen(HttpClient.java:183)
	at org.springframework.http.client.HttpComponentsClientHttpRequest.executeInternal(HttpComponentsClientHttpRequest.java:99)
	at org.springframework.http.client.AbstractStreamingClientHttpRequest.executeInternal(AbstractStreamingClientHttpRequest.java:71)
	at org.springframework.http.client.AbstractClientHttpRequest.execute(AbstractClientHttpRequest.java:81)
	at org.springframework.http.client.InterceptingClientHttpRequest$InterceptingRequestExecution.execute(InterceptingClientHttpRequest.java:117)
	at org.springframework.cloud.netflix.eureka.http.RestTemplateTransportClientFactory.lambda$restTemplate$2(RestTemplateTransportClientFactory.java:145)
	at org.springframework.http.client.InterceptingClientHttpRequest$InterceptingRequestExecution.execute(InterceptingClientHttpRequest.java:88)
	at org.springframework.http.client.InterceptingClientHttpRequest.executeInternal(InterceptingClientHttpRequest.java:72)
	at org.springframework.http.client.AbstractBufferingClientHttpRequest.executeInternal(AbstractBufferingClientHttpRequest.java:48)
	at org.springframework.http.client.AbstractClientHttpRequest.execute(AbstractClientHttpRequest.java:81)
	at org.springframework.web.client.RestTemplate.doExecute(RestTemplate.java:900)
	... 69 more

2025-10-29T01:45:09.489-05:00  WARN 23436 --- [transporte-service] [RMI TCP Connection(165)-127.0.0.1] c.n.d.s.t.d.RetryableEurekaHttpClient    : Request execution failed with message: I/O error on DELETE request for "http://localhost:8761/eureka/apps/TRANSPORTE-SERVICE/transporte-service:0020f4c1512374af35c1734762d72f54": Connect to http://localhost:8761 [localhost/127.0.0.1, localhost/0:0:0:0:0:0:0:1] failed: Connection refused: getsockopt
2025-10-29T01:45:09.489-05:00 ERROR 23436 --- [transporte-service] [RMI TCP Connection(165)-127.0.0.1] com.netflix.discovery.DiscoveryClient    : DiscoveryClient_TRANSPORTE-SERVICE/transporte-service:0020f4c1512374af35c1734762d72f54 - de-registration failedCannot execute request on any known server

com.netflix.discovery.shared.transport.TransportException: Cannot execute request on any known server
	at com.netflix.discovery.shared.transport.decorator.RetryableEurekaHttpClient.execute(RetryableEurekaHttpClient.java:112) ~[eureka-client-2.0.5.jar:2.0.5]
	at com.netflix.discovery.shared.transport.decorator.EurekaHttpClientDecorator.cancel(EurekaHttpClientDecorator.java:71) ~[eureka-client-2.0.5.jar:2.0.5]
	at com.netflix.discovery.shared.transport.decorator.EurekaHttpClientDecorator$2.execute(EurekaHttpClientDecorator.java:74) ~[eureka-client-2.0.5.jar:2.0.5]
	at com.netflix.discovery.shared.transport.decorator.SessionedEurekaHttpClient.execute(SessionedEurekaHttpClient.java:76) ~[eureka-client-2.0.5.jar:2.0.5]
	at com.netflix.discovery.shared.transport.decorator.EurekaHttpClientDecorator.cancel(EurekaHttpClientDecorator.java:71) ~[eureka-client-2.0.5.jar:2.0.5]
	at com.netflix.discovery.DiscoveryClient.unregister(DiscoveryClient.java:919) ~[eureka-client-2.0.5.jar:2.0.5]
	at com.netflix.discovery.DiscoveryClient.shutdown(DiscoveryClient.java:900) ~[eureka-client-2.0.5.jar:2.0.5]
	at java.base/jdk.internal.reflect.DirectMethodHandleAccessor.invoke(DirectMethodHandleAccessor.java:103) ~[na:na]
	at java.base/java.lang.reflect.Method.invoke(Method.java:580) ~[na:na]
	at org.springframework.beans.factory.annotation.InitDestroyAnnotationBeanPostProcessor$LifecycleMethod.invoke(InitDestroyAnnotationBeanPostProcessor.java:457) ~[spring-beans-6.2.11.jar:6.2.11]
	at org.springframework.beans.factory.annotation.InitDestroyAnnotationBeanPostProcessor$LifecycleMetadata.invokeDestroyMethods(InitDestroyAnnotationBeanPostProcessor.java:415) ~[spring-beans-6.2.11.jar:6.2.11]
	at org.springframework.beans.factory.annotation.InitDestroyAnnotationBeanPostProcessor.postProcessBeforeDestruction(InitDestroyAnnotationBeanPostProcessor.java:239) ~[spring-beans-6.2.11.jar:6.2.11]
	at org.springframework.beans.factory.support.DisposableBeanAdapter.destroy(DisposableBeanAdapter.java:203) ~[spring-beans-6.2.11.jar:6.2.11]
	at org.springframework.beans.factory.support.DisposableBeanAdapter.run(DisposableBeanAdapter.java:196) ~[spring-beans-6.2.11.jar:6.2.11]
	at org.springframework.cloud.context.scope.GenericScope$BeanLifecycleWrapper.destroy(GenericScope.java:387) ~[spring-cloud-context-4.2.2.jar:4.2.2]
	at org.springframework.cloud.context.scope.GenericScope.destroy(GenericScope.java:134) ~[spring-cloud-context-4.2.2.jar:4.2.2]
	at org.springframework.beans.factory.support.DisposableBeanAdapter.destroy(DisposableBeanAdapter.java:212) ~[spring-beans-6.2.11.jar:6.2.11]
	at org.springframework.beans.factory.support.DefaultSingletonBeanRegistry.destroyBean(DefaultSingletonBeanRegistry.java:798) ~[spring-beans-6.2.11.jar:6.2.11]
	at org.springframework.beans.factory.support.DefaultSingletonBeanRegistry.destroySingleton(DefaultSingletonBeanRegistry.java:748) ~[spring-beans-6.2.11.jar:6.2.11]
	at org.springframework.beans.factory.support.DefaultListableBeanFactory.destroySingleton(DefaultListableBeanFactory.java:1489) ~[spring-beans-6.2.11.jar:6.2.11]
	at org.springframework.beans.factory.support.DefaultSingletonBeanRegistry.destroySingletons(DefaultSingletonBeanRegistry.java:707) ~[spring-beans-6.2.11.jar:6.2.11]
	at org.springframework.beans.factory.support.DefaultListableBeanFactory.destroySingletons(DefaultListableBeanFactory.java:1482) ~[spring-beans-6.2.11.jar:6.2.11]
	at org.springframework.context.support.AbstractApplicationContext.destroyBeans(AbstractApplicationContext.java:1219) ~[spring-context-6.2.11.jar:6.2.11]
	at org.springframework.context.support.AbstractApplicationContext.doClose(AbstractApplicationContext.java:1180) ~[spring-context-6.2.11.jar:6.2.11]
	at org.springframework.boot.web.servlet.context.ServletWebServerApplicationContext.doClose(ServletWebServerApplicationContext.java:179) ~[spring-boot-3.4.10.jar:3.4.10]
	at org.springframework.context.support.AbstractApplicationContext.close(AbstractApplicationContext.java:1126) ~[spring-context-6.2.11.jar:6.2.11]
	at org.springframework.boot.admin.SpringApplicationAdminMXBeanRegistrar$SpringApplicationAdmin.shutdown(SpringApplicationAdminMXBeanRegistrar.java:160) ~[spring-boot-3.4.10.jar:3.4.10]
	at java.base/jdk.internal.reflect.DirectMethodHandleAccessor.invoke(DirectMethodHandleAccessor.java:103) ~[na:na]
	at java.base/java.lang.reflect.Method.invoke(Method.java:580) ~[na:na]
	at sun.reflect.misc.Trampoline.invoke(MethodUtil.java:64) ~[na:na]
	at java.base/jdk.internal.reflect.DirectMethodHandleAccessor.invoke(DirectMethodHandleAccessor.java:103) ~[na:na]
	at java.base/java.lang.reflect.Method.invoke(Method.java:580) ~[na:na]
	at java.base/sun.reflect.misc.MethodUtil.invoke(MethodUtil.java:97) ~[na:na]
	at java.management/com.sun.jmx.mbeanserver.ConvertingMethod.invokeWithOpenReturn(ConvertingMethod.java:193) ~[na:na]
	at java.management/com.sun.jmx.mbeanserver.ConvertingMethod.invokeWithOpenReturn(ConvertingMethod.java:175) ~[na:na]
	at java.management/com.sun.jmx.mbeanserver.MXBeanIntrospector.invokeM2(MXBeanIntrospector.java:115) ~[na:na]
	at java.management/com.sun.jmx.mbeanserver.MXBeanIntrospector.invokeM2(MXBeanIntrospector.java:52) ~[na:na]
	at java.management/com.sun.jmx.mbeanserver.MBeanIntrospector.invokeM(MBeanIntrospector.java:236) ~[na:na]
	at java.management/com.sun.jmx.mbeanserver.PerInterface.invoke(PerInterface.java:138) ~[na:na]
	at java.management/com.sun.jmx.mbeanserver.MBeanSupport.invoke(MBeanSupport.java:252) ~[na:na]
	at java.management/com.sun.jmx.interceptor.DefaultMBeanServerInterceptor.invoke(DefaultMBeanServerInterceptor.java:803) ~[na:na]
	at java.management/com.sun.jmx.mbeanserver.JmxMBeanServer.invoke(JmxMBeanServer.java:802) ~[na:na]
	at java.management.rmi/javax.management.remote.rmi.RMIConnectionImpl.doOperation(RMIConnectionImpl.java:1472) ~[na:na]
	at java.management.rmi/javax.management.remote.rmi.RMIConnectionImpl$PrivilegedOperation.run(RMIConnectionImpl.java:1310) ~[na:na]
	at java.management.rmi/javax.management.remote.rmi.RMIConnectionImpl.doPrivilegedOperation(RMIConnectionImpl.java:1405) ~[na:na]
	at java.management.rmi/javax.management.remote.rmi.RMIConnectionImpl.invoke(RMIConnectionImpl.java:829) ~[na:na]
	at java.base/jdk.internal.reflect.DirectMethodHandleAccessor.invoke(DirectMethodHandleAccessor.java:103) ~[na:na]
	at java.base/java.lang.reflect.Method.invoke(Method.java:580) ~[na:na]
	at java.rmi/sun.rmi.server.UnicastServerRef.dispatch(UnicastServerRef.java:360) ~[na:na]
	at java.rmi/sun.rmi.transport.Transport$1.run(Transport.java:200) ~[na:na]
	at java.rmi/sun.rmi.transport.Transport$1.run(Transport.java:197) ~[na:na]
	at java.base/java.security.AccessController.doPrivileged(AccessController.java:714) ~[na:na]
	at java.rmi/sun.rmi.transport.Transport.serviceCall(Transport.java:196) ~[na:na]
	at java.rmi/sun.rmi.transport.tcp.TCPTransport.handleMessages(TCPTransport.java:598) ~[na:na]
	at java.rmi/sun.rmi.transport.tcp.TCPTransport$ConnectionHandler.run0(TCPTransport.java:844) ~[na:na]
	at java.rmi/sun.rmi.transport.tcp.TCPTransport$ConnectionHandler.lambda$run$0(TCPTransport.java:721) ~[na:na]
	at java.base/java.security.AccessController.doPrivileged(AccessController.java:400) ~[na:na]
	at java.rmi/sun.rmi.transport.tcp.TCPTransport$ConnectionHandler.run(TCPTransport.java:720) ~[na:na]
	at java.base/java.util.concurrent.ThreadPoolExecutor.runWorker(ThreadPoolExecutor.java:1144) ~[na:na]
	at java.base/java.util.concurrent.ThreadPoolExecutor$Worker.run(ThreadPoolExecutor.java:642) ~[na:na]
	at java.base/java.lang.Thread.run(Thread.java:1583) ~[na:na]

2025-10-29T01:45:09.513-05:00  INFO 23436 --- [transporte-service] [RMI TCP Connection(165)-127.0.0.1] com.netflix.discovery.DiscoveryClient    : Completed shut down of DiscoveryClient
2025-10-29T01:45:32.691-05:00  INFO 21072 --- [transporte-service] [restartedMain] o.cibertec.TransporteServiceApplication  : Starting TransporteServiceApplication using Java 21.0.8 with PID 21072 (C:\Users\ronca\OneDrive\Escritorio\Dev\DAW2\transporte-service\target\classes started by Arturo in C:\Users\ronca\OneDrive\Escritorio\Dev\DAW2\transporte-service)
2025-10-29T01:45:32.695-05:00  INFO 21072 --- [transporte-service] [restartedMain] o.cibertec.TransporteServiceApplication  : No active profile set, falling back to 1 default profile: "default"
2025-10-29T01:45:32.818-05:00  INFO 21072 --- [transporte-service] [restartedMain] o.s.c.c.c.ConfigServerConfigDataLoader   : Fetching config from server at : http://localhost:8888
2025-10-29T01:45:32.819-05:00  INFO 21072 --- [transporte-service] [restartedMain] o.s.c.c.c.ConfigServerConfigDataLoader   : Located environment: name=transporte-service, profiles=[default], label=null, version=null, state=null
2025-10-29T01:45:32.824-05:00  INFO 21072 --- [transporte-service] [restartedMain] .e.DevToolsPropertyDefaultsPostProcessor : Devtools property defaults active! Set 'spring.devtools.add-properties' to 'false' to disable
2025-10-29T01:45:32.824-05:00  INFO 21072 --- [transporte-service] [restartedMain] .e.DevToolsPropertyDefaultsPostProcessor : For additional web related logging consider setting the 'logging.level.web' property to 'DEBUG'
2025-10-29T01:45:36.742-05:00  INFO 21072 --- [transporte-service] [restartedMain] .s.d.r.c.RepositoryConfigurationDelegate : Bootstrapping Spring Data JPA repositories in DEFAULT mode.
2025-10-29T01:45:37.189-05:00  INFO 21072 --- [transporte-service] [restartedMain] .s.d.r.c.RepositoryConfigurationDelegate : Finished Spring Data repository scanning in 423 ms. Found 1 JPA repository interface.
2025-10-29T01:45:37.949-05:00  INFO 21072 --- [transporte-service] [restartedMain] o.s.cloud.context.scope.GenericScope     : BeanFactory id=6f1174e2-a475-3867-b451-08caef5f5675
2025-10-29T01:45:39.304-05:00  INFO 21072 --- [transporte-service] [restartedMain] o.s.b.w.embedded.tomcat.TomcatWebServer  : Tomcat initialized with port 0 (http)
2025-10-29T01:45:39.338-05:00  INFO 21072 --- [transporte-service] [restartedMain] o.apache.catalina.core.StandardService   : Starting service [Tomcat]
2025-10-29T01:45:39.339-05:00  INFO 21072 --- [transporte-service] [restartedMain] o.apache.catalina.core.StandardEngine    : Starting Servlet engine: [Apache Tomcat/10.1.46]
2025-10-29T01:45:39.479-05:00  INFO 21072 --- [transporte-service] [restartedMain] o.a.c.c.C.[Tomcat].[localhost].[/]       : Initializing Spring embedded WebApplicationContext
2025-10-29T01:45:39.480-05:00  INFO 21072 --- [transporte-service] [restartedMain] w.s.c.ServletWebServerApplicationContext : Root WebApplicationContext: initialization completed in 6654 ms
2025-10-29T01:45:40.226-05:00  INFO 21072 --- [transporte-service] [restartedMain] com.zaxxer.hikari.HikariDataSource       : HikariPool-1 - Starting...
2025-10-29T01:45:41.112-05:00  INFO 21072 --- [transporte-service] [restartedMain] com.zaxxer.hikari.pool.HikariPool        : HikariPool-1 - Added connection com.mysql.cj.jdbc.ConnectionImpl@5a5a6d1f
2025-10-29T01:45:41.135-05:00  INFO 21072 --- [transporte-service] [restartedMain] com.zaxxer.hikari.HikariDataSource       : HikariPool-1 - Start completed.
2025-10-29T01:45:41.431-05:00  INFO 21072 --- [transporte-service] [restartedMain] o.hibernate.jpa.internal.util.LogHelper  : HHH000204: Processing PersistenceUnitInfo [name: default]
2025-10-29T01:45:41.652-05:00  INFO 21072 --- [transporte-service] [restartedMain] org.hibernate.Version                    : HHH000412: Hibernate ORM core version 6.6.29.Final
2025-10-29T01:45:41.761-05:00  INFO 21072 --- [transporte-service] [restartedMain] o.h.c.internal.RegionFactoryInitiator    : HHH000026: Second-level cache disabled
2025-10-29T01:45:42.469-05:00  INFO 21072 --- [transporte-service] [restartedMain] o.s.o.j.p.SpringPersistenceUnitInfo      : No LoadTimeWeaver setup: ignoring JPA class transformer
2025-10-29T01:45:42.742-05:00  INFO 21072 --- [transporte-service] [restartedMain] org.hibernate.orm.connections.pooling    : HHH10001005: Database info:
	Database JDBC URL [Connecting through datasource 'HikariDataSource (HikariPool-1)']
	Database driver: undefined/unknown
	Database version: 8.0.34
	Autocommit mode: undefined/unknown
	Isolation level: undefined/unknown
	Minimum pool size: undefined/unknown
	Maximum pool size: undefined/unknown
2025-10-29T01:45:45.260-05:00  INFO 21072 --- [transporte-service] [restartedMain] o.h.e.t.j.p.i.JtaPlatformInitiator       : HHH000489: No JTA platform available (set 'hibernate.transaction.jta.platform' to enable JTA platform integration)
2025-10-29T01:45:45.267-05:00  INFO 21072 --- [transporte-service] [restartedMain] j.LocalContainerEntityManagerFactoryBean : Initialized JPA EntityManagerFactory for persistence unit 'default'
2025-10-29T01:45:46.035-05:00  WARN 21072 --- [transporte-service] [restartedMain] JpaBaseConfiguration$JpaWebConfiguration : spring.jpa.open-in-view is enabled by default. Therefore, database queries may be performed during view rendering. Explicitly configure spring.jpa.open-in-view to disable this warning
2025-10-29T01:45:46.133-05:00  WARN 21072 --- [transporte-service] [restartedMain] o.s.b.d.a.OptionalLiveReloadServer       : Unable to start LiveReload server
2025-10-29T01:45:47.421-05:00  INFO 21072 --- [transporte-service] [restartedMain] o.s.b.a.e.web.EndpointLinksResolver      : Exposing 18 endpoints beneath base path '/actuator'
2025-10-29T01:45:48.519-05:00  INFO 21072 --- [transporte-service] [restartedMain] DiscoveryClientOptionalArgsConfiguration : Eureka HTTP Client uses RestTemplate.
2025-10-29T01:45:48.587-05:00  WARN 21072 --- [transporte-service] [restartedMain] iguration$LoadBalancerCaffeineWarnLogger : Spring Cloud LoadBalancer is currently working with the default cache. While this cache implementation is useful for development and tests, it's recommended to use Caffeine cache in production.You can switch to using Caffeine cache, by adding it and org.springframework.cache.caffeine.CaffeineCacheManager to the classpath.
2025-10-29T01:45:48.801-05:00  INFO 21072 --- [transporte-service] [restartedMain] o.s.b.w.embedded.tomcat.TomcatWebServer  : Tomcat started on port 50698 (http) with context path '/'
2025-10-29T01:45:48.802-05:00  INFO 21072 --- [transporte-service] [restartedMain] .s.c.n.e.s.EurekaAutoServiceRegistration : Updating port to 50698
2025-10-29T01:45:48.812-05:00  INFO 21072 --- [transporte-service] [restartedMain] o.s.c.n.eureka.InstanceInfoFactory       : Setting initial instance status as: STARTING
2025-10-29T01:45:48.866-05:00  INFO 21072 --- [transporte-service] [restartedMain] com.netflix.discovery.DiscoveryClient    : Initializing Eureka in region us-east-1
2025-10-29T01:45:48.876-05:00  INFO 21072 --- [transporte-service] [restartedMain] c.n.d.s.r.aws.ConfigClusterResolver      : Resolving eureka endpoints via configuration
2025-10-29T01:45:48.900-05:00  INFO 21072 --- [transporte-service] [restartedMain] com.netflix.discovery.DiscoveryClient    : Disable delta property : false
2025-10-29T01:45:48.900-05:00  INFO 21072 --- [transporte-service] [restartedMain] com.netflix.discovery.DiscoveryClient    : Single vip registry refresh property : null
2025-10-29T01:45:48.900-05:00  INFO 21072 --- [transporte-service] [restartedMain] com.netflix.discovery.DiscoveryClient    : Force full registry fetch : false
2025-10-29T01:45:48.901-05:00  INFO 21072 --- [transporte-service] [restartedMain] com.netflix.discovery.DiscoveryClient    : Application is null : false
2025-10-29T01:45:48.901-05:00  INFO 21072 --- [transporte-service] [restartedMain] com.netflix.discovery.DiscoveryClient    : Registered Applications size is zero : true
2025-10-29T01:45:48.902-05:00  INFO 21072 --- [transporte-service] [restartedMain] com.netflix.discovery.DiscoveryClient    : Application version is -1: true
2025-10-29T01:45:48.902-05:00  INFO 21072 --- [transporte-service] [restartedMain] com.netflix.discovery.DiscoveryClient    : Getting all instance registry info from the eureka server
2025-10-29T01:45:49.543-05:00  INFO 21072 --- [transporte-service] [restartedMain] com.netflix.discovery.DiscoveryClient    : The response status is 200
2025-10-29T01:45:49.545-05:00  INFO 21072 --- [transporte-service] [restartedMain] com.netflix.discovery.DiscoveryClient    : Starting heartbeat executor: renew interval is: 30
2025-10-29T01:45:49.551-05:00  INFO 21072 --- [transporte-service] [restartedMain] c.n.discovery.InstanceInfoReplicator     : InstanceInfoReplicator onDemand update allowed rate per min is 4
2025-10-29T01:45:49.554-05:00  INFO 21072 --- [transporte-service] [restartedMain] com.netflix.discovery.DiscoveryClient    : Discovery Client initialized at timestamp 1761720349554 with initial instances count: 0
2025-10-29T01:45:49.563-05:00  INFO 21072 --- [transporte-service] [restartedMain] o.s.c.n.e.s.EurekaServiceRegistry        : Registering application TRANSPORTE-SERVICE with eureka with status UP
2025-10-29T01:45:49.564-05:00  INFO 21072 --- [transporte-service] [restartedMain] com.netflix.discovery.DiscoveryClient    : Saw local status change event StatusChangeEvent [timestamp=1761720349564, current=UP, previous=STARTING]
2025-10-29T01:45:49.569-05:00  INFO 21072 --- [transporte-service] [DiscoveryClient-InstanceInfoReplicator-%d] com.netflix.discovery.DiscoveryClient    : DiscoveryClient_TRANSPORTE-SERVICE/transporte-service:3c484c4e1b7250b536925d1f0bdae2d1: registering service...
2025-10-29T01:45:49.614-05:00  INFO 21072 --- [transporte-service] [restartedMain] o.cibertec.TransporteServiceApplication  : Started TransporteServiceApplication in 19.847 seconds (process running for 25.516)
2025-10-29T01:45:49.732-05:00  INFO 21072 --- [transporte-service] [DiscoveryClient-InstanceInfoReplicator-%d] com.netflix.discovery.DiscoveryClient    : DiscoveryClient_TRANSPORTE-SERVICE/transporte-service:3c484c4e1b7250b536925d1f0bdae2d1 - registration status: 204
2025-10-29T01:45:50.318-05:00  INFO 21072 --- [transporte-service] [RMI TCP Connection(5)-127.0.0.1] o.a.c.c.C.[Tomcat].[localhost].[/]       : Initializing Spring DispatcherServlet 'dispatcherServlet'
2025-10-29T01:45:50.319-05:00  INFO 21072 --- [transporte-service] [RMI TCP Connection(5)-127.0.0.1] o.s.web.servlet.DispatcherServlet        : Initializing Servlet 'dispatcherServlet'
2025-10-29T01:45:50.321-05:00  INFO 21072 --- [transporte-service] [RMI TCP Connection(5)-127.0.0.1] o.s.web.servlet.DispatcherServlet        : Completed initialization in 1 ms
2025-10-29T01:46:19.561-05:00  INFO 21072 --- [transporte-service] [DiscoveryClient-CacheRefreshExecutor-%d] com.netflix.discovery.DiscoveryClient    : Disable delta property : false
2025-10-29T01:46:19.562-05:00  INFO 21072 --- [transporte-service] [DiscoveryClient-CacheRefreshExecutor-%d] com.netflix.discovery.DiscoveryClient    : Single vip registry refresh property : null
2025-10-29T01:46:19.562-05:00  INFO 21072 --- [transporte-service] [DiscoveryClient-CacheRefreshExecutor-%d] com.netflix.discovery.DiscoveryClient    : Force full registry fetch : false
2025-10-29T01:46:19.562-05:00  INFO 21072 --- [transporte-service] [DiscoveryClient-CacheRefreshExecutor-%d] com.netflix.discovery.DiscoveryClient    : Application is null : false
2025-10-29T01:46:19.562-05:00  INFO 21072 --- [transporte-service] [DiscoveryClient-CacheRefreshExecutor-%d] com.netflix.discovery.DiscoveryClient    : Registered Applications size is zero : true
2025-10-29T01:46:19.562-05:00  INFO 21072 --- [transporte-service] [DiscoveryClient-CacheRefreshExecutor-%d] com.netflix.discovery.DiscoveryClient    : Application version is -1: false
2025-10-29T01:46:19.562-05:00  INFO 21072 --- [transporte-service] [DiscoveryClient-CacheRefreshExecutor-%d] com.netflix.discovery.DiscoveryClient    : Getting all instance registry info from the eureka server
2025-10-29T01:46:19.600-05:00  INFO 21072 --- [transporte-service] [DiscoveryClient-CacheRefreshExecutor-%d] com.netflix.discovery.DiscoveryClient    : The response status is 200
2025-10-29T01:50:48.918-05:00  INFO 21072 --- [transporte-service] [AsyncResolver-bootstrap-executor-%d] c.n.d.s.r.aws.ConfigClusterResolver      : Resolving eureka endpoints via configuration
2025-10-29T01:54:03.918-05:00  INFO 21072 --- [transporte-service] [File Watcher] rtingClassPathChangeChangedEventListener : Restarting due to 4 class path changes (0 additions, 0 deletions, 4 modifications)
2025-10-29T01:54:03.933-05:00  INFO 21072 --- [transporte-service] [Thread-1] o.s.c.n.e.s.EurekaServiceRegistry        : Unregistering application TRANSPORTE-SERVICE with eureka with status DOWN
2025-10-29T01:54:03.934-05:00  INFO 21072 --- [transporte-service] [Thread-1] com.netflix.discovery.DiscoveryClient    : Saw local status change event StatusChangeEvent [timestamp=1761720843934, current=DOWN, previous=UP]
2025-10-29T01:54:03.936-05:00  INFO 21072 --- [transporte-service] [DiscoveryClient-InstanceInfoReplicator-%d] com.netflix.discovery.DiscoveryClient    : DiscoveryClient_TRANSPORTE-SERVICE/transporte-service:3c484c4e1b7250b536925d1f0bdae2d1: registering service...
2025-10-29T01:54:03.944-05:00  INFO 21072 --- [transporte-service] [Thread-1] o.s.b.w.e.tomcat.GracefulShutdown        : Commencing graceful shutdown. Waiting for active requests to complete
2025-10-29T01:54:03.963-05:00  INFO 21072 --- [transporte-service] [DiscoveryClient-InstanceInfoReplicator-%d] com.netflix.discovery.DiscoveryClient    : DiscoveryClient_TRANSPORTE-SERVICE/transporte-service:3c484c4e1b7250b536925d1f0bdae2d1 - registration status: 204
2025-10-29T01:54:03.988-05:00  INFO 21072 --- [transporte-service] [tomcat-shutdown] o.s.b.w.e.tomcat.GracefulShutdown        : Graceful shutdown complete
2025-10-29T01:54:04.011-05:00  INFO 21072 --- [transporte-service] [Thread-1] j.LocalContainerEntityManagerFactoryBean : Closing JPA EntityManagerFactory for persistence unit 'default'
2025-10-29T01:54:04.020-05:00  INFO 21072 --- [transporte-service] [Thread-1] com.zaxxer.hikari.HikariDataSource       : HikariPool-1 - Shutdown initiated...
2025-10-29T01:54:04.039-05:00  INFO 21072 --- [transporte-service] [Thread-1] com.zaxxer.hikari.HikariDataSource       : HikariPool-1 - Shutdown completed.
2025-10-29T01:54:04.041-05:00  INFO 21072 --- [transporte-service] [Thread-1] com.netflix.discovery.DiscoveryClient    : Shutting down DiscoveryClient ...
2025-10-29T01:54:07.055-05:00  INFO 21072 --- [transporte-service] [Thread-1] com.netflix.discovery.DiscoveryClient    : Unregistering ...
2025-10-29T01:54:07.073-05:00  INFO 21072 --- [transporte-service] [Thread-1] com.netflix.discovery.DiscoveryClient    : DiscoveryClient_TRANSPORTE-SERVICE/transporte-service:3c484c4e1b7250b536925d1f0bdae2d1 - deregister  status: 200
2025-10-29T01:54:07.074-05:00  INFO 21072 --- [transporte-service] [Thread-1] com.netflix.discovery.DiscoveryClient    : Completed shut down of DiscoveryClient
2025-10-29T01:54:07.324-05:00  INFO 21072 --- [transporte-service] [restartedMain] o.cibertec.TransporteServiceApplication  : Starting TransporteServiceApplication using Java 21.0.8 with PID 21072 (C:\Users\ronca\OneDrive\Escritorio\Dev\DAW2\transporte-service\target\classes started by Arturo in C:\Users\ronca\OneDrive\Escritorio\Dev\DAW2\transporte-service)
2025-10-29T01:54:07.324-05:00  INFO 21072 --- [transporte-service] [restartedMain] o.cibertec.TransporteServiceApplication  : No active profile set, falling back to 1 default profile: "default"
2025-10-29T01:54:07.328-05:00  INFO 21072 --- [transporte-service] [restartedMain] o.s.c.c.c.ConfigServerConfigDataLoader   : Fetching config from server at : http://localhost:8888
2025-10-29T01:54:07.328-05:00  INFO 21072 --- [transporte-service] [restartedMain] o.s.c.c.c.ConfigServerConfigDataLoader   : Located environment: name=transporte-service, profiles=[default], label=null, version=null, state=null
2025-10-29T01:54:08.171-05:00  INFO 21072 --- [transporte-service] [restartedMain] .s.d.r.c.RepositoryConfigurationDelegate : Bootstrapping Spring Data JPA repositories in DEFAULT mode.
2025-10-29T01:54:08.193-05:00  INFO 21072 --- [transporte-service] [restartedMain] .s.d.r.c.RepositoryConfigurationDelegate : Finished Spring Data repository scanning in 18 ms. Found 1 JPA repository interface.
2025-10-29T01:54:08.416-05:00  INFO 21072 --- [transporte-service] [restartedMain] o.s.cloud.context.scope.GenericScope     : BeanFactory id=6f1174e2-a475-3867-b451-08caef5f5675
2025-10-29T01:54:08.592-05:00  INFO 21072 --- [transporte-service] [restartedMain] o.s.b.w.embedded.tomcat.TomcatWebServer  : Tomcat initialized with port 0 (http)
2025-10-29T01:54:08.595-05:00  INFO 21072 --- [transporte-service] [restartedMain] o.apache.catalina.core.StandardService   : Starting service [Tomcat]
2025-10-29T01:54:08.595-05:00  INFO 21072 --- [transporte-service] [restartedMain] o.apache.catalina.core.StandardEngine    : Starting Servlet engine: [Apache Tomcat/10.1.46]
2025-10-29T01:54:08.653-05:00  INFO 21072 --- [transporte-service] [restartedMain] o.a.c.c.C.[Tomcat].[localhost].[/]       : Initializing Spring embedded WebApplicationContext
2025-10-29T01:54:08.653-05:00  INFO 21072 --- [transporte-service] [restartedMain] w.s.c.ServletWebServerApplicationContext : Root WebApplicationContext: initialization completed in 1325 ms
2025-10-29T01:54:08.864-05:00  INFO 21072 --- [transporte-service] [restartedMain] com.zaxxer.hikari.HikariDataSource       : HikariPool-2 - Starting...
2025-10-29T01:54:08.886-05:00  INFO 21072 --- [transporte-service] [restartedMain] com.zaxxer.hikari.pool.HikariPool        : HikariPool-2 - Added connection com.mysql.cj.jdbc.ConnectionImpl@1645c90a
2025-10-29T01:54:08.886-05:00  INFO 21072 --- [transporte-service] [restartedMain] com.zaxxer.hikari.HikariDataSource       : HikariPool-2 - Start completed.
2025-10-29T01:54:08.888-05:00  INFO 21072 --- [transporte-service] [restartedMain] o.hibernate.jpa.internal.util.LogHelper  : HHH000204: Processing PersistenceUnitInfo [name: default]
2025-10-29T01:54:08.897-05:00  INFO 21072 --- [transporte-service] [restartedMain] o.h.c.internal.RegionFactoryInitiator    : HHH000026: Second-level cache disabled
2025-10-29T01:54:08.919-05:00  INFO 21072 --- [transporte-service] [restartedMain] o.s.o.j.p.SpringPersistenceUnitInfo      : No LoadTimeWeaver setup: ignoring JPA class transformer
2025-10-29T01:54:08.924-05:00  INFO 21072 --- [transporte-service] [restartedMain] org.hibernate.orm.connections.pooling    : HHH10001005: Database info:
	Database JDBC URL [Connecting through datasource 'HikariDataSource (HikariPool-2)']
	Database driver: undefined/unknown
	Database version: 8.0.34
	Autocommit mode: undefined/unknown
	Isolation level: undefined/unknown
	Minimum pool size: undefined/unknown
	Maximum pool size: undefined/unknown
2025-10-29T01:54:09.135-05:00  INFO 21072 --- [transporte-service] [restartedMain] o.h.e.t.j.p.i.JtaPlatformInitiator       : HHH000489: No JTA platform available (set 'hibernate.transaction.jta.platform' to enable JTA platform integration)
2025-10-29T01:54:09.135-05:00  INFO 21072 --- [transporte-service] [restartedMain] j.LocalContainerEntityManagerFactoryBean : Initialized JPA EntityManagerFactory for persistence unit 'default'
2025-10-29T01:54:09.346-05:00  WARN 21072 --- [transporte-service] [restartedMain] JpaBaseConfiguration$JpaWebConfiguration : spring.jpa.open-in-view is enabled by default. Therefore, database queries may be performed during view rendering. Explicitly configure spring.jpa.open-in-view to disable this warning
2025-10-29T01:54:09.401-05:00  WARN 21072 --- [transporte-service] [restartedMain] o.s.b.d.a.OptionalLiveReloadServer       : Unable to start LiveReload server
2025-10-29T01:54:09.841-05:00  INFO 21072 --- [transporte-service] [restartedMain] o.s.b.a.e.web.EndpointLinksResolver      : Exposing 18 endpoints beneath base path '/actuator'
2025-10-29T01:54:10.195-05:00  INFO 21072 --- [transporte-service] [restartedMain] DiscoveryClientOptionalArgsConfiguration : Eureka HTTP Client uses RestTemplate.
2025-10-29T01:54:10.224-05:00  WARN 21072 --- [transporte-service] [restartedMain] iguration$LoadBalancerCaffeineWarnLogger : Spring Cloud LoadBalancer is currently working with the default cache. While this cache implementation is useful for development and tests, it's recommended to use Caffeine cache in production.You can switch to using Caffeine cache, by adding it and org.springframework.cache.caffeine.CaffeineCacheManager to the classpath.
2025-10-29T01:54:10.281-05:00  INFO 21072 --- [transporte-service] [restartedMain] o.s.b.w.embedded.tomcat.TomcatWebServer  : Tomcat started on port 60720 (http) with context path '/'
2025-10-29T01:54:10.282-05:00  INFO 21072 --- [transporte-service] [restartedMain] .s.c.n.e.s.EurekaAutoServiceRegistration : Updating port to 60720
2025-10-29T01:54:10.284-05:00  INFO 21072 --- [transporte-service] [restartedMain] o.s.c.n.eureka.InstanceInfoFactory       : Setting initial instance status as: STARTING
2025-10-29T01:54:10.290-05:00  INFO 21072 --- [transporte-service] [restartedMain] com.netflix.discovery.DiscoveryClient    : Initializing Eureka in region us-east-1
2025-10-29T01:54:10.290-05:00  INFO 21072 --- [transporte-service] [restartedMain] c.n.d.s.r.aws.ConfigClusterResolver      : Resolving eureka endpoints via configuration
2025-10-29T01:54:10.290-05:00  INFO 21072 --- [transporte-service] [restartedMain] com.netflix.discovery.DiscoveryClient    : Disable delta property : false
2025-10-29T01:54:10.292-05:00  INFO 21072 --- [transporte-service] [restartedMain] com.netflix.discovery.DiscoveryClient    : Single vip registry refresh property : null
2025-10-29T01:54:10.292-05:00  INFO 21072 --- [transporte-service] [restartedMain] com.netflix.discovery.DiscoveryClient    : Force full registry fetch : false
2025-10-29T01:54:10.293-05:00  INFO 21072 --- [transporte-service] [restartedMain] com.netflix.discovery.DiscoveryClient    : Application is null : false
2025-10-29T01:54:10.293-05:00  INFO 21072 --- [transporte-service] [restartedMain] com.netflix.discovery.DiscoveryClient    : Registered Applications size is zero : true
2025-10-29T01:54:10.293-05:00  INFO 21072 --- [transporte-service] [restartedMain] com.netflix.discovery.DiscoveryClient    : Application version is -1: true
2025-10-29T01:54:10.293-05:00  INFO 21072 --- [transporte-service] [restartedMain] com.netflix.discovery.DiscoveryClient    : Getting all instance registry info from the eureka server
2025-10-29T01:54:10.343-05:00  INFO 21072 --- [transporte-service] [restartedMain] com.netflix.discovery.DiscoveryClient    : The response status is 200
2025-10-29T01:54:10.344-05:00  INFO 21072 --- [transporte-service] [restartedMain] com.netflix.discovery.DiscoveryClient    : Starting heartbeat executor: renew interval is: 30
2025-10-29T01:54:10.344-05:00  INFO 21072 --- [transporte-service] [restartedMain] c.n.discovery.InstanceInfoReplicator     : InstanceInfoReplicator onDemand update allowed rate per min is 4
2025-10-29T01:54:10.345-05:00  INFO 21072 --- [transporte-service] [restartedMain] com.netflix.discovery.DiscoveryClient    : Discovery Client initialized at timestamp 1761720850345 with initial instances count: 6
2025-10-29T01:54:10.349-05:00  INFO 21072 --- [transporte-service] [restartedMain] o.s.c.n.e.s.EurekaServiceRegistry        : Registering application TRANSPORTE-SERVICE with eureka with status UP
2025-10-29T01:54:10.349-05:00  INFO 21072 --- [transporte-service] [restartedMain] com.netflix.discovery.DiscoveryClient    : Saw local status change event StatusChangeEvent [timestamp=1761720850349, current=UP, previous=STARTING]
2025-10-29T01:54:10.350-05:00  INFO 21072 --- [transporte-service] [DiscoveryClient-InstanceInfoReplicator-%d] com.netflix.discovery.DiscoveryClient    : DiscoveryClient_TRANSPORTE-SERVICE/transporte-service:b94da701686c963c2ce7384be8e1f4c8: registering service...
2025-10-29T01:54:10.370-05:00  INFO 21072 --- [transporte-service] [DiscoveryClient-InstanceInfoReplicator-%d] com.netflix.discovery.DiscoveryClient    : DiscoveryClient_TRANSPORTE-SERVICE/transporte-service:b94da701686c963c2ce7384be8e1f4c8 - registration status: 204
2025-10-29T01:54:10.373-05:00  INFO 21072 --- [transporte-service] [restartedMain] o.cibertec.TransporteServiceApplication  : Started TransporteServiceApplication in 3.192 seconds (process running for 526.274)
2025-10-29T01:54:10.376-05:00  INFO 21072 --- [transporte-service] [restartedMain] .ConditionEvaluationDeltaLoggingListener : Condition evaluation unchanged
2025-10-29T01:54:24.973-05:00  INFO 21072 --- [transporte-service] [File Watcher] rtingClassPathChangeChangedEventListener : Restarting due to 1 class path change (0 additions, 0 deletions, 1 modification)
2025-10-29T01:54:24.975-05:00  INFO 21072 --- [transporte-service] [Thread-7] o.s.c.n.e.s.EurekaServiceRegistry        : Unregistering application TRANSPORTE-SERVICE with eureka with status DOWN
2025-10-29T01:54:24.975-05:00  INFO 21072 --- [transporte-service] [Thread-7] com.netflix.discovery.DiscoveryClient    : Saw local status change event StatusChangeEvent [timestamp=1761720864975, current=DOWN, previous=UP]
2025-10-29T01:54:24.975-05:00  INFO 21072 --- [transporte-service] [DiscoveryClient-InstanceInfoReplicator-%d] com.netflix.discovery.DiscoveryClient    : DiscoveryClient_TRANSPORTE-SERVICE/transporte-service:b94da701686c963c2ce7384be8e1f4c8: registering service...
2025-10-29T01:54:24.975-05:00  INFO 21072 --- [transporte-service] [Thread-7] o.s.b.w.e.tomcat.GracefulShutdown        : Commencing graceful shutdown. Waiting for active requests to complete
2025-10-29T01:54:24.984-05:00  INFO 21072 --- [transporte-service] [tomcat-shutdown] o.s.b.w.e.tomcat.GracefulShutdown        : Graceful shutdown complete
2025-10-29T01:54:24.989-05:00  INFO 21072 --- [transporte-service] [DiscoveryClient-InstanceInfoReplicator-%d] com.netflix.discovery.DiscoveryClient    : DiscoveryClient_TRANSPORTE-SERVICE/transporte-service:b94da701686c963c2ce7384be8e1f4c8 - registration status: 204
2025-10-29T01:54:24.990-05:00  INFO 21072 --- [transporte-service] [Thread-7] j.LocalContainerEntityManagerFactoryBean : Closing JPA EntityManagerFactory for persistence unit 'default'
2025-10-29T01:54:24.990-05:00  INFO 21072 --- [transporte-service] [Thread-7] com.zaxxer.hikari.HikariDataSource       : HikariPool-2 - Shutdown initiated...
2025-10-29T01:54:24.999-05:00  INFO 21072 --- [transporte-service] [Thread-7] com.zaxxer.hikari.HikariDataSource       : HikariPool-2 - Shutdown completed.
2025-10-29T01:54:25.000-05:00  INFO 21072 --- [transporte-service] [Thread-7] com.netflix.discovery.DiscoveryClient    : Shutting down DiscoveryClient ...
2025-10-29T01:54:28.012-05:00  INFO 21072 --- [transporte-service] [Thread-7] com.netflix.discovery.DiscoveryClient    : Unregistering ...
2025-10-29T01:54:28.029-05:00  INFO 21072 --- [transporte-service] [Thread-7] com.netflix.discovery.DiscoveryClient    : DiscoveryClient_TRANSPORTE-SERVICE/transporte-service:b94da701686c963c2ce7384be8e1f4c8 - deregister  status: 200
2025-10-29T01:54:28.030-05:00  INFO 21072 --- [transporte-service] [Thread-7] com.netflix.discovery.DiscoveryClient    : Completed shut down of DiscoveryClient
2025-10-29T01:54:28.243-05:00  INFO 21072 --- [transporte-service] [restartedMain] o.cibertec.TransporteServiceApplication  : Starting TransporteServiceApplication using Java 21.0.8 with PID 21072 (C:\Users\ronca\OneDrive\Escritorio\Dev\DAW2\transporte-service\target\classes started by Arturo in C:\Users\ronca\OneDrive\Escritorio\Dev\DAW2\transporte-service)
2025-10-29T01:54:28.243-05:00  INFO 21072 --- [transporte-service] [restartedMain] o.cibertec.TransporteServiceApplication  : No active profile set, falling back to 1 default profile: "default"
2025-10-29T01:54:28.247-05:00  INFO 21072 --- [transporte-service] [restartedMain] o.s.c.c.c.ConfigServerConfigDataLoader   : Fetching config from server at : http://localhost:8888
2025-10-29T01:54:28.247-05:00  INFO 21072 --- [transporte-service] [restartedMain] o.s.c.c.c.ConfigServerConfigDataLoader   : Located environment: name=transporte-service, profiles=[default], label=null, version=null, state=null
2025-10-29T01:54:29.051-05:00  INFO 21072 --- [transporte-service] [restartedMain] .s.d.r.c.RepositoryConfigurationDelegate : Bootstrapping Spring Data JPA repositories in DEFAULT mode.
2025-10-29T01:54:29.067-05:00  INFO 21072 --- [transporte-service] [restartedMain] .s.d.r.c.RepositoryConfigurationDelegate : Finished Spring Data repository scanning in 14 ms. Found 1 JPA repository interface.
2025-10-29T01:54:29.239-05:00  INFO 21072 --- [transporte-service] [restartedMain] o.s.cloud.context.scope.GenericScope     : BeanFactory id=6f1174e2-a475-3867-b451-08caef5f5675
2025-10-29T01:54:29.363-05:00  INFO 21072 --- [transporte-service] [restartedMain] o.s.b.w.embedded.tomcat.TomcatWebServer  : Tomcat initialized with port 0 (http)
2025-10-29T01:54:29.364-05:00  INFO 21072 --- [transporte-service] [restartedMain] o.apache.catalina.core.StandardService   : Starting service [Tomcat]
2025-10-29T01:54:29.364-05:00  INFO 21072 --- [transporte-service] [restartedMain] o.apache.catalina.core.StandardEngine    : Starting Servlet engine: [Apache Tomcat/10.1.46]
2025-10-29T01:54:29.416-05:00  INFO 21072 --- [transporte-service] [restartedMain] o.a.c.c.C.[Tomcat].[localhost].[/]       : Initializing Spring embedded WebApplicationContext
2025-10-29T01:54:29.417-05:00  INFO 21072 --- [transporte-service] [restartedMain] w.s.c.ServletWebServerApplicationContext : Root WebApplicationContext: initialization completed in 1169 ms
2025-10-29T01:54:29.563-05:00  INFO 21072 --- [transporte-service] [restartedMain] com.zaxxer.hikari.HikariDataSource       : HikariPool-3 - Starting...
2025-10-29T01:54:29.582-05:00  INFO 21072 --- [transporte-service] [restartedMain] com.zaxxer.hikari.pool.HikariPool        : HikariPool-3 - Added connection com.mysql.cj.jdbc.ConnectionImpl@46ba600c
2025-10-29T01:54:29.582-05:00  INFO 21072 --- [transporte-service] [restartedMain] com.zaxxer.hikari.HikariDataSource       : HikariPool-3 - Start completed.
2025-10-29T01:54:29.584-05:00  INFO 21072 --- [transporte-service] [restartedMain] o.hibernate.jpa.internal.util.LogHelper  : HHH000204: Processing PersistenceUnitInfo [name: default]
2025-10-29T01:54:29.589-05:00  INFO 21072 --- [transporte-service] [restartedMain] o.h.c.internal.RegionFactoryInitiator    : HHH000026: Second-level cache disabled
2025-10-29T01:54:29.608-05:00  INFO 21072 --- [transporte-service] [restartedMain] o.s.o.j.p.SpringPersistenceUnitInfo      : No LoadTimeWeaver setup: ignoring JPA class transformer
2025-10-29T01:54:29.611-05:00  INFO 21072 --- [transporte-service] [restartedMain] org.hibernate.orm.connections.pooling    : HHH10001005: Database info:
	Database JDBC URL [Connecting through datasource 'HikariDataSource (HikariPool-3)']
	Database driver: undefined/unknown
	Database version: 8.0.34
	Autocommit mode: undefined/unknown
	Isolation level: undefined/unknown
	Minimum pool size: undefined/unknown
	Maximum pool size: undefined/unknown
2025-10-29T01:54:29.779-05:00  INFO 21072 --- [transporte-service] [restartedMain] o.h.e.t.j.p.i.JtaPlatformInitiator       : HHH000489: No JTA platform available (set 'hibernate.transaction.jta.platform' to enable JTA platform integration)
2025-10-29T01:54:29.779-05:00  INFO 21072 --- [transporte-service] [restartedMain] j.LocalContainerEntityManagerFactoryBean : Initialized JPA EntityManagerFactory for persistence unit 'default'
2025-10-29T01:54:29.909-05:00  WARN 21072 --- [transporte-service] [restartedMain] JpaBaseConfiguration$JpaWebConfiguration : spring.jpa.open-in-view is enabled by default. Therefore, database queries may be performed during view rendering. Explicitly configure spring.jpa.open-in-view to disable this warning
2025-10-29T01:54:29.935-05:00  WARN 21072 --- [transporte-service] [restartedMain] o.s.b.d.a.OptionalLiveReloadServer       : Unable to start LiveReload server
2025-10-29T01:54:30.365-05:00  INFO 21072 --- [transporte-service] [restartedMain] o.s.b.a.e.web.EndpointLinksResolver      : Exposing 18 endpoints beneath base path '/actuator'
2025-10-29T01:54:30.621-05:00  INFO 21072 --- [transporte-service] [restartedMain] DiscoveryClientOptionalArgsConfiguration : Eureka HTTP Client uses RestTemplate.
2025-10-29T01:54:30.637-05:00  WARN 21072 --- [transporte-service] [restartedMain] iguration$LoadBalancerCaffeineWarnLogger : Spring Cloud LoadBalancer is currently working with the default cache. While this cache implementation is useful for development and tests, it's recommended to use Caffeine cache in production.You can switch to using Caffeine cache, by adding it and org.springframework.cache.caffeine.CaffeineCacheManager to the classpath.
2025-10-29T01:54:30.685-05:00  INFO 21072 --- [transporte-service] [restartedMain] o.s.b.w.embedded.tomcat.TomcatWebServer  : Tomcat started on port 60807 (http) with context path '/'
2025-10-29T01:54:30.685-05:00  INFO 21072 --- [transporte-service] [restartedMain] .s.c.n.e.s.EurekaAutoServiceRegistration : Updating port to 60807
2025-10-29T01:54:30.687-05:00  INFO 21072 --- [transporte-service] [restartedMain] o.s.c.n.eureka.InstanceInfoFactory       : Setting initial instance status as: STARTING
2025-10-29T01:54:30.691-05:00  INFO 21072 --- [transporte-service] [restartedMain] com.netflix.discovery.DiscoveryClient    : Initializing Eureka in region us-east-1
2025-10-29T01:54:30.691-05:00  INFO 21072 --- [transporte-service] [restartedMain] c.n.d.s.r.aws.ConfigClusterResolver      : Resolving eureka endpoints via configuration
2025-10-29T01:54:30.691-05:00  INFO 21072 --- [transporte-service] [restartedMain] com.netflix.discovery.DiscoveryClient    : Disable delta property : false
2025-10-29T01:54:30.691-05:00  INFO 21072 --- [transporte-service] [restartedMain] com.netflix.discovery.DiscoveryClient    : Single vip registry refresh property : null
2025-10-29T01:54:30.692-05:00  INFO 21072 --- [transporte-service] [restartedMain] com.netflix.discovery.DiscoveryClient    : Force full registry fetch : false
2025-10-29T01:54:30.692-05:00  INFO 21072 --- [transporte-service] [restartedMain] com.netflix.discovery.DiscoveryClient    : Application is null : false
2025-10-29T01:54:30.692-05:00  INFO 21072 --- [transporte-service] [restartedMain] com.netflix.discovery.DiscoveryClient    : Registered Applications size is zero : true
2025-10-29T01:54:30.692-05:00  INFO 21072 --- [transporte-service] [restartedMain] com.netflix.discovery.DiscoveryClient    : Application version is -1: true
2025-10-29T01:54:30.692-05:00  INFO 21072 --- [transporte-service] [restartedMain] com.netflix.discovery.DiscoveryClient    : Getting all instance registry info from the eureka server
2025-10-29T01:54:30.726-05:00  INFO 21072 --- [transporte-service] [restartedMain] com.netflix.discovery.DiscoveryClient    : The response status is 200
2025-10-29T01:54:30.727-05:00  INFO 21072 --- [transporte-service] [restartedMain] com.netflix.discovery.DiscoveryClient    : Starting heartbeat executor: renew interval is: 30
2025-10-29T01:54:30.727-05:00  INFO 21072 --- [transporte-service] [restartedMain] c.n.discovery.InstanceInfoReplicator     : InstanceInfoReplicator onDemand update allowed rate per min is 4
2025-10-29T01:54:30.728-05:00  INFO 21072 --- [transporte-service] [restartedMain] com.netflix.discovery.DiscoveryClient    : Discovery Client initialized at timestamp 1761720870728 with initial instances count: 2
2025-10-29T01:54:30.730-05:00  INFO 21072 --- [transporte-service] [restartedMain] o.s.c.n.e.s.EurekaServiceRegistry        : Registering application TRANSPORTE-SERVICE with eureka with status UP
2025-10-29T01:54:30.730-05:00  INFO 21072 --- [transporte-service] [restartedMain] com.netflix.discovery.DiscoveryClient    : Saw local status change event StatusChangeEvent [timestamp=1761720870730, current=UP, previous=STARTING]
2025-10-29T01:54:30.730-05:00  INFO 21072 --- [transporte-service] [DiscoveryClient-InstanceInfoReplicator-%d] com.netflix.discovery.DiscoveryClient    : DiscoveryClient_TRANSPORTE-SERVICE/transporte-service:aaf057390a7ded662e8eba79483957f6: registering service...
2025-10-29T01:54:30.747-05:00  INFO 21072 --- [transporte-service] [DiscoveryClient-InstanceInfoReplicator-%d] com.netflix.discovery.DiscoveryClient    : DiscoveryClient_TRANSPORTE-SERVICE/transporte-service:aaf057390a7ded662e8eba79483957f6 - registration status: 204
2025-10-29T01:54:30.754-05:00  INFO 21072 --- [transporte-service] [restartedMain] o.cibertec.TransporteServiceApplication  : Started TransporteServiceApplication in 2.64 seconds (process running for 546.655)
2025-10-29T01:54:30.757-05:00  INFO 21072 --- [transporte-service] [restartedMain] .ConditionEvaluationDeltaLoggingListener : Condition evaluation unchanged
2025-10-29T01:54:40.292-05:00  INFO 21072 --- [transporte-service] [File Watcher] rtingClassPathChangeChangedEventListener : Restarting due to 1 class path change (0 additions, 0 deletions, 1 modification)
2025-10-29T01:54:40.293-05:00  INFO 21072 --- [transporte-service] [Thread-13] o.s.c.n.e.s.EurekaServiceRegistry        : Unregistering application TRANSPORTE-SERVICE with eureka with status DOWN
2025-10-29T01:54:40.294-05:00  INFO 21072 --- [transporte-service] [Thread-13] com.netflix.discovery.DiscoveryClient    : Saw local status change event StatusChangeEvent [timestamp=1761720880294, current=DOWN, previous=UP]
2025-10-29T01:54:40.295-05:00  INFO 21072 --- [transporte-service] [DiscoveryClient-InstanceInfoReplicator-%d] com.netflix.discovery.DiscoveryClient    : DiscoveryClient_TRANSPORTE-SERVICE/transporte-service:aaf057390a7ded662e8eba79483957f6: registering service...
2025-10-29T01:54:40.295-05:00  INFO 21072 --- [transporte-service] [Thread-13] o.s.b.w.e.tomcat.GracefulShutdown        : Commencing graceful shutdown. Waiting for active requests to complete
2025-10-29T01:54:40.304-05:00  INFO 21072 --- [transporte-service] [DiscoveryClient-InstanceInfoReplicator-%d] com.netflix.discovery.DiscoveryClient    : DiscoveryClient_TRANSPORTE-SERVICE/transporte-service:aaf057390a7ded662e8eba79483957f6 - registration status: 204
2025-10-29T01:54:40.305-05:00  INFO 21072 --- [transporte-service] [tomcat-shutdown] o.s.b.w.e.tomcat.GracefulShutdown        : Graceful shutdown complete
2025-10-29T01:54:40.310-05:00  INFO 21072 --- [transporte-service] [Thread-13] j.LocalContainerEntityManagerFactoryBean : Closing JPA EntityManagerFactory for persistence unit 'default'
2025-10-29T01:54:40.312-05:00  INFO 21072 --- [transporte-service] [Thread-13] com.zaxxer.hikari.HikariDataSource       : HikariPool-3 - Shutdown initiated...
2025-10-29T01:54:40.319-05:00  INFO 21072 --- [transporte-service] [Thread-13] com.zaxxer.hikari.HikariDataSource       : HikariPool-3 - Shutdown completed.
2025-10-29T01:54:40.320-05:00  INFO 21072 --- [transporte-service] [Thread-13] com.netflix.discovery.DiscoveryClient    : Shutting down DiscoveryClient ...
2025-10-29T01:54:43.329-05:00  INFO 21072 --- [transporte-service] [Thread-13] com.netflix.discovery.DiscoveryClient    : Unregistering ...
2025-10-29T01:54:43.346-05:00  INFO 21072 --- [transporte-service] [Thread-13] com.netflix.discovery.DiscoveryClient    : DiscoveryClient_TRANSPORTE-SERVICE/transporte-service:aaf057390a7ded662e8eba79483957f6 - deregister  status: 200
2025-10-29T01:54:43.346-05:00  INFO 21072 --- [transporte-service] [Thread-13] com.netflix.discovery.DiscoveryClient    : Completed shut down of DiscoveryClient
2025-10-29T01:54:43.525-05:00  INFO 21072 --- [transporte-service] [restartedMain] o.cibertec.TransporteServiceApplication  : Starting TransporteServiceApplication using Java 21.0.8 with PID 21072 (C:\Users\ronca\OneDrive\Escritorio\Dev\DAW2\transporte-service\target\classes started by Arturo in C:\Users\ronca\OneDrive\Escritorio\Dev\DAW2\transporte-service)
2025-10-29T01:54:43.525-05:00  INFO 21072 --- [transporte-service] [restartedMain] o.cibertec.TransporteServiceApplication  : No active profile set, falling back to 1 default profile: "default"
2025-10-29T01:54:43.528-05:00  INFO 21072 --- [transporte-service] [restartedMain] o.s.c.c.c.ConfigServerConfigDataLoader   : Fetching config from server at : http://localhost:8888
2025-10-29T01:54:43.528-05:00  INFO 21072 --- [transporte-service] [restartedMain] o.s.c.c.c.ConfigServerConfigDataLoader   : Located environment: name=transporte-service, profiles=[default], label=null, version=null, state=null
2025-10-29T01:54:44.321-05:00  INFO 21072 --- [transporte-service] [restartedMain] .s.d.r.c.RepositoryConfigurationDelegate : Bootstrapping Spring Data JPA repositories in DEFAULT mode.
2025-10-29T01:54:44.344-05:00  INFO 21072 --- [transporte-service] [restartedMain] .s.d.r.c.RepositoryConfigurationDelegate : Finished Spring Data repository scanning in 20 ms. Found 1 JPA repository interface.
2025-10-29T01:54:44.555-05:00  INFO 21072 --- [transporte-service] [restartedMain] o.s.cloud.context.scope.GenericScope     : BeanFactory id=6f1174e2-a475-3867-b451-08caef5f5675
2025-10-29T01:54:44.745-05:00  INFO 21072 --- [transporte-service] [restartedMain] o.s.b.w.embedded.tomcat.TomcatWebServer  : Tomcat initialized with port 0 (http)
2025-10-29T01:54:44.746-05:00  INFO 21072 --- [transporte-service] [restartedMain] o.apache.catalina.core.StandardService   : Starting service [Tomcat]
2025-10-29T01:54:44.747-05:00  INFO 21072 --- [transporte-service] [restartedMain] o.apache.catalina.core.StandardEngine    : Starting Servlet engine: [Apache Tomcat/10.1.46]
2025-10-29T01:54:44.807-05:00  INFO 21072 --- [transporte-service] [restartedMain] o.a.c.c.C.[Tomcat].[localhost].[/]       : Initializing Spring embedded WebApplicationContext
2025-10-29T01:54:44.807-05:00  INFO 21072 --- [transporte-service] [restartedMain] w.s.c.ServletWebServerApplicationContext : Root WebApplicationContext: initialization completed in 1279 ms
2025-10-29T01:54:44.966-05:00  INFO 21072 --- [transporte-service] [restartedMain] com.zaxxer.hikari.HikariDataSource       : HikariPool-4 - Starting...
2025-10-29T01:54:44.984-05:00  INFO 21072 --- [transporte-service] [restartedMain] com.zaxxer.hikari.pool.HikariPool        : HikariPool-4 - Added connection com.mysql.cj.jdbc.ConnectionImpl@5ddc5e2e
2025-10-29T01:54:44.985-05:00  INFO 21072 --- [transporte-service] [restartedMain] com.zaxxer.hikari.HikariDataSource       : HikariPool-4 - Start completed.
2025-10-29T01:54:44.986-05:00  INFO 21072 --- [transporte-service] [restartedMain] o.hibernate.jpa.internal.util.LogHelper  : HHH000204: Processing PersistenceUnitInfo [name: default]
2025-10-29T01:54:44.995-05:00  INFO 21072 --- [transporte-service] [restartedMain] o.h.c.internal.RegionFactoryInitiator    : HHH000026: Second-level cache disabled
2025-10-29T01:54:45.011-05:00  INFO 21072 --- [transporte-service] [restartedMain] o.s.o.j.p.SpringPersistenceUnitInfo      : No LoadTimeWeaver setup: ignoring JPA class transformer
2025-10-29T01:54:45.014-05:00  INFO 21072 --- [transporte-service] [restartedMain] org.hibernate.orm.connections.pooling    : HHH10001005: Database info:
	Database JDBC URL [Connecting through datasource 'HikariDataSource (HikariPool-4)']
	Database driver: undefined/unknown
	Database version: 8.0.34
	Autocommit mode: undefined/unknown
	Isolation level: undefined/unknown
	Minimum pool size: undefined/unknown
	Maximum pool size: undefined/unknown
2025-10-29T01:54:45.180-05:00  INFO 21072 --- [transporte-service] [restartedMain] o.h.e.t.j.p.i.JtaPlatformInitiator       : HHH000489: No JTA platform available (set 'hibernate.transaction.jta.platform' to enable JTA platform integration)
2025-10-29T01:54:45.180-05:00  INFO 21072 --- [transporte-service] [restartedMain] j.LocalContainerEntityManagerFactoryBean : Initialized JPA EntityManagerFactory for persistence unit 'default'
2025-10-29T01:54:45.337-05:00  WARN 21072 --- [transporte-service] [restartedMain] JpaBaseConfiguration$JpaWebConfiguration : spring.jpa.open-in-view is enabled by default. Therefore, database queries may be performed during view rendering. Explicitly configure spring.jpa.open-in-view to disable this warning
2025-10-29T01:54:45.362-05:00  WARN 21072 --- [transporte-service] [restartedMain] o.s.b.d.a.OptionalLiveReloadServer       : Unable to start LiveReload server
2025-10-29T01:54:45.728-05:00  INFO 21072 --- [transporte-service] [restartedMain] o.s.b.a.e.web.EndpointLinksResolver      : Exposing 18 endpoints beneath base path '/actuator'
2025-10-29T01:54:46.035-05:00  INFO 21072 --- [transporte-service] [restartedMain] DiscoveryClientOptionalArgsConfiguration : Eureka HTTP Client uses RestTemplate.
2025-10-29T01:54:46.055-05:00  WARN 21072 --- [transporte-service] [restartedMain] iguration$LoadBalancerCaffeineWarnLogger : Spring Cloud LoadBalancer is currently working with the default cache. While this cache implementation is useful for development and tests, it's recommended to use Caffeine cache in production.You can switch to using Caffeine cache, by adding it and org.springframework.cache.caffeine.CaffeineCacheManager to the classpath.
2025-10-29T01:54:46.115-05:00  INFO 21072 --- [transporte-service] [restartedMain] o.s.b.w.embedded.tomcat.TomcatWebServer  : Tomcat started on port 60865 (http) with context path '/'
2025-10-29T01:54:46.115-05:00  INFO 21072 --- [transporte-service] [restartedMain] .s.c.n.e.s.EurekaAutoServiceRegistration : Updating port to 60865
2025-10-29T01:54:46.118-05:00  INFO 21072 --- [transporte-service] [restartedMain] o.s.c.n.eureka.InstanceInfoFactory       : Setting initial instance status as: STARTING
2025-10-29T01:54:46.121-05:00  INFO 21072 --- [transporte-service] [restartedMain] com.netflix.discovery.DiscoveryClient    : Initializing Eureka in region us-east-1
2025-10-29T01:54:46.121-05:00  INFO 21072 --- [transporte-service] [restartedMain] c.n.d.s.r.aws.ConfigClusterResolver      : Resolving eureka endpoints via configuration
2025-10-29T01:54:46.122-05:00  INFO 21072 --- [transporte-service] [restartedMain] com.netflix.discovery.DiscoveryClient    : Disable delta property : false
2025-10-29T01:54:46.122-05:00  INFO 21072 --- [transporte-service] [restartedMain] com.netflix.discovery.DiscoveryClient    : Single vip registry refresh property : null
2025-10-29T01:54:46.122-05:00  INFO 21072 --- [transporte-service] [restartedMain] com.netflix.discovery.DiscoveryClient    : Force full registry fetch : false
2025-10-29T01:54:46.122-05:00  INFO 21072 --- [transporte-service] [restartedMain] com.netflix.discovery.DiscoveryClient    : Application is null : false
2025-10-29T01:54:46.122-05:00  INFO 21072 --- [transporte-service] [restartedMain] com.netflix.discovery.DiscoveryClient    : Registered Applications size is zero : true
2025-10-29T01:54:46.122-05:00  INFO 21072 --- [transporte-service] [restartedMain] com.netflix.discovery.DiscoveryClient    : Application version is -1: true
2025-10-29T01:54:46.122-05:00  INFO 21072 --- [transporte-service] [restartedMain] com.netflix.discovery.DiscoveryClient    : Getting all instance registry info from the eureka server
2025-10-29T01:54:46.172-05:00  INFO 21072 --- [transporte-service] [restartedMain] com.netflix.discovery.DiscoveryClient    : The response status is 200
2025-10-29T01:54:46.173-05:00  INFO 21072 --- [transporte-service] [restartedMain] com.netflix.discovery.DiscoveryClient    : Starting heartbeat executor: renew interval is: 30
2025-10-29T01:54:46.174-05:00  INFO 21072 --- [transporte-service] [restartedMain] c.n.discovery.InstanceInfoReplicator     : InstanceInfoReplicator onDemand update allowed rate per min is 4
2025-10-29T01:54:46.175-05:00  INFO 21072 --- [transporte-service] [restartedMain] com.netflix.discovery.DiscoveryClient    : Discovery Client initialized at timestamp 1761720886175 with initial instances count: 2
2025-10-29T01:54:46.179-05:00  INFO 21072 --- [transporte-service] [restartedMain] o.s.c.n.e.s.EurekaServiceRegistry        : Registering application TRANSPORTE-SERVICE with eureka with status UP
2025-10-29T01:54:46.180-05:00  INFO 21072 --- [transporte-service] [restartedMain] com.netflix.discovery.DiscoveryClient    : Saw local status change event StatusChangeEvent [timestamp=1761720886180, current=UP, previous=STARTING]
2025-10-29T01:54:46.180-05:00  INFO 21072 --- [transporte-service] [DiscoveryClient-InstanceInfoReplicator-%d] com.netflix.discovery.DiscoveryClient    : DiscoveryClient_TRANSPORTE-SERVICE/transporte-service:7e322c49af434071898e494e6dd73a52: registering service...
2025-10-29T01:54:46.199-05:00  INFO 21072 --- [transporte-service] [DiscoveryClient-InstanceInfoReplicator-%d] com.netflix.discovery.DiscoveryClient    : DiscoveryClient_TRANSPORTE-SERVICE/transporte-service:7e322c49af434071898e494e6dd73a52 - registration status: 204
2025-10-29T01:54:46.205-05:00  INFO 21072 --- [transporte-service] [restartedMain] o.cibertec.TransporteServiceApplication  : Started TransporteServiceApplication in 2.791 seconds (process running for 562.107)
2025-10-29T01:54:46.209-05:00  INFO 21072 --- [transporte-service] [restartedMain] .ConditionEvaluationDeltaLoggingListener : Condition evaluation unchanged
2025-10-29T01:54:58.776-05:00  INFO 21072 --- [transporte-service] [File Watcher] rtingClassPathChangeChangedEventListener : Restarting due to 1 class path change (0 additions, 0 deletions, 1 modification)
2025-10-29T01:54:58.777-05:00  INFO 21072 --- [transporte-service] [Thread-19] o.s.c.n.e.s.EurekaServiceRegistry        : Unregistering application TRANSPORTE-SERVICE with eureka with status DOWN
2025-10-29T01:54:58.777-05:00  INFO 21072 --- [transporte-service] [Thread-19] com.netflix.discovery.DiscoveryClient    : Saw local status change event StatusChangeEvent [timestamp=1761720898777, current=DOWN, previous=UP]
2025-10-29T01:54:58.777-05:00  INFO 21072 --- [transporte-service] [DiscoveryClient-InstanceInfoReplicator-%d] com.netflix.discovery.DiscoveryClient    : DiscoveryClient_TRANSPORTE-SERVICE/transporte-service:7e322c49af434071898e494e6dd73a52: registering service...
2025-10-29T01:54:58.778-05:00  INFO 21072 --- [transporte-service] [Thread-19] o.s.b.w.e.tomcat.GracefulShutdown        : Commencing graceful shutdown. Waiting for active requests to complete
2025-10-29T01:54:58.788-05:00  INFO 21072 --- [transporte-service] [tomcat-shutdown] o.s.b.w.e.tomcat.GracefulShutdown        : Graceful shutdown complete
2025-10-29T01:54:58.790-05:00  INFO 21072 --- [transporte-service] [DiscoveryClient-InstanceInfoReplicator-%d] com.netflix.discovery.DiscoveryClient    : DiscoveryClient_TRANSPORTE-SERVICE/transporte-service:7e322c49af434071898e494e6dd73a52 - registration status: 204
2025-10-29T01:54:58.793-05:00  INFO 21072 --- [transporte-service] [Thread-19] j.LocalContainerEntityManagerFactoryBean : Closing JPA EntityManagerFactory for persistence unit 'default'
2025-10-29T01:54:58.794-05:00  INFO 21072 --- [transporte-service] [Thread-19] com.zaxxer.hikari.HikariDataSource       : HikariPool-4 - Shutdown initiated...
2025-10-29T01:54:58.802-05:00  INFO 21072 --- [transporte-service] [Thread-19] com.zaxxer.hikari.HikariDataSource       : HikariPool-4 - Shutdown completed.
2025-10-29T01:54:58.803-05:00  INFO 21072 --- [transporte-service] [Thread-19] com.netflix.discovery.DiscoveryClient    : Shutting down DiscoveryClient ...
2025-10-29T01:55:01.816-05:00  INFO 21072 --- [transporte-service] [Thread-19] com.netflix.discovery.DiscoveryClient    : Unregistering ...
2025-10-29T01:55:01.835-05:00  INFO 21072 --- [transporte-service] [Thread-19] com.netflix.discovery.DiscoveryClient    : DiscoveryClient_TRANSPORTE-SERVICE/transporte-service:7e322c49af434071898e494e6dd73a52 - deregister  status: 200
2025-10-29T01:55:01.835-05:00  INFO 21072 --- [transporte-service] [Thread-19] com.netflix.discovery.DiscoveryClient    : Completed shut down of DiscoveryClient
2025-10-29T01:55:02.037-05:00  INFO 21072 --- [transporte-service] [restartedMain] o.cibertec.TransporteServiceApplication  : Starting TransporteServiceApplication using Java 21.0.8 with PID 21072 (C:\Users\ronca\OneDrive\Escritorio\Dev\DAW2\transporte-service\target\classes started by Arturo in C:\Users\ronca\OneDrive\Escritorio\Dev\DAW2\transporte-service)
2025-10-29T01:55:02.037-05:00  INFO 21072 --- [transporte-service] [restartedMain] o.cibertec.TransporteServiceApplication  : No active profile set, falling back to 1 default profile: "default"
2025-10-29T01:55:02.041-05:00  INFO 21072 --- [transporte-service] [restartedMain] o.s.c.c.c.ConfigServerConfigDataLoader   : Fetching config from server at : http://localhost:8888
2025-10-29T01:55:02.041-05:00  INFO 21072 --- [transporte-service] [restartedMain] o.s.c.c.c.ConfigServerConfigDataLoader   : Located environment: name=transporte-service, profiles=[default], label=null, version=null, state=null
2025-10-29T01:55:02.845-05:00  INFO 21072 --- [transporte-service] [restartedMain] .s.d.r.c.RepositoryConfigurationDelegate : Bootstrapping Spring Data JPA repositories in DEFAULT mode.
2025-10-29T01:55:02.862-05:00  INFO 21072 --- [transporte-service] [restartedMain] .s.d.r.c.RepositoryConfigurationDelegate : Finished Spring Data repository scanning in 14 ms. Found 1 JPA repository interface.
2025-10-29T01:55:03.110-05:00  INFO 21072 --- [transporte-service] [restartedMain] o.s.cloud.context.scope.GenericScope     : BeanFactory id=6f1174e2-a475-3867-b451-08caef5f5675
2025-10-29T01:55:03.262-05:00  INFO 21072 --- [transporte-service] [restartedMain] o.s.b.w.embedded.tomcat.TomcatWebServer  : Tomcat initialized with port 0 (http)
2025-10-29T01:55:03.264-05:00  INFO 21072 --- [transporte-service] [restartedMain] o.apache.catalina.core.StandardService   : Starting service [Tomcat]
2025-10-29T01:55:03.264-05:00  INFO 21072 --- [transporte-service] [restartedMain] o.apache.catalina.core.StandardEngine    : Starting Servlet engine: [Apache Tomcat/10.1.46]
2025-10-29T01:55:03.327-05:00  INFO 21072 --- [transporte-service] [restartedMain] o.a.c.c.C.[Tomcat].[localhost].[/]       : Initializing Spring embedded WebApplicationContext
2025-10-29T01:55:03.327-05:00  INFO 21072 --- [transporte-service] [restartedMain] w.s.c.ServletWebServerApplicationContext : Root WebApplicationContext: initialization completed in 1285 ms
2025-10-29T01:55:03.502-05:00  INFO 21072 --- [transporte-service] [restartedMain] com.zaxxer.hikari.HikariDataSource       : HikariPool-5 - Starting...
2025-10-29T01:55:03.531-05:00  INFO 21072 --- [transporte-service] [restartedMain] com.zaxxer.hikari.pool.HikariPool        : HikariPool-5 - Added connection com.mysql.cj.jdbc.ConnectionImpl@28adec2c
2025-10-29T01:55:03.531-05:00  INFO 21072 --- [transporte-service] [restartedMain] com.zaxxer.hikari.HikariDataSource       : HikariPool-5 - Start completed.
2025-10-29T01:55:03.533-05:00  INFO 21072 --- [transporte-service] [restartedMain] o.hibernate.jpa.internal.util.LogHelper  : HHH000204: Processing PersistenceUnitInfo [name: default]
2025-10-29T01:55:03.543-05:00  INFO 21072 --- [transporte-service] [restartedMain] o.h.c.internal.RegionFactoryInitiator    : HHH000026: Second-level cache disabled
2025-10-29T01:55:03.570-05:00  INFO 21072 --- [transporte-service] [restartedMain] o.s.o.j.p.SpringPersistenceUnitInfo      : No LoadTimeWeaver setup: ignoring JPA class transformer
2025-10-29T01:55:03.573-05:00  INFO 21072 --- [transporte-service] [restartedMain] org.hibernate.orm.connections.pooling    : HHH10001005: Database info:
	Database JDBC URL [Connecting through datasource 'HikariDataSource (HikariPool-5)']
	Database driver: undefined/unknown
	Database version: 8.0.34
	Autocommit mode: undefined/unknown
	Isolation level: undefined/unknown
	Minimum pool size: undefined/unknown
	Maximum pool size: undefined/unknown
2025-10-29T01:55:03.775-05:00  INFO 21072 --- [transporte-service] [restartedMain] o.h.e.t.j.p.i.JtaPlatformInitiator       : HHH000489: No JTA platform available (set 'hibernate.transaction.jta.platform' to enable JTA platform integration)
2025-10-29T01:55:03.775-05:00  INFO 21072 --- [transporte-service] [restartedMain] j.LocalContainerEntityManagerFactoryBean : Initialized JPA EntityManagerFactory for persistence unit 'default'
2025-10-29T01:55:03.914-05:00  WARN 21072 --- [transporte-service] [restartedMain] JpaBaseConfiguration$JpaWebConfiguration : spring.jpa.open-in-view is enabled by default. Therefore, database queries may be performed during view rendering. Explicitly configure spring.jpa.open-in-view to disable this warning
2025-10-29T01:55:03.942-05:00  WARN 21072 --- [transporte-service] [restartedMain] o.s.b.d.a.OptionalLiveReloadServer       : Unable to start LiveReload server
2025-10-29T01:55:04.306-05:00  INFO 21072 --- [transporte-service] [restartedMain] o.s.b.a.e.web.EndpointLinksResolver      : Exposing 18 endpoints beneath base path '/actuator'
2025-10-29T01:55:04.501-05:00  INFO 21072 --- [transporte-service] [restartedMain] DiscoveryClientOptionalArgsConfiguration : Eureka HTTP Client uses RestTemplate.
2025-10-29T01:55:04.515-05:00  WARN 21072 --- [transporte-service] [restartedMain] iguration$LoadBalancerCaffeineWarnLogger : Spring Cloud LoadBalancer is currently working with the default cache. While this cache implementation is useful for development and tests, it's recommended to use Caffeine cache in production.You can switch to using Caffeine cache, by adding it and org.springframework.cache.caffeine.CaffeineCacheManager to the classpath.
2025-10-29T01:55:04.563-05:00  INFO 21072 --- [transporte-service] [restartedMain] o.s.b.w.embedded.tomcat.TomcatWebServer  : Tomcat started on port 60931 (http) with context path '/'
2025-10-29T01:55:04.564-05:00  INFO 21072 --- [transporte-service] [restartedMain] .s.c.n.e.s.EurekaAutoServiceRegistration : Updating port to 60931
2025-10-29T01:55:04.564-05:00  INFO 21072 --- [transporte-service] [restartedMain] o.s.c.n.eureka.InstanceInfoFactory       : Setting initial instance status as: STARTING
2025-10-29T01:55:04.567-05:00  INFO 21072 --- [transporte-service] [restartedMain] com.netflix.discovery.DiscoveryClient    : Initializing Eureka in region us-east-1
2025-10-29T01:55:04.568-05:00  INFO 21072 --- [transporte-service] [restartedMain] c.n.d.s.r.aws.ConfigClusterResolver      : Resolving eureka endpoints via configuration
2025-10-29T01:55:04.568-05:00  INFO 21072 --- [transporte-service] [restartedMain] com.netflix.discovery.DiscoveryClient    : Disable delta property : false
2025-10-29T01:55:04.568-05:00  INFO 21072 --- [transporte-service] [restartedMain] com.netflix.discovery.DiscoveryClient    : Single vip registry refresh property : null
2025-10-29T01:55:04.568-05:00  INFO 21072 --- [transporte-service] [restartedMain] com.netflix.discovery.DiscoveryClient    : Force full registry fetch : false
2025-10-29T01:55:04.569-05:00  INFO 21072 --- [transporte-service] [restartedMain] com.netflix.discovery.DiscoveryClient    : Application is null : false
2025-10-29T01:55:04.569-05:00  INFO 21072 --- [transporte-service] [restartedMain] com.netflix.discovery.DiscoveryClient    : Registered Applications size is zero : true
2025-10-29T01:55:04.569-05:00  INFO 21072 --- [transporte-service] [restartedMain] com.netflix.discovery.DiscoveryClient    : Application version is -1: true
2025-10-29T01:55:04.569-05:00  INFO 21072 --- [transporte-service] [restartedMain] com.netflix.discovery.DiscoveryClient    : Getting all instance registry info from the eureka server
2025-10-29T01:55:04.602-05:00  INFO 21072 --- [transporte-service] [restartedMain] com.netflix.discovery.DiscoveryClient    : The response status is 200
2025-10-29T01:55:04.603-05:00  INFO 21072 --- [transporte-service] [restartedMain] com.netflix.discovery.DiscoveryClient    : Starting heartbeat executor: renew interval is: 30
2025-10-29T01:55:04.604-05:00  INFO 21072 --- [transporte-service] [restartedMain] c.n.discovery.InstanceInfoReplicator     : InstanceInfoReplicator onDemand update allowed rate per min is 4
2025-10-29T01:55:04.604-05:00  INFO 21072 --- [transporte-service] [restartedMain] com.netflix.discovery.DiscoveryClient    : Discovery Client initialized at timestamp 1761720904604 with initial instances count: 6
2025-10-29T01:55:04.608-05:00  INFO 21072 --- [transporte-service] [restartedMain] o.s.c.n.e.s.EurekaServiceRegistry        : Registering application TRANSPORTE-SERVICE with eureka with status UP
2025-10-29T01:55:04.609-05:00  INFO 21072 --- [transporte-service] [restartedMain] com.netflix.discovery.DiscoveryClient    : Saw local status change event StatusChangeEvent [timestamp=1761720904609, current=UP, previous=STARTING]
2025-10-29T01:55:04.609-05:00  INFO 21072 --- [transporte-service] [DiscoveryClient-InstanceInfoReplicator-%d] com.netflix.discovery.DiscoveryClient    : DiscoveryClient_TRANSPORTE-SERVICE/transporte-service:4bfee3a5cb5e2c039f659cf335c214d5: registering service...
2025-10-29T01:55:04.622-05:00  INFO 21072 --- [transporte-service] [DiscoveryClient-InstanceInfoReplicator-%d] com.netflix.discovery.DiscoveryClient    : DiscoveryClient_TRANSPORTE-SERVICE/transporte-service:4bfee3a5cb5e2c039f659cf335c214d5 - registration status: 204
2025-10-29T01:55:04.631-05:00  INFO 21072 --- [transporte-service] [restartedMain] o.cibertec.TransporteServiceApplication  : Started TransporteServiceApplication in 2.712 seconds (process running for 580.532)
2025-10-29T01:55:04.634-05:00  INFO 21072 --- [transporte-service] [restartedMain] .ConditionEvaluationDeltaLoggingListener : Condition evaluation unchanged
2025-10-29T01:55:17.259-05:00  INFO 21072 --- [transporte-service] [File Watcher] rtingClassPathChangeChangedEventListener : Restarting due to 1 class path change (0 additions, 0 deletions, 1 modification)
2025-10-29T01:55:17.261-05:00  INFO 21072 --- [transporte-service] [Thread-25] o.s.c.n.e.s.EurekaServiceRegistry        : Unregistering application TRANSPORTE-SERVICE with eureka with status DOWN
2025-10-29T01:55:17.261-05:00  INFO 21072 --- [transporte-service] [Thread-25] com.netflix.discovery.DiscoveryClient    : Saw local status change event StatusChangeEvent [timestamp=1761720917261, current=DOWN, previous=UP]
2025-10-29T01:55:17.261-05:00  INFO 21072 --- [transporte-service] [DiscoveryClient-InstanceInfoReplicator-%d] com.netflix.discovery.DiscoveryClient    : DiscoveryClient_TRANSPORTE-SERVICE/transporte-service:4bfee3a5cb5e2c039f659cf335c214d5: registering service...
2025-10-29T01:55:17.261-05:00  INFO 21072 --- [transporte-service] [Thread-25] o.s.b.w.e.tomcat.GracefulShutdown        : Commencing graceful shutdown. Waiting for active requests to complete
2025-10-29T01:55:17.270-05:00  INFO 21072 --- [transporte-service] [tomcat-shutdown] o.s.b.w.e.tomcat.GracefulShutdown        : Graceful shutdown complete
2025-10-29T01:55:17.275-05:00  INFO 21072 --- [transporte-service] [DiscoveryClient-InstanceInfoReplicator-%d] com.netflix.discovery.DiscoveryClient    : DiscoveryClient_TRANSPORTE-SERVICE/transporte-service:4bfee3a5cb5e2c039f659cf335c214d5 - registration status: 204
2025-10-29T01:55:17.275-05:00  INFO 21072 --- [transporte-service] [Thread-25] j.LocalContainerEntityManagerFactoryBean : Closing JPA EntityManagerFactory for persistence unit 'default'
2025-10-29T01:55:17.275-05:00  INFO 21072 --- [transporte-service] [Thread-25] com.zaxxer.hikari.HikariDataSource       : HikariPool-5 - Shutdown initiated...
2025-10-29T01:55:17.283-05:00  INFO 21072 --- [transporte-service] [Thread-25] com.zaxxer.hikari.HikariDataSource       : HikariPool-5 - Shutdown completed.
2025-10-29T01:55:17.284-05:00  INFO 21072 --- [transporte-service] [Thread-25] com.netflix.discovery.DiscoveryClient    : Shutting down DiscoveryClient ...
2025-10-29T01:55:20.285-05:00  INFO 21072 --- [transporte-service] [Thread-25] com.netflix.discovery.DiscoveryClient    : Unregistering ...
2025-10-29T01:55:20.305-05:00  INFO 21072 --- [transporte-service] [Thread-25] com.netflix.discovery.DiscoveryClient    : DiscoveryClient_TRANSPORTE-SERVICE/transporte-service:4bfee3a5cb5e2c039f659cf335c214d5 - deregister  status: 200
2025-10-29T01:55:20.305-05:00  INFO 21072 --- [transporte-service] [Thread-25] com.netflix.discovery.DiscoveryClient    : Completed shut down of DiscoveryClient
2025-10-29T01:55:20.523-05:00  INFO 21072 --- [transporte-service] [restartedMain] o.cibertec.TransporteServiceApplication  : Starting TransporteServiceApplication using Java 21.0.8 with PID 21072 (C:\Users\ronca\OneDrive\Escritorio\Dev\DAW2\transporte-service\target\classes started by Arturo in C:\Users\ronca\OneDrive\Escritorio\Dev\DAW2\transporte-service)
2025-10-29T01:55:20.524-05:00  INFO 21072 --- [transporte-service] [restartedMain] o.cibertec.TransporteServiceApplication  : No active profile set, falling back to 1 default profile: "default"
2025-10-29T01:55:20.527-05:00  INFO 21072 --- [transporte-service] [restartedMain] o.s.c.c.c.ConfigServerConfigDataLoader   : Fetching config from server at : http://localhost:8888
2025-10-29T01:55:20.527-05:00  INFO 21072 --- [transporte-service] [restartedMain] o.s.c.c.c.ConfigServerConfigDataLoader   : Located environment: name=transporte-service, profiles=[default], label=null, version=null, state=null
2025-10-29T01:55:21.354-05:00  INFO 21072 --- [transporte-service] [restartedMain] .s.d.r.c.RepositoryConfigurationDelegate : Bootstrapping Spring Data JPA repositories in DEFAULT mode.
2025-10-29T01:55:21.370-05:00  INFO 21072 --- [transporte-service] [restartedMain] .s.d.r.c.RepositoryConfigurationDelegate : Finished Spring Data repository scanning in 13 ms. Found 1 JPA repository interface.
2025-10-29T01:55:21.555-05:00  INFO 21072 --- [transporte-service] [restartedMain] o.s.cloud.context.scope.GenericScope     : BeanFactory id=6f1174e2-a475-3867-b451-08caef5f5675
2025-10-29T01:55:21.685-05:00  INFO 21072 --- [transporte-service] [restartedMain] o.s.b.w.embedded.tomcat.TomcatWebServer  : Tomcat initialized with port 0 (http)
2025-10-29T01:55:21.686-05:00  INFO 21072 --- [transporte-service] [restartedMain] o.apache.catalina.core.StandardService   : Starting service [Tomcat]
2025-10-29T01:55:21.687-05:00  INFO 21072 --- [transporte-service] [restartedMain] o.apache.catalina.core.StandardEngine    : Starting Servlet engine: [Apache Tomcat/10.1.46]
2025-10-29T01:55:21.748-05:00  INFO 21072 --- [transporte-service] [restartedMain] o.a.c.c.C.[Tomcat].[localhost].[/]       : Initializing Spring embedded WebApplicationContext
2025-10-29T01:55:21.748-05:00  INFO 21072 --- [transporte-service] [restartedMain] w.s.c.ServletWebServerApplicationContext : Root WebApplicationContext: initialization completed in 1221 ms
2025-10-29T01:55:21.893-05:00  INFO 21072 --- [transporte-service] [restartedMain] com.zaxxer.hikari.HikariDataSource       : HikariPool-6 - Starting...
2025-10-29T01:55:21.927-05:00  INFO 21072 --- [transporte-service] [restartedMain] com.zaxxer.hikari.pool.HikariPool        : HikariPool-6 - Added connection com.mysql.cj.jdbc.ConnectionImpl@6250e71
2025-10-29T01:55:21.927-05:00  INFO 21072 --- [transporte-service] [restartedMain] com.zaxxer.hikari.HikariDataSource       : HikariPool-6 - Start completed.
2025-10-29T01:55:21.929-05:00  INFO 21072 --- [transporte-service] [restartedMain] o.hibernate.jpa.internal.util.LogHelper  : HHH000204: Processing PersistenceUnitInfo [name: default]
2025-10-29T01:55:21.935-05:00  INFO 21072 --- [transporte-service] [restartedMain] o.h.c.internal.RegionFactoryInitiator    : HHH000026: Second-level cache disabled
2025-10-29T01:55:21.955-05:00  INFO 21072 --- [transporte-service] [restartedMain] o.s.o.j.p.SpringPersistenceUnitInfo      : No LoadTimeWeaver setup: ignoring JPA class transformer
2025-10-29T01:55:21.958-05:00  INFO 21072 --- [transporte-service] [restartedMain] org.hibernate.orm.connections.pooling    : HHH10001005: Database info:
	Database JDBC URL [Connecting through datasource 'HikariDataSource (HikariPool-6)']
	Database driver: undefined/unknown
	Database version: 8.0.34
	Autocommit mode: undefined/unknown
	Isolation level: undefined/unknown
	Minimum pool size: undefined/unknown
	Maximum pool size: undefined/unknown
2025-10-29T01:55:22.123-05:00  INFO 21072 --- [transporte-service] [restartedMain] o.h.e.t.j.p.i.JtaPlatformInitiator       : HHH000489: No JTA platform available (set 'hibernate.transaction.jta.platform' to enable JTA platform integration)
2025-10-29T01:55:22.123-05:00  INFO 21072 --- [transporte-service] [restartedMain] j.LocalContainerEntityManagerFactoryBean : Initialized JPA EntityManagerFactory for persistence unit 'default'
2025-10-29T01:55:22.285-05:00  WARN 21072 --- [transporte-service] [restartedMain] JpaBaseConfiguration$JpaWebConfiguration : spring.jpa.open-in-view is enabled by default. Therefore, database queries may be performed during view rendering. Explicitly configure spring.jpa.open-in-view to disable this warning
2025-10-29T01:55:22.315-05:00  WARN 21072 --- [transporte-service] [restartedMain] o.s.b.d.a.OptionalLiveReloadServer       : Unable to start LiveReload server
2025-10-29T01:55:22.702-05:00  INFO 21072 --- [transporte-service] [restartedMain] o.s.b.a.e.web.EndpointLinksResolver      : Exposing 18 endpoints beneath base path '/actuator'
2025-10-29T01:55:22.932-05:00  INFO 21072 --- [transporte-service] [restartedMain] DiscoveryClientOptionalArgsConfiguration : Eureka HTTP Client uses RestTemplate.
2025-10-29T01:55:22.945-05:00  WARN 21072 --- [transporte-service] [restartedMain] iguration$LoadBalancerCaffeineWarnLogger : Spring Cloud LoadBalancer is currently working with the default cache. While this cache implementation is useful for development and tests, it's recommended to use Caffeine cache in production.You can switch to using Caffeine cache, by adding it and org.springframework.cache.caffeine.CaffeineCacheManager to the classpath.
2025-10-29T01:55:22.995-05:00  INFO 21072 --- [transporte-service] [restartedMain] o.s.b.w.embedded.tomcat.TomcatWebServer  : Tomcat started on port 60982 (http) with context path '/'
2025-10-29T01:55:22.998-05:00  INFO 21072 --- [transporte-service] [restartedMain] .s.c.n.e.s.EurekaAutoServiceRegistration : Updating port to 60982
2025-10-29T01:55:22.999-05:00  INFO 21072 --- [transporte-service] [restartedMain] o.s.c.n.eureka.InstanceInfoFactory       : Setting initial instance status as: STARTING
2025-10-29T01:55:23.002-05:00  INFO 21072 --- [transporte-service] [restartedMain] com.netflix.discovery.DiscoveryClient    : Initializing Eureka in region us-east-1
2025-10-29T01:55:23.003-05:00  INFO 21072 --- [transporte-service] [restartedMain] c.n.d.s.r.aws.ConfigClusterResolver      : Resolving eureka endpoints via configuration
2025-10-29T01:55:23.003-05:00  INFO 21072 --- [transporte-service] [restartedMain] com.netflix.discovery.DiscoveryClient    : Disable delta property : false
2025-10-29T01:55:23.004-05:00  INFO 21072 --- [transporte-service] [restartedMain] com.netflix.discovery.DiscoveryClient    : Single vip registry refresh property : null
2025-10-29T01:55:23.004-05:00  INFO 21072 --- [transporte-service] [restartedMain] com.netflix.discovery.DiscoveryClient    : Force full registry fetch : false
2025-10-29T01:55:23.004-05:00  INFO 21072 --- [transporte-service] [restartedMain] com.netflix.discovery.DiscoveryClient    : Application is null : false
2025-10-29T01:55:23.004-05:00  INFO 21072 --- [transporte-service] [restartedMain] com.netflix.discovery.DiscoveryClient    : Registered Applications size is zero : true
2025-10-29T01:55:23.004-05:00  INFO 21072 --- [transporte-service] [restartedMain] com.netflix.discovery.DiscoveryClient    : Application version is -1: true
2025-10-29T01:55:23.004-05:00  INFO 21072 --- [transporte-service] [restartedMain] com.netflix.discovery.DiscoveryClient    : Getting all instance registry info from the eureka server
2025-10-29T01:55:23.042-05:00  INFO 21072 --- [transporte-service] [restartedMain] com.netflix.discovery.DiscoveryClient    : The response status is 200
2025-10-29T01:55:23.044-05:00  INFO 21072 --- [transporte-service] [restartedMain] com.netflix.discovery.DiscoveryClient    : Starting heartbeat executor: renew interval is: 30
2025-10-29T01:55:23.044-05:00  INFO 21072 --- [transporte-service] [restartedMain] c.n.discovery.InstanceInfoReplicator     : InstanceInfoReplicator onDemand update allowed rate per min is 4
2025-10-29T01:55:23.045-05:00  INFO 21072 --- [transporte-service] [restartedMain] com.netflix.discovery.DiscoveryClient    : Discovery Client initialized at timestamp 1761720923045 with initial instances count: 6
2025-10-29T01:55:23.048-05:00  INFO 21072 --- [transporte-service] [restartedMain] o.s.c.n.e.s.EurekaServiceRegistry        : Registering application TRANSPORTE-SERVICE with eureka with status UP
2025-10-29T01:55:23.050-05:00  INFO 21072 --- [transporte-service] [restartedMain] com.netflix.discovery.DiscoveryClient    : Saw local status change event StatusChangeEvent [timestamp=1761720923050, current=UP, previous=STARTING]
2025-10-29T01:55:23.050-05:00  INFO 21072 --- [transporte-service] [DiscoveryClient-InstanceInfoReplicator-%d] com.netflix.discovery.DiscoveryClient    : DiscoveryClient_TRANSPORTE-SERVICE/transporte-service:8d18a1cc1736f68b7cd4fa50dc47bcf0: registering service...
2025-10-29T01:55:23.076-05:00  INFO 21072 --- [transporte-service] [DiscoveryClient-InstanceInfoReplicator-%d] com.netflix.discovery.DiscoveryClient    : DiscoveryClient_TRANSPORTE-SERVICE/transporte-service:8d18a1cc1736f68b7cd4fa50dc47bcf0 - registration status: 204
2025-10-29T01:55:23.084-05:00  INFO 21072 --- [transporte-service] [restartedMain] o.cibertec.TransporteServiceApplication  : Started TransporteServiceApplication in 2.678 seconds (process running for 598.986)
2025-10-29T01:55:23.088-05:00  INFO 21072 --- [transporte-service] [restartedMain] .ConditionEvaluationDeltaLoggingListener : Condition evaluation unchanged
2025-10-29T01:55:33.605-05:00  INFO 21072 --- [transporte-service] [File Watcher] rtingClassPathChangeChangedEventListener : Restarting due to 1 class path change (0 additions, 0 deletions, 1 modification)
2025-10-29T01:55:33.606-05:00  INFO 21072 --- [transporte-service] [Thread-31] o.s.c.n.e.s.EurekaServiceRegistry        : Unregistering application TRANSPORTE-SERVICE with eureka with status DOWN
2025-10-29T01:55:33.606-05:00  INFO 21072 --- [transporte-service] [Thread-31] com.netflix.discovery.DiscoveryClient    : Saw local status change event StatusChangeEvent [timestamp=1761720933606, current=DOWN, previous=UP]
2025-10-29T01:55:33.608-05:00  INFO 21072 --- [transporte-service] [DiscoveryClient-InstanceInfoReplicator-%d] com.netflix.discovery.DiscoveryClient    : DiscoveryClient_TRANSPORTE-SERVICE/transporte-service:8d18a1cc1736f68b7cd4fa50dc47bcf0: registering service...
2025-10-29T01:55:33.609-05:00  INFO 21072 --- [transporte-service] [Thread-31] o.s.b.w.e.tomcat.GracefulShutdown        : Commencing graceful shutdown. Waiting for active requests to complete
2025-10-29T01:55:33.618-05:00  INFO 21072 --- [transporte-service] [tomcat-shutdown] o.s.b.w.e.tomcat.GracefulShutdown        : Graceful shutdown complete
2025-10-29T01:55:33.619-05:00  INFO 21072 --- [transporte-service] [DiscoveryClient-InstanceInfoReplicator-%d] com.netflix.discovery.DiscoveryClient    : DiscoveryClient_TRANSPORTE-SERVICE/transporte-service:8d18a1cc1736f68b7cd4fa50dc47bcf0 - registration status: 204
2025-10-29T01:55:33.624-05:00  INFO 21072 --- [transporte-service] [Thread-31] j.LocalContainerEntityManagerFactoryBean : Closing JPA EntityManagerFactory for persistence unit 'default'
2025-10-29T01:55:33.624-05:00  INFO 21072 --- [transporte-service] [Thread-31] com.zaxxer.hikari.HikariDataSource       : HikariPool-6 - Shutdown initiated...
2025-10-29T01:55:33.630-05:00  INFO 21072 --- [transporte-service] [Thread-31] com.zaxxer.hikari.HikariDataSource       : HikariPool-6 - Shutdown completed.
2025-10-29T01:55:33.632-05:00  INFO 21072 --- [transporte-service] [Thread-31] com.netflix.discovery.DiscoveryClient    : Shutting down DiscoveryClient ...
2025-10-29T01:55:36.640-05:00  INFO 21072 --- [transporte-service] [Thread-31] com.netflix.discovery.DiscoveryClient    : Unregistering ...
2025-10-29T01:55:36.658-05:00  INFO 21072 --- [transporte-service] [Thread-31] com.netflix.discovery.DiscoveryClient    : DiscoveryClient_TRANSPORTE-SERVICE/transporte-service:8d18a1cc1736f68b7cd4fa50dc47bcf0 - deregister  status: 200
2025-10-29T01:55:36.658-05:00  INFO 21072 --- [transporte-service] [Thread-31] com.netflix.discovery.DiscoveryClient    : Completed shut down of DiscoveryClient
2025-10-29T01:55:36.869-05:00  INFO 21072 --- [transporte-service] [restartedMain] o.cibertec.TransporteServiceApplication  : Starting TransporteServiceApplication using Java 21.0.8 with PID 21072 (C:\Users\ronca\OneDrive\Escritorio\Dev\DAW2\transporte-service\target\classes started by Arturo in C:\Users\ronca\OneDrive\Escritorio\Dev\DAW2\transporte-service)
2025-10-29T01:55:36.869-05:00  INFO 21072 --- [transporte-service] [restartedMain] o.cibertec.TransporteServiceApplication  : No active profile set, falling back to 1 default profile: "default"
2025-10-29T01:55:36.871-05:00  INFO 21072 --- [transporte-service] [restartedMain] o.s.c.c.c.ConfigServerConfigDataLoader   : Fetching config from server at : http://localhost:8888
2025-10-29T01:55:36.871-05:00  INFO 21072 --- [transporte-service] [restartedMain] o.s.c.c.c.ConfigServerConfigDataLoader   : Located environment: name=transporte-service, profiles=[default], label=null, version=null, state=null
2025-10-29T01:55:37.598-05:00  INFO 21072 --- [transporte-service] [restartedMain] .s.d.r.c.RepositoryConfigurationDelegate : Bootstrapping Spring Data JPA repositories in DEFAULT mode.
2025-10-29T01:55:37.614-05:00  INFO 21072 --- [transporte-service] [restartedMain] .s.d.r.c.RepositoryConfigurationDelegate : Finished Spring Data repository scanning in 13 ms. Found 1 JPA repository interface.
2025-10-29T01:55:37.785-05:00  INFO 21072 --- [transporte-service] [restartedMain] o.s.cloud.context.scope.GenericScope     : BeanFactory id=6f1174e2-a475-3867-b451-08caef5f5675
2025-10-29T01:55:37.909-05:00  INFO 21072 --- [transporte-service] [restartedMain] o.s.b.w.embedded.tomcat.TomcatWebServer  : Tomcat initialized with port 0 (http)
2025-10-29T01:55:37.910-05:00  INFO 21072 --- [transporte-service] [restartedMain] o.apache.catalina.core.StandardService   : Starting service [Tomcat]
2025-10-29T01:55:37.910-05:00  INFO 21072 --- [transporte-service] [restartedMain] o.apache.catalina.core.StandardEngine    : Starting Servlet engine: [Apache Tomcat/10.1.46]
2025-10-29T01:55:37.970-05:00  INFO 21072 --- [transporte-service] [restartedMain] o.a.c.c.C.[Tomcat].[localhost].[/]       : Initializing Spring embedded WebApplicationContext
2025-10-29T01:55:37.970-05:00  INFO 21072 --- [transporte-service] [restartedMain] w.s.c.ServletWebServerApplicationContext : Root WebApplicationContext: initialization completed in 1098 ms
2025-10-29T01:55:38.112-05:00  INFO 21072 --- [transporte-service] [restartedMain] com.zaxxer.hikari.HikariDataSource       : HikariPool-7 - Starting...
2025-10-29T01:55:38.126-05:00  INFO 21072 --- [transporte-service] [restartedMain] com.zaxxer.hikari.pool.HikariPool        : HikariPool-7 - Added connection com.mysql.cj.jdbc.ConnectionImpl@5dfdeb7c
2025-10-29T01:55:38.126-05:00  INFO 21072 --- [transporte-service] [restartedMain] com.zaxxer.hikari.HikariDataSource       : HikariPool-7 - Start completed.
2025-10-29T01:55:38.128-05:00  INFO 21072 --- [transporte-service] [restartedMain] o.hibernate.jpa.internal.util.LogHelper  : HHH000204: Processing PersistenceUnitInfo [name: default]
2025-10-29T01:55:38.134-05:00  INFO 21072 --- [transporte-service] [restartedMain] o.h.c.internal.RegionFactoryInitiator    : HHH000026: Second-level cache disabled
2025-10-29T01:55:38.151-05:00  INFO 21072 --- [transporte-service] [restartedMain] o.s.o.j.p.SpringPersistenceUnitInfo      : No LoadTimeWeaver setup: ignoring JPA class transformer
2025-10-29T01:55:38.155-05:00  INFO 21072 --- [transporte-service] [restartedMain] org.hibernate.orm.connections.pooling    : HHH10001005: Database info:
	Database JDBC URL [Connecting through datasource 'HikariDataSource (HikariPool-7)']
	Database driver: undefined/unknown
	Database version: 8.0.34
	Autocommit mode: undefined/unknown
	Isolation level: undefined/unknown
	Minimum pool size: undefined/unknown
	Maximum pool size: undefined/unknown
2025-10-29T01:55:38.311-05:00  INFO 21072 --- [transporte-service] [restartedMain] o.h.e.t.j.p.i.JtaPlatformInitiator       : HHH000489: No JTA platform available (set 'hibernate.transaction.jta.platform' to enable JTA platform integration)
2025-10-29T01:55:38.311-05:00  INFO 21072 --- [transporte-service] [restartedMain] j.LocalContainerEntityManagerFactoryBean : Initialized JPA EntityManagerFactory for persistence unit 'default'
2025-10-29T01:55:38.443-05:00  WARN 21072 --- [transporte-service] [restartedMain] JpaBaseConfiguration$JpaWebConfiguration : spring.jpa.open-in-view is enabled by default. Therefore, database queries may be performed during view rendering. Explicitly configure spring.jpa.open-in-view to disable this warning
2025-10-29T01:55:38.477-05:00  WARN 21072 --- [transporte-service] [restartedMain] o.s.b.d.a.OptionalLiveReloadServer       : Unable to start LiveReload server
2025-10-29T01:55:38.821-05:00  INFO 21072 --- [transporte-service] [restartedMain] o.s.b.a.e.web.EndpointLinksResolver      : Exposing 18 endpoints beneath base path '/actuator'
2025-10-29T01:55:39.094-05:00  INFO 21072 --- [transporte-service] [restartedMain] DiscoveryClientOptionalArgsConfiguration : Eureka HTTP Client uses RestTemplate.
2025-10-29T01:55:39.114-05:00  WARN 21072 --- [transporte-service] [restartedMain] iguration$LoadBalancerCaffeineWarnLogger : Spring Cloud LoadBalancer is currently working with the default cache. While this cache implementation is useful for development and tests, it's recommended to use Caffeine cache in production.You can switch to using Caffeine cache, by adding it and org.springframework.cache.caffeine.CaffeineCacheManager to the classpath.
2025-10-29T01:55:39.163-05:00  INFO 21072 --- [transporte-service] [restartedMain] o.s.b.w.embedded.tomcat.TomcatWebServer  : Tomcat started on port 50773 (http) with context path '/'
2025-10-29T01:55:39.192-05:00  INFO 21072 --- [transporte-service] [restartedMain] .s.c.n.e.s.EurekaAutoServiceRegistration : Updating port to 50773
2025-10-29T01:55:39.195-05:00  INFO 21072 --- [transporte-service] [restartedMain] o.s.c.n.eureka.InstanceInfoFactory       : Setting initial instance status as: STARTING
2025-10-29T01:55:39.200-05:00  INFO 21072 --- [transporte-service] [restartedMain] com.netflix.discovery.DiscoveryClient    : Initializing Eureka in region us-east-1
2025-10-29T01:55:39.200-05:00  INFO 21072 --- [transporte-service] [restartedMain] c.n.d.s.r.aws.ConfigClusterResolver      : Resolving eureka endpoints via configuration
2025-10-29T01:55:39.202-05:00  INFO 21072 --- [transporte-service] [restartedMain] com.netflix.discovery.DiscoveryClient    : Disable delta property : false
2025-10-29T01:55:39.202-05:00  INFO 21072 --- [transporte-service] [restartedMain] com.netflix.discovery.DiscoveryClient    : Single vip registry refresh property : null
2025-10-29T01:55:39.202-05:00  INFO 21072 --- [transporte-service] [restartedMain] com.netflix.discovery.DiscoveryClient    : Force full registry fetch : false
2025-10-29T01:55:39.202-05:00  INFO 21072 --- [transporte-service] [restartedMain] com.netflix.discovery.DiscoveryClient    : Application is null : false
2025-10-29T01:55:39.202-05:00  INFO 21072 --- [transporte-service] [restartedMain] com.netflix.discovery.DiscoveryClient    : Registered Applications size is zero : true
2025-10-29T01:55:39.202-05:00  INFO 21072 --- [transporte-service] [restartedMain] com.netflix.discovery.DiscoveryClient    : Application version is -1: true
2025-10-29T01:55:39.202-05:00  INFO 21072 --- [transporte-service] [restartedMain] com.netflix.discovery.DiscoveryClient    : Getting all instance registry info from the eureka server
2025-10-29T01:55:39.248-05:00  INFO 21072 --- [transporte-service] [restartedMain] com.netflix.discovery.DiscoveryClient    : The response status is 200
2025-10-29T01:55:39.248-05:00  INFO 21072 --- [transporte-service] [restartedMain] com.netflix.discovery.DiscoveryClient    : Starting heartbeat executor: renew interval is: 30
2025-10-29T01:55:39.249-05:00  INFO 21072 --- [transporte-service] [restartedMain] c.n.discovery.InstanceInfoReplicator     : InstanceInfoReplicator onDemand update allowed rate per min is 4
2025-10-29T01:55:39.249-05:00  INFO 21072 --- [transporte-service] [restartedMain] com.netflix.discovery.DiscoveryClient    : Discovery Client initialized at timestamp 1761720939249 with initial instances count: 6
2025-10-29T01:55:39.253-05:00  INFO 21072 --- [transporte-service] [restartedMain] o.s.c.n.e.s.EurekaServiceRegistry        : Registering application TRANSPORTE-SERVICE with eureka with status UP
2025-10-29T01:55:39.253-05:00  INFO 21072 --- [transporte-service] [restartedMain] com.netflix.discovery.DiscoveryClient    : Saw local status change event StatusChangeEvent [timestamp=1761720939253, current=UP, previous=STARTING]
2025-10-29T01:55:39.253-05:00  INFO 21072 --- [transporte-service] [DiscoveryClient-InstanceInfoReplicator-%d] com.netflix.discovery.DiscoveryClient    : DiscoveryClient_TRANSPORTE-SERVICE/transporte-service:db41e4d2f22cbb9dfee3128275b76dc1: registering service...
2025-10-29T01:55:39.268-05:00  INFO 21072 --- [transporte-service] [DiscoveryClient-InstanceInfoReplicator-%d] com.netflix.discovery.DiscoveryClient    : DiscoveryClient_TRANSPORTE-SERVICE/transporte-service:db41e4d2f22cbb9dfee3128275b76dc1 - registration status: 204
2025-10-29T01:55:39.275-05:00  INFO 21072 --- [transporte-service] [restartedMain] o.cibertec.TransporteServiceApplication  : Started TransporteServiceApplication in 2.502 seconds (process running for 615.177)
2025-10-29T01:55:39.278-05:00  INFO 21072 --- [transporte-service] [restartedMain] .ConditionEvaluationDeltaLoggingListener : Condition evaluation unchanged
2025-10-29T01:55:59.653-05:00  INFO 21072 --- [transporte-service] [RMI TCP Connection(24)-127.0.0.1] inMXBeanRegistrar$SpringApplicationAdmin : Application shutdown requested.
2025-10-29T01:55:59.654-05:00  INFO 21072 --- [transporte-service] [RMI TCP Connection(24)-127.0.0.1] o.s.c.n.e.s.EurekaServiceRegistry        : Unregistering application TRANSPORTE-SERVICE with eureka with status DOWN
2025-10-29T01:55:59.654-05:00  INFO 21072 --- [transporte-service] [RMI TCP Connection(24)-127.0.0.1] com.netflix.discovery.DiscoveryClient    : Saw local status change event StatusChangeEvent [timestamp=1761720959654, current=DOWN, previous=UP]
2025-10-29T01:55:59.654-05:00  INFO 21072 --- [transporte-service] [DiscoveryClient-InstanceInfoReplicator-%d] com.netflix.discovery.DiscoveryClient    : DiscoveryClient_TRANSPORTE-SERVICE/transporte-service:db41e4d2f22cbb9dfee3128275b76dc1: registering service...
2025-10-29T01:55:59.655-05:00  INFO 21072 --- [transporte-service] [RMI TCP Connection(24)-127.0.0.1] o.s.b.w.e.tomcat.GracefulShutdown        : Commencing graceful shutdown. Waiting for active requests to complete
2025-10-29T01:55:59.667-05:00  INFO 21072 --- [transporte-service] [tomcat-shutdown] o.s.b.w.e.tomcat.GracefulShutdown        : Graceful shutdown complete
2025-10-29T01:55:59.672-05:00  INFO 21072 --- [transporte-service] [RMI TCP Connection(24)-127.0.0.1] j.LocalContainerEntityManagerFactoryBean : Closing JPA EntityManagerFactory for persistence unit 'default'
2025-10-29T01:55:59.673-05:00  INFO 21072 --- [transporte-service] [RMI TCP Connection(24)-127.0.0.1] com.zaxxer.hikari.HikariDataSource       : HikariPool-7 - Shutdown initiated...
2025-10-29T01:55:59.674-05:00  INFO 21072 --- [transporte-service] [DiscoveryClient-InstanceInfoReplicator-%d] com.netflix.discovery.DiscoveryClient    : DiscoveryClient_TRANSPORTE-SERVICE/transporte-service:db41e4d2f22cbb9dfee3128275b76dc1 - registration status: 204
2025-10-29T01:55:59.681-05:00  INFO 21072 --- [transporte-service] [RMI TCP Connection(24)-127.0.0.1] com.zaxxer.hikari.HikariDataSource       : HikariPool-7 - Shutdown completed.
2025-10-29T01:55:59.681-05:00  INFO 21072 --- [transporte-service] [RMI TCP Connection(24)-127.0.0.1] com.netflix.discovery.DiscoveryClient    : Shutting down DiscoveryClient ...
2025-10-29T01:56:02.685-05:00  INFO 21072 --- [transporte-service] [RMI TCP Connection(24)-127.0.0.1] com.netflix.discovery.DiscoveryClient    : Unregistering ...
2025-10-29T01:56:02.703-05:00  INFO 21072 --- [transporte-service] [RMI TCP Connection(24)-127.0.0.1] com.netflix.discovery.DiscoveryClient    : DiscoveryClient_TRANSPORTE-SERVICE/transporte-service:db41e4d2f22cbb9dfee3128275b76dc1 - deregister  status: 200
2025-10-29T01:56:02.703-05:00  INFO 21072 --- [transporte-service] [RMI TCP Connection(24)-127.0.0.1] com.netflix.discovery.DiscoveryClient    : Completed shut down of DiscoveryClient
2025-10-29T01:56:13.088-05:00  INFO 12168 --- [transporte-service] [restartedMain] o.cibertec.TransporteServiceApplication  : Starting TransporteServiceApplication using Java 21.0.8 with PID 12168 (C:\Users\ronca\OneDrive\Escritorio\Dev\DAW2\transporte-service\target\classes started by Arturo in C:\Users\ronca\OneDrive\Escritorio\Dev\DAW2\transporte-service)
2025-10-29T01:56:13.092-05:00  INFO 12168 --- [transporte-service] [restartedMain] o.cibertec.TransporteServiceApplication  : No active profile set, falling back to 1 default profile: "default"
2025-10-29T01:56:13.184-05:00  INFO 12168 --- [transporte-service] [restartedMain] o.s.c.c.c.ConfigServerConfigDataLoader   : Fetching config from server at : http://localhost:8888
2025-10-29T01:56:13.185-05:00  INFO 12168 --- [transporte-service] [restartedMain] o.s.c.c.c.ConfigServerConfigDataLoader   : Located environment: name=transporte-service, profiles=[default], label=null, version=null, state=null
2025-10-29T01:56:13.191-05:00  INFO 12168 --- [transporte-service] [restartedMain] .e.DevToolsPropertyDefaultsPostProcessor : Devtools property defaults active! Set 'spring.devtools.add-properties' to 'false' to disable
2025-10-29T01:56:13.191-05:00  INFO 12168 --- [transporte-service] [restartedMain] .e.DevToolsPropertyDefaultsPostProcessor : For additional web related logging consider setting the 'logging.level.web' property to 'DEBUG'
2025-10-29T01:56:15.768-05:00  INFO 12168 --- [transporte-service] [restartedMain] .s.d.r.c.RepositoryConfigurationDelegate : Bootstrapping Spring Data JPA repositories in DEFAULT mode.
2025-10-29T01:56:16.043-05:00  INFO 12168 --- [transporte-service] [restartedMain] .s.d.r.c.RepositoryConfigurationDelegate : Finished Spring Data repository scanning in 256 ms. Found 1 JPA repository interface.
2025-10-29T01:56:16.668-05:00  INFO 12168 --- [transporte-service] [restartedMain] o.s.cloud.context.scope.GenericScope     : BeanFactory id=6f1174e2-a475-3867-b451-08caef5f5675
2025-10-29T01:56:18.361-05:00  INFO 12168 --- [transporte-service] [restartedMain] o.s.b.w.embedded.tomcat.TomcatWebServer  : Tomcat initialized with port 0 (http)
2025-10-29T01:56:18.387-05:00  INFO 12168 --- [transporte-service] [restartedMain] o.apache.catalina.core.StandardService   : Starting service [Tomcat]
2025-10-29T01:56:18.388-05:00  INFO 12168 --- [transporte-service] [restartedMain] o.apache.catalina.core.StandardEngine    : Starting Servlet engine: [Apache Tomcat/10.1.46]
2025-10-29T01:56:18.511-05:00  INFO 12168 --- [transporte-service] [restartedMain] o.a.c.c.C.[Tomcat].[localhost].[/]       : Initializing Spring embedded WebApplicationContext
2025-10-29T01:56:18.512-05:00  INFO 12168 --- [transporte-service] [restartedMain] w.s.c.ServletWebServerApplicationContext : Root WebApplicationContext: initialization completed in 5319 ms
2025-10-29T01:56:19.091-05:00  INFO 12168 --- [transporte-service] [restartedMain] com.zaxxer.hikari.HikariDataSource       : HikariPool-1 - Starting...
2025-10-29T01:56:19.750-05:00  INFO 12168 --- [transporte-service] [restartedMain] com.zaxxer.hikari.pool.HikariPool        : HikariPool-1 - Added connection com.mysql.cj.jdbc.ConnectionImpl@25c72541
2025-10-29T01:56:19.754-05:00  INFO 12168 --- [transporte-service] [restartedMain] com.zaxxer.hikari.HikariDataSource       : HikariPool-1 - Start completed.
2025-10-29T01:56:19.879-05:00  INFO 12168 --- [transporte-service] [restartedMain] o.hibernate.jpa.internal.util.LogHelper  : HHH000204: Processing PersistenceUnitInfo [name: default]
2025-10-29T01:56:20.084-05:00  INFO 12168 --- [transporte-service] [restartedMain] org.hibernate.Version                    : HHH000412: Hibernate ORM core version 6.6.29.Final
2025-10-29T01:56:20.195-05:00  INFO 12168 --- [transporte-service] [restartedMain] o.h.c.internal.RegionFactoryInitiator    : HHH000026: Second-level cache disabled
2025-10-29T01:56:20.933-05:00  INFO 12168 --- [transporte-service] [restartedMain] o.s.o.j.p.SpringPersistenceUnitInfo      : No LoadTimeWeaver setup: ignoring JPA class transformer
2025-10-29T01:56:21.170-05:00  INFO 12168 --- [transporte-service] [restartedMain] org.hibernate.orm.connections.pooling    : HHH10001005: Database info:
	Database JDBC URL [Connecting through datasource 'HikariDataSource (HikariPool-1)']
	Database driver: undefined/unknown
	Database version: 8.0.34
	Autocommit mode: undefined/unknown
	Isolation level: undefined/unknown
	Minimum pool size: undefined/unknown
	Maximum pool size: undefined/unknown
2025-10-29T01:56:23.561-05:00  INFO 12168 --- [transporte-service] [restartedMain] o.h.e.t.j.p.i.JtaPlatformInitiator       : HHH000489: No JTA platform available (set 'hibernate.transaction.jta.platform' to enable JTA platform integration)
2025-10-29T01:56:23.567-05:00  INFO 12168 --- [transporte-service] [restartedMain] j.LocalContainerEntityManagerFactoryBean : Initialized JPA EntityManagerFactory for persistence unit 'default'
2025-10-29T01:56:24.198-05:00  WARN 12168 --- [transporte-service] [restartedMain] JpaBaseConfiguration$JpaWebConfiguration : spring.jpa.open-in-view is enabled by default. Therefore, database queries may be performed during view rendering. Explicitly configure spring.jpa.open-in-view to disable this warning
2025-10-29T01:56:24.319-05:00  INFO 12168 --- [transporte-service] [restartedMain] o.s.b.d.a.OptionalLiveReloadServer       : LiveReload server is running on port 35729
2025-10-29T01:56:25.642-05:00  INFO 12168 --- [transporte-service] [restartedMain] o.s.b.a.e.web.EndpointLinksResolver      : Exposing 18 endpoints beneath base path '/actuator'
2025-10-29T01:56:26.623-05:00  INFO 12168 --- [transporte-service] [restartedMain] DiscoveryClientOptionalArgsConfiguration : Eureka HTTP Client uses RestTemplate.
2025-10-29T01:56:26.684-05:00  WARN 12168 --- [transporte-service] [restartedMain] iguration$LoadBalancerCaffeineWarnLogger : Spring Cloud LoadBalancer is currently working with the default cache. While this cache implementation is useful for development and tests, it's recommended to use Caffeine cache in production.You can switch to using Caffeine cache, by adding it and org.springframework.cache.caffeine.CaffeineCacheManager to the classpath.
2025-10-29T01:56:27.062-05:00  INFO 12168 --- [transporte-service] [restartedMain] o.s.b.w.embedded.tomcat.TomcatWebServer  : Tomcat started on port 50911 (http) with context path '/'
2025-10-29T01:56:27.065-05:00  INFO 12168 --- [transporte-service] [restartedMain] .s.c.n.e.s.EurekaAutoServiceRegistration : Updating port to 50911
2025-10-29T01:56:27.077-05:00  INFO 12168 --- [transporte-service] [restartedMain] o.s.c.n.eureka.InstanceInfoFactory       : Setting initial instance status as: STARTING
2025-10-29T01:56:27.132-05:00  INFO 12168 --- [transporte-service] [restartedMain] com.netflix.discovery.DiscoveryClient    : Initializing Eureka in region us-east-1
2025-10-29T01:56:27.141-05:00  INFO 12168 --- [transporte-service] [restartedMain] c.n.d.s.r.aws.ConfigClusterResolver      : Resolving eureka endpoints via configuration
2025-10-29T01:56:27.167-05:00  INFO 12168 --- [transporte-service] [restartedMain] com.netflix.discovery.DiscoveryClient    : Disable delta property : false
2025-10-29T01:56:27.168-05:00  INFO 12168 --- [transporte-service] [restartedMain] com.netflix.discovery.DiscoveryClient    : Single vip registry refresh property : null
2025-10-29T01:56:27.168-05:00  INFO 12168 --- [transporte-service] [restartedMain] com.netflix.discovery.DiscoveryClient    : Force full registry fetch : false
2025-10-29T01:56:27.168-05:00  INFO 12168 --- [transporte-service] [restartedMain] com.netflix.discovery.DiscoveryClient    : Application is null : false
2025-10-29T01:56:27.168-05:00  INFO 12168 --- [transporte-service] [restartedMain] com.netflix.discovery.DiscoveryClient    : Registered Applications size is zero : true
2025-10-29T01:56:27.169-05:00  INFO 12168 --- [transporte-service] [restartedMain] com.netflix.discovery.DiscoveryClient    : Application version is -1: true
2025-10-29T01:56:27.169-05:00  INFO 12168 --- [transporte-service] [restartedMain] com.netflix.discovery.DiscoveryClient    : Getting all instance registry info from the eureka server
2025-10-29T01:56:27.841-05:00  INFO 12168 --- [transporte-service] [restartedMain] com.netflix.discovery.DiscoveryClient    : The response status is 200
2025-10-29T01:56:27.847-05:00  INFO 12168 --- [transporte-service] [restartedMain] com.netflix.discovery.DiscoveryClient    : Starting heartbeat executor: renew interval is: 30
2025-10-29T01:56:27.855-05:00  INFO 12168 --- [transporte-service] [restartedMain] c.n.discovery.InstanceInfoReplicator     : InstanceInfoReplicator onDemand update allowed rate per min is 4
2025-10-29T01:56:27.861-05:00  INFO 12168 --- [transporte-service] [restartedMain] com.netflix.discovery.DiscoveryClient    : Discovery Client initialized at timestamp 1761720987860 with initial instances count: 6
2025-10-29T01:56:27.869-05:00  INFO 12168 --- [transporte-service] [restartedMain] o.s.c.n.e.s.EurekaServiceRegistry        : Registering application TRANSPORTE-SERVICE with eureka with status UP
2025-10-29T01:56:27.870-05:00  INFO 12168 --- [transporte-service] [restartedMain] com.netflix.discovery.DiscoveryClient    : Saw local status change event StatusChangeEvent [timestamp=1761720987870, current=UP, previous=STARTING]
2025-10-29T01:56:27.875-05:00  INFO 12168 --- [transporte-service] [DiscoveryClient-InstanceInfoReplicator-%d] com.netflix.discovery.DiscoveryClient    : DiscoveryClient_TRANSPORTE-SERVICE/transporte-service:d509dd5e6fc2e0cb63172ac4db0c1133: registering service...
2025-10-29T01:56:27.940-05:00  INFO 12168 --- [transporte-service] [restartedMain] o.cibertec.TransporteServiceApplication  : Started TransporteServiceApplication in 17.043 seconds (process running for 19.083)
2025-10-29T01:56:27.996-05:00  INFO 12168 --- [transporte-service] [DiscoveryClient-InstanceInfoReplicator-%d] com.netflix.discovery.DiscoveryClient    : DiscoveryClient_TRANSPORTE-SERVICE/transporte-service:d509dd5e6fc2e0cb63172ac4db0c1133 - registration status: 204
2025-10-29T01:56:28.344-05:00  INFO 12168 --- [transporte-service] [RMI TCP Connection(6)-127.0.0.1] o.a.c.c.C.[Tomcat].[localhost].[/]       : Initializing Spring DispatcherServlet 'dispatcherServlet'
2025-10-29T01:56:28.344-05:00  INFO 12168 --- [transporte-service] [RMI TCP Connection(6)-127.0.0.1] o.s.web.servlet.DispatcherServlet        : Initializing Servlet 'dispatcherServlet'
2025-10-29T01:56:28.346-05:00  INFO 12168 --- [transporte-service] [RMI TCP Connection(6)-127.0.0.1] o.s.web.servlet.DispatcherServlet        : Completed initialization in 2 ms
2025-10-29T02:01:27.173-05:00  INFO 12168 --- [transporte-service] [AsyncResolver-bootstrap-executor-%d] c.n.d.s.r.aws.ConfigClusterResolver      : Resolving eureka endpoints via configuration
2025-10-29T02:02:16.843-05:00  INFO 12168 --- [transporte-service] [RMI TCP Connection(17)-127.0.0.1] inMXBeanRegistrar$SpringApplicationAdmin : Application shutdown requested.
2025-10-29T02:02:16.844-05:00  INFO 12168 --- [transporte-service] [RMI TCP Connection(17)-127.0.0.1] o.s.c.n.e.s.EurekaServiceRegistry        : Unregistering application TRANSPORTE-SERVICE with eureka with status DOWN
2025-10-29T02:02:16.845-05:00  INFO 12168 --- [transporte-service] [RMI TCP Connection(17)-127.0.0.1] com.netflix.discovery.DiscoveryClient    : Saw local status change event StatusChangeEvent [timestamp=1761721336845, current=DOWN, previous=UP]
2025-10-29T02:02:16.845-05:00  INFO 12168 --- [transporte-service] [DiscoveryClient-InstanceInfoReplicator-%d] com.netflix.discovery.DiscoveryClient    : DiscoveryClient_TRANSPORTE-SERVICE/transporte-service:d509dd5e6fc2e0cb63172ac4db0c1133: registering service...
2025-10-29T02:02:16.849-05:00  INFO 12168 --- [transporte-service] [RMI TCP Connection(17)-127.0.0.1] o.s.b.w.e.tomcat.GracefulShutdown        : Commencing graceful shutdown. Waiting for active requests to complete
2025-10-29T02:02:16.862-05:00  INFO 12168 --- [transporte-service] [tomcat-shutdown] o.s.b.w.e.tomcat.GracefulShutdown        : Graceful shutdown complete
2025-10-29T02:02:16.869-05:00  INFO 12168 --- [transporte-service] [DiscoveryClient-InstanceInfoReplicator-%d] com.netflix.discovery.DiscoveryClient    : DiscoveryClient_TRANSPORTE-SERVICE/transporte-service:d509dd5e6fc2e0cb63172ac4db0c1133 - registration status: 204
2025-10-29T02:02:16.885-05:00  INFO 12168 --- [transporte-service] [RMI TCP Connection(17)-127.0.0.1] j.LocalContainerEntityManagerFactoryBean : Closing JPA EntityManagerFactory for persistence unit 'default'
2025-10-29T02:02:16.890-05:00  INFO 12168 --- [transporte-service] [RMI TCP Connection(17)-127.0.0.1] com.zaxxer.hikari.HikariDataSource       : HikariPool-1 - Shutdown initiated...
2025-10-29T02:02:16.907-05:00  INFO 12168 --- [transporte-service] [RMI TCP Connection(17)-127.0.0.1] com.zaxxer.hikari.HikariDataSource       : HikariPool-1 - Shutdown completed.
2025-10-29T02:02:16.908-05:00  INFO 12168 --- [transporte-service] [RMI TCP Connection(17)-127.0.0.1] com.netflix.discovery.DiscoveryClient    : Shutting down DiscoveryClient ...
2025-10-29T02:02:19.914-05:00  INFO 12168 --- [transporte-service] [RMI TCP Connection(17)-127.0.0.1] com.netflix.discovery.DiscoveryClient    : Unregistering ...
2025-10-29T02:02:19.932-05:00  INFO 12168 --- [transporte-service] [RMI TCP Connection(17)-127.0.0.1] com.netflix.discovery.DiscoveryClient    : DiscoveryClient_TRANSPORTE-SERVICE/transporte-service:d509dd5e6fc2e0cb63172ac4db0c1133 - deregister  status: 200
2025-10-29T02:02:19.932-05:00  INFO 12168 --- [transporte-service] [RMI TCP Connection(17)-127.0.0.1] com.netflix.discovery.DiscoveryClient    : Completed shut down of DiscoveryClient
2025-10-29T02:02:28.742-05:00  INFO 30268 --- [transporte-service] [restartedMain] o.cibertec.TransporteServiceApplication  : Starting TransporteServiceApplication using Java 21.0.8 with PID 30268 (C:\Users\ronca\OneDrive\Escritorio\Dev\DAW2\transporte-service\target\classes started by Arturo in C:\Users\ronca\OneDrive\Escritorio\Dev\DAW2\transporte-service)
2025-10-29T02:02:28.749-05:00  INFO 30268 --- [transporte-service] [restartedMain] o.cibertec.TransporteServiceApplication  : No active profile set, falling back to 1 default profile: "default"
2025-10-29T02:02:28.848-05:00  INFO 30268 --- [transporte-service] [restartedMain] o.s.c.c.c.ConfigServerConfigDataLoader   : Fetching config from server at : http://localhost:8888
2025-10-29T02:02:28.849-05:00  INFO 30268 --- [transporte-service] [restartedMain] o.s.c.c.c.ConfigServerConfigDataLoader   : Located environment: name=transporte-service, profiles=[default], label=null, version=null, state=null
2025-10-29T02:02:28.852-05:00  INFO 30268 --- [transporte-service] [restartedMain] .e.DevToolsPropertyDefaultsPostProcessor : Devtools property defaults active! Set 'spring.devtools.add-properties' to 'false' to disable
2025-10-29T02:02:28.853-05:00  INFO 30268 --- [transporte-service] [restartedMain] .e.DevToolsPropertyDefaultsPostProcessor : For additional web related logging consider setting the 'logging.level.web' property to 'DEBUG'
2025-10-29T02:02:31.258-05:00  INFO 30268 --- [transporte-service] [restartedMain] .s.d.r.c.RepositoryConfigurationDelegate : Bootstrapping Spring Data JPA repositories in DEFAULT mode.
2025-10-29T02:02:31.500-05:00  INFO 30268 --- [transporte-service] [restartedMain] .s.d.r.c.RepositoryConfigurationDelegate : Finished Spring Data repository scanning in 220 ms. Found 1 JPA repository interface.
2025-10-29T02:02:32.029-05:00  INFO 30268 --- [transporte-service] [restartedMain] o.s.cloud.context.scope.GenericScope     : BeanFactory id=6f1174e2-a475-3867-b451-08caef5f5675
2025-10-29T02:02:32.998-05:00  INFO 30268 --- [transporte-service] [restartedMain] o.s.b.w.embedded.tomcat.TomcatWebServer  : Tomcat initialized with port 0 (http)
2025-10-29T02:02:33.028-05:00  INFO 30268 --- [transporte-service] [restartedMain] o.apache.catalina.core.StandardService   : Starting service [Tomcat]
2025-10-29T02:02:33.029-05:00  INFO 30268 --- [transporte-service] [restartedMain] o.apache.catalina.core.StandardEngine    : Starting Servlet engine: [Apache Tomcat/10.1.46]
2025-10-29T02:02:33.141-05:00  INFO 30268 --- [transporte-service] [restartedMain] o.a.c.c.C.[Tomcat].[localhost].[/]       : Initializing Spring embedded WebApplicationContext
2025-10-29T02:02:33.142-05:00  INFO 30268 --- [transporte-service] [restartedMain] w.s.c.ServletWebServerApplicationContext : Root WebApplicationContext: initialization completed in 4287 ms
2025-10-29T02:02:33.667-05:00  INFO 30268 --- [transporte-service] [restartedMain] com.zaxxer.hikari.HikariDataSource       : HikariPool-1 - Starting...
2025-10-29T02:02:34.260-05:00  INFO 30268 --- [transporte-service] [restartedMain] com.zaxxer.hikari.pool.HikariPool        : HikariPool-1 - Added connection com.mysql.cj.jdbc.ConnectionImpl@40a4ea40
2025-10-29T02:02:34.263-05:00  INFO 30268 --- [transporte-service] [restartedMain] com.zaxxer.hikari.HikariDataSource       : HikariPool-1 - Start completed.
2025-10-29T02:02:34.373-05:00  INFO 30268 --- [transporte-service] [restartedMain] o.hibernate.jpa.internal.util.LogHelper  : HHH000204: Processing PersistenceUnitInfo [name: default]
2025-10-29T02:02:34.514-05:00  INFO 30268 --- [transporte-service] [restartedMain] org.hibernate.Version                    : HHH000412: Hibernate ORM core version 6.6.29.Final
2025-10-29T02:02:34.600-05:00  INFO 30268 --- [transporte-service] [restartedMain] o.h.c.internal.RegionFactoryInitiator    : HHH000026: Second-level cache disabled
2025-10-29T02:02:35.274-05:00  INFO 30268 --- [transporte-service] [restartedMain] o.s.o.j.p.SpringPersistenceUnitInfo      : No LoadTimeWeaver setup: ignoring JPA class transformer
2025-10-29T02:02:35.481-05:00  INFO 30268 --- [transporte-service] [restartedMain] org.hibernate.orm.connections.pooling    : HHH10001005: Database info:
	Database JDBC URL [Connecting through datasource 'HikariDataSource (HikariPool-1)']
	Database driver: undefined/unknown
	Database version: 8.0.34
	Autocommit mode: undefined/unknown
	Isolation level: undefined/unknown
	Minimum pool size: undefined/unknown
	Maximum pool size: undefined/unknown
2025-10-29T02:02:37.391-05:00  INFO 30268 --- [transporte-service] [restartedMain] o.h.e.t.j.p.i.JtaPlatformInitiator       : HHH000489: No JTA platform available (set 'hibernate.transaction.jta.platform' to enable JTA platform integration)
2025-10-29T02:02:37.396-05:00  INFO 30268 --- [transporte-service] [restartedMain] j.LocalContainerEntityManagerFactoryBean : Initialized JPA EntityManagerFactory for persistence unit 'default'
2025-10-29T02:02:37.961-05:00  WARN 30268 --- [transporte-service] [restartedMain] JpaBaseConfiguration$JpaWebConfiguration : spring.jpa.open-in-view is enabled by default. Therefore, database queries may be performed during view rendering. Explicitly configure spring.jpa.open-in-view to disable this warning
2025-10-29T02:02:38.044-05:00  INFO 30268 --- [transporte-service] [restartedMain] o.s.b.d.a.OptionalLiveReloadServer       : LiveReload server is running on port 35729
2025-10-29T02:02:39.100-05:00  INFO 30268 --- [transporte-service] [restartedMain] o.s.b.a.e.web.EndpointLinksResolver      : Exposing 18 endpoints beneath base path '/actuator'
2025-10-29T02:02:39.992-05:00  INFO 30268 --- [transporte-service] [restartedMain] DiscoveryClientOptionalArgsConfiguration : Eureka HTTP Client uses RestTemplate.
2025-10-29T02:02:40.035-05:00  WARN 30268 --- [transporte-service] [restartedMain] iguration$LoadBalancerCaffeineWarnLogger : Spring Cloud LoadBalancer is currently working with the default cache. While this cache implementation is useful for development and tests, it's recommended to use Caffeine cache in production.You can switch to using Caffeine cache, by adding it and org.springframework.cache.caffeine.CaffeineCacheManager to the classpath.
2025-10-29T02:02:40.231-05:00  INFO 30268 --- [transporte-service] [restartedMain] o.s.b.w.embedded.tomcat.TomcatWebServer  : Tomcat started on port 57115 (http) with context path '/'
2025-10-29T02:02:40.232-05:00  INFO 30268 --- [transporte-service] [restartedMain] .s.c.n.e.s.EurekaAutoServiceRegistration : Updating port to 57115
2025-10-29T02:02:40.242-05:00  INFO 30268 --- [transporte-service] [restartedMain] o.s.c.n.eureka.InstanceInfoFactory       : Setting initial instance status as: STARTING
2025-10-29T02:02:40.298-05:00  INFO 30268 --- [transporte-service] [restartedMain] com.netflix.discovery.DiscoveryClient    : Initializing Eureka in region us-east-1
2025-10-29T02:02:40.309-05:00  INFO 30268 --- [transporte-service] [restartedMain] c.n.d.s.r.aws.ConfigClusterResolver      : Resolving eureka endpoints via configuration
2025-10-29T02:02:40.329-05:00  INFO 30268 --- [transporte-service] [restartedMain] com.netflix.discovery.DiscoveryClient    : Disable delta property : false
2025-10-29T02:02:40.329-05:00  INFO 30268 --- [transporte-service] [restartedMain] com.netflix.discovery.DiscoveryClient    : Single vip registry refresh property : null
2025-10-29T02:02:40.330-05:00  INFO 30268 --- [transporte-service] [restartedMain] com.netflix.discovery.DiscoveryClient    : Force full registry fetch : false
2025-10-29T02:02:40.330-05:00  INFO 30268 --- [transporte-service] [restartedMain] com.netflix.discovery.DiscoveryClient    : Application is null : false
2025-10-29T02:02:40.330-05:00  INFO 30268 --- [transporte-service] [restartedMain] com.netflix.discovery.DiscoveryClient    : Registered Applications size is zero : true
2025-10-29T02:02:40.330-05:00  INFO 30268 --- [transporte-service] [restartedMain] com.netflix.discovery.DiscoveryClient    : Application version is -1: true
2025-10-29T02:02:40.330-05:00  INFO 30268 --- [transporte-service] [restartedMain] com.netflix.discovery.DiscoveryClient    : Getting all instance registry info from the eureka server
2025-10-29T02:02:40.784-05:00  INFO 30268 --- [transporte-service] [restartedMain] com.netflix.discovery.DiscoveryClient    : The response status is 200
2025-10-29T02:02:40.787-05:00  INFO 30268 --- [transporte-service] [restartedMain] com.netflix.discovery.DiscoveryClient    : Starting heartbeat executor: renew interval is: 30
2025-10-29T02:02:40.794-05:00  INFO 30268 --- [transporte-service] [restartedMain] c.n.discovery.InstanceInfoReplicator     : InstanceInfoReplicator onDemand update allowed rate per min is 4
2025-10-29T02:02:40.796-05:00  INFO 30268 --- [transporte-service] [restartedMain] com.netflix.discovery.DiscoveryClient    : Discovery Client initialized at timestamp 1761721360795 with initial instances count: 2
2025-10-29T02:02:40.803-05:00  INFO 30268 --- [transporte-service] [restartedMain] o.s.c.n.e.s.EurekaServiceRegistry        : Registering application TRANSPORTE-SERVICE with eureka with status UP
2025-10-29T02:02:40.804-05:00  INFO 30268 --- [transporte-service] [restartedMain] com.netflix.discovery.DiscoveryClient    : Saw local status change event StatusChangeEvent [timestamp=1761721360804, current=UP, previous=STARTING]
2025-10-29T02:02:40.807-05:00  INFO 30268 --- [transporte-service] [DiscoveryClient-InstanceInfoReplicator-%d] com.netflix.discovery.DiscoveryClient    : DiscoveryClient_TRANSPORTE-SERVICE/transporte-service:11090dbb3c748d1488dec62fb4103449: registering service...
2025-10-29T02:02:40.837-05:00  INFO 30268 --- [transporte-service] [restartedMain] o.cibertec.TransporteServiceApplication  : Started TransporteServiceApplication in 13.732 seconds (process running for 15.618)
2025-10-29T02:02:40.879-05:00  INFO 30268 --- [transporte-service] [DiscoveryClient-InstanceInfoReplicator-%d] com.netflix.discovery.DiscoveryClient    : DiscoveryClient_TRANSPORTE-SERVICE/transporte-service:11090dbb3c748d1488dec62fb4103449 - registration status: 204
2025-10-29T02:02:41.389-05:00  INFO 30268 --- [transporte-service] [RMI TCP Connection(9)-127.0.0.1] o.a.c.c.C.[Tomcat].[localhost].[/]       : Initializing Spring DispatcherServlet 'dispatcherServlet'
2025-10-29T02:02:41.389-05:00  INFO 30268 --- [transporte-service] [RMI TCP Connection(9)-127.0.0.1] o.s.web.servlet.DispatcherServlet        : Initializing Servlet 'dispatcherServlet'
2025-10-29T02:02:41.393-05:00  INFO 30268 --- [transporte-service] [RMI TCP Connection(9)-127.0.0.1] o.s.web.servlet.DispatcherServlet        : Completed initialization in 4 ms
2025-10-29T02:06:27.520-05:00  INFO 30268 --- [transporte-service] [File Watcher] rtingClassPathChangeChangedEventListener : Restarting due to 1 class path change (0 additions, 0 deletions, 1 modification)
2025-10-29T02:06:27.523-05:00  INFO 30268 --- [transporte-service] [Thread-5] o.s.c.n.e.s.EurekaServiceRegistry        : Unregistering application TRANSPORTE-SERVICE with eureka with status DOWN
2025-10-29T02:06:27.524-05:00  INFO 30268 --- [transporte-service] [Thread-5] com.netflix.discovery.DiscoveryClient    : Saw local status change event StatusChangeEvent [timestamp=1761721587524, current=DOWN, previous=UP]
2025-10-29T02:06:27.524-05:00  INFO 30268 --- [transporte-service] [DiscoveryClient-InstanceInfoReplicator-%d] com.netflix.discovery.DiscoveryClient    : DiscoveryClient_TRANSPORTE-SERVICE/transporte-service:11090dbb3c748d1488dec62fb4103449: registering service...
2025-10-29T02:06:27.527-05:00  INFO 30268 --- [transporte-service] [Thread-5] o.s.b.w.e.tomcat.GracefulShutdown        : Commencing graceful shutdown. Waiting for active requests to complete
2025-10-29T02:06:27.530-05:00  INFO 30268 --- [transporte-service] [DiscoveryClient-InstanceInfoReplicator-%d] com.netflix.discovery.DiscoveryClient    : DiscoveryClient_TRANSPORTE-SERVICE/transporte-service:11090dbb3c748d1488dec62fb4103449 - registration status: 204
2025-10-29T02:06:27.537-05:00  INFO 30268 --- [transporte-service] [tomcat-shutdown] o.s.b.w.e.tomcat.GracefulShutdown        : Graceful shutdown complete
2025-10-29T02:06:27.551-05:00  INFO 30268 --- [transporte-service] [Thread-5] j.LocalContainerEntityManagerFactoryBean : Closing JPA EntityManagerFactory for persistence unit 'default'
2025-10-29T02:06:27.556-05:00  INFO 30268 --- [transporte-service] [Thread-5] com.zaxxer.hikari.HikariDataSource       : HikariPool-1 - Shutdown initiated...
2025-10-29T02:06:27.569-05:00  INFO 30268 --- [transporte-service] [Thread-5] com.zaxxer.hikari.HikariDataSource       : HikariPool-1 - Shutdown completed.
2025-10-29T02:06:27.570-05:00  INFO 30268 --- [transporte-service] [Thread-5] com.netflix.discovery.DiscoveryClient    : Shutting down DiscoveryClient ...
2025-10-29T02:06:30.581-05:00  INFO 30268 --- [transporte-service] [Thread-5] com.netflix.discovery.DiscoveryClient    : Unregistering ...
2025-10-29T02:06:30.599-05:00  INFO 30268 --- [transporte-service] [Thread-5] com.netflix.discovery.DiscoveryClient    : DiscoveryClient_TRANSPORTE-SERVICE/transporte-service:11090dbb3c748d1488dec62fb4103449 - deregister  status: 200
2025-10-29T02:06:30.600-05:00  INFO 30268 --- [transporte-service] [Thread-5] com.netflix.discovery.DiscoveryClient    : Completed shut down of DiscoveryClient
2025-10-29T02:06:30.829-05:00  INFO 30268 --- [transporte-service] [restartedMain] o.cibertec.TransporteServiceApplication  : Starting TransporteServiceApplication using Java 21.0.8 with PID 30268 (C:\Users\ronca\OneDrive\Escritorio\Dev\DAW2\transporte-service\target\classes started by Arturo in C:\Users\ronca\OneDrive\Escritorio\Dev\DAW2\transporte-service)
2025-10-29T02:06:30.829-05:00  INFO 30268 --- [transporte-service] [restartedMain] o.cibertec.TransporteServiceApplication  : No active profile set, falling back to 1 default profile: "default"
2025-10-29T02:06:30.833-05:00  INFO 30268 --- [transporte-service] [restartedMain] o.s.c.c.c.ConfigServerConfigDataLoader   : Fetching config from server at : http://localhost:8888
2025-10-29T02:06:30.834-05:00  INFO 30268 --- [transporte-service] [restartedMain] o.s.c.c.c.ConfigServerConfigDataLoader   : Located environment: name=transporte-service, profiles=[default], label=null, version=null, state=null
2025-10-29T02:06:31.709-05:00  INFO 30268 --- [transporte-service] [restartedMain] .s.d.r.c.RepositoryConfigurationDelegate : Bootstrapping Spring Data JPA repositories in DEFAULT mode.
2025-10-29T02:06:31.731-05:00  INFO 30268 --- [transporte-service] [restartedMain] .s.d.r.c.RepositoryConfigurationDelegate : Finished Spring Data repository scanning in 17 ms. Found 1 JPA repository interface.
2025-10-29T02:06:31.929-05:00  INFO 30268 --- [transporte-service] [restartedMain] o.s.cloud.context.scope.GenericScope     : BeanFactory id=6f1174e2-a475-3867-b451-08caef5f5675
2025-10-29T02:06:32.090-05:00  INFO 30268 --- [transporte-service] [restartedMain] o.s.b.w.embedded.tomcat.TomcatWebServer  : Tomcat initialized with port 0 (http)
2025-10-29T02:06:32.095-05:00  INFO 30268 --- [transporte-service] [restartedMain] o.apache.catalina.core.StandardService   : Starting service [Tomcat]
2025-10-29T02:06:32.095-05:00  INFO 30268 --- [transporte-service] [restartedMain] o.apache.catalina.core.StandardEngine    : Starting Servlet engine: [Apache Tomcat/10.1.46]
2025-10-29T02:06:32.146-05:00  INFO 30268 --- [transporte-service] [restartedMain] o.a.c.c.C.[Tomcat].[localhost].[/]       : Initializing Spring embedded WebApplicationContext
2025-10-29T02:06:32.146-05:00  INFO 30268 --- [transporte-service] [restartedMain] w.s.c.ServletWebServerApplicationContext : Root WebApplicationContext: initialization completed in 1312 ms
2025-10-29T02:06:32.305-05:00  INFO 30268 --- [transporte-service] [restartedMain] com.zaxxer.hikari.HikariDataSource       : HikariPool-2 - Starting...
2025-10-29T02:06:32.326-05:00  INFO 30268 --- [transporte-service] [restartedMain] com.zaxxer.hikari.pool.HikariPool        : HikariPool-2 - Added connection com.mysql.cj.jdbc.ConnectionImpl@70bba34a
2025-10-29T02:06:32.326-05:00  INFO 30268 --- [transporte-service] [restartedMain] com.zaxxer.hikari.HikariDataSource       : HikariPool-2 - Start completed.
2025-10-29T02:06:32.328-05:00  INFO 30268 --- [transporte-service] [restartedMain] o.hibernate.jpa.internal.util.LogHelper  : HHH000204: Processing PersistenceUnitInfo [name: default]
2025-10-29T02:06:32.335-05:00  INFO 30268 --- [transporte-service] [restartedMain] o.h.c.internal.RegionFactoryInitiator    : HHH000026: Second-level cache disabled
2025-10-29T02:06:32.355-05:00  INFO 30268 --- [transporte-service] [restartedMain] o.s.o.j.p.SpringPersistenceUnitInfo      : No LoadTimeWeaver setup: ignoring JPA class transformer
2025-10-29T02:06:32.361-05:00  INFO 30268 --- [transporte-service] [restartedMain] org.hibernate.orm.connections.pooling    : HHH10001005: Database info:
	Database JDBC URL [Connecting through datasource 'HikariDataSource (HikariPool-2)']
	Database driver: undefined/unknown
	Database version: 8.0.34
	Autocommit mode: undefined/unknown
	Isolation level: undefined/unknown
	Minimum pool size: undefined/unknown
	Maximum pool size: undefined/unknown
2025-10-29T02:06:32.606-05:00  INFO 30268 --- [transporte-service] [restartedMain] o.h.e.t.j.p.i.JtaPlatformInitiator       : HHH000489: No JTA platform available (set 'hibernate.transaction.jta.platform' to enable JTA platform integration)
2025-10-29T02:06:32.607-05:00  INFO 30268 --- [transporte-service] [restartedMain] j.LocalContainerEntityManagerFactoryBean : Initialized JPA EntityManagerFactory for persistence unit 'default'
2025-10-29T02:06:32.809-05:00  WARN 30268 --- [transporte-service] [restartedMain] JpaBaseConfiguration$JpaWebConfiguration : spring.jpa.open-in-view is enabled by default. Therefore, database queries may be performed during view rendering. Explicitly configure spring.jpa.open-in-view to disable this warning
2025-10-29T02:06:32.851-05:00  INFO 30268 --- [transporte-service] [restartedMain] o.s.b.d.a.OptionalLiveReloadServer       : LiveReload server is running on port 35729
2025-10-29T02:06:33.318-05:00  INFO 30268 --- [transporte-service] [restartedMain] o.s.b.a.e.web.EndpointLinksResolver      : Exposing 18 endpoints beneath base path '/actuator'
2025-10-29T02:06:33.629-05:00  INFO 30268 --- [transporte-service] [restartedMain] DiscoveryClientOptionalArgsConfiguration : Eureka HTTP Client uses RestTemplate.
2025-10-29T02:06:33.650-05:00  WARN 30268 --- [transporte-service] [restartedMain] iguration$LoadBalancerCaffeineWarnLogger : Spring Cloud LoadBalancer is currently working with the default cache. While this cache implementation is useful for development and tests, it's recommended to use Caffeine cache in production.You can switch to using Caffeine cache, by adding it and org.springframework.cache.caffeine.CaffeineCacheManager to the classpath.
2025-10-29T02:06:33.727-05:00  INFO 30268 --- [transporte-service] [restartedMain] o.s.b.w.embedded.tomcat.TomcatWebServer  : Tomcat started on port 65439 (http) with context path '/'
2025-10-29T02:06:33.728-05:00  INFO 30268 --- [transporte-service] [restartedMain] .s.c.n.e.s.EurekaAutoServiceRegistration : Updating port to 65439
2025-10-29T02:06:33.729-05:00  INFO 30268 --- [transporte-service] [restartedMain] o.s.c.n.eureka.InstanceInfoFactory       : Setting initial instance status as: STARTING
2025-10-29T02:06:33.737-05:00  INFO 30268 --- [transporte-service] [restartedMain] com.netflix.discovery.DiscoveryClient    : Initializing Eureka in region us-east-1
2025-10-29T02:06:33.737-05:00  INFO 30268 --- [transporte-service] [restartedMain] c.n.d.s.r.aws.ConfigClusterResolver      : Resolving eureka endpoints via configuration
2025-10-29T02:06:33.738-05:00  INFO 30268 --- [transporte-service] [restartedMain] com.netflix.discovery.DiscoveryClient    : Disable delta property : false
2025-10-29T02:06:33.738-05:00  INFO 30268 --- [transporte-service] [restartedMain] com.netflix.discovery.DiscoveryClient    : Single vip registry refresh property : null
2025-10-29T02:06:33.738-05:00  INFO 30268 --- [transporte-service] [restartedMain] com.netflix.discovery.DiscoveryClient    : Force full registry fetch : false
2025-10-29T02:06:33.738-05:00  INFO 30268 --- [transporte-service] [restartedMain] com.netflix.discovery.DiscoveryClient    : Application is null : false
2025-10-29T02:06:33.738-05:00  INFO 30268 --- [transporte-service] [restartedMain] com.netflix.discovery.DiscoveryClient    : Registered Applications size is zero : true
2025-10-29T02:06:33.739-05:00  INFO 30268 --- [transporte-service] [restartedMain] com.netflix.discovery.DiscoveryClient    : Application version is -1: true
2025-10-29T02:06:33.739-05:00  INFO 30268 --- [transporte-service] [restartedMain] com.netflix.discovery.DiscoveryClient    : Getting all instance registry info from the eureka server
2025-10-29T02:06:33.841-05:00  INFO 30268 --- [transporte-service] [restartedMain] com.netflix.discovery.DiscoveryClient    : The response status is 200
2025-10-29T02:06:33.843-05:00  INFO 30268 --- [transporte-service] [restartedMain] com.netflix.discovery.DiscoveryClient    : Starting heartbeat executor: renew interval is: 30
2025-10-29T02:06:33.844-05:00  INFO 30268 --- [transporte-service] [restartedMain] c.n.discovery.InstanceInfoReplicator     : InstanceInfoReplicator onDemand update allowed rate per min is 4
2025-10-29T02:06:33.844-05:00  INFO 30268 --- [transporte-service] [restartedMain] com.netflix.discovery.DiscoveryClient    : Discovery Client initialized at timestamp 1761721593844 with initial instances count: 6
2025-10-29T02:06:33.849-05:00  INFO 30268 --- [transporte-service] [restartedMain] o.s.c.n.e.s.EurekaServiceRegistry        : Registering application TRANSPORTE-SERVICE with eureka with status UP
2025-10-29T02:06:33.850-05:00  INFO 30268 --- [transporte-service] [restartedMain] com.netflix.discovery.DiscoveryClient    : Saw local status change event StatusChangeEvent [timestamp=1761721593850, current=UP, previous=STARTING]
2025-10-29T02:06:33.850-05:00  INFO 30268 --- [transporte-service] [DiscoveryClient-InstanceInfoReplicator-%d] com.netflix.discovery.DiscoveryClient    : DiscoveryClient_TRANSPORTE-SERVICE/transporte-service:bff05aafe641b72b861722bef5cee9c0: registering service...
2025-10-29T02:06:33.870-05:00  INFO 30268 --- [transporte-service] [DiscoveryClient-InstanceInfoReplicator-%d] com.netflix.discovery.DiscoveryClient    : DiscoveryClient_TRANSPORTE-SERVICE/transporte-service:bff05aafe641b72b861722bef5cee9c0 - registration status: 204
2025-10-29T02:06:33.878-05:00  INFO 30268 --- [transporte-service] [restartedMain] o.cibertec.TransporteServiceApplication  : Started TransporteServiceApplication in 3.187 seconds (process running for 248.658)
2025-10-29T02:06:33.883-05:00  INFO 30268 --- [transporte-service] [restartedMain] .ConditionEvaluationDeltaLoggingListener : Condition evaluation unchanged
2025-10-29T02:06:35.050-05:00  INFO 30268 --- [transporte-service] [File Watcher] rtingClassPathChangeChangedEventListener : Restarting due to 1 class path change (0 additions, 0 deletions, 1 modification)
2025-10-29T02:06:35.052-05:00  INFO 30268 --- [transporte-service] [Thread-9] o.s.c.n.e.s.EurekaServiceRegistry        : Unregistering application TRANSPORTE-SERVICE with eureka with status DOWN
2025-10-29T02:06:35.052-05:00  INFO 30268 --- [transporte-service] [Thread-9] com.netflix.discovery.DiscoveryClient    : Saw local status change event StatusChangeEvent [timestamp=1761721595052, current=DOWN, previous=UP]
2025-10-29T02:06:35.053-05:00  INFO 30268 --- [transporte-service] [DiscoveryClient-InstanceInfoReplicator-%d] com.netflix.discovery.DiscoveryClient    : DiscoveryClient_TRANSPORTE-SERVICE/transporte-service:bff05aafe641b72b861722bef5cee9c0: registering service...
2025-10-29T02:06:35.054-05:00  INFO 30268 --- [transporte-service] [Thread-9] o.s.b.w.e.tomcat.GracefulShutdown        : Commencing graceful shutdown. Waiting for active requests to complete
2025-10-29T02:06:35.056-05:00  INFO 30268 --- [transporte-service] [DiscoveryClient-InstanceInfoReplicator-%d] com.netflix.discovery.DiscoveryClient    : DiscoveryClient_TRANSPORTE-SERVICE/transporte-service:bff05aafe641b72b861722bef5cee9c0 - registration status: 204
2025-10-29T02:06:35.062-05:00  INFO 30268 --- [transporte-service] [tomcat-shutdown] o.s.b.w.e.tomcat.GracefulShutdown        : Graceful shutdown complete
2025-10-29T02:06:35.068-05:00  INFO 30268 --- [transporte-service] [Thread-9] j.LocalContainerEntityManagerFactoryBean : Closing JPA EntityManagerFactory for persistence unit 'default'
2025-10-29T02:06:35.069-05:00  INFO 30268 --- [transporte-service] [Thread-9] com.zaxxer.hikari.HikariDataSource       : HikariPool-2 - Shutdown initiated...
2025-10-29T02:06:35.077-05:00  INFO 30268 --- [transporte-service] [Thread-9] com.zaxxer.hikari.HikariDataSource       : HikariPool-2 - Shutdown completed.
2025-10-29T02:06:35.078-05:00  INFO 30268 --- [transporte-service] [Thread-9] com.netflix.discovery.DiscoveryClient    : Shutting down DiscoveryClient ...
2025-10-29T02:06:38.082-05:00  INFO 30268 --- [transporte-service] [Thread-9] com.netflix.discovery.DiscoveryClient    : Unregistering ...
2025-10-29T02:06:38.100-05:00  INFO 30268 --- [transporte-service] [Thread-9] com.netflix.discovery.DiscoveryClient    : DiscoveryClient_TRANSPORTE-SERVICE/transporte-service:bff05aafe641b72b861722bef5cee9c0 - deregister  status: 200
2025-10-29T02:06:38.100-05:00  INFO 30268 --- [transporte-service] [Thread-9] com.netflix.discovery.DiscoveryClient    : Completed shut down of DiscoveryClient
2025-10-29T02:06:38.321-05:00  INFO 30268 --- [transporte-service] [restartedMain] o.cibertec.TransporteServiceApplication  : Starting TransporteServiceApplication using Java 21.0.8 with PID 30268 (C:\Users\ronca\OneDrive\Escritorio\Dev\DAW2\transporte-service\target\classes started by Arturo in C:\Users\ronca\OneDrive\Escritorio\Dev\DAW2\transporte-service)
2025-10-29T02:06:38.322-05:00  INFO 30268 --- [transporte-service] [restartedMain] o.cibertec.TransporteServiceApplication  : No active profile set, falling back to 1 default profile: "default"
2025-10-29T02:06:38.325-05:00  INFO 30268 --- [transporte-service] [restartedMain] o.s.c.c.c.ConfigServerConfigDataLoader   : Fetching config from server at : http://localhost:8888
2025-10-29T02:06:38.326-05:00  INFO 30268 --- [transporte-service] [restartedMain] o.s.c.c.c.ConfigServerConfigDataLoader   : Located environment: name=transporte-service, profiles=[default], label=null, version=null, state=null
2025-10-29T02:06:39.018-05:00  INFO 30268 --- [transporte-service] [restartedMain] .s.d.r.c.RepositoryConfigurationDelegate : Bootstrapping Spring Data JPA repositories in DEFAULT mode.
2025-10-29T02:06:39.042-05:00  INFO 30268 --- [transporte-service] [restartedMain] .s.d.r.c.RepositoryConfigurationDelegate : Finished Spring Data repository scanning in 21 ms. Found 1 JPA repository interface.
2025-10-29T02:06:39.247-05:00  INFO 30268 --- [transporte-service] [restartedMain] o.s.cloud.context.scope.GenericScope     : BeanFactory id=6f1174e2-a475-3867-b451-08caef5f5675
2025-10-29T02:06:39.380-05:00  INFO 30268 --- [transporte-service] [restartedMain] o.s.b.w.embedded.tomcat.TomcatWebServer  : Tomcat initialized with port 0 (http)
2025-10-29T02:06:39.380-05:00  INFO 30268 --- [transporte-service] [restartedMain] o.apache.catalina.core.StandardService   : Starting service [Tomcat]
2025-10-29T02:06:39.382-05:00  INFO 30268 --- [transporte-service] [restartedMain] o.apache.catalina.core.StandardEngine    : Starting Servlet engine: [Apache Tomcat/10.1.46]
2025-10-29T02:06:39.439-05:00  INFO 30268 --- [transporte-service] [restartedMain] o.a.c.c.C.[Tomcat].[localhost].[/]       : Initializing Spring embedded WebApplicationContext
2025-10-29T02:06:39.439-05:00  INFO 30268 --- [transporte-service] [restartedMain] w.s.c.ServletWebServerApplicationContext : Root WebApplicationContext: initialization completed in 1113 ms
2025-10-29T02:06:39.586-05:00  INFO 30268 --- [transporte-service] [restartedMain] com.zaxxer.hikari.HikariDataSource       : HikariPool-3 - Starting...
2025-10-29T02:06:39.605-05:00  INFO 30268 --- [transporte-service] [restartedMain] com.zaxxer.hikari.pool.HikariPool        : HikariPool-3 - Added connection com.mysql.cj.jdbc.ConnectionImpl@470e07e2
2025-10-29T02:06:39.605-05:00  INFO 30268 --- [transporte-service] [restartedMain] com.zaxxer.hikari.HikariDataSource       : HikariPool-3 - Start completed.
2025-10-29T02:06:39.607-05:00  INFO 30268 --- [transporte-service] [restartedMain] o.hibernate.jpa.internal.util.LogHelper  : HHH000204: Processing PersistenceUnitInfo [name: default]
2025-10-29T02:06:39.615-05:00  INFO 30268 --- [transporte-service] [restartedMain] o.h.c.internal.RegionFactoryInitiator    : HHH000026: Second-level cache disabled
2025-10-29T02:06:39.632-05:00  INFO 30268 --- [transporte-service] [restartedMain] o.s.o.j.p.SpringPersistenceUnitInfo      : No LoadTimeWeaver setup: ignoring JPA class transformer
2025-10-29T02:06:39.636-05:00  INFO 30268 --- [transporte-service] [restartedMain] org.hibernate.orm.connections.pooling    : HHH10001005: Database info:
	Database JDBC URL [Connecting through datasource 'HikariDataSource (HikariPool-3)']
	Database driver: undefined/unknown
	Database version: 8.0.34
	Autocommit mode: undefined/unknown
	Isolation level: undefined/unknown
	Minimum pool size: undefined/unknown
	Maximum pool size: undefined/unknown
2025-10-29T02:06:39.955-05:00  INFO 30268 --- [transporte-service] [restartedMain] o.h.e.t.j.p.i.JtaPlatformInitiator       : HHH000489: No JTA platform available (set 'hibernate.transaction.jta.platform' to enable JTA platform integration)
2025-10-29T02:06:39.955-05:00  INFO 30268 --- [transporte-service] [restartedMain] j.LocalContainerEntityManagerFactoryBean : Initialized JPA EntityManagerFactory for persistence unit 'default'
2025-10-29T02:06:40.120-05:00  WARN 30268 --- [transporte-service] [restartedMain] JpaBaseConfiguration$JpaWebConfiguration : spring.jpa.open-in-view is enabled by default. Therefore, database queries may be performed during view rendering. Explicitly configure spring.jpa.open-in-view to disable this warning
2025-10-29T02:06:40.176-05:00  INFO 30268 --- [transporte-service] [restartedMain] o.s.b.d.a.OptionalLiveReloadServer       : LiveReload server is running on port 35729
2025-10-29T02:06:40.678-05:00  INFO 30268 --- [transporte-service] [restartedMain] o.s.b.a.e.web.EndpointLinksResolver      : Exposing 18 endpoints beneath base path '/actuator'
2025-10-29T02:06:40.972-05:00  INFO 30268 --- [transporte-service] [restartedMain] DiscoveryClientOptionalArgsConfiguration : Eureka HTTP Client uses RestTemplate.
2025-10-29T02:06:40.994-05:00  WARN 30268 --- [transporte-service] [restartedMain] iguration$LoadBalancerCaffeineWarnLogger : Spring Cloud LoadBalancer is currently working with the default cache. While this cache implementation is useful for development and tests, it's recommended to use Caffeine cache in production.You can switch to using Caffeine cache, by adding it and org.springframework.cache.caffeine.CaffeineCacheManager to the classpath.
2025-10-29T02:06:41.055-05:00  INFO 30268 --- [transporte-service] [restartedMain] o.s.b.w.embedded.tomcat.TomcatWebServer  : Tomcat started on port 65502 (http) with context path '/'
2025-10-29T02:06:41.055-05:00  INFO 30268 --- [transporte-service] [restartedMain] .s.c.n.e.s.EurekaAutoServiceRegistration : Updating port to 65502
2025-10-29T02:06:41.056-05:00  INFO 30268 --- [transporte-service] [restartedMain] o.s.c.n.eureka.InstanceInfoFactory       : Setting initial instance status as: STARTING
2025-10-29T02:06:41.062-05:00  INFO 30268 --- [transporte-service] [restartedMain] com.netflix.discovery.DiscoveryClient    : Initializing Eureka in region us-east-1
2025-10-29T02:06:41.063-05:00  INFO 30268 --- [transporte-service] [restartedMain] c.n.d.s.r.aws.ConfigClusterResolver      : Resolving eureka endpoints via configuration
2025-10-29T02:06:41.064-05:00  INFO 30268 --- [transporte-service] [restartedMain] com.netflix.discovery.DiscoveryClient    : Disable delta property : false
2025-10-29T02:06:41.064-05:00  INFO 30268 --- [transporte-service] [restartedMain] com.netflix.discovery.DiscoveryClient    : Single vip registry refresh property : null
2025-10-29T02:06:41.064-05:00  INFO 30268 --- [transporte-service] [restartedMain] com.netflix.discovery.DiscoveryClient    : Force full registry fetch : false
2025-10-29T02:06:41.064-05:00  INFO 30268 --- [transporte-service] [restartedMain] com.netflix.discovery.DiscoveryClient    : Application is null : false
2025-10-29T02:06:41.064-05:00  INFO 30268 --- [transporte-service] [restartedMain] com.netflix.discovery.DiscoveryClient    : Registered Applications size is zero : true
2025-10-29T02:06:41.064-05:00  INFO 30268 --- [transporte-service] [restartedMain] com.netflix.discovery.DiscoveryClient    : Application version is -1: true
2025-10-29T02:06:41.064-05:00  INFO 30268 --- [transporte-service] [restartedMain] com.netflix.discovery.DiscoveryClient    : Getting all instance registry info from the eureka server
2025-10-29T02:06:41.101-05:00  INFO 30268 --- [transporte-service] [restartedMain] com.netflix.discovery.DiscoveryClient    : The response status is 200
2025-10-29T02:06:41.102-05:00  INFO 30268 --- [transporte-service] [restartedMain] com.netflix.discovery.DiscoveryClient    : Starting heartbeat executor: renew interval is: 30
2025-10-29T02:06:41.103-05:00  INFO 30268 --- [transporte-service] [restartedMain] c.n.discovery.InstanceInfoReplicator     : InstanceInfoReplicator onDemand update allowed rate per min is 4
2025-10-29T02:06:41.104-05:00  INFO 30268 --- [transporte-service] [restartedMain] com.netflix.discovery.DiscoveryClient    : Discovery Client initialized at timestamp 1761721601104 with initial instances count: 6
2025-10-29T02:06:41.108-05:00  INFO 30268 --- [transporte-service] [restartedMain] o.s.c.n.e.s.EurekaServiceRegistry        : Registering application TRANSPORTE-SERVICE with eureka with status UP
2025-10-29T02:06:41.108-05:00  INFO 30268 --- [transporte-service] [restartedMain] com.netflix.discovery.DiscoveryClient    : Saw local status change event StatusChangeEvent [timestamp=1761721601108, current=UP, previous=STARTING]
2025-10-29T02:06:41.109-05:00  INFO 30268 --- [transporte-service] [DiscoveryClient-InstanceInfoReplicator-%d] com.netflix.discovery.DiscoveryClient    : DiscoveryClient_TRANSPORTE-SERVICE/transporte-service:a73d20280790a476e18d5c533e56878d: registering service...
2025-10-29T02:06:41.125-05:00  INFO 30268 --- [transporte-service] [DiscoveryClient-InstanceInfoReplicator-%d] com.netflix.discovery.DiscoveryClient    : DiscoveryClient_TRANSPORTE-SERVICE/transporte-service:a73d20280790a476e18d5c533e56878d - registration status: 204
2025-10-29T02:06:41.131-05:00  INFO 30268 --- [transporte-service] [restartedMain] o.cibertec.TransporteServiceApplication  : Started TransporteServiceApplication in 2.924 seconds (process running for 255.911)
2025-10-29T02:06:41.136-05:00  INFO 30268 --- [transporte-service] [restartedMain] .ConditionEvaluationDeltaLoggingListener : Condition evaluation unchanged
2025-10-29T02:07:15.289-05:00  INFO 30268 --- [transporte-service] [File Watcher] rtingClassPathChangeChangedEventListener : Restarting due to 1 class path change (0 additions, 0 deletions, 1 modification)
2025-10-29T02:07:15.290-05:00  INFO 30268 --- [transporte-service] [Thread-15] o.s.c.n.e.s.EurekaServiceRegistry        : Unregistering application TRANSPORTE-SERVICE with eureka with status DOWN
2025-10-29T02:07:15.290-05:00  INFO 30268 --- [transporte-service] [Thread-15] com.netflix.discovery.DiscoveryClient    : Saw local status change event StatusChangeEvent [timestamp=1761721635290, current=DOWN, previous=UP]
2025-10-29T02:07:15.290-05:00  INFO 30268 --- [transporte-service] [DiscoveryClient-InstanceInfoReplicator-%d] com.netflix.discovery.DiscoveryClient    : DiscoveryClient_TRANSPORTE-SERVICE/transporte-service:a73d20280790a476e18d5c533e56878d: registering service...
2025-10-29T02:07:15.291-05:00  INFO 30268 --- [transporte-service] [Thread-15] o.s.b.w.e.tomcat.GracefulShutdown        : Commencing graceful shutdown. Waiting for active requests to complete
2025-10-29T02:07:15.299-05:00  INFO 30268 --- [transporte-service] [tomcat-shutdown] o.s.b.w.e.tomcat.GracefulShutdown        : Graceful shutdown complete
2025-10-29T02:07:15.304-05:00  INFO 30268 --- [transporte-service] [Thread-15] j.LocalContainerEntityManagerFactoryBean : Closing JPA EntityManagerFactory for persistence unit 'default'
2025-10-29T02:07:15.304-05:00  INFO 30268 --- [transporte-service] [DiscoveryClient-InstanceInfoReplicator-%d] com.netflix.discovery.DiscoveryClient    : DiscoveryClient_TRANSPORTE-SERVICE/transporte-service:a73d20280790a476e18d5c533e56878d - registration status: 204
2025-10-29T02:07:15.305-05:00  INFO 30268 --- [transporte-service] [Thread-15] com.zaxxer.hikari.HikariDataSource       : HikariPool-3 - Shutdown initiated...
2025-10-29T02:07:15.312-05:00  INFO 30268 --- [transporte-service] [Thread-15] com.zaxxer.hikari.HikariDataSource       : HikariPool-3 - Shutdown completed.
2025-10-29T02:07:15.312-05:00  INFO 30268 --- [transporte-service] [Thread-15] com.netflix.discovery.DiscoveryClient    : Shutting down DiscoveryClient ...
2025-10-29T02:07:18.324-05:00  INFO 30268 --- [transporte-service] [Thread-15] com.netflix.discovery.DiscoveryClient    : Unregistering ...
2025-10-29T02:07:18.340-05:00  INFO 30268 --- [transporte-service] [Thread-15] com.netflix.discovery.DiscoveryClient    : DiscoveryClient_TRANSPORTE-SERVICE/transporte-service:a73d20280790a476e18d5c533e56878d - deregister  status: 200
2025-10-29T02:07:18.342-05:00  INFO 30268 --- [transporte-service] [Thread-15] com.netflix.discovery.DiscoveryClient    : Completed shut down of DiscoveryClient
2025-10-29T02:07:18.520-05:00  INFO 30268 --- [transporte-service] [restartedMain] o.cibertec.TransporteServiceApplication  : Starting TransporteServiceApplication using Java 21.0.8 with PID 30268 (C:\Users\ronca\OneDrive\Escritorio\Dev\DAW2\transporte-service\target\classes started by Arturo in C:\Users\ronca\OneDrive\Escritorio\Dev\DAW2\transporte-service)
2025-10-29T02:07:18.520-05:00  INFO 30268 --- [transporte-service] [restartedMain] o.cibertec.TransporteServiceApplication  : No active profile set, falling back to 1 default profile: "default"
2025-10-29T02:07:18.524-05:00  INFO 30268 --- [transporte-service] [restartedMain] o.s.c.c.c.ConfigServerConfigDataLoader   : Fetching config from server at : http://localhost:8888
2025-10-29T02:07:18.525-05:00  INFO 30268 --- [transporte-service] [restartedMain] o.s.c.c.c.ConfigServerConfigDataLoader   : Located environment: name=transporte-service, profiles=[default], label=null, version=null, state=null
2025-10-29T02:07:19.224-05:00  INFO 30268 --- [transporte-service] [restartedMain] .s.d.r.c.RepositoryConfigurationDelegate : Bootstrapping Spring Data JPA repositories in DEFAULT mode.
2025-10-29T02:07:19.243-05:00  INFO 30268 --- [transporte-service] [restartedMain] .s.d.r.c.RepositoryConfigurationDelegate : Finished Spring Data repository scanning in 16 ms. Found 1 JPA repository interface.
2025-10-29T02:07:19.435-05:00  INFO 30268 --- [transporte-service] [restartedMain] o.s.cloud.context.scope.GenericScope     : BeanFactory id=6f1174e2-a475-3867-b451-08caef5f5675
2025-10-29T02:07:19.548-05:00  INFO 30268 --- [transporte-service] [restartedMain] o.s.b.w.embedded.tomcat.TomcatWebServer  : Tomcat initialized with port 0 (http)
2025-10-29T02:07:19.548-05:00  INFO 30268 --- [transporte-service] [restartedMain] o.apache.catalina.core.StandardService   : Starting service [Tomcat]
2025-10-29T02:07:19.549-05:00  INFO 30268 --- [transporte-service] [restartedMain] o.apache.catalina.core.StandardEngine    : Starting Servlet engine: [Apache Tomcat/10.1.46]
2025-10-29T02:07:19.602-05:00  INFO 30268 --- [transporte-service] [restartedMain] o.a.c.c.C.[Tomcat].[localhost].[/]       : Initializing Spring embedded WebApplicationContext
2025-10-29T02:07:19.603-05:00  INFO 30268 --- [transporte-service] [restartedMain] w.s.c.ServletWebServerApplicationContext : Root WebApplicationContext: initialization completed in 1078 ms
2025-10-29T02:07:19.723-05:00  INFO 30268 --- [transporte-service] [restartedMain] com.zaxxer.hikari.HikariDataSource       : HikariPool-4 - Starting...
2025-10-29T02:07:19.738-05:00  INFO 30268 --- [transporte-service] [restartedMain] com.zaxxer.hikari.pool.HikariPool        : HikariPool-4 - Added connection com.mysql.cj.jdbc.ConnectionImpl@1209a874
2025-10-29T02:07:19.738-05:00  INFO 30268 --- [transporte-service] [restartedMain] com.zaxxer.hikari.HikariDataSource       : HikariPool-4 - Start completed.
2025-10-29T02:07:19.740-05:00  INFO 30268 --- [transporte-service] [restartedMain] o.hibernate.jpa.internal.util.LogHelper  : HHH000204: Processing PersistenceUnitInfo [name: default]
2025-10-29T02:07:19.746-05:00  INFO 30268 --- [transporte-service] [restartedMain] o.h.c.internal.RegionFactoryInitiator    : HHH000026: Second-level cache disabled
2025-10-29T02:07:19.762-05:00  INFO 30268 --- [transporte-service] [restartedMain] o.s.o.j.p.SpringPersistenceUnitInfo      : No LoadTimeWeaver setup: ignoring JPA class transformer
2025-10-29T02:07:19.765-05:00  INFO 30268 --- [transporte-service] [restartedMain] org.hibernate.orm.connections.pooling    : HHH10001005: Database info:
	Database JDBC URL [Connecting through datasource 'HikariDataSource (HikariPool-4)']
	Database driver: undefined/unknown
	Database version: 8.0.34
	Autocommit mode: undefined/unknown
	Isolation level: undefined/unknown
	Minimum pool size: undefined/unknown
	Maximum pool size: undefined/unknown
2025-10-29T02:07:19.932-05:00  INFO 30268 --- [transporte-service] [restartedMain] o.h.e.t.j.p.i.JtaPlatformInitiator       : HHH000489: No JTA platform available (set 'hibernate.transaction.jta.platform' to enable JTA platform integration)
2025-10-29T02:07:19.932-05:00  INFO 30268 --- [transporte-service] [restartedMain] j.LocalContainerEntityManagerFactoryBean : Initialized JPA EntityManagerFactory for persistence unit 'default'
2025-10-29T02:07:20.091-05:00  WARN 30268 --- [transporte-service] [restartedMain] JpaBaseConfiguration$JpaWebConfiguration : spring.jpa.open-in-view is enabled by default. Therefore, database queries may be performed during view rendering. Explicitly configure spring.jpa.open-in-view to disable this warning
2025-10-29T02:07:20.120-05:00  INFO 30268 --- [transporte-service] [restartedMain] o.s.b.d.a.OptionalLiveReloadServer       : LiveReload server is running on port 35729
2025-10-29T02:07:20.523-05:00  INFO 30268 --- [transporte-service] [restartedMain] o.s.b.a.e.web.EndpointLinksResolver      : Exposing 18 endpoints beneath base path '/actuator'
2025-10-29T02:07:20.762-05:00  INFO 30268 --- [transporte-service] [restartedMain] DiscoveryClientOptionalArgsConfiguration : Eureka HTTP Client uses RestTemplate.
2025-10-29T02:07:20.778-05:00  WARN 30268 --- [transporte-service] [restartedMain] iguration$LoadBalancerCaffeineWarnLogger : Spring Cloud LoadBalancer is currently working with the default cache. While this cache implementation is useful for development and tests, it's recommended to use Caffeine cache in production.You can switch to using Caffeine cache, by adding it and org.springframework.cache.caffeine.CaffeineCacheManager to the classpath.
2025-10-29T02:07:20.834-05:00  INFO 30268 --- [transporte-service] [restartedMain] o.s.b.w.embedded.tomcat.TomcatWebServer  : Tomcat started on port 49201 (http) with context path '/'
2025-10-29T02:07:20.835-05:00  INFO 30268 --- [transporte-service] [restartedMain] .s.c.n.e.s.EurekaAutoServiceRegistration : Updating port to 49201
2025-10-29T02:07:20.836-05:00  INFO 30268 --- [transporte-service] [restartedMain] o.s.c.n.eureka.InstanceInfoFactory       : Setting initial instance status as: STARTING
2025-10-29T02:07:20.840-05:00  INFO 30268 --- [transporte-service] [restartedMain] com.netflix.discovery.DiscoveryClient    : Initializing Eureka in region us-east-1
2025-10-29T02:07:20.840-05:00  INFO 30268 --- [transporte-service] [restartedMain] c.n.d.s.r.aws.ConfigClusterResolver      : Resolving eureka endpoints via configuration
2025-10-29T02:07:20.841-05:00  INFO 30268 --- [transporte-service] [restartedMain] com.netflix.discovery.DiscoveryClient    : Disable delta property : false
2025-10-29T02:07:20.841-05:00  INFO 30268 --- [transporte-service] [restartedMain] com.netflix.discovery.DiscoveryClient    : Single vip registry refresh property : null
2025-10-29T02:07:20.841-05:00  INFO 30268 --- [transporte-service] [restartedMain] com.netflix.discovery.DiscoveryClient    : Force full registry fetch : false
2025-10-29T02:07:20.841-05:00  INFO 30268 --- [transporte-service] [restartedMain] com.netflix.discovery.DiscoveryClient    : Application is null : false
2025-10-29T02:07:20.841-05:00  INFO 30268 --- [transporte-service] [restartedMain] com.netflix.discovery.DiscoveryClient    : Registered Applications size is zero : true
2025-10-29T02:07:20.841-05:00  INFO 30268 --- [transporte-service] [restartedMain] com.netflix.discovery.DiscoveryClient    : Application version is -1: true
2025-10-29T02:07:20.841-05:00  INFO 30268 --- [transporte-service] [restartedMain] com.netflix.discovery.DiscoveryClient    : Getting all instance registry info from the eureka server
2025-10-29T02:07:20.880-05:00  INFO 30268 --- [transporte-service] [restartedMain] com.netflix.discovery.DiscoveryClient    : The response status is 200
2025-10-29T02:07:20.880-05:00  INFO 30268 --- [transporte-service] [restartedMain] com.netflix.discovery.DiscoveryClient    : Starting heartbeat executor: renew interval is: 30
2025-10-29T02:07:20.880-05:00  INFO 30268 --- [transporte-service] [restartedMain] c.n.discovery.InstanceInfoReplicator     : InstanceInfoReplicator onDemand update allowed rate per min is 4
2025-10-29T02:07:20.882-05:00  INFO 30268 --- [transporte-service] [restartedMain] com.netflix.discovery.DiscoveryClient    : Discovery Client initialized at timestamp 1761721640880 with initial instances count: 6
2025-10-29T02:07:20.884-05:00  INFO 30268 --- [transporte-service] [restartedMain] o.s.c.n.e.s.EurekaServiceRegistry        : Registering application TRANSPORTE-SERVICE with eureka with status UP
2025-10-29T02:07:20.885-05:00  INFO 30268 --- [transporte-service] [restartedMain] com.netflix.discovery.DiscoveryClient    : Saw local status change event StatusChangeEvent [timestamp=1761721640885, current=UP, previous=STARTING]
2025-10-29T02:07:20.885-05:00  INFO 30268 --- [transporte-service] [DiscoveryClient-InstanceInfoReplicator-%d] com.netflix.discovery.DiscoveryClient    : DiscoveryClient_TRANSPORTE-SERVICE/transporte-service:ce14d804848d26632537f63b102c07e6: registering service...
2025-10-29T02:07:20.901-05:00  INFO 30268 --- [transporte-service] [DiscoveryClient-InstanceInfoReplicator-%d] com.netflix.discovery.DiscoveryClient    : DiscoveryClient_TRANSPORTE-SERVICE/transporte-service:ce14d804848d26632537f63b102c07e6 - registration status: 204
2025-10-29T02:07:20.910-05:00  INFO 30268 --- [transporte-service] [restartedMain] o.cibertec.TransporteServiceApplication  : Started TransporteServiceApplication in 2.492 seconds (process running for 295.69)
2025-10-29T02:07:20.913-05:00  INFO 30268 --- [transporte-service] [restartedMain] .ConditionEvaluationDeltaLoggingListener : Condition evaluation unchanged
2025-10-29T02:09:26.507-05:00  INFO 30268 --- [transporte-service] [File Watcher] rtingClassPathChangeChangedEventListener : Restarting due to 1 class path change (0 additions, 0 deletions, 1 modification)
2025-10-29T02:09:26.509-05:00  INFO 30268 --- [transporte-service] [Thread-21] o.s.c.n.e.s.EurekaServiceRegistry        : Unregistering application TRANSPORTE-SERVICE with eureka with status DOWN
2025-10-29T02:09:26.509-05:00  INFO 30268 --- [transporte-service] [Thread-21] com.netflix.discovery.DiscoveryClient    : Saw local status change event StatusChangeEvent [timestamp=1761721766509, current=DOWN, previous=UP]
2025-10-29T02:09:26.509-05:00  INFO 30268 --- [transporte-service] [DiscoveryClient-InstanceInfoReplicator-%d] com.netflix.discovery.DiscoveryClient    : DiscoveryClient_TRANSPORTE-SERVICE/transporte-service:ce14d804848d26632537f63b102c07e6: registering service...
2025-10-29T02:09:26.510-05:00  INFO 30268 --- [transporte-service] [Thread-21] o.s.b.w.e.tomcat.GracefulShutdown        : Commencing graceful shutdown. Waiting for active requests to complete
2025-10-29T02:09:26.517-05:00  INFO 30268 --- [transporte-service] [tomcat-shutdown] o.s.b.w.e.tomcat.GracefulShutdown        : Graceful shutdown complete
2025-10-29T02:09:26.522-05:00  INFO 30268 --- [transporte-service] [Thread-21] j.LocalContainerEntityManagerFactoryBean : Closing JPA EntityManagerFactory for persistence unit 'default'
2025-10-29T02:09:26.523-05:00  INFO 30268 --- [transporte-service] [DiscoveryClient-InstanceInfoReplicator-%d] com.netflix.discovery.DiscoveryClient    : DiscoveryClient_TRANSPORTE-SERVICE/transporte-service:ce14d804848d26632537f63b102c07e6 - registration status: 204
2025-10-29T02:09:26.523-05:00  INFO 30268 --- [transporte-service] [Thread-21] com.zaxxer.hikari.HikariDataSource       : HikariPool-4 - Shutdown initiated...
2025-10-29T02:09:26.530-05:00  INFO 30268 --- [transporte-service] [Thread-21] com.zaxxer.hikari.HikariDataSource       : HikariPool-4 - Shutdown completed.
2025-10-29T02:09:26.530-05:00  INFO 30268 --- [transporte-service] [Thread-21] com.netflix.discovery.DiscoveryClient    : Shutting down DiscoveryClient ...
2025-10-29T02:09:29.546-05:00  INFO 30268 --- [transporte-service] [Thread-21] com.netflix.discovery.DiscoveryClient    : Unregistering ...
2025-10-29T02:09:29.563-05:00  INFO 30268 --- [transporte-service] [Thread-21] com.netflix.discovery.DiscoveryClient    : DiscoveryClient_TRANSPORTE-SERVICE/transporte-service:ce14d804848d26632537f63b102c07e6 - deregister  status: 200
2025-10-29T02:09:29.564-05:00  INFO 30268 --- [transporte-service] [Thread-21] com.netflix.discovery.DiscoveryClient    : Completed shut down of DiscoveryClient
2025-10-29T02:09:29.777-05:00  INFO 30268 --- [transporte-service] [restartedMain] o.cibertec.TransporteServiceApplication  : Starting TransporteServiceApplication using Java 21.0.8 with PID 30268 (C:\Users\ronca\OneDrive\Escritorio\Dev\DAW2\transporte-service\target\classes started by Arturo in C:\Users\ronca\OneDrive\Escritorio\Dev\DAW2\transporte-service)
2025-10-29T02:09:29.778-05:00  INFO 30268 --- [transporte-service] [restartedMain] o.cibertec.TransporteServiceApplication  : No active profile set, falling back to 1 default profile: "default"
2025-10-29T02:09:29.782-05:00  INFO 30268 --- [transporte-service] [restartedMain] o.s.c.c.c.ConfigServerConfigDataLoader   : Fetching config from server at : http://localhost:8888
2025-10-29T02:09:29.782-05:00  INFO 30268 --- [transporte-service] [restartedMain] o.s.c.c.c.ConfigServerConfigDataLoader   : Located environment: name=transporte-service, profiles=[default], label=null, version=null, state=null
2025-10-29T02:09:30.712-05:00  INFO 30268 --- [transporte-service] [restartedMain] .s.d.r.c.RepositoryConfigurationDelegate : Bootstrapping Spring Data JPA repositories in DEFAULT mode.
2025-10-29T02:09:30.730-05:00  INFO 30268 --- [transporte-service] [restartedMain] .s.d.r.c.RepositoryConfigurationDelegate : Finished Spring Data repository scanning in 14 ms. Found 1 JPA repository interface.
2025-10-29T02:09:30.941-05:00  INFO 30268 --- [transporte-service] [restartedMain] o.s.cloud.context.scope.GenericScope     : BeanFactory id=6f1174e2-a475-3867-b451-08caef5f5675
2025-10-29T02:09:31.126-05:00  INFO 30268 --- [transporte-service] [restartedMain] o.s.b.w.embedded.tomcat.TomcatWebServer  : Tomcat initialized with port 0 (http)
2025-10-29T02:09:31.129-05:00  INFO 30268 --- [transporte-service] [restartedMain] o.apache.catalina.core.StandardService   : Starting service [Tomcat]
2025-10-29T02:09:31.129-05:00  INFO 30268 --- [transporte-service] [restartedMain] o.apache.catalina.core.StandardEngine    : Starting Servlet engine: [Apache Tomcat/10.1.46]
2025-10-29T02:09:31.192-05:00  INFO 30268 --- [transporte-service] [restartedMain] o.a.c.c.C.[Tomcat].[localhost].[/]       : Initializing Spring embedded WebApplicationContext
2025-10-29T02:09:31.192-05:00  INFO 30268 --- [transporte-service] [restartedMain] w.s.c.ServletWebServerApplicationContext : Root WebApplicationContext: initialization completed in 1410 ms
2025-10-29T02:09:31.373-05:00  INFO 30268 --- [transporte-service] [restartedMain] com.zaxxer.hikari.HikariDataSource       : HikariPool-5 - Starting...
2025-10-29T02:09:31.394-05:00  INFO 30268 --- [transporte-service] [restartedMain] com.zaxxer.hikari.pool.HikariPool        : HikariPool-5 - Added connection com.mysql.cj.jdbc.ConnectionImpl@67bc9c6b
2025-10-29T02:09:31.394-05:00  INFO 30268 --- [transporte-service] [restartedMain] com.zaxxer.hikari.HikariDataSource       : HikariPool-5 - Start completed.
2025-10-29T02:09:31.396-05:00  INFO 30268 --- [transporte-service] [restartedMain] o.hibernate.jpa.internal.util.LogHelper  : HHH000204: Processing PersistenceUnitInfo [name: default]
2025-10-29T02:09:31.404-05:00  INFO 30268 --- [transporte-service] [restartedMain] o.h.c.internal.RegionFactoryInitiator    : HHH000026: Second-level cache disabled
2025-10-29T02:09:31.434-05:00  INFO 30268 --- [transporte-service] [restartedMain] o.s.o.j.p.SpringPersistenceUnitInfo      : No LoadTimeWeaver setup: ignoring JPA class transformer
2025-10-29T02:09:31.438-05:00  INFO 30268 --- [transporte-service] [restartedMain] org.hibernate.orm.connections.pooling    : HHH10001005: Database info:
	Database JDBC URL [Connecting through datasource 'HikariDataSource (HikariPool-5)']
	Database driver: undefined/unknown
	Database version: 8.0.34
	Autocommit mode: undefined/unknown
	Isolation level: undefined/unknown
	Minimum pool size: undefined/unknown
	Maximum pool size: undefined/unknown
2025-10-29T02:09:31.621-05:00  INFO 30268 --- [transporte-service] [restartedMain] o.h.e.t.j.p.i.JtaPlatformInitiator       : HHH000489: No JTA platform available (set 'hibernate.transaction.jta.platform' to enable JTA platform integration)
2025-10-29T02:09:31.621-05:00  INFO 30268 --- [transporte-service] [restartedMain] j.LocalContainerEntityManagerFactoryBean : Initialized JPA EntityManagerFactory for persistence unit 'default'
2025-10-29T02:09:31.774-05:00  WARN 30268 --- [transporte-service] [restartedMain] JpaBaseConfiguration$JpaWebConfiguration : spring.jpa.open-in-view is enabled by default. Therefore, database queries may be performed during view rendering. Explicitly configure spring.jpa.open-in-view to disable this warning
2025-10-29T02:09:31.806-05:00  INFO 30268 --- [transporte-service] [restartedMain] o.s.b.d.a.OptionalLiveReloadServer       : LiveReload server is running on port 35729
2025-10-29T02:09:32.142-05:00  INFO 30268 --- [transporte-service] [restartedMain] o.s.b.a.e.web.EndpointLinksResolver      : Exposing 18 endpoints beneath base path '/actuator'
2025-10-29T02:09:32.389-05:00  INFO 30268 --- [transporte-service] [restartedMain] DiscoveryClientOptionalArgsConfiguration : Eureka HTTP Client uses RestTemplate.
2025-10-29T02:09:32.407-05:00  WARN 30268 --- [transporte-service] [restartedMain] iguration$LoadBalancerCaffeineWarnLogger : Spring Cloud LoadBalancer is currently working with the default cache. While this cache implementation is useful for development and tests, it's recommended to use Caffeine cache in production.You can switch to using Caffeine cache, by adding it and org.springframework.cache.caffeine.CaffeineCacheManager to the classpath.
2025-10-29T02:09:32.450-05:00  INFO 30268 --- [transporte-service] [restartedMain] o.s.b.w.embedded.tomcat.TomcatWebServer  : Tomcat started on port 51129 (http) with context path '/'
2025-10-29T02:09:32.450-05:00  INFO 30268 --- [transporte-service] [restartedMain] .s.c.n.e.s.EurekaAutoServiceRegistration : Updating port to 51129
2025-10-29T02:09:32.452-05:00  INFO 30268 --- [transporte-service] [restartedMain] o.s.c.n.eureka.InstanceInfoFactory       : Setting initial instance status as: STARTING
2025-10-29T02:09:32.456-05:00  INFO 30268 --- [transporte-service] [restartedMain] com.netflix.discovery.DiscoveryClient    : Initializing Eureka in region us-east-1
2025-10-29T02:09:32.456-05:00  INFO 30268 --- [transporte-service] [restartedMain] c.n.d.s.r.aws.ConfigClusterResolver      : Resolving eureka endpoints via configuration
2025-10-29T02:09:32.456-05:00  INFO 30268 --- [transporte-service] [restartedMain] com.netflix.discovery.DiscoveryClient    : Disable delta property : false
2025-10-29T02:09:32.456-05:00  INFO 30268 --- [transporte-service] [restartedMain] com.netflix.discovery.DiscoveryClient    : Single vip registry refresh property : null
2025-10-29T02:09:32.456-05:00  INFO 30268 --- [transporte-service] [restartedMain] com.netflix.discovery.DiscoveryClient    : Force full registry fetch : false
2025-10-29T02:09:32.456-05:00  INFO 30268 --- [transporte-service] [restartedMain] com.netflix.discovery.DiscoveryClient    : Application is null : false
2025-10-29T02:09:32.456-05:00  INFO 30268 --- [transporte-service] [restartedMain] com.netflix.discovery.DiscoveryClient    : Registered Applications size is zero : true
2025-10-29T02:09:32.457-05:00  INFO 30268 --- [transporte-service] [restartedMain] com.netflix.discovery.DiscoveryClient    : Application version is -1: true
2025-10-29T02:09:32.457-05:00  INFO 30268 --- [transporte-service] [restartedMain] com.netflix.discovery.DiscoveryClient    : Getting all instance registry info from the eureka server
2025-10-29T02:09:32.494-05:00  INFO 30268 --- [transporte-service] [restartedMain] com.netflix.discovery.DiscoveryClient    : The response status is 200
2025-10-29T02:09:32.495-05:00  INFO 30268 --- [transporte-service] [restartedMain] com.netflix.discovery.DiscoveryClient    : Starting heartbeat executor: renew interval is: 30
2025-10-29T02:09:32.495-05:00  INFO 30268 --- [transporte-service] [restartedMain] c.n.discovery.InstanceInfoReplicator     : InstanceInfoReplicator onDemand update allowed rate per min is 4
2025-10-29T02:09:32.495-05:00  INFO 30268 --- [transporte-service] [restartedMain] com.netflix.discovery.DiscoveryClient    : Discovery Client initialized at timestamp 1761721772495 with initial instances count: 2
2025-10-29T02:09:32.498-05:00  INFO 30268 --- [transporte-service] [restartedMain] o.s.c.n.e.s.EurekaServiceRegistry        : Registering application TRANSPORTE-SERVICE with eureka with status UP
2025-10-29T02:09:32.498-05:00  INFO 30268 --- [transporte-service] [restartedMain] com.netflix.discovery.DiscoveryClient    : Saw local status change event StatusChangeEvent [timestamp=1761721772498, current=UP, previous=STARTING]
2025-10-29T02:09:32.499-05:00  INFO 30268 --- [transporte-service] [DiscoveryClient-InstanceInfoReplicator-%d] com.netflix.discovery.DiscoveryClient    : DiscoveryClient_TRANSPORTE-SERVICE/transporte-service:d597a8639e304dc0d68756b04f388dbc: registering service...
2025-10-29T02:09:32.510-05:00  INFO 30268 --- [transporte-service] [DiscoveryClient-InstanceInfoReplicator-%d] com.netflix.discovery.DiscoveryClient    : DiscoveryClient_TRANSPORTE-SERVICE/transporte-service:d597a8639e304dc0d68756b04f388dbc - registration status: 204
2025-10-29T02:09:32.515-05:00  INFO 30268 --- [transporte-service] [restartedMain] o.cibertec.TransporteServiceApplication  : Started TransporteServiceApplication in 2.871 seconds (process running for 427.296)
2025-10-29T02:09:32.519-05:00  INFO 30268 --- [transporte-service] [restartedMain] .ConditionEvaluationDeltaLoggingListener : Condition evaluation unchanged
2025-10-29T02:09:35.878-05:00  INFO 30268 --- [transporte-service] [File Watcher] rtingClassPathChangeChangedEventListener : Restarting due to 1 class path change (0 additions, 0 deletions, 1 modification)
2025-10-29T02:09:35.879-05:00  INFO 30268 --- [transporte-service] [Thread-27] o.s.c.n.e.s.EurekaServiceRegistry        : Unregistering application TRANSPORTE-SERVICE with eureka with status DOWN
2025-10-29T02:09:35.879-05:00  INFO 30268 --- [transporte-service] [Thread-27] com.netflix.discovery.DiscoveryClient    : Saw local status change event StatusChangeEvent [timestamp=1761721775879, current=DOWN, previous=UP]
2025-10-29T02:09:35.880-05:00  INFO 30268 --- [transporte-service] [DiscoveryClient-InstanceInfoReplicator-%d] com.netflix.discovery.DiscoveryClient    : DiscoveryClient_TRANSPORTE-SERVICE/transporte-service:d597a8639e304dc0d68756b04f388dbc: registering service...
2025-10-29T02:09:35.880-05:00  INFO 30268 --- [transporte-service] [Thread-27] o.s.b.w.e.tomcat.GracefulShutdown        : Commencing graceful shutdown. Waiting for active requests to complete
2025-10-29T02:09:35.889-05:00  INFO 30268 --- [transporte-service] [tomcat-shutdown] o.s.b.w.e.tomcat.GracefulShutdown        : Graceful shutdown complete
2025-10-29T02:09:35.892-05:00  INFO 30268 --- [transporte-service] [DiscoveryClient-InstanceInfoReplicator-%d] com.netflix.discovery.DiscoveryClient    : DiscoveryClient_TRANSPORTE-SERVICE/transporte-service:d597a8639e304dc0d68756b04f388dbc - registration status: 204
2025-10-29T02:09:35.894-05:00  INFO 30268 --- [transporte-service] [Thread-27] j.LocalContainerEntityManagerFactoryBean : Closing JPA EntityManagerFactory for persistence unit 'default'
2025-10-29T02:09:35.895-05:00  INFO 30268 --- [transporte-service] [Thread-27] com.zaxxer.hikari.HikariDataSource       : HikariPool-5 - Shutdown initiated...
2025-10-29T02:09:35.903-05:00  INFO 30268 --- [transporte-service] [Thread-27] com.zaxxer.hikari.HikariDataSource       : HikariPool-5 - Shutdown completed.
2025-10-29T02:09:35.904-05:00  INFO 30268 --- [transporte-service] [Thread-27] com.netflix.discovery.DiscoveryClient    : Shutting down DiscoveryClient ...
2025-10-29T02:09:38.916-05:00  INFO 30268 --- [transporte-service] [Thread-27] com.netflix.discovery.DiscoveryClient    : Unregistering ...
2025-10-29T02:09:38.934-05:00  INFO 30268 --- [transporte-service] [Thread-27] com.netflix.discovery.DiscoveryClient    : DiscoveryClient_TRANSPORTE-SERVICE/transporte-service:d597a8639e304dc0d68756b04f388dbc - deregister  status: 200
2025-10-29T02:09:38.934-05:00  INFO 30268 --- [transporte-service] [Thread-27] com.netflix.discovery.DiscoveryClient    : Completed shut down of DiscoveryClient
2025-10-29T02:09:39.129-05:00  INFO 30268 --- [transporte-service] [restartedMain] o.cibertec.TransporteServiceApplication  : Starting TransporteServiceApplication using Java 21.0.8 with PID 30268 (C:\Users\ronca\OneDrive\Escritorio\Dev\DAW2\transporte-service\target\classes started by Arturo in C:\Users\ronca\OneDrive\Escritorio\Dev\DAW2\transporte-service)
2025-10-29T02:09:39.129-05:00  INFO 30268 --- [transporte-service] [restartedMain] o.cibertec.TransporteServiceApplication  : No active profile set, falling back to 1 default profile: "default"
2025-10-29T02:09:39.133-05:00  INFO 30268 --- [transporte-service] [restartedMain] o.s.c.c.c.ConfigServerConfigDataLoader   : Fetching config from server at : http://localhost:8888
2025-10-29T02:09:39.133-05:00  INFO 30268 --- [transporte-service] [restartedMain] o.s.c.c.c.ConfigServerConfigDataLoader   : Located environment: name=transporte-service, profiles=[default], label=null, version=null, state=null
2025-10-29T02:09:39.790-05:00  INFO 30268 --- [transporte-service] [restartedMain] .s.d.r.c.RepositoryConfigurationDelegate : Bootstrapping Spring Data JPA repositories in DEFAULT mode.
2025-10-29T02:09:39.807-05:00  INFO 30268 --- [transporte-service] [restartedMain] .s.d.r.c.RepositoryConfigurationDelegate : Finished Spring Data repository scanning in 14 ms. Found 1 JPA repository interface.
2025-10-29T02:09:39.985-05:00  INFO 30268 --- [transporte-service] [restartedMain] o.s.cloud.context.scope.GenericScope     : BeanFactory id=6f1174e2-a475-3867-b451-08caef5f5675
2025-10-29T02:09:40.101-05:00  INFO 30268 --- [transporte-service] [restartedMain] o.s.b.w.embedded.tomcat.TomcatWebServer  : Tomcat initialized with port 0 (http)
2025-10-29T02:09:40.102-05:00  INFO 30268 --- [transporte-service] [restartedMain] o.apache.catalina.core.StandardService   : Starting service [Tomcat]
2025-10-29T02:09:40.103-05:00  INFO 30268 --- [transporte-service] [restartedMain] o.apache.catalina.core.StandardEngine    : Starting Servlet engine: [Apache Tomcat/10.1.46]
2025-10-29T02:09:40.161-05:00  INFO 30268 --- [transporte-service] [restartedMain] o.a.c.c.C.[Tomcat].[localhost].[/]       : Initializing Spring embedded WebApplicationContext
2025-10-29T02:09:40.161-05:00  INFO 30268 --- [transporte-service] [restartedMain] w.s.c.ServletWebServerApplicationContext : Root WebApplicationContext: initialization completed in 1028 ms
2025-10-29T02:09:40.300-05:00  INFO 30268 --- [transporte-service] [restartedMain] com.zaxxer.hikari.HikariDataSource       : HikariPool-6 - Starting...
2025-10-29T02:09:40.315-05:00  INFO 30268 --- [transporte-service] [restartedMain] com.zaxxer.hikari.pool.HikariPool        : HikariPool-6 - Added connection com.mysql.cj.jdbc.ConnectionImpl@13d0f004
2025-10-29T02:09:40.315-05:00  INFO 30268 --- [transporte-service] [restartedMain] com.zaxxer.hikari.HikariDataSource       : HikariPool-6 - Start completed.
2025-10-29T02:09:40.316-05:00  INFO 30268 --- [transporte-service] [restartedMain] o.hibernate.jpa.internal.util.LogHelper  : HHH000204: Processing PersistenceUnitInfo [name: default]
2025-10-29T02:09:40.322-05:00  INFO 30268 --- [transporte-service] [restartedMain] o.h.c.internal.RegionFactoryInitiator    : HHH000026: Second-level cache disabled
2025-10-29T02:09:40.338-05:00  INFO 30268 --- [transporte-service] [restartedMain] o.s.o.j.p.SpringPersistenceUnitInfo      : No LoadTimeWeaver setup: ignoring JPA class transformer
2025-10-29T02:09:40.341-05:00  INFO 30268 --- [transporte-service] [restartedMain] org.hibernate.orm.connections.pooling    : HHH10001005: Database info:
	Database JDBC URL [Connecting through datasource 'HikariDataSource (HikariPool-6)']
	Database driver: undefined/unknown
	Database version: 8.0.34
	Autocommit mode: undefined/unknown
	Isolation level: undefined/unknown
	Minimum pool size: undefined/unknown
	Maximum pool size: undefined/unknown
2025-10-29T02:09:40.504-05:00  INFO 30268 --- [transporte-service] [restartedMain] o.h.e.t.j.p.i.JtaPlatformInitiator       : HHH000489: No JTA platform available (set 'hibernate.transaction.jta.platform' to enable JTA platform integration)
2025-10-29T02:09:40.505-05:00  INFO 30268 --- [transporte-service] [restartedMain] j.LocalContainerEntityManagerFactoryBean : Initialized JPA EntityManagerFactory for persistence unit 'default'
2025-10-29T02:09:40.647-05:00  WARN 30268 --- [transporte-service] [restartedMain] JpaBaseConfiguration$JpaWebConfiguration : spring.jpa.open-in-view is enabled by default. Therefore, database queries may be performed during view rendering. Explicitly configure spring.jpa.open-in-view to disable this warning
2025-10-29T02:09:40.673-05:00  INFO 30268 --- [transporte-service] [restartedMain] o.s.b.d.a.OptionalLiveReloadServer       : LiveReload server is running on port 35729
2025-10-29T02:09:40.974-05:00  INFO 30268 --- [transporte-service] [restartedMain] o.s.b.a.e.web.EndpointLinksResolver      : Exposing 18 endpoints beneath base path '/actuator'
2025-10-29T02:09:41.167-05:00  INFO 30268 --- [transporte-service] [restartedMain] DiscoveryClientOptionalArgsConfiguration : Eureka HTTP Client uses RestTemplate.
2025-10-29T02:09:41.183-05:00  WARN 30268 --- [transporte-service] [restartedMain] iguration$LoadBalancerCaffeineWarnLogger : Spring Cloud LoadBalancer is currently working with the default cache. While this cache implementation is useful for development and tests, it's recommended to use Caffeine cache in production.You can switch to using Caffeine cache, by adding it and org.springframework.cache.caffeine.CaffeineCacheManager to the classpath.
2025-10-29T02:09:41.225-05:00  INFO 30268 --- [transporte-service] [restartedMain] o.s.b.w.embedded.tomcat.TomcatWebServer  : Tomcat started on port 51183 (http) with context path '/'
2025-10-29T02:09:41.225-05:00  INFO 30268 --- [transporte-service] [restartedMain] .s.c.n.e.s.EurekaAutoServiceRegistration : Updating port to 51183
2025-10-29T02:09:41.226-05:00  INFO 30268 --- [transporte-service] [restartedMain] o.s.c.n.eureka.InstanceInfoFactory       : Setting initial instance status as: STARTING
2025-10-29T02:09:41.229-05:00  INFO 30268 --- [transporte-service] [restartedMain] com.netflix.discovery.DiscoveryClient    : Initializing Eureka in region us-east-1
2025-10-29T02:09:41.229-05:00  INFO 30268 --- [transporte-service] [restartedMain] c.n.d.s.r.aws.ConfigClusterResolver      : Resolving eureka endpoints via configuration
2025-10-29T02:09:41.230-05:00  INFO 30268 --- [transporte-service] [restartedMain] com.netflix.discovery.DiscoveryClient    : Disable delta property : false
2025-10-29T02:09:41.230-05:00  INFO 30268 --- [transporte-service] [restartedMain] com.netflix.discovery.DiscoveryClient    : Single vip registry refresh property : null
2025-10-29T02:09:41.230-05:00  INFO 30268 --- [transporte-service] [restartedMain] com.netflix.discovery.DiscoveryClient    : Force full registry fetch : false
2025-10-29T02:09:41.230-05:00  INFO 30268 --- [transporte-service] [restartedMain] com.netflix.discovery.DiscoveryClient    : Application is null : false
2025-10-29T02:09:41.230-05:00  INFO 30268 --- [transporte-service] [restartedMain] com.netflix.discovery.DiscoveryClient    : Registered Applications size is zero : true
2025-10-29T02:09:41.230-05:00  INFO 30268 --- [transporte-service] [restartedMain] com.netflix.discovery.DiscoveryClient    : Application version is -1: true
2025-10-29T02:09:41.230-05:00  INFO 30268 --- [transporte-service] [restartedMain] com.netflix.discovery.DiscoveryClient    : Getting all instance registry info from the eureka server
2025-10-29T02:09:41.255-05:00  INFO 30268 --- [transporte-service] [restartedMain] com.netflix.discovery.DiscoveryClient    : The response status is 200
2025-10-29T02:09:41.256-05:00  INFO 30268 --- [transporte-service] [restartedMain] com.netflix.discovery.DiscoveryClient    : Starting heartbeat executor: renew interval is: 30
2025-10-29T02:09:41.256-05:00  INFO 30268 --- [transporte-service] [restartedMain] c.n.discovery.InstanceInfoReplicator     : InstanceInfoReplicator onDemand update allowed rate per min is 4
2025-10-29T02:09:41.257-05:00  INFO 30268 --- [transporte-service] [restartedMain] com.netflix.discovery.DiscoveryClient    : Discovery Client initialized at timestamp 1761721781256 with initial instances count: 2
2025-10-29T02:09:41.259-05:00  INFO 30268 --- [transporte-service] [restartedMain] o.s.c.n.e.s.EurekaServiceRegistry        : Registering application TRANSPORTE-SERVICE with eureka with status UP
2025-10-29T02:09:41.259-05:00  INFO 30268 --- [transporte-service] [restartedMain] com.netflix.discovery.DiscoveryClient    : Saw local status change event StatusChangeEvent [timestamp=1761721781259, current=UP, previous=STARTING]
2025-10-29T02:09:41.260-05:00  INFO 30268 --- [transporte-service] [DiscoveryClient-InstanceInfoReplicator-%d] com.netflix.discovery.DiscoveryClient    : DiscoveryClient_TRANSPORTE-SERVICE/transporte-service:762373caab47720bd97a3ed2568ccc66: registering service...
2025-10-29T02:09:41.271-05:00  INFO 30268 --- [transporte-service] [DiscoveryClient-InstanceInfoReplicator-%d] com.netflix.discovery.DiscoveryClient    : DiscoveryClient_TRANSPORTE-SERVICE/transporte-service:762373caab47720bd97a3ed2568ccc66 - registration status: 204
2025-10-29T02:09:41.277-05:00  INFO 30268 --- [transporte-service] [restartedMain] o.cibertec.TransporteServiceApplication  : Started TransporteServiceApplication in 2.252 seconds (process running for 436.057)
2025-10-29T02:09:41.279-05:00  INFO 30268 --- [transporte-service] [restartedMain] .ConditionEvaluationDeltaLoggingListener : Condition evaluation unchanged
2025-10-29T02:09:46.390-05:00  INFO 30268 --- [transporte-service] [RMI TCP Connection(29)-127.0.0.1] inMXBeanRegistrar$SpringApplicationAdmin : Application shutdown requested.
2025-10-29T02:09:46.390-05:00  INFO 30268 --- [transporte-service] [RMI TCP Connection(29)-127.0.0.1] o.s.c.n.e.s.EurekaServiceRegistry        : Unregistering application TRANSPORTE-SERVICE with eureka with status DOWN
2025-10-29T02:09:46.390-05:00  INFO 30268 --- [transporte-service] [RMI TCP Connection(29)-127.0.0.1] com.netflix.discovery.DiscoveryClient    : Saw local status change event StatusChangeEvent [timestamp=1761721786390, current=DOWN, previous=UP]
2025-10-29T02:09:46.392-05:00  INFO 30268 --- [transporte-service] [RMI TCP Connection(29)-127.0.0.1] o.s.b.w.e.tomcat.GracefulShutdown        : Commencing graceful shutdown. Waiting for active requests to complete
2025-10-29T02:09:46.393-05:00  INFO 30268 --- [transporte-service] [DiscoveryClient-InstanceInfoReplicator-%d] com.netflix.discovery.DiscoveryClient    : DiscoveryClient_TRANSPORTE-SERVICE/transporte-service:762373caab47720bd97a3ed2568ccc66: registering service...
2025-10-29T02:09:46.403-05:00  INFO 30268 --- [transporte-service] [DiscoveryClient-InstanceInfoReplicator-%d] com.netflix.discovery.DiscoveryClient    : DiscoveryClient_TRANSPORTE-SERVICE/transporte-service:762373caab47720bd97a3ed2568ccc66 - registration status: 204
2025-10-29T02:09:46.410-05:00  INFO 30268 --- [transporte-service] [tomcat-shutdown] o.s.b.w.e.tomcat.GracefulShutdown        : Graceful shutdown complete
2025-10-29T02:09:46.424-05:00  INFO 30268 --- [transporte-service] [RMI TCP Connection(29)-127.0.0.1] j.LocalContainerEntityManagerFactoryBean : Closing JPA EntityManagerFactory for persistence unit 'default'
2025-10-29T02:09:46.426-05:00  INFO 30268 --- [transporte-service] [RMI TCP Connection(29)-127.0.0.1] com.zaxxer.hikari.HikariDataSource       : HikariPool-6 - Shutdown initiated...
2025-10-29T02:09:46.443-05:00  INFO 30268 --- [transporte-service] [RMI TCP Connection(29)-127.0.0.1] com.zaxxer.hikari.HikariDataSource       : HikariPool-6 - Shutdown completed.
2025-10-29T02:09:46.443-05:00  INFO 30268 --- [transporte-service] [RMI TCP Connection(29)-127.0.0.1] com.netflix.discovery.DiscoveryClient    : Shutting down DiscoveryClient ...
2025-10-29T02:09:49.455-05:00  INFO 30268 --- [transporte-service] [RMI TCP Connection(29)-127.0.0.1] com.netflix.discovery.DiscoveryClient    : Unregistering ...
2025-10-29T02:09:49.469-05:00  INFO 30268 --- [transporte-service] [RMI TCP Connection(29)-127.0.0.1] c.n.d.s.t.d.RedirectingEurekaHttpClient  : Request execution error. endpoint=DefaultEndpoint{ serviceUrl='http://localhost:8761/eureka/} exception=I/O error on DELETE request for "http://localhost:8761/eureka/apps/TRANSPORTE-SERVICE/transporte-service:762373caab47720bd97a3ed2568ccc66": Connect to http://localhost:8761 [localhost/127.0.0.1, localhost/0:0:0:0:0:0:0:1] failed: Connection refused: getsockopt stacktrace=org.springframework.web.client.ResourceAccessException: I/O error on DELETE request for "http://localhost:8761/eureka/apps/TRANSPORTE-SERVICE/transporte-service:762373caab47720bd97a3ed2568ccc66": Connect to http://localhost:8761 [localhost/127.0.0.1, localhost/0:0:0:0:0:0:0:1] failed: Connection refused: getsockopt
	at org.springframework.web.client.RestTemplate.createResourceAccessException(RestTemplate.java:926)
	at org.springframework.web.client.RestTemplate.doExecute(RestTemplate.java:906)
	at org.springframework.web.client.RestTemplate.execute(RestTemplate.java:841)
	at org.springframework.web.client.RestTemplate.exchange(RestTemplate.java:702)
	at org.springframework.cloud.netflix.eureka.http.RestTemplateEurekaHttpClient.cancel(RestTemplateEurekaHttpClient.java:100)
	at com.netflix.discovery.shared.transport.decorator.EurekaHttpClientDecorator$2.execute(EurekaHttpClientDecorator.java:74)
	at com.netflix.discovery.shared.transport.decorator.RedirectingEurekaHttpClient.execute(RedirectingEurekaHttpClient.java:91)
	at com.netflix.discovery.shared.transport.decorator.EurekaHttpClientDecorator.cancel(EurekaHttpClientDecorator.java:71)
	at com.netflix.discovery.shared.transport.decorator.EurekaHttpClientDecorator$2.execute(EurekaHttpClientDecorator.java:74)
	at com.netflix.discovery.shared.transport.decorator.RetryableEurekaHttpClient.execute(RetryableEurekaHttpClient.java:120)
	at com.netflix.discovery.shared.transport.decorator.EurekaHttpClientDecorator.cancel(EurekaHttpClientDecorator.java:71)
	at com.netflix.discovery.shared.transport.decorator.EurekaHttpClientDecorator$2.execute(EurekaHttpClientDecorator.java:74)
	at com.netflix.discovery.shared.transport.decorator.SessionedEurekaHttpClient.execute(SessionedEurekaHttpClient.java:76)
	at com.netflix.discovery.shared.transport.decorator.EurekaHttpClientDecorator.cancel(EurekaHttpClientDecorator.java:71)
	at com.netflix.discovery.DiscoveryClient.unregister(DiscoveryClient.java:919)
	at com.netflix.discovery.DiscoveryClient.shutdown(DiscoveryClient.java:900)
	at java.base/jdk.internal.reflect.DirectMethodHandleAccessor.invoke(DirectMethodHandleAccessor.java:103)
	at java.base/java.lang.reflect.Method.invoke(Method.java:580)
	at org.springframework.beans.factory.annotation.InitDestroyAnnotationBeanPostProcessor$LifecycleMethod.invoke(InitDestroyAnnotationBeanPostProcessor.java:457)
	at org.springframework.beans.factory.annotation.InitDestroyAnnotationBeanPostProcessor$LifecycleMetadata.invokeDestroyMethods(InitDestroyAnnotationBeanPostProcessor.java:415)
	at org.springframework.beans.factory.annotation.InitDestroyAnnotationBeanPostProcessor.postProcessBeforeDestruction(InitDestroyAnnotationBeanPostProcessor.java:239)
	at org.springframework.beans.factory.support.DisposableBeanAdapter.destroy(DisposableBeanAdapter.java:203)
	at org.springframework.beans.factory.support.DisposableBeanAdapter.run(DisposableBeanAdapter.java:196)
	at org.springframework.cloud.context.scope.GenericScope$BeanLifecycleWrapper.destroy(GenericScope.java:387)
	at org.springframework.cloud.context.scope.GenericScope.destroy(GenericScope.java:134)
	at org.springframework.beans.factory.support.DisposableBeanAdapter.destroy(DisposableBeanAdapter.java:212)
	at org.springframework.beans.factory.support.DefaultSingletonBeanRegistry.destroyBean(DefaultSingletonBeanRegistry.java:798)
	at org.springframework.beans.factory.support.DefaultSingletonBeanRegistry.destroySingleton(DefaultSingletonBeanRegistry.java:748)
	at org.springframework.beans.factory.support.DefaultListableBeanFactory.destroySingleton(DefaultListableBeanFactory.java:1489)
	at org.springframework.beans.factory.support.DefaultSingletonBeanRegistry.destroySingletons(DefaultSingletonBeanRegistry.java:707)
	at org.springframework.beans.factory.support.DefaultListableBeanFactory.destroySingletons(DefaultListableBeanFactory.java:1482)
	at org.springframework.context.support.AbstractApplicationContext.destroyBeans(AbstractApplicationContext.java:1219)
	at org.springframework.context.support.AbstractApplicationContext.doClose(AbstractApplicationContext.java:1180)
	at org.springframework.boot.web.servlet.context.ServletWebServerApplicationContext.doClose(ServletWebServerApplicationContext.java:179)
	at org.springframework.context.support.AbstractApplicationContext.close(AbstractApplicationContext.java:1126)
	at org.springframework.boot.admin.SpringApplicationAdminMXBeanRegistrar$SpringApplicationAdmin.shutdown(SpringApplicationAdminMXBeanRegistrar.java:160)
	at java.base/jdk.internal.reflect.DirectMethodHandleAccessor.invoke(DirectMethodHandleAccessor.java:103)
	at java.base/java.lang.reflect.Method.invoke(Method.java:580)
	at sun.reflect.misc.Trampoline.invoke(MethodUtil.java:64)
	at java.base/jdk.internal.reflect.DirectMethodHandleAccessor.invoke(DirectMethodHandleAccessor.java:103)
	at java.base/java.lang.reflect.Method.invoke(Method.java:580)
	at java.base/sun.reflect.misc.MethodUtil.invoke(MethodUtil.java:97)
	at java.management/com.sun.jmx.mbeanserver.ConvertingMethod.invokeWithOpenReturn(ConvertingMethod.java:193)
	at java.management/com.sun.jmx.mbeanserver.ConvertingMethod.invokeWithOpenReturn(ConvertingMethod.java:175)
	at java.management/com.sun.jmx.mbeanserver.MXBeanIntrospector.invokeM2(MXBeanIntrospector.java:115)
	at java.management/com.sun.jmx.mbeanserver.MXBeanIntrospector.invokeM2(MXBeanIntrospector.java:52)
	at java.management/com.sun.jmx.mbeanserver.MBeanIntrospector.invokeM(MBeanIntrospector.java:236)
	at java.management/com.sun.jmx.mbeanserver.PerInterface.invoke(PerInterface.java:138)
	at java.management/com.sun.jmx.mbeanserver.MBeanSupport.invoke(MBeanSupport.java:252)
	at java.management/com.sun.jmx.interceptor.DefaultMBeanServerInterceptor.invoke(DefaultMBeanServerInterceptor.java:803)
	at java.management/com.sun.jmx.mbeanserver.JmxMBeanServer.invoke(JmxMBeanServer.java:802)
	at java.management.rmi/javax.management.remote.rmi.RMIConnectionImpl.doOperation(RMIConnectionImpl.java:1472)
	at java.management.rmi/javax.management.remote.rmi.RMIConnectionImpl$PrivilegedOperation.run(RMIConnectionImpl.java:1310)
	at java.management.rmi/javax.management.remote.rmi.RMIConnectionImpl.doPrivilegedOperation(RMIConnectionImpl.java:1405)
	at java.management.rmi/javax.management.remote.rmi.RMIConnectionImpl.invoke(RMIConnectionImpl.java:829)
	at java.base/jdk.internal.reflect.DirectMethodHandleAccessor.invoke(DirectMethodHandleAccessor.java:103)
	at java.base/java.lang.reflect.Method.invoke(Method.java:580)
	at java.rmi/sun.rmi.server.UnicastServerRef.dispatch(UnicastServerRef.java:360)
	at java.rmi/sun.rmi.transport.Transport$1.run(Transport.java:200)
	at java.rmi/sun.rmi.transport.Transport$1.run(Transport.java:197)
	at java.base/java.security.AccessController.doPrivileged(AccessController.java:714)
	at java.rmi/sun.rmi.transport.Transport.serviceCall(Transport.java:196)
	at java.rmi/sun.rmi.transport.tcp.TCPTransport.handleMessages(TCPTransport.java:598)
	at java.rmi/sun.rmi.transport.tcp.TCPTransport$ConnectionHandler.run0(TCPTransport.java:844)
	at java.rmi/sun.rmi.transport.tcp.TCPTransport$ConnectionHandler.lambda$run$0(TCPTransport.java:721)
	at java.base/java.security.AccessController.doPrivileged(AccessController.java:400)
	at java.rmi/sun.rmi.transport.tcp.TCPTransport$ConnectionHandler.run(TCPTransport.java:720)
	at java.base/java.util.concurrent.ThreadPoolExecutor.runWorker(ThreadPoolExecutor.java:1144)
	at java.base/java.util.concurrent.ThreadPoolExecutor$Worker.run(ThreadPoolExecutor.java:642)
	at java.base/java.lang.Thread.run(Thread.java:1583)
Caused by: org.apache.hc.client5.http.HttpHostConnectException: Connect to http://localhost:8761 [localhost/127.0.0.1, localhost/0:0:0:0:0:0:0:1] failed: Connection refused: getsockopt
	at java.base/sun.nio.ch.Net.pollConnect(Native Method)
	at java.base/sun.nio.ch.Net.pollConnectNow(Net.java:682)
	at java.base/sun.nio.ch.NioSocketImpl.timedFinishConnect(NioSocketImpl.java:542)
	at java.base/sun.nio.ch.NioSocketImpl.connect(NioSocketImpl.java:592)
	at java.base/java.net.SocksSocketImpl.connect(SocksSocketImpl.java:327)
	at java.base/java.net.Socket.connect(Socket.java:751)
	at org.apache.hc.client5.http.impl.io.DefaultHttpClientConnectionOperator.connect(DefaultHttpClientConnectionOperator.java:216)
	at org.apache.hc.client5.http.impl.io.PoolingHttpClientConnectionManager.connect(PoolingHttpClientConnectionManager.java:490)
	at org.apache.hc.client5.http.impl.classic.InternalExecRuntime.connectEndpoint(InternalExecRuntime.java:164)
	at org.apache.hc.client5.http.impl.classic.InternalExecRuntime.connectEndpoint(InternalExecRuntime.java:174)
	at org.apache.hc.client5.http.impl.classic.ConnectExec.execute(ConnectExec.java:144)
	at org.apache.hc.client5.http.impl.classic.ExecChainElement.execute(ExecChainElement.java:51)
	at org.apache.hc.client5.http.impl.classic.ProtocolExec.execute(ProtocolExec.java:192)
	at org.apache.hc.client5.http.impl.classic.ExecChainElement.execute(ExecChainElement.java:51)
	at org.apache.hc.client5.http.impl.classic.ContentCompressionExec.execute(ContentCompressionExec.java:150)
	at org.apache.hc.client5.http.impl.classic.ExecChainElement.execute(ExecChainElement.java:51)
	at org.apache.hc.client5.http.impl.classic.HttpRequestRetryExec.execute(HttpRequestRetryExec.java:113)
	at org.apache.hc.client5.http.impl.classic.ExecChainElement.execute(ExecChainElement.java:51)
	at org.apache.hc.client5.http.impl.classic.RedirectExec.execute(RedirectExec.java:110)
	at org.apache.hc.client5.http.impl.classic.ExecChainElement.execute(ExecChainElement.java:51)
	at org.apache.hc.client5.http.impl.classic.InternalHttpClient.doExecute(InternalHttpClient.java:183)
	at org.apache.hc.client5.http.impl.classic.CloseableHttpClient.execute(CloseableHttpClient.java:87)
	at org.apache.hc.client5.http.impl.classic.CloseableHttpClient.execute(CloseableHttpClient.java:55)
	at org.apache.hc.client5.http.classic.HttpClient.executeOpen(HttpClient.java:183)
	at org.springframework.http.client.HttpComponentsClientHttpRequest.executeInternal(HttpComponentsClientHttpRequest.java:99)
	at org.springframework.http.client.AbstractStreamingClientHttpRequest.executeInternal(AbstractStreamingClientHttpRequest.java:71)
	at org.springframework.http.client.AbstractClientHttpRequest.execute(AbstractClientHttpRequest.java:81)
	at org.springframework.http.client.InterceptingClientHttpRequest$InterceptingRequestExecution.execute(InterceptingClientHttpRequest.java:117)
	at org.springframework.cloud.netflix.eureka.http.RestTemplateTransportClientFactory.lambda$restTemplate$2(RestTemplateTransportClientFactory.java:145)
	at org.springframework.http.client.InterceptingClientHttpRequest$InterceptingRequestExecution.execute(InterceptingClientHttpRequest.java:88)
	at org.springframework.http.client.InterceptingClientHttpRequest.executeInternal(InterceptingClientHttpRequest.java:72)
	at org.springframework.http.client.AbstractBufferingClientHttpRequest.executeInternal(AbstractBufferingClientHttpRequest.java:48)
	at org.springframework.http.client.AbstractClientHttpRequest.execute(AbstractClientHttpRequest.java:81)
	at org.springframework.web.client.RestTemplate.doExecute(RestTemplate.java:900)
	... 68 more

2025-10-29T02:09:49.469-05:00  WARN 30268 --- [transporte-service] [RMI TCP Connection(29)-127.0.0.1] c.n.d.s.t.d.RetryableEurekaHttpClient    : Request execution failed with message: I/O error on DELETE request for "http://localhost:8761/eureka/apps/TRANSPORTE-SERVICE/transporte-service:762373caab47720bd97a3ed2568ccc66": Connect to http://localhost:8761 [localhost/127.0.0.1, localhost/0:0:0:0:0:0:0:1] failed: Connection refused: getsockopt
2025-10-29T02:09:49.478-05:00  INFO 30268 --- [transporte-service] [RMI TCP Connection(29)-127.0.0.1] c.n.d.s.t.d.RedirectingEurekaHttpClient  : Request execution error. endpoint=DefaultEndpoint{ serviceUrl='http://localhost:8761/eureka/}, exception=I/O error on DELETE request for "http://localhost:8761/eureka/apps/TRANSPORTE-SERVICE/transporte-service:762373caab47720bd97a3ed2568ccc66": Connect to http://localhost:8761 [localhost/127.0.0.1, localhost/0:0:0:0:0:0:0:1] failed: Connection refused: getsockopt stacktrace=org.springframework.web.client.ResourceAccessException: I/O error on DELETE request for "http://localhost:8761/eureka/apps/TRANSPORTE-SERVICE/transporte-service:762373caab47720bd97a3ed2568ccc66": Connect to http://localhost:8761 [localhost/127.0.0.1, localhost/0:0:0:0:0:0:0:1] failed: Connection refused: getsockopt
	at org.springframework.web.client.RestTemplate.createResourceAccessException(RestTemplate.java:926)
	at org.springframework.web.client.RestTemplate.doExecute(RestTemplate.java:906)
	at org.springframework.web.client.RestTemplate.execute(RestTemplate.java:841)
	at org.springframework.web.client.RestTemplate.exchange(RestTemplate.java:702)
	at org.springframework.cloud.netflix.eureka.http.RestTemplateEurekaHttpClient.cancel(RestTemplateEurekaHttpClient.java:100)
	at com.netflix.discovery.shared.transport.decorator.EurekaHttpClientDecorator$2.execute(EurekaHttpClientDecorator.java:74)
	at com.netflix.discovery.shared.transport.decorator.RedirectingEurekaHttpClient.executeOnNewServer(RedirectingEurekaHttpClient.java:121)
	at com.netflix.discovery.shared.transport.decorator.RedirectingEurekaHttpClient.execute(RedirectingEurekaHttpClient.java:80)
	at com.netflix.discovery.shared.transport.decorator.EurekaHttpClientDecorator.cancel(EurekaHttpClientDecorator.java:71)
	at com.netflix.discovery.shared.transport.decorator.EurekaHttpClientDecorator$2.execute(EurekaHttpClientDecorator.java:74)
	at com.netflix.discovery.shared.transport.decorator.RetryableEurekaHttpClient.execute(RetryableEurekaHttpClient.java:120)
	at com.netflix.discovery.shared.transport.decorator.EurekaHttpClientDecorator.cancel(EurekaHttpClientDecorator.java:71)
	at com.netflix.discovery.shared.transport.decorator.EurekaHttpClientDecorator$2.execute(EurekaHttpClientDecorator.java:74)
	at com.netflix.discovery.shared.transport.decorator.SessionedEurekaHttpClient.execute(SessionedEurekaHttpClient.java:76)
	at com.netflix.discovery.shared.transport.decorator.EurekaHttpClientDecorator.cancel(EurekaHttpClientDecorator.java:71)
	at com.netflix.discovery.DiscoveryClient.unregister(DiscoveryClient.java:919)
	at com.netflix.discovery.DiscoveryClient.shutdown(DiscoveryClient.java:900)
	at java.base/jdk.internal.reflect.DirectMethodHandleAccessor.invoke(DirectMethodHandleAccessor.java:103)
	at java.base/java.lang.reflect.Method.invoke(Method.java:580)
	at org.springframework.beans.factory.annotation.InitDestroyAnnotationBeanPostProcessor$LifecycleMethod.invoke(InitDestroyAnnotationBeanPostProcessor.java:457)
	at org.springframework.beans.factory.annotation.InitDestroyAnnotationBeanPostProcessor$LifecycleMetadata.invokeDestroyMethods(InitDestroyAnnotationBeanPostProcessor.java:415)
	at org.springframework.beans.factory.annotation.InitDestroyAnnotationBeanPostProcessor.postProcessBeforeDestruction(InitDestroyAnnotationBeanPostProcessor.java:239)
	at org.springframework.beans.factory.support.DisposableBeanAdapter.destroy(DisposableBeanAdapter.java:203)
	at org.springframework.beans.factory.support.DisposableBeanAdapter.run(DisposableBeanAdapter.java:196)
	at org.springframework.cloud.context.scope.GenericScope$BeanLifecycleWrapper.destroy(GenericScope.java:387)
	at org.springframework.cloud.context.scope.GenericScope.destroy(GenericScope.java:134)
	at org.springframework.beans.factory.support.DisposableBeanAdapter.destroy(DisposableBeanAdapter.java:212)
	at org.springframework.beans.factory.support.DefaultSingletonBeanRegistry.destroyBean(DefaultSingletonBeanRegistry.java:798)
	at org.springframework.beans.factory.support.DefaultSingletonBeanRegistry.destroySingleton(DefaultSingletonBeanRegistry.java:748)
	at org.springframework.beans.factory.support.DefaultListableBeanFactory.destroySingleton(DefaultListableBeanFactory.java:1489)
	at org.springframework.beans.factory.support.DefaultSingletonBeanRegistry.destroySingletons(DefaultSingletonBeanRegistry.java:707)
	at org.springframework.beans.factory.support.DefaultListableBeanFactory.destroySingletons(DefaultListableBeanFactory.java:1482)
	at org.springframework.context.support.AbstractApplicationContext.destroyBeans(AbstractApplicationContext.java:1219)
	at org.springframework.context.support.AbstractApplicationContext.doClose(AbstractApplicationContext.java:1180)
	at org.springframework.boot.web.servlet.context.ServletWebServerApplicationContext.doClose(ServletWebServerApplicationContext.java:179)
	at org.springframework.context.support.AbstractApplicationContext.close(AbstractApplicationContext.java:1126)
	at org.springframework.boot.admin.SpringApplicationAdminMXBeanRegistrar$SpringApplicationAdmin.shutdown(SpringApplicationAdminMXBeanRegistrar.java:160)
	at java.base/jdk.internal.reflect.DirectMethodHandleAccessor.invoke(DirectMethodHandleAccessor.java:103)
	at java.base/java.lang.reflect.Method.invoke(Method.java:580)
	at sun.reflect.misc.Trampoline.invoke(MethodUtil.java:64)
	at java.base/jdk.internal.reflect.DirectMethodHandleAccessor.invoke(DirectMethodHandleAccessor.java:103)
	at java.base/java.lang.reflect.Method.invoke(Method.java:580)
	at java.base/sun.reflect.misc.MethodUtil.invoke(MethodUtil.java:97)
	at java.management/com.sun.jmx.mbeanserver.ConvertingMethod.invokeWithOpenReturn(ConvertingMethod.java:193)
	at java.management/com.sun.jmx.mbeanserver.ConvertingMethod.invokeWithOpenReturn(ConvertingMethod.java:175)
	at java.management/com.sun.jmx.mbeanserver.MXBeanIntrospector.invokeM2(MXBeanIntrospector.java:115)
	at java.management/com.sun.jmx.mbeanserver.MXBeanIntrospector.invokeM2(MXBeanIntrospector.java:52)
	at java.management/com.sun.jmx.mbeanserver.MBeanIntrospector.invokeM(MBeanIntrospector.java:236)
	at java.management/com.sun.jmx.mbeanserver.PerInterface.invoke(PerInterface.java:138)
	at java.management/com.sun.jmx.mbeanserver.MBeanSupport.invoke(MBeanSupport.java:252)
	at java.management/com.sun.jmx.interceptor.DefaultMBeanServerInterceptor.invoke(DefaultMBeanServerInterceptor.java:803)
	at java.management/com.sun.jmx.mbeanserver.JmxMBeanServer.invoke(JmxMBeanServer.java:802)
	at java.management.rmi/javax.management.remote.rmi.RMIConnectionImpl.doOperation(RMIConnectionImpl.java:1472)
	at java.management.rmi/javax.management.remote.rmi.RMIConnectionImpl$PrivilegedOperation.run(RMIConnectionImpl.java:1310)
	at java.management.rmi/javax.management.remote.rmi.RMIConnectionImpl.doPrivilegedOperation(RMIConnectionImpl.java:1405)
	at java.management.rmi/javax.management.remote.rmi.RMIConnectionImpl.invoke(RMIConnectionImpl.java:829)
	at java.base/jdk.internal.reflect.DirectMethodHandleAccessor.invoke(DirectMethodHandleAccessor.java:103)
	at java.base/java.lang.reflect.Method.invoke(Method.java:580)
	at java.rmi/sun.rmi.server.UnicastServerRef.dispatch(UnicastServerRef.java:360)
	at java.rmi/sun.rmi.transport.Transport$1.run(Transport.java:200)
	at java.rmi/sun.rmi.transport.Transport$1.run(Transport.java:197)
	at java.base/java.security.AccessController.doPrivileged(AccessController.java:714)
	at java.rmi/sun.rmi.transport.Transport.serviceCall(Transport.java:196)
	at java.rmi/sun.rmi.transport.tcp.TCPTransport.handleMessages(TCPTransport.java:598)
	at java.rmi/sun.rmi.transport.tcp.TCPTransport$ConnectionHandler.run0(TCPTransport.java:844)
	at java.rmi/sun.rmi.transport.tcp.TCPTransport$ConnectionHandler.lambda$run$0(TCPTransport.java:721)
	at java.base/java.security.AccessController.doPrivileged(AccessController.java:400)
	at java.rmi/sun.rmi.transport.tcp.TCPTransport$ConnectionHandler.run(TCPTransport.java:720)
	at java.base/java.util.concurrent.ThreadPoolExecutor.runWorker(ThreadPoolExecutor.java:1144)
	at java.base/java.util.concurrent.ThreadPoolExecutor$Worker.run(ThreadPoolExecutor.java:642)
	at java.base/java.lang.Thread.run(Thread.java:1583)
Caused by: org.apache.hc.client5.http.HttpHostConnectException: Connect to http://localhost:8761 [localhost/127.0.0.1, localhost/0:0:0:0:0:0:0:1] failed: Connection refused: getsockopt
	at java.base/sun.nio.ch.Net.pollConnect(Native Method)
	at java.base/sun.nio.ch.Net.pollConnectNow(Net.java:682)
	at java.base/sun.nio.ch.NioSocketImpl.timedFinishConnect(NioSocketImpl.java:542)
	at java.base/sun.nio.ch.NioSocketImpl.connect(NioSocketImpl.java:592)
	at java.base/java.net.SocksSocketImpl.connect(SocksSocketImpl.java:327)
	at java.base/java.net.Socket.connect(Socket.java:751)
	at org.apache.hc.client5.http.impl.io.DefaultHttpClientConnectionOperator.connect(DefaultHttpClientConnectionOperator.java:216)
	at org.apache.hc.client5.http.impl.io.PoolingHttpClientConnectionManager.connect(PoolingHttpClientConnectionManager.java:490)
	at org.apache.hc.client5.http.impl.classic.InternalExecRuntime.connectEndpoint(InternalExecRuntime.java:164)
	at org.apache.hc.client5.http.impl.classic.InternalExecRuntime.connectEndpoint(InternalExecRuntime.java:174)
	at org.apache.hc.client5.http.impl.classic.ConnectExec.execute(ConnectExec.java:144)
	at org.apache.hc.client5.http.impl.classic.ExecChainElement.execute(ExecChainElement.java:51)
	at org.apache.hc.client5.http.impl.classic.ProtocolExec.execute(ProtocolExec.java:192)
	at org.apache.hc.client5.http.impl.classic.ExecChainElement.execute(ExecChainElement.java:51)
	at org.apache.hc.client5.http.impl.classic.ContentCompressionExec.execute(ContentCompressionExec.java:150)
	at org.apache.hc.client5.http.impl.classic.ExecChainElement.execute(ExecChainElement.java:51)
	at org.apache.hc.client5.http.impl.classic.HttpRequestRetryExec.execute(HttpRequestRetryExec.java:113)
	at org.apache.hc.client5.http.impl.classic.ExecChainElement.execute(ExecChainElement.java:51)
	at org.apache.hc.client5.http.impl.classic.RedirectExec.execute(RedirectExec.java:110)
	at org.apache.hc.client5.http.impl.classic.ExecChainElement.execute(ExecChainElement.java:51)
	at org.apache.hc.client5.http.impl.classic.InternalHttpClient.doExecute(InternalHttpClient.java:183)
	at org.apache.hc.client5.http.impl.classic.CloseableHttpClient.execute(CloseableHttpClient.java:87)
	at org.apache.hc.client5.http.impl.classic.CloseableHttpClient.execute(CloseableHttpClient.java:55)
	at org.apache.hc.client5.http.classic.HttpClient.executeOpen(HttpClient.java:183)
	at org.springframework.http.client.HttpComponentsClientHttpRequest.executeInternal(HttpComponentsClientHttpRequest.java:99)
	at org.springframework.http.client.AbstractStreamingClientHttpRequest.executeInternal(AbstractStreamingClientHttpRequest.java:71)
	at org.springframework.http.client.AbstractClientHttpRequest.execute(AbstractClientHttpRequest.java:81)
	at org.springframework.http.client.InterceptingClientHttpRequest$InterceptingRequestExecution.execute(InterceptingClientHttpRequest.java:117)
	at org.springframework.cloud.netflix.eureka.http.RestTemplateTransportClientFactory.lambda$restTemplate$2(RestTemplateTransportClientFactory.java:145)
	at org.springframework.http.client.InterceptingClientHttpRequest$InterceptingRequestExecution.execute(InterceptingClientHttpRequest.java:88)
	at org.springframework.http.client.InterceptingClientHttpRequest.executeInternal(InterceptingClientHttpRequest.java:72)
	at org.springframework.http.client.AbstractBufferingClientHttpRequest.executeInternal(AbstractBufferingClientHttpRequest.java:48)
	at org.springframework.http.client.AbstractClientHttpRequest.execute(AbstractClientHttpRequest.java:81)
	at org.springframework.web.client.RestTemplate.doExecute(RestTemplate.java:900)
	... 69 more

2025-10-29T02:09:49.479-05:00  WARN 30268 --- [transporte-service] [RMI TCP Connection(29)-127.0.0.1] c.n.d.s.t.d.RetryableEurekaHttpClient    : Request execution failed with message: I/O error on DELETE request for "http://localhost:8761/eureka/apps/TRANSPORTE-SERVICE/transporte-service:762373caab47720bd97a3ed2568ccc66": Connect to http://localhost:8761 [localhost/127.0.0.1, localhost/0:0:0:0:0:0:0:1] failed: Connection refused: getsockopt
2025-10-29T02:09:49.479-05:00 ERROR 30268 --- [transporte-service] [RMI TCP Connection(29)-127.0.0.1] com.netflix.discovery.DiscoveryClient    : DiscoveryClient_TRANSPORTE-SERVICE/transporte-service:762373caab47720bd97a3ed2568ccc66 - de-registration failedCannot execute request on any known server

com.netflix.discovery.shared.transport.TransportException: Cannot execute request on any known server
	at com.netflix.discovery.shared.transport.decorator.RetryableEurekaHttpClient.execute(RetryableEurekaHttpClient.java:112) ~[eureka-client-2.0.5.jar:2.0.5]
	at com.netflix.discovery.shared.transport.decorator.EurekaHttpClientDecorator.cancel(EurekaHttpClientDecorator.java:71) ~[eureka-client-2.0.5.jar:2.0.5]
	at com.netflix.discovery.shared.transport.decorator.EurekaHttpClientDecorator$2.execute(EurekaHttpClientDecorator.java:74) ~[eureka-client-2.0.5.jar:2.0.5]
	at com.netflix.discovery.shared.transport.decorator.SessionedEurekaHttpClient.execute(SessionedEurekaHttpClient.java:76) ~[eureka-client-2.0.5.jar:2.0.5]
	at com.netflix.discovery.shared.transport.decorator.EurekaHttpClientDecorator.cancel(EurekaHttpClientDecorator.java:71) ~[eureka-client-2.0.5.jar:2.0.5]
	at com.netflix.discovery.DiscoveryClient.unregister(DiscoveryClient.java:919) ~[eureka-client-2.0.5.jar:2.0.5]
	at com.netflix.discovery.DiscoveryClient.shutdown(DiscoveryClient.java:900) ~[eureka-client-2.0.5.jar:2.0.5]
	at java.base/jdk.internal.reflect.DirectMethodHandleAccessor.invoke(DirectMethodHandleAccessor.java:103) ~[na:na]
	at java.base/java.lang.reflect.Method.invoke(Method.java:580) ~[na:na]
	at org.springframework.beans.factory.annotation.InitDestroyAnnotationBeanPostProcessor$LifecycleMethod.invoke(InitDestroyAnnotationBeanPostProcessor.java:457) ~[spring-beans-6.2.11.jar:6.2.11]
	at org.springframework.beans.factory.annotation.InitDestroyAnnotationBeanPostProcessor$LifecycleMetadata.invokeDestroyMethods(InitDestroyAnnotationBeanPostProcessor.java:415) ~[spring-beans-6.2.11.jar:6.2.11]
	at org.springframework.beans.factory.annotation.InitDestroyAnnotationBeanPostProcessor.postProcessBeforeDestruction(InitDestroyAnnotationBeanPostProcessor.java:239) ~[spring-beans-6.2.11.jar:6.2.11]
	at org.springframework.beans.factory.support.DisposableBeanAdapter.destroy(DisposableBeanAdapter.java:203) ~[spring-beans-6.2.11.jar:6.2.11]
	at org.springframework.beans.factory.support.DisposableBeanAdapter.run(DisposableBeanAdapter.java:196) ~[spring-beans-6.2.11.jar:6.2.11]
	at org.springframework.cloud.context.scope.GenericScope$BeanLifecycleWrapper.destroy(GenericScope.java:387) ~[spring-cloud-context-4.2.2.jar:4.2.2]
	at org.springframework.cloud.context.scope.GenericScope.destroy(GenericScope.java:134) ~[spring-cloud-context-4.2.2.jar:4.2.2]
	at org.springframework.beans.factory.support.DisposableBeanAdapter.destroy(DisposableBeanAdapter.java:212) ~[spring-beans-6.2.11.jar:6.2.11]
	at org.springframework.beans.factory.support.DefaultSingletonBeanRegistry.destroyBean(DefaultSingletonBeanRegistry.java:798) ~[spring-beans-6.2.11.jar:6.2.11]
	at org.springframework.beans.factory.support.DefaultSingletonBeanRegistry.destroySingleton(DefaultSingletonBeanRegistry.java:748) ~[spring-beans-6.2.11.jar:6.2.11]
	at org.springframework.beans.factory.support.DefaultListableBeanFactory.destroySingleton(DefaultListableBeanFactory.java:1489) ~[spring-beans-6.2.11.jar:6.2.11]
	at org.springframework.beans.factory.support.DefaultSingletonBeanRegistry.destroySingletons(DefaultSingletonBeanRegistry.java:707) ~[spring-beans-6.2.11.jar:6.2.11]
	at org.springframework.beans.factory.support.DefaultListableBeanFactory.destroySingletons(DefaultListableBeanFactory.java:1482) ~[spring-beans-6.2.11.jar:6.2.11]
	at org.springframework.context.support.AbstractApplicationContext.destroyBeans(AbstractApplicationContext.java:1219) ~[spring-context-6.2.11.jar:6.2.11]
	at org.springframework.context.support.AbstractApplicationContext.doClose(AbstractApplicationContext.java:1180) ~[spring-context-6.2.11.jar:6.2.11]
	at org.springframework.boot.web.servlet.context.ServletWebServerApplicationContext.doClose(ServletWebServerApplicationContext.java:179) ~[spring-boot-3.4.10.jar:3.4.10]
	at org.springframework.context.support.AbstractApplicationContext.close(AbstractApplicationContext.java:1126) ~[spring-context-6.2.11.jar:6.2.11]
	at org.springframework.boot.admin.SpringApplicationAdminMXBeanRegistrar$SpringApplicationAdmin.shutdown(SpringApplicationAdminMXBeanRegistrar.java:160) ~[spring-boot-3.4.10.jar:3.4.10]
	at java.base/jdk.internal.reflect.DirectMethodHandleAccessor.invoke(DirectMethodHandleAccessor.java:103) ~[na:na]
	at java.base/java.lang.reflect.Method.invoke(Method.java:580) ~[na:na]
	at sun.reflect.misc.Trampoline.invoke(MethodUtil.java:64) ~[na:na]
	at java.base/jdk.internal.reflect.DirectMethodHandleAccessor.invoke(DirectMethodHandleAccessor.java:103) ~[na:na]
	at java.base/java.lang.reflect.Method.invoke(Method.java:580) ~[na:na]
	at java.base/sun.reflect.misc.MethodUtil.invoke(MethodUtil.java:97) ~[na:na]
	at java.management/com.sun.jmx.mbeanserver.ConvertingMethod.invokeWithOpenReturn(ConvertingMethod.java:193) ~[na:na]
	at java.management/com.sun.jmx.mbeanserver.ConvertingMethod.invokeWithOpenReturn(ConvertingMethod.java:175) ~[na:na]
	at java.management/com.sun.jmx.mbeanserver.MXBeanIntrospector.invokeM2(MXBeanIntrospector.java:115) ~[na:na]
	at java.management/com.sun.jmx.mbeanserver.MXBeanIntrospector.invokeM2(MXBeanIntrospector.java:52) ~[na:na]
	at java.management/com.sun.jmx.mbeanserver.MBeanIntrospector.invokeM(MBeanIntrospector.java:236) ~[na:na]
	at java.management/com.sun.jmx.mbeanserver.PerInterface.invoke(PerInterface.java:138) ~[na:na]
	at java.management/com.sun.jmx.mbeanserver.MBeanSupport.invoke(MBeanSupport.java:252) ~[na:na]
	at java.management/com.sun.jmx.interceptor.DefaultMBeanServerInterceptor.invoke(DefaultMBeanServerInterceptor.java:803) ~[na:na]
	at java.management/com.sun.jmx.mbeanserver.JmxMBeanServer.invoke(JmxMBeanServer.java:802) ~[na:na]
	at java.management.rmi/javax.management.remote.rmi.RMIConnectionImpl.doOperation(RMIConnectionImpl.java:1472) ~[na:na]
	at java.management.rmi/javax.management.remote.rmi.RMIConnectionImpl$PrivilegedOperation.run(RMIConnectionImpl.java:1310) ~[na:na]
	at java.management.rmi/javax.management.remote.rmi.RMIConnectionImpl.doPrivilegedOperation(RMIConnectionImpl.java:1405) ~[na:na]
	at java.management.rmi/javax.management.remote.rmi.RMIConnectionImpl.invoke(RMIConnectionImpl.java:829) ~[na:na]
	at java.base/jdk.internal.reflect.DirectMethodHandleAccessor.invoke(DirectMethodHandleAccessor.java:103) ~[na:na]
	at java.base/java.lang.reflect.Method.invoke(Method.java:580) ~[na:na]
	at java.rmi/sun.rmi.server.UnicastServerRef.dispatch(UnicastServerRef.java:360) ~[na:na]
	at java.rmi/sun.rmi.transport.Transport$1.run(Transport.java:200) ~[na:na]
	at java.rmi/sun.rmi.transport.Transport$1.run(Transport.java:197) ~[na:na]
	at java.base/java.security.AccessController.doPrivileged(AccessController.java:714) ~[na:na]
	at java.rmi/sun.rmi.transport.Transport.serviceCall(Transport.java:196) ~[na:na]
	at java.rmi/sun.rmi.transport.tcp.TCPTransport.handleMessages(TCPTransport.java:598) ~[na:na]
	at java.rmi/sun.rmi.transport.tcp.TCPTransport$ConnectionHandler.run0(TCPTransport.java:844) ~[na:na]
	at java.rmi/sun.rmi.transport.tcp.TCPTransport$ConnectionHandler.lambda$run$0(TCPTransport.java:721) ~[na:na]
	at java.base/java.security.AccessController.doPrivileged(AccessController.java:400) ~[na:na]
	at java.rmi/sun.rmi.transport.tcp.TCPTransport$ConnectionHandler.run(TCPTransport.java:720) ~[na:na]
	at java.base/java.util.concurrent.ThreadPoolExecutor.runWorker(ThreadPoolExecutor.java:1144) ~[na:na]
	at java.base/java.util.concurrent.ThreadPoolExecutor$Worker.run(ThreadPoolExecutor.java:642) ~[na:na]
	at java.base/java.lang.Thread.run(Thread.java:1583) ~[na:na]

2025-10-29T02:09:49.488-05:00  INFO 30268 --- [transporte-service] [RMI TCP Connection(29)-127.0.0.1] com.netflix.discovery.DiscoveryClient    : Completed shut down of DiscoveryClient
2025-10-29T02:14:00.338-05:00  INFO 18536 --- [transporte-service] [restartedMain] o.cibertec.TransporteServiceApplication  : Starting TransporteServiceApplication using Java 21.0.8 with PID 18536 (C:\Users\ronca\OneDrive\Escritorio\Dev\DAW2\transporte-service\target\classes started by Arturo in C:\Users\ronca\OneDrive\Escritorio\Dev\DAW2\transporte-service)
2025-10-29T02:14:00.341-05:00  INFO 18536 --- [transporte-service] [restartedMain] o.cibertec.TransporteServiceApplication  : No active profile set, falling back to 1 default profile: "default"
2025-10-29T02:14:00.415-05:00  INFO 18536 --- [transporte-service] [restartedMain] o.s.c.c.c.ConfigServerConfigDataLoader   : Fetching config from server at : http://localhost:8888
2025-10-29T02:14:00.415-05:00  INFO 18536 --- [transporte-service] [restartedMain] o.s.c.c.c.ConfigServerConfigDataLoader   : Located environment: name=transporte-service, profiles=[default], label=null, version=null, state=null
2025-10-29T02:14:00.418-05:00  INFO 18536 --- [transporte-service] [restartedMain] .e.DevToolsPropertyDefaultsPostProcessor : Devtools property defaults active! Set 'spring.devtools.add-properties' to 'false' to disable
2025-10-29T02:14:00.418-05:00  INFO 18536 --- [transporte-service] [restartedMain] .e.DevToolsPropertyDefaultsPostProcessor : For additional web related logging consider setting the 'logging.level.web' property to 'DEBUG'
2025-10-29T02:14:02.161-05:00  INFO 18536 --- [transporte-service] [restartedMain] .s.d.r.c.RepositoryConfigurationDelegate : Bootstrapping Spring Data JPA repositories in DEFAULT mode.
2025-10-29T02:14:02.372-05:00  INFO 18536 --- [transporte-service] [restartedMain] .s.d.r.c.RepositoryConfigurationDelegate : Finished Spring Data repository scanning in 198 ms. Found 1 JPA repository interface.
2025-10-29T02:14:02.800-05:00  INFO 18536 --- [transporte-service] [restartedMain] o.s.cloud.context.scope.GenericScope     : BeanFactory id=6f1174e2-a475-3867-b451-08caef5f5675
2025-10-29T02:14:03.556-05:00  INFO 18536 --- [transporte-service] [restartedMain] o.s.b.w.embedded.tomcat.TomcatWebServer  : Tomcat initialized with port 0 (http)
2025-10-29T02:14:03.577-05:00  INFO 18536 --- [transporte-service] [restartedMain] o.apache.catalina.core.StandardService   : Starting service [Tomcat]
2025-10-29T02:14:03.578-05:00  INFO 18536 --- [transporte-service] [restartedMain] o.apache.catalina.core.StandardEngine    : Starting Servlet engine: [Apache Tomcat/10.1.46]
2025-10-29T02:14:03.672-05:00  INFO 18536 --- [transporte-service] [restartedMain] o.a.c.c.C.[Tomcat].[localhost].[/]       : Initializing Spring embedded WebApplicationContext
2025-10-29T02:14:03.672-05:00  INFO 18536 --- [transporte-service] [restartedMain] w.s.c.ServletWebServerApplicationContext : Root WebApplicationContext: initialization completed in 3253 ms
2025-10-29T02:14:04.108-05:00  INFO 18536 --- [transporte-service] [restartedMain] com.zaxxer.hikari.HikariDataSource       : HikariPool-1 - Starting...
2025-10-29T02:14:04.603-05:00  INFO 18536 --- [transporte-service] [restartedMain] com.zaxxer.hikari.pool.HikariPool        : HikariPool-1 - Added connection com.mysql.cj.jdbc.ConnectionImpl@5f955229
2025-10-29T02:14:04.606-05:00  INFO 18536 --- [transporte-service] [restartedMain] com.zaxxer.hikari.HikariDataSource       : HikariPool-1 - Start completed.
2025-10-29T02:14:04.692-05:00  INFO 18536 --- [transporte-service] [restartedMain] o.hibernate.jpa.internal.util.LogHelper  : HHH000204: Processing PersistenceUnitInfo [name: default]
2025-10-29T02:14:04.801-05:00  INFO 18536 --- [transporte-service] [restartedMain] org.hibernate.Version                    : HHH000412: Hibernate ORM core version 6.6.29.Final
2025-10-29T02:14:04.873-05:00  INFO 18536 --- [transporte-service] [restartedMain] o.h.c.internal.RegionFactoryInitiator    : HHH000026: Second-level cache disabled
2025-10-29T02:14:05.388-05:00  INFO 18536 --- [transporte-service] [restartedMain] o.s.o.j.p.SpringPersistenceUnitInfo      : No LoadTimeWeaver setup: ignoring JPA class transformer
2025-10-29T02:14:05.555-05:00  INFO 18536 --- [transporte-service] [restartedMain] org.hibernate.orm.connections.pooling    : HHH10001005: Database info:
	Database JDBC URL [Connecting through datasource 'HikariDataSource (HikariPool-1)']
	Database driver: undefined/unknown
	Database version: 8.0.34
	Autocommit mode: undefined/unknown
	Isolation level: undefined/unknown
	Minimum pool size: undefined/unknown
	Maximum pool size: undefined/unknown
2025-10-29T02:14:07.107-05:00  INFO 18536 --- [transporte-service] [restartedMain] o.h.e.t.j.p.i.JtaPlatformInitiator       : HHH000489: No JTA platform available (set 'hibernate.transaction.jta.platform' to enable JTA platform integration)
2025-10-29T02:14:07.112-05:00  INFO 18536 --- [transporte-service] [restartedMain] j.LocalContainerEntityManagerFactoryBean : Initialized JPA EntityManagerFactory for persistence unit 'default'
2025-10-29T02:14:07.611-05:00  WARN 18536 --- [transporte-service] [restartedMain] JpaBaseConfiguration$JpaWebConfiguration : spring.jpa.open-in-view is enabled by default. Therefore, database queries may be performed during view rendering. Explicitly configure spring.jpa.open-in-view to disable this warning
2025-10-29T02:14:07.681-05:00  WARN 18536 --- [transporte-service] [restartedMain] o.s.b.d.a.OptionalLiveReloadServer       : Unable to start LiveReload server
2025-10-29T02:14:08.481-05:00  INFO 18536 --- [transporte-service] [restartedMain] o.s.b.a.e.web.EndpointLinksResolver      : Exposing 18 endpoints beneath base path '/actuator'
2025-10-29T02:14:09.164-05:00  INFO 18536 --- [transporte-service] [restartedMain] DiscoveryClientOptionalArgsConfiguration : Eureka HTTP Client uses RestTemplate.
2025-10-29T02:14:09.202-05:00  WARN 18536 --- [transporte-service] [restartedMain] iguration$LoadBalancerCaffeineWarnLogger : Spring Cloud LoadBalancer is currently working with the default cache. While this cache implementation is useful for development and tests, it's recommended to use Caffeine cache in production.You can switch to using Caffeine cache, by adding it and org.springframework.cache.caffeine.CaffeineCacheManager to the classpath.
2025-10-29T02:14:09.362-05:00  INFO 18536 --- [transporte-service] [restartedMain] o.s.b.w.embedded.tomcat.TomcatWebServer  : Tomcat started on port 64341 (http) with context path '/'
2025-10-29T02:14:09.363-05:00  INFO 18536 --- [transporte-service] [restartedMain] .s.c.n.e.s.EurekaAutoServiceRegistration : Updating port to 64341
2025-10-29T02:14:09.373-05:00  INFO 18536 --- [transporte-service] [restartedMain] o.s.c.n.eureka.InstanceInfoFactory       : Setting initial instance status as: STARTING
2025-10-29T02:14:09.410-05:00  INFO 18536 --- [transporte-service] [restartedMain] com.netflix.discovery.DiscoveryClient    : Initializing Eureka in region us-east-1
2025-10-29T02:14:09.416-05:00  INFO 18536 --- [transporte-service] [restartedMain] c.n.d.s.r.aws.ConfigClusterResolver      : Resolving eureka endpoints via configuration
2025-10-29T02:14:09.432-05:00  INFO 18536 --- [transporte-service] [restartedMain] com.netflix.discovery.DiscoveryClient    : Disable delta property : false
2025-10-29T02:14:09.433-05:00  INFO 18536 --- [transporte-service] [restartedMain] com.netflix.discovery.DiscoveryClient    : Single vip registry refresh property : null
2025-10-29T02:14:09.433-05:00  INFO 18536 --- [transporte-service] [restartedMain] com.netflix.discovery.DiscoveryClient    : Force full registry fetch : false
2025-10-29T02:14:09.433-05:00  INFO 18536 --- [transporte-service] [restartedMain] com.netflix.discovery.DiscoveryClient    : Application is null : false
2025-10-29T02:14:09.433-05:00  INFO 18536 --- [transporte-service] [restartedMain] com.netflix.discovery.DiscoveryClient    : Registered Applications size is zero : true
2025-10-29T02:14:09.433-05:00  INFO 18536 --- [transporte-service] [restartedMain] com.netflix.discovery.DiscoveryClient    : Application version is -1: true
2025-10-29T02:14:09.433-05:00  INFO 18536 --- [transporte-service] [restartedMain] com.netflix.discovery.DiscoveryClient    : Getting all instance registry info from the eureka server
2025-10-29T02:14:09.835-05:00  INFO 18536 --- [transporte-service] [restartedMain] com.netflix.discovery.DiscoveryClient    : The response status is 200
2025-10-29T02:14:09.839-05:00  INFO 18536 --- [transporte-service] [restartedMain] com.netflix.discovery.DiscoveryClient    : Starting heartbeat executor: renew interval is: 30
2025-10-29T02:14:09.844-05:00  INFO 18536 --- [transporte-service] [restartedMain] c.n.discovery.InstanceInfoReplicator     : InstanceInfoReplicator onDemand update allowed rate per min is 4
2025-10-29T02:14:09.846-05:00  INFO 18536 --- [transporte-service] [restartedMain] com.netflix.discovery.DiscoveryClient    : Discovery Client initialized at timestamp 1761722049845 with initial instances count: 4
2025-10-29T02:14:09.851-05:00  INFO 18536 --- [transporte-service] [restartedMain] o.s.c.n.e.s.EurekaServiceRegistry        : Registering application TRANSPORTE-SERVICE with eureka with status UP
2025-10-29T02:14:09.852-05:00  INFO 18536 --- [transporte-service] [restartedMain] com.netflix.discovery.DiscoveryClient    : Saw local status change event StatusChangeEvent [timestamp=1761722049852, current=UP, previous=STARTING]
2025-10-29T02:14:09.855-05:00  INFO 18536 --- [transporte-service] [DiscoveryClient-InstanceInfoReplicator-%d] com.netflix.discovery.DiscoveryClient    : DiscoveryClient_TRANSPORTE-SERVICE/transporte-service:95536e6c3e0bffb8afc6c4e7d19e01d0: registering service...
2025-10-29T02:14:09.884-05:00  INFO 18536 --- [transporte-service] [restartedMain] o.cibertec.TransporteServiceApplication  : Started TransporteServiceApplication in 10.942 seconds (process running for 12.316)
2025-10-29T02:14:09.920-05:00  INFO 18536 --- [transporte-service] [DiscoveryClient-InstanceInfoReplicator-%d] com.netflix.discovery.DiscoveryClient    : DiscoveryClient_TRANSPORTE-SERVICE/transporte-service:95536e6c3e0bffb8afc6c4e7d19e01d0 - registration status: 204
2025-10-29T02:14:10.135-05:00  INFO 18536 --- [transporte-service] [RMI TCP Connection(8)-127.0.0.1] o.a.c.c.C.[Tomcat].[localhost].[/]       : Initializing Spring DispatcherServlet 'dispatcherServlet'
2025-10-29T02:14:10.136-05:00  INFO 18536 --- [transporte-service] [RMI TCP Connection(8)-127.0.0.1] o.s.web.servlet.DispatcherServlet        : Initializing Servlet 'dispatcherServlet'
2025-10-29T02:14:10.138-05:00  INFO 18536 --- [transporte-service] [RMI TCP Connection(8)-127.0.0.1] o.s.web.servlet.DispatcherServlet        : Completed initialization in 2 ms
2025-10-29T02:19:09.438-05:00  INFO 18536 --- [transporte-service] [AsyncResolver-bootstrap-executor-%d] c.n.d.s.r.aws.ConfigClusterResolver      : Resolving eureka endpoints via configuration
2025-10-29T02:24:09.440-05:00  INFO 18536 --- [transporte-service] [AsyncResolver-bootstrap-executor-%d] c.n.d.s.r.aws.ConfigClusterResolver      : Resolving eureka endpoints via configuration
2025-10-29T02:28:29.268-05:00  INFO 18536 --- [transporte-service] [File Watcher] rtingClassPathChangeChangedEventListener : Restarting due to 1 class path change (0 additions, 0 deletions, 1 modification)
2025-10-29T02:28:29.271-05:00  INFO 18536 --- [transporte-service] [Thread-1] o.s.c.n.e.s.EurekaServiceRegistry        : Unregistering application TRANSPORTE-SERVICE with eureka with status DOWN
2025-10-29T02:28:29.272-05:00  INFO 18536 --- [transporte-service] [Thread-1] com.netflix.discovery.DiscoveryClient    : Saw local status change event StatusChangeEvent [timestamp=1761722909272, current=DOWN, previous=UP]
2025-10-29T02:28:29.272-05:00  INFO 18536 --- [transporte-service] [DiscoveryClient-InstanceInfoReplicator-%d] com.netflix.discovery.DiscoveryClient    : DiscoveryClient_TRANSPORTE-SERVICE/transporte-service:95536e6c3e0bffb8afc6c4e7d19e01d0: registering service...
2025-10-29T02:28:29.278-05:00  INFO 18536 --- [transporte-service] [Thread-1] o.s.b.w.e.tomcat.GracefulShutdown        : Commencing graceful shutdown. Waiting for active requests to complete
2025-10-29T02:28:29.289-05:00  INFO 18536 --- [transporte-service] [tomcat-shutdown] o.s.b.w.e.tomcat.GracefulShutdown        : Graceful shutdown complete
2025-10-29T02:28:29.293-05:00  INFO 18536 --- [transporte-service] [DiscoveryClient-InstanceInfoReplicator-%d] com.netflix.discovery.DiscoveryClient    : DiscoveryClient_TRANSPORTE-SERVICE/transporte-service:95536e6c3e0bffb8afc6c4e7d19e01d0 - registration status: 204
2025-10-29T02:28:29.302-05:00  INFO 18536 --- [transporte-service] [Thread-1] j.LocalContainerEntityManagerFactoryBean : Closing JPA EntityManagerFactory for persistence unit 'default'
2025-10-29T02:28:29.308-05:00  INFO 18536 --- [transporte-service] [Thread-1] com.zaxxer.hikari.HikariDataSource       : HikariPool-1 - Shutdown initiated...
2025-10-29T02:28:29.322-05:00  INFO 18536 --- [transporte-service] [Thread-1] com.zaxxer.hikari.HikariDataSource       : HikariPool-1 - Shutdown completed.
2025-10-29T02:28:29.323-05:00  INFO 18536 --- [transporte-service] [Thread-1] com.netflix.discovery.DiscoveryClient    : Shutting down DiscoveryClient ...
2025-10-29T02:28:32.339-05:00  INFO 18536 --- [transporte-service] [Thread-1] com.netflix.discovery.DiscoveryClient    : Unregistering ...
2025-10-29T02:28:32.359-05:00  INFO 18536 --- [transporte-service] [Thread-1] com.netflix.discovery.DiscoveryClient    : DiscoveryClient_TRANSPORTE-SERVICE/transporte-service:95536e6c3e0bffb8afc6c4e7d19e01d0 - deregister  status: 200
2025-10-29T02:28:32.359-05:00  INFO 18536 --- [transporte-service] [Thread-1] com.netflix.discovery.DiscoveryClient    : Completed shut down of DiscoveryClient
2025-10-29T02:28:32.632-05:00  INFO 18536 --- [transporte-service] [restartedMain] o.cibertec.TransporteServiceApplication  : Starting TransporteServiceApplication using Java 21.0.8 with PID 18536 (C:\Users\ronca\OneDrive\Escritorio\Dev\DAW2\transporte-service\target\classes started by Arturo in C:\Users\ronca\OneDrive\Escritorio\Dev\DAW2\transporte-service)
2025-10-29T02:28:32.633-05:00  INFO 18536 --- [transporte-service] [restartedMain] o.cibertec.TransporteServiceApplication  : No active profile set, falling back to 1 default profile: "default"
2025-10-29T02:28:32.638-05:00  INFO 18536 --- [transporte-service] [restartedMain] o.s.c.c.c.ConfigServerConfigDataLoader   : Fetching config from server at : http://localhost:8888
2025-10-29T02:28:32.638-05:00  INFO 18536 --- [transporte-service] [restartedMain] o.s.c.c.c.ConfigServerConfigDataLoader   : Located environment: name=transporte-service, profiles=[default], label=null, version=null, state=null
2025-10-29T02:28:33.630-05:00  INFO 18536 --- [transporte-service] [restartedMain] .s.d.r.c.RepositoryConfigurationDelegate : Bootstrapping Spring Data JPA repositories in DEFAULT mode.
2025-10-29T02:28:33.650-05:00  INFO 18536 --- [transporte-service] [restartedMain] .s.d.r.c.RepositoryConfigurationDelegate : Finished Spring Data repository scanning in 18 ms. Found 1 JPA repository interface.
2025-10-29T02:28:33.892-05:00  INFO 18536 --- [transporte-service] [restartedMain] o.s.cloud.context.scope.GenericScope     : BeanFactory id=6f1174e2-a475-3867-b451-08caef5f5675
2025-10-29T02:28:34.112-05:00  INFO 18536 --- [transporte-service] [restartedMain] o.s.b.w.embedded.tomcat.TomcatWebServer  : Tomcat initialized with port 0 (http)
2025-10-29T02:28:34.116-05:00  INFO 18536 --- [transporte-service] [restartedMain] o.apache.catalina.core.StandardService   : Starting service [Tomcat]
2025-10-29T02:28:34.116-05:00  INFO 18536 --- [transporte-service] [restartedMain] o.apache.catalina.core.StandardEngine    : Starting Servlet engine: [Apache Tomcat/10.1.46]
2025-10-29T02:28:34.186-05:00  INFO 18536 --- [transporte-service] [restartedMain] o.a.c.c.C.[Tomcat].[localhost].[/]       : Initializing Spring embedded WebApplicationContext
2025-10-29T02:28:34.186-05:00  INFO 18536 --- [transporte-service] [restartedMain] w.s.c.ServletWebServerApplicationContext : Root WebApplicationContext: initialization completed in 1547 ms
2025-10-29T02:28:34.392-05:00  INFO 18536 --- [transporte-service] [restartedMain] com.zaxxer.hikari.HikariDataSource       : HikariPool-2 - Starting...
2025-10-29T02:28:34.448-05:00  INFO 18536 --- [transporte-service] [restartedMain] com.zaxxer.hikari.pool.HikariPool        : HikariPool-2 - Added connection com.mysql.cj.jdbc.ConnectionImpl@2a90e218
2025-10-29T02:28:34.449-05:00  INFO 18536 --- [transporte-service] [restartedMain] com.zaxxer.hikari.HikariDataSource       : HikariPool-2 - Start completed.
2025-10-29T02:28:34.452-05:00  INFO 18536 --- [transporte-service] [restartedMain] o.hibernate.jpa.internal.util.LogHelper  : HHH000204: Processing PersistenceUnitInfo [name: default]
2025-10-29T02:28:34.459-05:00  INFO 18536 --- [transporte-service] [restartedMain] o.h.c.internal.RegionFactoryInitiator    : HHH000026: Second-level cache disabled
2025-10-29T02:28:34.480-05:00  INFO 18536 --- [transporte-service] [restartedMain] o.s.o.j.p.SpringPersistenceUnitInfo      : No LoadTimeWeaver setup: ignoring JPA class transformer
2025-10-29T02:28:34.486-05:00  INFO 18536 --- [transporte-service] [restartedMain] org.hibernate.orm.connections.pooling    : HHH10001005: Database info:
	Database JDBC URL [Connecting through datasource 'HikariDataSource (HikariPool-2)']
	Database driver: undefined/unknown
	Database version: 8.0.34
	Autocommit mode: undefined/unknown
	Isolation level: undefined/unknown
	Minimum pool size: undefined/unknown
	Maximum pool size: undefined/unknown
2025-10-29T02:28:34.767-05:00  INFO 18536 --- [transporte-service] [restartedMain] o.h.e.t.j.p.i.JtaPlatformInitiator       : HHH000489: No JTA platform available (set 'hibernate.transaction.jta.platform' to enable JTA platform integration)
2025-10-29T02:28:34.768-05:00  INFO 18536 --- [transporte-service] [restartedMain] j.LocalContainerEntityManagerFactoryBean : Initialized JPA EntityManagerFactory for persistence unit 'default'
2025-10-29T02:28:34.933-05:00  WARN 18536 --- [transporte-service] [restartedMain] JpaBaseConfiguration$JpaWebConfiguration : spring.jpa.open-in-view is enabled by default. Therefore, database queries may be performed during view rendering. Explicitly configure spring.jpa.open-in-view to disable this warning
2025-10-29T02:28:34.974-05:00  WARN 18536 --- [transporte-service] [restartedMain] o.s.b.d.a.OptionalLiveReloadServer       : Unable to start LiveReload server
2025-10-29T02:28:35.412-05:00  INFO 18536 --- [transporte-service] [restartedMain] o.s.b.a.e.web.EndpointLinksResolver      : Exposing 18 endpoints beneath base path '/actuator'
2025-10-29T02:28:35.699-05:00  INFO 18536 --- [transporte-service] [restartedMain] DiscoveryClientOptionalArgsConfiguration : Eureka HTTP Client uses RestTemplate.
2025-10-29T02:28:35.715-05:00  WARN 18536 --- [transporte-service] [restartedMain] iguration$LoadBalancerCaffeineWarnLogger : Spring Cloud LoadBalancer is currently working with the default cache. While this cache implementation is useful for development and tests, it's recommended to use Caffeine cache in production.You can switch to using Caffeine cache, by adding it and org.springframework.cache.caffeine.CaffeineCacheManager to the classpath.
2025-10-29T02:28:35.767-05:00  INFO 18536 --- [transporte-service] [restartedMain] o.s.b.w.embedded.tomcat.TomcatWebServer  : Tomcat started on port 53161 (http) with context path '/'
2025-10-29T02:28:35.768-05:00  INFO 18536 --- [transporte-service] [restartedMain] .s.c.n.e.s.EurekaAutoServiceRegistration : Updating port to 53161
2025-10-29T02:28:35.769-05:00  INFO 18536 --- [transporte-service] [restartedMain] o.s.c.n.eureka.InstanceInfoFactory       : Setting initial instance status as: STARTING
2025-10-29T02:28:35.774-05:00  INFO 18536 --- [transporte-service] [restartedMain] com.netflix.discovery.DiscoveryClient    : Initializing Eureka in region us-east-1
2025-10-29T02:28:35.776-05:00  INFO 18536 --- [transporte-service] [restartedMain] c.n.d.s.r.aws.ConfigClusterResolver      : Resolving eureka endpoints via configuration
2025-10-29T02:28:35.776-05:00  INFO 18536 --- [transporte-service] [restartedMain] com.netflix.discovery.DiscoveryClient    : Disable delta property : false
2025-10-29T02:28:35.776-05:00  INFO 18536 --- [transporte-service] [restartedMain] com.netflix.discovery.DiscoveryClient    : Single vip registry refresh property : null
2025-10-29T02:28:35.777-05:00  INFO 18536 --- [transporte-service] [restartedMain] com.netflix.discovery.DiscoveryClient    : Force full registry fetch : false
2025-10-29T02:28:35.777-05:00  INFO 18536 --- [transporte-service] [restartedMain] com.netflix.discovery.DiscoveryClient    : Application is null : false
2025-10-29T02:28:35.777-05:00  INFO 18536 --- [transporte-service] [restartedMain] com.netflix.discovery.DiscoveryClient    : Registered Applications size is zero : true
2025-10-29T02:28:35.777-05:00  INFO 18536 --- [transporte-service] [restartedMain] com.netflix.discovery.DiscoveryClient    : Application version is -1: true
2025-10-29T02:28:35.777-05:00  INFO 18536 --- [transporte-service] [restartedMain] com.netflix.discovery.DiscoveryClient    : Getting all instance registry info from the eureka server
2025-10-29T02:28:35.825-05:00  INFO 18536 --- [transporte-service] [restartedMain] com.netflix.discovery.DiscoveryClient    : The response status is 200
2025-10-29T02:28:35.826-05:00  INFO 18536 --- [transporte-service] [restartedMain] com.netflix.discovery.DiscoveryClient    : Starting heartbeat executor: renew interval is: 30
2025-10-29T02:28:35.826-05:00  INFO 18536 --- [transporte-service] [restartedMain] c.n.discovery.InstanceInfoReplicator     : InstanceInfoReplicator onDemand update allowed rate per min is 4
2025-10-29T02:28:35.827-05:00  INFO 18536 --- [transporte-service] [restartedMain] com.netflix.discovery.DiscoveryClient    : Discovery Client initialized at timestamp 1761722915827 with initial instances count: 6
2025-10-29T02:28:35.830-05:00  INFO 18536 --- [transporte-service] [restartedMain] o.s.c.n.e.s.EurekaServiceRegistry        : Registering application TRANSPORTE-SERVICE with eureka with status UP
2025-10-29T02:28:35.830-05:00  INFO 18536 --- [transporte-service] [restartedMain] com.netflix.discovery.DiscoveryClient    : Saw local status change event StatusChangeEvent [timestamp=1761722915830, current=UP, previous=STARTING]
2025-10-29T02:28:35.830-05:00  INFO 18536 --- [transporte-service] [DiscoveryClient-InstanceInfoReplicator-%d] com.netflix.discovery.DiscoveryClient    : DiscoveryClient_TRANSPORTE-SERVICE/transporte-service:3d7980c7f936a6472e8b8a2dba26bfc4: registering service...
2025-10-29T02:28:35.850-05:00  INFO 18536 --- [transporte-service] [DiscoveryClient-InstanceInfoReplicator-%d] com.netflix.discovery.DiscoveryClient    : DiscoveryClient_TRANSPORTE-SERVICE/transporte-service:3d7980c7f936a6472e8b8a2dba26bfc4 - registration status: 204
2025-10-29T02:28:35.854-05:00  INFO 18536 --- [transporte-service] [restartedMain] o.cibertec.TransporteServiceApplication  : Started TransporteServiceApplication in 3.384 seconds (process running for 878.287)
2025-10-29T02:28:35.860-05:00  INFO 18536 --- [transporte-service] [restartedMain] .ConditionEvaluationDeltaLoggingListener : Condition evaluation unchanged
2025-10-29T02:28:37.128-05:00  INFO 18536 --- [transporte-service] [File Watcher] rtingClassPathChangeChangedEventListener : Restarting due to 1 class path change (0 additions, 0 deletions, 1 modification)
2025-10-29T02:28:37.129-05:00  INFO 18536 --- [transporte-service] [Thread-7] o.s.c.n.e.s.EurekaServiceRegistry        : Unregistering application TRANSPORTE-SERVICE with eureka with status DOWN
2025-10-29T02:28:37.130-05:00  INFO 18536 --- [transporte-service] [Thread-7] com.netflix.discovery.DiscoveryClient    : Saw local status change event StatusChangeEvent [timestamp=1761722917130, current=DOWN, previous=UP]
2025-10-29T02:28:37.130-05:00  INFO 18536 --- [transporte-service] [DiscoveryClient-InstanceInfoReplicator-%d] com.netflix.discovery.DiscoveryClient    : DiscoveryClient_TRANSPORTE-SERVICE/transporte-service:3d7980c7f936a6472e8b8a2dba26bfc4: registering service...
2025-10-29T02:28:37.131-05:00  INFO 18536 --- [transporte-service] [Thread-7] o.s.b.w.e.tomcat.GracefulShutdown        : Commencing graceful shutdown. Waiting for active requests to complete
2025-10-29T02:28:37.134-05:00  INFO 18536 --- [transporte-service] [DiscoveryClient-InstanceInfoReplicator-%d] com.netflix.discovery.DiscoveryClient    : DiscoveryClient_TRANSPORTE-SERVICE/transporte-service:3d7980c7f936a6472e8b8a2dba26bfc4 - registration status: 204
2025-10-29T02:28:37.138-05:00  INFO 18536 --- [transporte-service] [tomcat-shutdown] o.s.b.w.e.tomcat.GracefulShutdown        : Graceful shutdown complete
2025-10-29T02:28:37.144-05:00  INFO 18536 --- [transporte-service] [Thread-7] j.LocalContainerEntityManagerFactoryBean : Closing JPA EntityManagerFactory for persistence unit 'default'
2025-10-29T02:28:37.144-05:00  INFO 18536 --- [transporte-service] [Thread-7] com.zaxxer.hikari.HikariDataSource       : HikariPool-2 - Shutdown initiated...
2025-10-29T02:28:37.151-05:00  INFO 18536 --- [transporte-service] [Thread-7] com.zaxxer.hikari.HikariDataSource       : HikariPool-2 - Shutdown completed.
2025-10-29T02:28:37.152-05:00  INFO 18536 --- [transporte-service] [Thread-7] com.netflix.discovery.DiscoveryClient    : Shutting down DiscoveryClient ...
2025-10-29T02:28:40.164-05:00  INFO 18536 --- [transporte-service] [Thread-7] com.netflix.discovery.DiscoveryClient    : Unregistering ...
2025-10-29T02:28:40.182-05:00  INFO 18536 --- [transporte-service] [Thread-7] com.netflix.discovery.DiscoveryClient    : DiscoveryClient_TRANSPORTE-SERVICE/transporte-service:3d7980c7f936a6472e8b8a2dba26bfc4 - deregister  status: 200
2025-10-29T02:28:40.182-05:00  INFO 18536 --- [transporte-service] [Thread-7] com.netflix.discovery.DiscoveryClient    : Completed shut down of DiscoveryClient
2025-10-29T02:28:40.440-05:00  INFO 18536 --- [transporte-service] [restartedMain] o.cibertec.TransporteServiceApplication  : Starting TransporteServiceApplication using Java 21.0.8 with PID 18536 (C:\Users\ronca\OneDrive\Escritorio\Dev\DAW2\transporte-service\target\classes started by Arturo in C:\Users\ronca\OneDrive\Escritorio\Dev\DAW2\transporte-service)
2025-10-29T02:28:40.440-05:00  INFO 18536 --- [transporte-service] [restartedMain] o.cibertec.TransporteServiceApplication  : No active profile set, falling back to 1 default profile: "default"
2025-10-29T02:28:40.444-05:00  INFO 18536 --- [transporte-service] [restartedMain] o.s.c.c.c.ConfigServerConfigDataLoader   : Fetching config from server at : http://localhost:8888
2025-10-29T02:28:40.444-05:00  INFO 18536 --- [transporte-service] [restartedMain] o.s.c.c.c.ConfigServerConfigDataLoader   : Located environment: name=transporte-service, profiles=[default], label=null, version=null, state=null
2025-10-29T02:28:41.160-05:00  INFO 18536 --- [transporte-service] [restartedMain] .s.d.r.c.RepositoryConfigurationDelegate : Bootstrapping Spring Data JPA repositories in DEFAULT mode.
2025-10-29T02:28:41.182-05:00  INFO 18536 --- [transporte-service] [restartedMain] .s.d.r.c.RepositoryConfigurationDelegate : Finished Spring Data repository scanning in 20 ms. Found 1 JPA repository interface.
2025-10-29T02:28:41.359-05:00  INFO 18536 --- [transporte-service] [restartedMain] o.s.cloud.context.scope.GenericScope     : BeanFactory id=6f1174e2-a475-3867-b451-08caef5f5675
2025-10-29T02:28:41.491-05:00  INFO 18536 --- [transporte-service] [restartedMain] o.s.b.w.embedded.tomcat.TomcatWebServer  : Tomcat initialized with port 0 (http)
2025-10-29T02:28:41.492-05:00  INFO 18536 --- [transporte-service] [restartedMain] o.apache.catalina.core.StandardService   : Starting service [Tomcat]
2025-10-29T02:28:41.493-05:00  INFO 18536 --- [transporte-service] [restartedMain] o.apache.catalina.core.StandardEngine    : Starting Servlet engine: [Apache Tomcat/10.1.46]
2025-10-29T02:28:41.556-05:00  INFO 18536 --- [transporte-service] [restartedMain] o.a.c.c.C.[Tomcat].[localhost].[/]       : Initializing Spring embedded WebApplicationContext
2025-10-29T02:28:41.556-05:00  INFO 18536 --- [transporte-service] [restartedMain] w.s.c.ServletWebServerApplicationContext : Root WebApplicationContext: initialization completed in 1112 ms
2025-10-29T02:28:41.722-05:00  INFO 18536 --- [transporte-service] [restartedMain] com.zaxxer.hikari.HikariDataSource       : HikariPool-3 - Starting...
2025-10-29T02:28:41.742-05:00  INFO 18536 --- [transporte-service] [restartedMain] com.zaxxer.hikari.pool.HikariPool        : HikariPool-3 - Added connection com.mysql.cj.jdbc.ConnectionImpl@3ce1012c
2025-10-29T02:28:41.742-05:00  INFO 18536 --- [transporte-service] [restartedMain] com.zaxxer.hikari.HikariDataSource       : HikariPool-3 - Start completed.
2025-10-29T02:28:41.745-05:00  INFO 18536 --- [transporte-service] [restartedMain] o.hibernate.jpa.internal.util.LogHelper  : HHH000204: Processing PersistenceUnitInfo [name: default]
2025-10-29T02:28:41.752-05:00  INFO 18536 --- [transporte-service] [restartedMain] o.h.c.internal.RegionFactoryInitiator    : HHH000026: Second-level cache disabled
2025-10-29T02:28:41.772-05:00  INFO 18536 --- [transporte-service] [restartedMain] o.s.o.j.p.SpringPersistenceUnitInfo      : No LoadTimeWeaver setup: ignoring JPA class transformer
2025-10-29T02:28:41.778-05:00  INFO 18536 --- [transporte-service] [restartedMain] org.hibernate.orm.connections.pooling    : HHH10001005: Database info:
	Database JDBC URL [Connecting through datasource 'HikariDataSource (HikariPool-3)']
	Database driver: undefined/unknown
	Database version: 8.0.34
	Autocommit mode: undefined/unknown
	Isolation level: undefined/unknown
	Minimum pool size: undefined/unknown
	Maximum pool size: undefined/unknown
2025-10-29T02:28:42.082-05:00  INFO 18536 --- [transporte-service] [restartedMain] o.h.e.t.j.p.i.JtaPlatformInitiator       : HHH000489: No JTA platform available (set 'hibernate.transaction.jta.platform' to enable JTA platform integration)
2025-10-29T02:28:42.083-05:00  INFO 18536 --- [transporte-service] [restartedMain] j.LocalContainerEntityManagerFactoryBean : Initialized JPA EntityManagerFactory for persistence unit 'default'
2025-10-29T02:28:42.228-05:00  WARN 18536 --- [transporte-service] [restartedMain] JpaBaseConfiguration$JpaWebConfiguration : spring.jpa.open-in-view is enabled by default. Therefore, database queries may be performed during view rendering. Explicitly configure spring.jpa.open-in-view to disable this warning
2025-10-29T02:28:42.266-05:00  WARN 18536 --- [transporte-service] [restartedMain] o.s.b.d.a.OptionalLiveReloadServer       : Unable to start LiveReload server
2025-10-29T02:28:42.673-05:00  INFO 18536 --- [transporte-service] [restartedMain] o.s.b.a.e.web.EndpointLinksResolver      : Exposing 18 endpoints beneath base path '/actuator'
2025-10-29T02:28:42.897-05:00  INFO 18536 --- [transporte-service] [restartedMain] DiscoveryClientOptionalArgsConfiguration : Eureka HTTP Client uses RestTemplate.
2025-10-29T02:28:42.911-05:00  WARN 18536 --- [transporte-service] [restartedMain] iguration$LoadBalancerCaffeineWarnLogger : Spring Cloud LoadBalancer is currently working with the default cache. While this cache implementation is useful for development and tests, it's recommended to use Caffeine cache in production.You can switch to using Caffeine cache, by adding it and org.springframework.cache.caffeine.CaffeineCacheManager to the classpath.
2025-10-29T02:28:42.956-05:00  INFO 18536 --- [transporte-service] [restartedMain] o.s.b.w.embedded.tomcat.TomcatWebServer  : Tomcat started on port 53235 (http) with context path '/'
2025-10-29T02:28:42.957-05:00  INFO 18536 --- [transporte-service] [restartedMain] .s.c.n.e.s.EurekaAutoServiceRegistration : Updating port to 53235
2025-10-29T02:28:42.957-05:00  INFO 18536 --- [transporte-service] [restartedMain] o.s.c.n.eureka.InstanceInfoFactory       : Setting initial instance status as: STARTING
2025-10-29T02:28:42.960-05:00  INFO 18536 --- [transporte-service] [restartedMain] com.netflix.discovery.DiscoveryClient    : Initializing Eureka in region us-east-1
2025-10-29T02:28:42.961-05:00  INFO 18536 --- [transporte-service] [restartedMain] c.n.d.s.r.aws.ConfigClusterResolver      : Resolving eureka endpoints via configuration
2025-10-29T02:28:42.961-05:00  INFO 18536 --- [transporte-service] [restartedMain] com.netflix.discovery.DiscoveryClient    : Disable delta property : false
2025-10-29T02:28:42.961-05:00  INFO 18536 --- [transporte-service] [restartedMain] com.netflix.discovery.DiscoveryClient    : Single vip registry refresh property : null
2025-10-29T02:28:42.961-05:00  INFO 18536 --- [transporte-service] [restartedMain] com.netflix.discovery.DiscoveryClient    : Force full registry fetch : false
2025-10-29T02:28:42.961-05:00  INFO 18536 --- [transporte-service] [restartedMain] com.netflix.discovery.DiscoveryClient    : Application is null : false
2025-10-29T02:28:42.961-05:00  INFO 18536 --- [transporte-service] [restartedMain] com.netflix.discovery.DiscoveryClient    : Registered Applications size is zero : true
2025-10-29T02:28:42.962-05:00  INFO 18536 --- [transporte-service] [restartedMain] com.netflix.discovery.DiscoveryClient    : Application version is -1: true
2025-10-29T02:28:42.962-05:00  INFO 18536 --- [transporte-service] [restartedMain] com.netflix.discovery.DiscoveryClient    : Getting all instance registry info from the eureka server
2025-10-29T02:28:42.993-05:00  INFO 18536 --- [transporte-service] [restartedMain] com.netflix.discovery.DiscoveryClient    : The response status is 200
2025-10-29T02:28:42.994-05:00  INFO 18536 --- [transporte-service] [restartedMain] com.netflix.discovery.DiscoveryClient    : Starting heartbeat executor: renew interval is: 30
2025-10-29T02:28:42.994-05:00  INFO 18536 --- [transporte-service] [restartedMain] c.n.discovery.InstanceInfoReplicator     : InstanceInfoReplicator onDemand update allowed rate per min is 4
2025-10-29T02:28:42.994-05:00  INFO 18536 --- [transporte-service] [restartedMain] com.netflix.discovery.DiscoveryClient    : Discovery Client initialized at timestamp 1761722922994 with initial instances count: 6
2025-10-29T02:28:42.997-05:00  INFO 18536 --- [transporte-service] [restartedMain] o.s.c.n.e.s.EurekaServiceRegistry        : Registering application TRANSPORTE-SERVICE with eureka with status UP
2025-10-29T02:28:42.998-05:00  INFO 18536 --- [transporte-service] [restartedMain] com.netflix.discovery.DiscoveryClient    : Saw local status change event StatusChangeEvent [timestamp=1761722922998, current=UP, previous=STARTING]
2025-10-29T02:28:42.998-05:00  INFO 18536 --- [transporte-service] [DiscoveryClient-InstanceInfoReplicator-%d] com.netflix.discovery.DiscoveryClient    : DiscoveryClient_TRANSPORTE-SERVICE/transporte-service:8676cb41b9a69bb5b8f773f86d5f0c0f: registering service...
2025-10-29T02:28:43.011-05:00  INFO 18536 --- [transporte-service] [DiscoveryClient-InstanceInfoReplicator-%d] com.netflix.discovery.DiscoveryClient    : DiscoveryClient_TRANSPORTE-SERVICE/transporte-service:8676cb41b9a69bb5b8f773f86d5f0c0f - registration status: 204
2025-10-29T02:28:43.017-05:00  INFO 18536 --- [transporte-service] [restartedMain] o.cibertec.TransporteServiceApplication  : Started TransporteServiceApplication in 2.699 seconds (process running for 885.449)
2025-10-29T02:28:43.019-05:00  INFO 18536 --- [transporte-service] [restartedMain] .ConditionEvaluationDeltaLoggingListener : Condition evaluation unchanged
2025-10-29T02:33:42.964-05:00  INFO 18536 --- [transporte-service] [AsyncResolver-bootstrap-executor-%d] c.n.d.s.r.aws.ConfigClusterResolver      : Resolving eureka endpoints via configuration
2025-10-29T02:38:42.973-05:00  INFO 18536 --- [transporte-service] [AsyncResolver-bootstrap-executor-%d] c.n.d.s.r.aws.ConfigClusterResolver      : Resolving eureka endpoints via configuration
2025-10-29T02:43:42.980-05:00  INFO 18536 --- [transporte-service] [AsyncResolver-bootstrap-executor-%d] c.n.d.s.r.aws.ConfigClusterResolver      : Resolving eureka endpoints via configuration
2025-10-29T02:44:16.920-05:00  INFO 18536 --- [transporte-service] [RMI TCP Connection(49)-127.0.0.1] inMXBeanRegistrar$SpringApplicationAdmin : Application shutdown requested.
2025-10-29T02:44:16.921-05:00  INFO 18536 --- [transporte-service] [RMI TCP Connection(49)-127.0.0.1] o.s.c.n.e.s.EurekaServiceRegistry        : Unregistering application TRANSPORTE-SERVICE with eureka with status DOWN
2025-10-29T02:44:16.921-05:00  INFO 18536 --- [transporte-service] [RMI TCP Connection(49)-127.0.0.1] com.netflix.discovery.DiscoveryClient    : Saw local status change event StatusChangeEvent [timestamp=1761723856921, current=DOWN, previous=UP]
2025-10-29T02:44:16.922-05:00  INFO 18536 --- [transporte-service] [DiscoveryClient-InstanceInfoReplicator-%d] com.netflix.discovery.DiscoveryClient    : DiscoveryClient_TRANSPORTE-SERVICE/transporte-service:8676cb41b9a69bb5b8f773f86d5f0c0f: registering service...
2025-10-29T02:44:16.922-05:00  INFO 18536 --- [transporte-service] [RMI TCP Connection(49)-127.0.0.1] o.s.b.w.e.tomcat.GracefulShutdown        : Commencing graceful shutdown. Waiting for active requests to complete
2025-10-29T02:44:16.942-05:00  INFO 18536 --- [transporte-service] [DiscoveryClient-InstanceInfoReplicator-%d] com.netflix.discovery.DiscoveryClient    : DiscoveryClient_TRANSPORTE-SERVICE/transporte-service:8676cb41b9a69bb5b8f773f86d5f0c0f - registration status: 204
2025-10-29T02:44:16.945-05:00  INFO 18536 --- [transporte-service] [tomcat-shutdown] o.s.b.w.e.tomcat.GracefulShutdown        : Graceful shutdown complete
2025-10-29T02:44:16.952-05:00  INFO 18536 --- [transporte-service] [RMI TCP Connection(49)-127.0.0.1] j.LocalContainerEntityManagerFactoryBean : Closing JPA EntityManagerFactory for persistence unit 'default'
2025-10-29T02:44:16.953-05:00  INFO 18536 --- [transporte-service] [RMI TCP Connection(49)-127.0.0.1] com.zaxxer.hikari.HikariDataSource       : HikariPool-3 - Shutdown initiated...
2025-10-29T02:44:16.963-05:00  INFO 18536 --- [transporte-service] [RMI TCP Connection(49)-127.0.0.1] com.zaxxer.hikari.HikariDataSource       : HikariPool-3 - Shutdown completed.
2025-10-29T02:44:16.964-05:00  INFO 18536 --- [transporte-service] [RMI TCP Connection(49)-127.0.0.1] com.netflix.discovery.DiscoveryClient    : Shutting down DiscoveryClient ...
2025-10-29T02:44:19.968-05:00  INFO 18536 --- [transporte-service] [RMI TCP Connection(49)-127.0.0.1] com.netflix.discovery.DiscoveryClient    : Unregistering ...
2025-10-29T02:44:19.986-05:00  INFO 18536 --- [transporte-service] [RMI TCP Connection(49)-127.0.0.1] com.netflix.discovery.DiscoveryClient    : DiscoveryClient_TRANSPORTE-SERVICE/transporte-service:8676cb41b9a69bb5b8f773f86d5f0c0f - deregister  status: 200
2025-10-29T02:44:19.987-05:00  INFO 18536 --- [transporte-service] [RMI TCP Connection(49)-127.0.0.1] com.netflix.discovery.DiscoveryClient    : Completed shut down of DiscoveryClient
2025-10-29T02:44:30.868-05:00  INFO 5176 --- [transporte-service] [restartedMain] o.cibertec.TransporteServiceApplication  : Starting TransporteServiceApplication using Java 21.0.8 with PID 5176 (C:\Users\ronca\OneDrive\Escritorio\Dev\DAW2\transporte-service\target\classes started by Arturo in C:\Users\ronca\OneDrive\Escritorio\Dev\DAW2\transporte-service)
2025-10-29T02:44:30.874-05:00  INFO 5176 --- [transporte-service] [restartedMain] o.cibertec.TransporteServiceApplication  : No active profile set, falling back to 1 default profile: "default"
2025-10-29T02:44:30.984-05:00  INFO 5176 --- [transporte-service] [restartedMain] o.s.c.c.c.ConfigServerConfigDataLoader   : Fetching config from server at : http://localhost:8888
2025-10-29T02:44:30.984-05:00  INFO 5176 --- [transporte-service] [restartedMain] o.s.c.c.c.ConfigServerConfigDataLoader   : Located environment: name=transporte-service, profiles=[default], label=null, version=null, state=null
2025-10-29T02:44:30.991-05:00  INFO 5176 --- [transporte-service] [restartedMain] .e.DevToolsPropertyDefaultsPostProcessor : Devtools property defaults active! Set 'spring.devtools.add-properties' to 'false' to disable
2025-10-29T02:44:30.992-05:00  INFO 5176 --- [transporte-service] [restartedMain] .e.DevToolsPropertyDefaultsPostProcessor : For additional web related logging consider setting the 'logging.level.web' property to 'DEBUG'
2025-10-29T02:44:33.652-05:00  INFO 5176 --- [transporte-service] [restartedMain] .s.d.r.c.RepositoryConfigurationDelegate : Bootstrapping Spring Data JPA repositories in DEFAULT mode.
2025-10-29T02:44:33.915-05:00  INFO 5176 --- [transporte-service] [restartedMain] .s.d.r.c.RepositoryConfigurationDelegate : Finished Spring Data repository scanning in 244 ms. Found 1 JPA repository interface.
2025-10-29T02:44:34.507-05:00  INFO 5176 --- [transporte-service] [restartedMain] o.s.cloud.context.scope.GenericScope     : BeanFactory id=6f1174e2-a475-3867-b451-08caef5f5675
2025-10-29T02:44:35.841-05:00  INFO 5176 --- [transporte-service] [restartedMain] o.s.b.w.embedded.tomcat.TomcatWebServer  : Tomcat initialized with port 0 (http)
2025-10-29T02:44:35.888-05:00  INFO 5176 --- [transporte-service] [restartedMain] o.apache.catalina.core.StandardService   : Starting service [Tomcat]
2025-10-29T02:44:35.889-05:00  INFO 5176 --- [transporte-service] [restartedMain] o.apache.catalina.core.StandardEngine    : Starting Servlet engine: [Apache Tomcat/10.1.46]
2025-10-29T02:44:36.051-05:00  INFO 5176 --- [transporte-service] [restartedMain] o.a.c.c.C.[Tomcat].[localhost].[/]       : Initializing Spring embedded WebApplicationContext
2025-10-29T02:44:36.052-05:00  INFO 5176 --- [transporte-service] [restartedMain] w.s.c.ServletWebServerApplicationContext : Root WebApplicationContext: initialization completed in 5060 ms
2025-10-29T02:44:36.880-05:00  INFO 5176 --- [transporte-service] [restartedMain] com.zaxxer.hikari.HikariDataSource       : HikariPool-1 - Starting...
2025-10-29T02:44:37.757-05:00  INFO 5176 --- [transporte-service] [restartedMain] com.zaxxer.hikari.pool.HikariPool        : HikariPool-1 - Added connection com.mysql.cj.jdbc.ConnectionImpl@7f8ae28e
2025-10-29T02:44:37.761-05:00  INFO 5176 --- [transporte-service] [restartedMain] com.zaxxer.hikari.HikariDataSource       : HikariPool-1 - Start completed.
2025-10-29T02:44:37.879-05:00  INFO 5176 --- [transporte-service] [restartedMain] o.hibernate.jpa.internal.util.LogHelper  : HHH000204: Processing PersistenceUnitInfo [name: default]
2025-10-29T02:44:38.030-05:00  INFO 5176 --- [transporte-service] [restartedMain] org.hibernate.Version                    : HHH000412: Hibernate ORM core version 6.6.29.Final
2025-10-29T02:44:38.146-05:00  INFO 5176 --- [transporte-service] [restartedMain] o.h.c.internal.RegionFactoryInitiator    : HHH000026: Second-level cache disabled
2025-10-29T02:44:38.945-05:00  INFO 5176 --- [transporte-service] [restartedMain] o.s.o.j.p.SpringPersistenceUnitInfo      : No LoadTimeWeaver setup: ignoring JPA class transformer
2025-10-29T02:44:39.220-05:00  INFO 5176 --- [transporte-service] [restartedMain] org.hibernate.orm.connections.pooling    : HHH10001005: Database info:
	Database JDBC URL [Connecting through datasource 'HikariDataSource (HikariPool-1)']
	Database driver: undefined/unknown
	Database version: 8.0.34
	Autocommit mode: undefined/unknown
	Isolation level: undefined/unknown
	Minimum pool size: undefined/unknown
	Maximum pool size: undefined/unknown
2025-10-29T02:44:41.477-05:00  INFO 5176 --- [transporte-service] [restartedMain] o.h.e.t.j.p.i.JtaPlatformInitiator       : HHH000489: No JTA platform available (set 'hibernate.transaction.jta.platform' to enable JTA platform integration)
2025-10-29T02:44:41.484-05:00  INFO 5176 --- [transporte-service] [restartedMain] j.LocalContainerEntityManagerFactoryBean : Initialized JPA EntityManagerFactory for persistence unit 'default'
2025-10-29T02:44:42.066-05:00  WARN 5176 --- [transporte-service] [restartedMain] JpaBaseConfiguration$JpaWebConfiguration : spring.jpa.open-in-view is enabled by default. Therefore, database queries may be performed during view rendering. Explicitly configure spring.jpa.open-in-view to disable this warning
2025-10-29T02:44:42.159-05:00  INFO 5176 --- [transporte-service] [restartedMain] o.s.b.d.a.OptionalLiveReloadServer       : LiveReload server is running on port 35729
2025-10-29T02:44:43.184-05:00  INFO 5176 --- [transporte-service] [restartedMain] o.s.b.a.e.web.EndpointLinksResolver      : Exposing 18 endpoints beneath base path '/actuator'
2025-10-29T02:44:44.052-05:00  INFO 5176 --- [transporte-service] [restartedMain] DiscoveryClientOptionalArgsConfiguration : Eureka HTTP Client uses RestTemplate.
2025-10-29T02:44:44.100-05:00  WARN 5176 --- [transporte-service] [restartedMain] iguration$LoadBalancerCaffeineWarnLogger : Spring Cloud LoadBalancer is currently working with the default cache. While this cache implementation is useful for development and tests, it's recommended to use Caffeine cache in production.You can switch to using Caffeine cache, by adding it and org.springframework.cache.caffeine.CaffeineCacheManager to the classpath.
2025-10-29T02:44:44.312-05:00  INFO 5176 --- [transporte-service] [restartedMain] o.s.b.w.embedded.tomcat.TomcatWebServer  : Tomcat started on port 51263 (http) with context path '/'
2025-10-29T02:44:44.313-05:00  INFO 5176 --- [transporte-service] [restartedMain] .s.c.n.e.s.EurekaAutoServiceRegistration : Updating port to 51263
2025-10-29T02:44:44.324-05:00  INFO 5176 --- [transporte-service] [restartedMain] o.s.c.n.eureka.InstanceInfoFactory       : Setting initial instance status as: STARTING
2025-10-29T02:44:44.376-05:00  INFO 5176 --- [transporte-service] [restartedMain] com.netflix.discovery.DiscoveryClient    : Initializing Eureka in region us-east-1
2025-10-29T02:44:44.386-05:00  INFO 5176 --- [transporte-service] [restartedMain] c.n.d.s.r.aws.ConfigClusterResolver      : Resolving eureka endpoints via configuration
2025-10-29T02:44:44.410-05:00  INFO 5176 --- [transporte-service] [restartedMain] com.netflix.discovery.DiscoveryClient    : Disable delta property : false
2025-10-29T02:44:44.410-05:00  INFO 5176 --- [transporte-service] [restartedMain] com.netflix.discovery.DiscoveryClient    : Single vip registry refresh property : null
2025-10-29T02:44:44.410-05:00  INFO 5176 --- [transporte-service] [restartedMain] com.netflix.discovery.DiscoveryClient    : Force full registry fetch : false
2025-10-29T02:44:44.412-05:00  INFO 5176 --- [transporte-service] [restartedMain] com.netflix.discovery.DiscoveryClient    : Application is null : false
2025-10-29T02:44:44.412-05:00  INFO 5176 --- [transporte-service] [restartedMain] com.netflix.discovery.DiscoveryClient    : Registered Applications size is zero : true
2025-10-29T02:44:44.412-05:00  INFO 5176 --- [transporte-service] [restartedMain] com.netflix.discovery.DiscoveryClient    : Application version is -1: true
2025-10-29T02:44:44.412-05:00  INFO 5176 --- [transporte-service] [restartedMain] com.netflix.discovery.DiscoveryClient    : Getting all instance registry info from the eureka server
2025-10-29T02:44:44.963-05:00  INFO 5176 --- [transporte-service] [restartedMain] com.netflix.discovery.DiscoveryClient    : The response status is 200
2025-10-29T02:44:44.967-05:00  INFO 5176 --- [transporte-service] [restartedMain] com.netflix.discovery.DiscoveryClient    : Starting heartbeat executor: renew interval is: 30
2025-10-29T02:44:44.973-05:00  INFO 5176 --- [transporte-service] [restartedMain] c.n.discovery.InstanceInfoReplicator     : InstanceInfoReplicator onDemand update allowed rate per min is 4
2025-10-29T02:44:44.975-05:00  INFO 5176 --- [transporte-service] [restartedMain] com.netflix.discovery.DiscoveryClient    : Discovery Client initialized at timestamp 1761723884975 with initial instances count: 1
2025-10-29T02:44:44.982-05:00  INFO 5176 --- [transporte-service] [restartedMain] o.s.c.n.e.s.EurekaServiceRegistry        : Registering application TRANSPORTE-SERVICE with eureka with status UP
2025-10-29T02:44:44.984-05:00  INFO 5176 --- [transporte-service] [restartedMain] com.netflix.discovery.DiscoveryClient    : Saw local status change event StatusChangeEvent [timestamp=1761723884984, current=UP, previous=STARTING]
2025-10-29T02:44:44.987-05:00  INFO 5176 --- [transporte-service] [DiscoveryClient-InstanceInfoReplicator-%d] com.netflix.discovery.DiscoveryClient    : DiscoveryClient_TRANSPORTE-SERVICE/transporte-service:3f910948a19e92bff9aeda9efee077e0: registering service...
2025-10-29T02:44:45.022-05:00  INFO 5176 --- [transporte-service] [restartedMain] o.cibertec.TransporteServiceApplication  : Started TransporteServiceApplication in 16.392 seconds (process running for 18.669)
2025-10-29T02:44:45.080-05:00  INFO 5176 --- [transporte-service] [DiscoveryClient-InstanceInfoReplicator-%d] com.netflix.discovery.DiscoveryClient    : DiscoveryClient_TRANSPORTE-SERVICE/transporte-service:3f910948a19e92bff9aeda9efee077e0 - registration status: 204
2025-10-29T02:44:45.304-05:00  INFO 5176 --- [transporte-service] [RMI TCP Connection(5)-127.0.0.1] o.a.c.c.C.[Tomcat].[localhost].[/]       : Initializing Spring DispatcherServlet 'dispatcherServlet'
2025-10-29T02:44:45.304-05:00  INFO 5176 --- [transporte-service] [RMI TCP Connection(5)-127.0.0.1] o.s.web.servlet.DispatcherServlet        : Initializing Servlet 'dispatcherServlet'
2025-10-29T02:44:45.306-05:00  INFO 5176 --- [transporte-service] [RMI TCP Connection(5)-127.0.0.1] o.s.web.servlet.DispatcherServlet        : Completed initialization in 2 ms
2025-10-29T02:49:44.421-05:00  INFO 5176 --- [transporte-service] [AsyncResolver-bootstrap-executor-%d] c.n.d.s.r.aws.ConfigClusterResolver      : Resolving eureka endpoints via configuration
2025-10-29T02:54:44.429-05:00  INFO 5176 --- [transporte-service] [AsyncResolver-bootstrap-executor-%d] c.n.d.s.r.aws.ConfigClusterResolver      : Resolving eureka endpoints via configuration
2025-10-29T02:59:44.437-05:00  INFO 5176 --- [transporte-service] [AsyncResolver-bootstrap-executor-%d] c.n.d.s.r.aws.ConfigClusterResolver      : Resolving eureka endpoints via configuration
2025-10-29T03:04:44.442-05:00  INFO 5176 --- [transporte-service] [AsyncResolver-bootstrap-executor-%d] c.n.d.s.r.aws.ConfigClusterResolver      : Resolving eureka endpoints via configuration
2025-10-29T03:08:14.984-05:00  INFO 5176 --- [transporte-service] [File Watcher] rtingClassPathChangeChangedEventListener : Restarting due to 3 class path changes (0 additions, 0 deletions, 3 modifications)
2025-10-29T03:08:14.987-05:00  INFO 5176 --- [transporte-service] [Thread-5] o.s.c.n.e.s.EurekaServiceRegistry        : Unregistering application TRANSPORTE-SERVICE with eureka with status DOWN
2025-10-29T03:08:14.988-05:00  INFO 5176 --- [transporte-service] [Thread-5] com.netflix.discovery.DiscoveryClient    : Saw local status change event StatusChangeEvent [timestamp=1761725294988, current=DOWN, previous=UP]
2025-10-29T03:08:14.988-05:00  INFO 5176 --- [transporte-service] [DiscoveryClient-InstanceInfoReplicator-%d] com.netflix.discovery.DiscoveryClient    : DiscoveryClient_TRANSPORTE-SERVICE/transporte-service:3f910948a19e92bff9aeda9efee077e0: registering service...
2025-10-29T03:08:14.992-05:00  INFO 5176 --- [transporte-service] [Thread-5] o.s.b.w.e.tomcat.GracefulShutdown        : Commencing graceful shutdown. Waiting for active requests to complete
2025-10-29T03:08:15.002-05:00  INFO 5176 --- [transporte-service] [tomcat-shutdown] o.s.b.w.e.tomcat.GracefulShutdown        : Graceful shutdown complete
2025-10-29T03:08:15.008-05:00  INFO 5176 --- [transporte-service] [DiscoveryClient-InstanceInfoReplicator-%d] com.netflix.discovery.DiscoveryClient    : DiscoveryClient_TRANSPORTE-SERVICE/transporte-service:3f910948a19e92bff9aeda9efee077e0 - registration status: 204
2025-10-29T03:08:15.016-05:00  INFO 5176 --- [transporte-service] [Thread-5] j.LocalContainerEntityManagerFactoryBean : Closing JPA EntityManagerFactory for persistence unit 'default'
2025-10-29T03:08:15.022-05:00  INFO 5176 --- [transporte-service] [Thread-5] com.zaxxer.hikari.HikariDataSource       : HikariPool-1 - Shutdown initiated...
2025-10-29T03:08:15.040-05:00  INFO 5176 --- [transporte-service] [Thread-5] com.zaxxer.hikari.HikariDataSource       : HikariPool-1 - Shutdown completed.
2025-10-29T03:08:15.041-05:00  INFO 5176 --- [transporte-service] [Thread-5] com.netflix.discovery.DiscoveryClient    : Shutting down DiscoveryClient ...
2025-10-29T03:08:18.044-05:00  INFO 5176 --- [transporte-service] [Thread-5] com.netflix.discovery.DiscoveryClient    : Unregistering ...
2025-10-29T03:08:18.044-05:00  WARN 5176 --- [transporte-service] [DiscoveryClient-%d] c.netflix.discovery.TimedSupervisorTask  : task supervisor shutting down, can't accept the task
2025-10-29T03:08:18.049-05:00  INFO 5176 --- [transporte-service] [Thread-5] com.netflix.discovery.DiscoveryClient    : DiscoveryClient_TRANSPORTE-SERVICE/transporte-service:3f910948a19e92bff9aeda9efee077e0 - deregister  status: 200
2025-10-29T03:08:18.050-05:00  INFO 5176 --- [transporte-service] [Thread-5] com.netflix.discovery.DiscoveryClient    : Completed shut down of DiscoveryClient
2025-10-29T03:08:18.319-05:00  INFO 5176 --- [transporte-service] [restartedMain] o.cibertec.TransporteServiceApplication  : Starting TransporteServiceApplication using Java 21.0.8 with PID 5176 (C:\Users\ronca\OneDrive\Escritorio\Dev\DAW2\transporte-service\target\classes started by Arturo in C:\Users\ronca\OneDrive\Escritorio\Dev\DAW2\transporte-service)
2025-10-29T03:08:18.320-05:00  INFO 5176 --- [transporte-service] [restartedMain] o.cibertec.TransporteServiceApplication  : No active profile set, falling back to 1 default profile: "default"
2025-10-29T03:08:18.326-05:00  INFO 5176 --- [transporte-service] [restartedMain] o.s.c.c.c.ConfigServerConfigDataLoader   : Fetching config from server at : http://localhost:8888
2025-10-29T03:08:18.326-05:00  INFO 5176 --- [transporte-service] [restartedMain] o.s.c.c.c.ConfigServerConfigDataLoader   : Located environment: name=transporte-service, profiles=[default], label=null, version=null, state=null
2025-10-29T03:08:19.013-05:00  WARN 5176 --- [transporte-service] [restartedMain] ConfigServletWebServerApplicationContext : Exception encountered during context initialization - cancelling refresh attempt: java.lang.IllegalStateException: Error processing condition on org.springframework.boot.autoconfigure.context.PropertyPlaceholderAutoConfiguration.propertySourcesPlaceholderConfigurer
2025-10-29T03:08:19.022-05:00  INFO 5176 --- [transporte-service] [restartedMain] .s.b.a.l.ConditionEvaluationReportLogger : 

Error starting ApplicationContext. To display the condition evaluation report re-run your application with 'debug' enabled.
2025-10-29T03:08:19.058-05:00 ERROR 5176 --- [transporte-service] [restartedMain] o.s.boot.SpringApplication               : Application run failed

java.lang.IllegalStateException: Error processing condition on org.springframework.boot.autoconfigure.context.PropertyPlaceholderAutoConfiguration.propertySourcesPlaceholderConfigurer
	at org.springframework.boot.autoconfigure.condition.SpringBootCondition.matches(SpringBootCondition.java:60) ~[spring-boot-autoconfigure-3.4.10.jar:3.4.10]
	at org.springframework.context.annotation.ConditionEvaluator.shouldSkip(ConditionEvaluator.java:99) ~[spring-context-6.2.11.jar:6.2.11]
	at org.springframework.context.annotation.ConfigurationClassBeanDefinitionReader.loadBeanDefinitionsForBeanMethod(ConfigurationClassBeanDefinitionReader.java:183) ~[spring-context-6.2.11.jar:6.2.11]
	at org.springframework.context.annotation.ConfigurationClassBeanDefinitionReader.loadBeanDefinitionsForConfigurationClass(ConfigurationClassBeanDefinitionReader.java:144) ~[spring-context-6.2.11.jar:6.2.11]
	at org.springframework.context.annotation.ConfigurationClassBeanDefinitionReader.loadBeanDefinitions(ConfigurationClassBeanDefinitionReader.java:120) ~[spring-context-6.2.11.jar:6.2.11]
	at org.springframework.context.annotation.ConfigurationClassPostProcessor.processConfigBeanDefinitions(ConfigurationClassPostProcessor.java:430) ~[spring-context-6.2.11.jar:6.2.11]
	at org.springframework.context.annotation.ConfigurationClassPostProcessor.postProcessBeanDefinitionRegistry(ConfigurationClassPostProcessor.java:290) ~[spring-context-6.2.11.jar:6.2.11]
	at org.springframework.context.support.PostProcessorRegistrationDelegate.invokeBeanDefinitionRegistryPostProcessors(PostProcessorRegistrationDelegate.java:349) ~[spring-context-6.2.11.jar:6.2.11]
	at org.springframework.context.support.PostProcessorRegistrationDelegate.invokeBeanFactoryPostProcessors(PostProcessorRegistrationDelegate.java:118) ~[spring-context-6.2.11.jar:6.2.11]
	at org.springframework.context.support.AbstractApplicationContext.invokeBeanFactoryPostProcessors(AbstractApplicationContext.java:791) ~[spring-context-6.2.11.jar:6.2.11]
	at org.springframework.context.support.AbstractApplicationContext.refresh(AbstractApplicationContext.java:609) ~[spring-context-6.2.11.jar:6.2.11]
	at org.springframework.boot.web.servlet.context.ServletWebServerApplicationContext.refresh(ServletWebServerApplicationContext.java:146) ~[spring-boot-3.4.10.jar:3.4.10]
	at org.springframework.boot.SpringApplication.refresh(SpringApplication.java:752) ~[spring-boot-3.4.10.jar:3.4.10]
	at org.springframework.boot.SpringApplication.refreshContext(SpringApplication.java:439) ~[spring-boot-3.4.10.jar:3.4.10]
	at org.springframework.boot.SpringApplication.run(SpringApplication.java:318) ~[spring-boot-3.4.10.jar:3.4.10]
	at org.springframework.boot.SpringApplication.run(SpringApplication.java:1361) ~[spring-boot-3.4.10.jar:3.4.10]
	at org.springframework.boot.SpringApplication.run(SpringApplication.java:1350) ~[spring-boot-3.4.10.jar:3.4.10]
	at org.cibertec.TransporteServiceApplication.main(TransporteServiceApplication.java:14) ~[classes/:na]
	at java.base/jdk.internal.reflect.DirectMethodHandleAccessor.invoke(DirectMethodHandleAccessor.java:103) ~[na:na]
	at java.base/java.lang.reflect.Method.invoke(Method.java:580) ~[na:na]
	at org.springframework.boot.devtools.restart.RestartLauncher.run(RestartLauncher.java:50) ~[spring-boot-devtools-3.4.10.jar:3.4.10]
Caused by: java.lang.IllegalStateException: Failed to introspect Class [org.cibertec.config.ResourceServerSecurityConf] from ClassLoader [org.springframework.boot.devtools.restart.classloader.RestartClassLoader@1b6719fc]
	at org.springframework.util.ReflectionUtils.getDeclaredMethods(ReflectionUtils.java:483) ~[spring-core-6.2.11.jar:6.2.11]
	at org.springframework.util.ReflectionUtils.doWithMethods(ReflectionUtils.java:360) ~[spring-core-6.2.11.jar:6.2.11]
	at org.springframework.util.ReflectionUtils.getUniqueDeclaredMethods(ReflectionUtils.java:417) ~[spring-core-6.2.11.jar:6.2.11]
	at org.springframework.beans.factory.support.AbstractAutowireCapableBeanFactory.lambda$getTypeForFactoryMethod$1(AbstractAutowireCapableBeanFactory.java:757) ~[spring-beans-6.2.11.jar:6.2.11]
	at java.base/java.util.concurrent.ConcurrentHashMap.computeIfAbsent(ConcurrentHashMap.java:1708) ~[na:na]
	at org.springframework.beans.factory.support.AbstractAutowireCapableBeanFactory.getTypeForFactoryMethod(AbstractAutowireCapableBeanFactory.java:756) ~[spring-beans-6.2.11.jar:6.2.11]
	at org.springframework.beans.factory.support.AbstractAutowireCapableBeanFactory.determineTargetType(AbstractAutowireCapableBeanFactory.java:689) ~[spring-beans-6.2.11.jar:6.2.11]
	at org.springframework.beans.factory.support.AbstractAutowireCapableBeanFactory.predictBeanType(AbstractAutowireCapableBeanFactory.java:660) ~[spring-beans-6.2.11.jar:6.2.11]
	at org.springframework.beans.factory.support.AbstractBeanFactory.isFactoryBean(AbstractBeanFactory.java:1715) ~[spring-beans-6.2.11.jar:6.2.11]
	at org.springframework.beans.factory.support.DefaultListableBeanFactory.doGetBeanNamesForType(DefaultListableBeanFactory.java:640) ~[spring-beans-6.2.11.jar:6.2.11]
	at org.springframework.beans.factory.support.DefaultListableBeanFactory.getBeanNamesForType(DefaultListableBeanFactory.java:612) ~[spring-beans-6.2.11.jar:6.2.11]
	at org.springframework.boot.autoconfigure.condition.OnBeanCondition.collectBeanDefinitionsForType(OnBeanCondition.java:332) ~[spring-boot-autoconfigure-3.4.10.jar:3.4.10]
	at org.springframework.boot.autoconfigure.condition.OnBeanCondition.getBeanDefinitionsForType(OnBeanCondition.java:324) ~[spring-boot-autoconfigure-3.4.10.jar:3.4.10]
	at org.springframework.boot.autoconfigure.condition.OnBeanCondition.getBeanDefinitionsForType(OnBeanCondition.java:314) ~[spring-boot-autoconfigure-3.4.10.jar:3.4.10]
	at org.springframework.boot.autoconfigure.condition.OnBeanCondition.getMatchingBeans(OnBeanCondition.java:213) ~[spring-boot-autoconfigure-3.4.10.jar:3.4.10]
	at org.springframework.boot.autoconfigure.condition.OnBeanCondition.evaluateConditionalOnMissingBean(OnBeanCondition.java:196) ~[spring-boot-autoconfigure-3.4.10.jar:3.4.10]
	at org.springframework.boot.autoconfigure.condition.OnBeanCondition.getMatchOutcome(OnBeanCondition.java:143) ~[spring-boot-autoconfigure-3.4.10.jar:3.4.10]
	at org.springframework.boot.autoconfigure.condition.SpringBootCondition.matches(SpringBootCondition.java:47) ~[spring-boot-autoconfigure-3.4.10.jar:3.4.10]
	... 20 common frames omitted
Caused by: java.lang.NoClassDefFoundError: HttpSecurity
	at java.base/java.lang.Class.getDeclaredMethods0(Native Method) ~[na:na]
	at java.base/java.lang.Class.privateGetDeclaredMethods(Class.java:3578) ~[na:na]
	at java.base/java.lang.Class.getDeclaredMethods(Class.java:2676) ~[na:na]
	at org.springframework.util.ReflectionUtils.getDeclaredMethods(ReflectionUtils.java:465) ~[spring-core-6.2.11.jar:6.2.11]
	... 37 common frames omitted
Caused by: java.lang.ClassNotFoundException: HttpSecurity
	at java.base/jdk.internal.loader.BuiltinClassLoader.loadClass(BuiltinClassLoader.java:641) ~[na:na]
	at java.base/jdk.internal.loader.ClassLoaders$AppClassLoader.loadClass(ClassLoaders.java:188) ~[na:na]
	at java.base/java.lang.ClassLoader.loadClass(ClassLoader.java:526) ~[na:na]
	at java.base/java.lang.Class.forName0(Native Method) ~[na:na]
	at java.base/java.lang.Class.forName(Class.java:534) ~[na:na]
	at java.base/java.lang.Class.forName(Class.java:513) ~[na:na]
	at org.springframework.boot.devtools.restart.classloader.RestartClassLoader.loadClass(RestartClassLoader.java:121) ~[spring-boot-devtools-3.4.10.jar:3.4.10]
	at java.base/java.lang.ClassLoader.loadClass(ClassLoader.java:526) ~[na:na]
	... 41 common frames omitted

2025-10-29T03:08:20.626-05:00  INFO 5176 --- [transporte-service] [restartedMain] o.cibertec.TransporteServiceApplication  : Starting TransporteServiceApplication using Java 21.0.8 with PID 5176 (C:\Users\ronca\OneDrive\Escritorio\Dev\DAW2\transporte-service\target\classes started by Arturo in C:\Users\ronca\OneDrive\Escritorio\Dev\DAW2\transporte-service)
2025-10-29T03:08:20.627-05:00  INFO 5176 --- [transporte-service] [restartedMain] o.cibertec.TransporteServiceApplication  : No active profile set, falling back to 1 default profile: "default"
2025-10-29T03:08:20.630-05:00  INFO 5176 --- [transporte-service] [restartedMain] o.s.c.c.c.ConfigServerConfigDataLoader   : Fetching config from server at : http://localhost:8888
2025-10-29T03:08:20.630-05:00  INFO 5176 --- [transporte-service] [restartedMain] o.s.c.c.c.ConfigServerConfigDataLoader   : Located environment: name=transporte-service, profiles=[default], label=null, version=null, state=null
2025-10-29T03:08:21.148-05:00  WARN 5176 --- [transporte-service] [restartedMain] ConfigServletWebServerApplicationContext : Exception encountered during context initialization - cancelling refresh attempt: java.lang.IllegalStateException: Error processing condition on org.springframework.boot.autoconfigure.context.PropertyPlaceholderAutoConfiguration.propertySourcesPlaceholderConfigurer
2025-10-29T03:08:21.154-05:00  INFO 5176 --- [transporte-service] [restartedMain] .s.b.a.l.ConditionEvaluationReportLogger : 

Error starting ApplicationContext. To display the condition evaluation report re-run your application with 'debug' enabled.
2025-10-29T03:08:21.160-05:00 ERROR 5176 --- [transporte-service] [restartedMain] o.s.boot.SpringApplication               : Application run failed

java.lang.IllegalStateException: Error processing condition on org.springframework.boot.autoconfigure.context.PropertyPlaceholderAutoConfiguration.propertySourcesPlaceholderConfigurer
	at org.springframework.boot.autoconfigure.condition.SpringBootCondition.matches(SpringBootCondition.java:60) ~[spring-boot-autoconfigure-3.4.10.jar:3.4.10]
	at org.springframework.context.annotation.ConditionEvaluator.shouldSkip(ConditionEvaluator.java:99) ~[spring-context-6.2.11.jar:6.2.11]
	at org.springframework.context.annotation.ConfigurationClassBeanDefinitionReader.loadBeanDefinitionsForBeanMethod(ConfigurationClassBeanDefinitionReader.java:183) ~[spring-context-6.2.11.jar:6.2.11]
	at org.springframework.context.annotation.ConfigurationClassBeanDefinitionReader.loadBeanDefinitionsForConfigurationClass(ConfigurationClassBeanDefinitionReader.java:144) ~[spring-context-6.2.11.jar:6.2.11]
	at org.springframework.context.annotation.ConfigurationClassBeanDefinitionReader.loadBeanDefinitions(ConfigurationClassBeanDefinitionReader.java:120) ~[spring-context-6.2.11.jar:6.2.11]
	at org.springframework.context.annotation.ConfigurationClassPostProcessor.processConfigBeanDefinitions(ConfigurationClassPostProcessor.java:430) ~[spring-context-6.2.11.jar:6.2.11]
	at org.springframework.context.annotation.ConfigurationClassPostProcessor.postProcessBeanDefinitionRegistry(ConfigurationClassPostProcessor.java:290) ~[spring-context-6.2.11.jar:6.2.11]
	at org.springframework.context.support.PostProcessorRegistrationDelegate.invokeBeanDefinitionRegistryPostProcessors(PostProcessorRegistrationDelegate.java:349) ~[spring-context-6.2.11.jar:6.2.11]
	at org.springframework.context.support.PostProcessorRegistrationDelegate.invokeBeanFactoryPostProcessors(PostProcessorRegistrationDelegate.java:118) ~[spring-context-6.2.11.jar:6.2.11]
	at org.springframework.context.support.AbstractApplicationContext.invokeBeanFactoryPostProcessors(AbstractApplicationContext.java:791) ~[spring-context-6.2.11.jar:6.2.11]
	at org.springframework.context.support.AbstractApplicationContext.refresh(AbstractApplicationContext.java:609) ~[spring-context-6.2.11.jar:6.2.11]
	at org.springframework.boot.web.servlet.context.ServletWebServerApplicationContext.refresh(ServletWebServerApplicationContext.java:146) ~[spring-boot-3.4.10.jar:3.4.10]
	at org.springframework.boot.SpringApplication.refresh(SpringApplication.java:752) ~[spring-boot-3.4.10.jar:3.4.10]
	at org.springframework.boot.SpringApplication.refreshContext(SpringApplication.java:439) ~[spring-boot-3.4.10.jar:3.4.10]
	at org.springframework.boot.SpringApplication.run(SpringApplication.java:318) ~[spring-boot-3.4.10.jar:3.4.10]
	at org.springframework.boot.SpringApplication.run(SpringApplication.java:1361) ~[spring-boot-3.4.10.jar:3.4.10]
	at org.springframework.boot.SpringApplication.run(SpringApplication.java:1350) ~[spring-boot-3.4.10.jar:3.4.10]
	at org.cibertec.TransporteServiceApplication.main(TransporteServiceApplication.java:14) ~[classes/:na]
	at java.base/jdk.internal.reflect.DirectMethodHandleAccessor.invoke(DirectMethodHandleAccessor.java:103) ~[na:na]
	at java.base/java.lang.reflect.Method.invoke(Method.java:580) ~[na:na]
	at org.springframework.boot.devtools.restart.RestartLauncher.run(RestartLauncher.java:50) ~[spring-boot-devtools-3.4.10.jar:3.4.10]
Caused by: java.lang.IllegalStateException: Failed to introspect Class [org.cibertec.config.ResourceServerSecurityConf] from ClassLoader [org.springframework.boot.devtools.restart.classloader.RestartClassLoader@452ce579]
	at org.springframework.util.ReflectionUtils.getDeclaredMethods(ReflectionUtils.java:483) ~[spring-core-6.2.11.jar:6.2.11]
	at org.springframework.util.ReflectionUtils.doWithMethods(ReflectionUtils.java:360) ~[spring-core-6.2.11.jar:6.2.11]
	at org.springframework.util.ReflectionUtils.getUniqueDeclaredMethods(ReflectionUtils.java:417) ~[spring-core-6.2.11.jar:6.2.11]
	at org.springframework.beans.factory.support.AbstractAutowireCapableBeanFactory.lambda$getTypeForFactoryMethod$1(AbstractAutowireCapableBeanFactory.java:757) ~[spring-beans-6.2.11.jar:6.2.11]
	at java.base/java.util.concurrent.ConcurrentHashMap.computeIfAbsent(ConcurrentHashMap.java:1708) ~[na:na]
	at org.springframework.beans.factory.support.AbstractAutowireCapableBeanFactory.getTypeForFactoryMethod(AbstractAutowireCapableBeanFactory.java:756) ~[spring-beans-6.2.11.jar:6.2.11]
	at org.springframework.beans.factory.support.AbstractAutowireCapableBeanFactory.determineTargetType(AbstractAutowireCapableBeanFactory.java:689) ~[spring-beans-6.2.11.jar:6.2.11]
	at org.springframework.beans.factory.support.AbstractAutowireCapableBeanFactory.predictBeanType(AbstractAutowireCapableBeanFactory.java:660) ~[spring-beans-6.2.11.jar:6.2.11]
	at org.springframework.beans.factory.support.AbstractBeanFactory.isFactoryBean(AbstractBeanFactory.java:1715) ~[spring-beans-6.2.11.jar:6.2.11]
	at org.springframework.beans.factory.support.DefaultListableBeanFactory.doGetBeanNamesForType(DefaultListableBeanFactory.java:640) ~[spring-beans-6.2.11.jar:6.2.11]
	at org.springframework.beans.factory.support.DefaultListableBeanFactory.getBeanNamesForType(DefaultListableBeanFactory.java:612) ~[spring-beans-6.2.11.jar:6.2.11]
	at org.springframework.boot.autoconfigure.condition.OnBeanCondition.collectBeanDefinitionsForType(OnBeanCondition.java:332) ~[spring-boot-autoconfigure-3.4.10.jar:3.4.10]
	at org.springframework.boot.autoconfigure.condition.OnBeanCondition.getBeanDefinitionsForType(OnBeanCondition.java:324) ~[spring-boot-autoconfigure-3.4.10.jar:3.4.10]
	at org.springframework.boot.autoconfigure.condition.OnBeanCondition.getBeanDefinitionsForType(OnBeanCondition.java:314) ~[spring-boot-autoconfigure-3.4.10.jar:3.4.10]
	at org.springframework.boot.autoconfigure.condition.OnBeanCondition.getMatchingBeans(OnBeanCondition.java:213) ~[spring-boot-autoconfigure-3.4.10.jar:3.4.10]
	at org.springframework.boot.autoconfigure.condition.OnBeanCondition.evaluateConditionalOnMissingBean(OnBeanCondition.java:196) ~[spring-boot-autoconfigure-3.4.10.jar:3.4.10]
	at org.springframework.boot.autoconfigure.condition.OnBeanCondition.getMatchOutcome(OnBeanCondition.java:143) ~[spring-boot-autoconfigure-3.4.10.jar:3.4.10]
	at org.springframework.boot.autoconfigure.condition.SpringBootCondition.matches(SpringBootCondition.java:47) ~[spring-boot-autoconfigure-3.4.10.jar:3.4.10]
	... 20 common frames omitted
Caused by: java.lang.NoClassDefFoundError: HttpSecurity
	at java.base/java.lang.Class.getDeclaredMethods0(Native Method) ~[na:na]
	at java.base/java.lang.Class.privateGetDeclaredMethods(Class.java:3578) ~[na:na]
	at java.base/java.lang.Class.getDeclaredMethods(Class.java:2676) ~[na:na]
	at org.springframework.util.ReflectionUtils.getDeclaredMethods(ReflectionUtils.java:465) ~[spring-core-6.2.11.jar:6.2.11]
	... 37 common frames omitted
Caused by: java.lang.ClassNotFoundException: HttpSecurity
	at java.base/jdk.internal.loader.BuiltinClassLoader.loadClass(BuiltinClassLoader.java:641) ~[na:na]
	at java.base/jdk.internal.loader.ClassLoaders$AppClassLoader.loadClass(ClassLoaders.java:188) ~[na:na]
	at java.base/java.lang.ClassLoader.loadClass(ClassLoader.java:526) ~[na:na]
	at java.base/java.lang.Class.forName0(Native Method) ~[na:na]
	at java.base/java.lang.Class.forName(Class.java:534) ~[na:na]
	at java.base/java.lang.Class.forName(Class.java:513) ~[na:na]
	at org.springframework.boot.devtools.restart.classloader.RestartClassLoader.loadClass(RestartClassLoader.java:121) ~[spring-boot-devtools-3.4.10.jar:3.4.10]
	at java.base/java.lang.ClassLoader.loadClass(ClassLoader.java:526) ~[na:na]
	... 41 common frames omitted

2025-10-29T03:09:42.840-05:00  INFO 5176 --- [transporte-service] [restartedMain] o.cibertec.TransporteServiceApplication  : Starting TransporteServiceApplication using Java 21.0.8 with PID 5176 (C:\Users\ronca\OneDrive\Escritorio\Dev\DAW2\transporte-service\target\classes started by Arturo in C:\Users\ronca\OneDrive\Escritorio\Dev\DAW2\transporte-service)
2025-10-29T03:09:42.840-05:00  INFO 5176 --- [transporte-service] [restartedMain] o.cibertec.TransporteServiceApplication  : No active profile set, falling back to 1 default profile: "default"
2025-10-29T03:09:42.843-05:00  INFO 5176 --- [transporte-service] [restartedMain] o.s.c.c.c.ConfigServerConfigDataLoader   : Fetching config from server at : http://localhost:8888
2025-10-29T03:09:42.843-05:00  INFO 5176 --- [transporte-service] [restartedMain] o.s.c.c.c.ConfigServerConfigDataLoader   : Located environment: name=transporte-service, profiles=[default], label=null, version=null, state=null
2025-10-29T03:09:43.584-05:00  INFO 5176 --- [transporte-service] [restartedMain] .s.d.r.c.RepositoryConfigurationDelegate : Bootstrapping Spring Data JPA repositories in DEFAULT mode.
2025-10-29T03:09:43.602-05:00  INFO 5176 --- [transporte-service] [restartedMain] .s.d.r.c.RepositoryConfigurationDelegate : Finished Spring Data repository scanning in 15 ms. Found 1 JPA repository interface.
2025-10-29T03:09:43.765-05:00  INFO 5176 --- [transporte-service] [restartedMain] o.s.cloud.context.scope.GenericScope     : BeanFactory id=6f1174e2-a475-3867-b451-08caef5f5675
2025-10-29T03:09:43.939-05:00  INFO 5176 --- [transporte-service] [restartedMain] o.s.b.w.embedded.tomcat.TomcatWebServer  : Tomcat initialized with port 0 (http)
2025-10-29T03:09:43.941-05:00  INFO 5176 --- [transporte-service] [restartedMain] o.apache.catalina.core.StandardService   : Starting service [Tomcat]
2025-10-29T03:09:43.942-05:00  INFO 5176 --- [transporte-service] [restartedMain] o.apache.catalina.core.StandardEngine    : Starting Servlet engine: [Apache Tomcat/10.1.46]
2025-10-29T03:09:44.009-05:00  INFO 5176 --- [transporte-service] [restartedMain] o.a.c.c.C.[Tomcat].[localhost].[/]       : Initializing Spring embedded WebApplicationContext
2025-10-29T03:09:44.010-05:00  INFO 5176 --- [transporte-service] [restartedMain] w.s.c.ServletWebServerApplicationContext : Root WebApplicationContext: initialization completed in 1166 ms
2025-10-29T03:09:44.189-05:00  INFO 5176 --- [transporte-service] [restartedMain] com.zaxxer.hikari.HikariDataSource       : HikariPool-2 - Starting...
2025-10-29T03:09:44.223-05:00  INFO 5176 --- [transporte-service] [restartedMain] com.zaxxer.hikari.pool.HikariPool        : HikariPool-2 - Added connection com.mysql.cj.jdbc.ConnectionImpl@41248cb5
2025-10-29T03:09:44.223-05:00  INFO 5176 --- [transporte-service] [restartedMain] com.zaxxer.hikari.HikariDataSource       : HikariPool-2 - Start completed.
2025-10-29T03:09:44.227-05:00  INFO 5176 --- [transporte-service] [restartedMain] o.hibernate.jpa.internal.util.LogHelper  : HHH000204: Processing PersistenceUnitInfo [name: default]
2025-10-29T03:09:44.236-05:00  INFO 5176 --- [transporte-service] [restartedMain] o.h.c.internal.RegionFactoryInitiator    : HHH000026: Second-level cache disabled
2025-10-29T03:09:44.257-05:00  INFO 5176 --- [transporte-service] [restartedMain] o.s.o.j.p.SpringPersistenceUnitInfo      : No LoadTimeWeaver setup: ignoring JPA class transformer
2025-10-29T03:09:44.262-05:00  INFO 5176 --- [transporte-service] [restartedMain] org.hibernate.orm.connections.pooling    : HHH10001005: Database info:
	Database JDBC URL [Connecting through datasource 'HikariDataSource (HikariPool-2)']
	Database driver: undefined/unknown
	Database version: 8.0.34
	Autocommit mode: undefined/unknown
	Isolation level: undefined/unknown
	Minimum pool size: undefined/unknown
	Maximum pool size: undefined/unknown
2025-10-29T03:09:44.513-05:00  INFO 5176 --- [transporte-service] [restartedMain] o.h.e.t.j.p.i.JtaPlatformInitiator       : HHH000489: No JTA platform available (set 'hibernate.transaction.jta.platform' to enable JTA platform integration)
2025-10-29T03:09:44.514-05:00  INFO 5176 --- [transporte-service] [restartedMain] j.LocalContainerEntityManagerFactoryBean : Initialized JPA EntityManagerFactory for persistence unit 'default'
2025-10-29T03:09:44.684-05:00  WARN 5176 --- [transporte-service] [restartedMain] JpaBaseConfiguration$JpaWebConfiguration : spring.jpa.open-in-view is enabled by default. Therefore, database queries may be performed during view rendering. Explicitly configure spring.jpa.open-in-view to disable this warning
2025-10-29T03:09:44.717-05:00  INFO 5176 --- [transporte-service] [restartedMain] o.s.b.d.a.OptionalLiveReloadServer       : LiveReload server is running on port 35729
2025-10-29T03:09:45.232-05:00  INFO 5176 --- [transporte-service] [restartedMain] o.s.b.a.e.web.EndpointLinksResolver      : Exposing 18 endpoints beneath base path '/actuator'
2025-10-29T03:09:45.622-05:00  INFO 5176 --- [transporte-service] [restartedMain] DiscoveryClientOptionalArgsConfiguration : Eureka HTTP Client uses RestTemplate.
2025-10-29T03:09:45.648-05:00  WARN 5176 --- [transporte-service] [restartedMain] iguration$LoadBalancerCaffeineWarnLogger : Spring Cloud LoadBalancer is currently working with the default cache. While this cache implementation is useful for development and tests, it's recommended to use Caffeine cache in production.You can switch to using Caffeine cache, by adding it and org.springframework.cache.caffeine.CaffeineCacheManager to the classpath.
2025-10-29T03:09:45.721-05:00  INFO 5176 --- [transporte-service] [restartedMain] o.s.b.w.embedded.tomcat.TomcatWebServer  : Tomcat started on port 57721 (http) with context path '/'
2025-10-29T03:09:45.721-05:00  INFO 5176 --- [transporte-service] [restartedMain] .s.c.n.e.s.EurekaAutoServiceRegistration : Updating port to 57721
2025-10-29T03:09:45.722-05:00  INFO 5176 --- [transporte-service] [restartedMain] o.s.c.n.eureka.InstanceInfoFactory       : Setting initial instance status as: STARTING
2025-10-29T03:09:45.727-05:00  INFO 5176 --- [transporte-service] [restartedMain] com.netflix.discovery.DiscoveryClient    : Initializing Eureka in region us-east-1
2025-10-29T03:09:45.728-05:00  INFO 5176 --- [transporte-service] [restartedMain] c.n.d.s.r.aws.ConfigClusterResolver      : Resolving eureka endpoints via configuration
2025-10-29T03:09:45.729-05:00  INFO 5176 --- [transporte-service] [restartedMain] com.netflix.discovery.DiscoveryClient    : Disable delta property : false
2025-10-29T03:09:45.729-05:00  INFO 5176 --- [transporte-service] [restartedMain] com.netflix.discovery.DiscoveryClient    : Single vip registry refresh property : null
2025-10-29T03:09:45.729-05:00  INFO 5176 --- [transporte-service] [restartedMain] com.netflix.discovery.DiscoveryClient    : Force full registry fetch : false
2025-10-29T03:09:45.729-05:00  INFO 5176 --- [transporte-service] [restartedMain] com.netflix.discovery.DiscoveryClient    : Application is null : false
2025-10-29T03:09:45.729-05:00  INFO 5176 --- [transporte-service] [restartedMain] com.netflix.discovery.DiscoveryClient    : Registered Applications size is zero : true
2025-10-29T03:09:45.729-05:00  INFO 5176 --- [transporte-service] [restartedMain] com.netflix.discovery.DiscoveryClient    : Application version is -1: true
2025-10-29T03:09:45.730-05:00  INFO 5176 --- [transporte-service] [restartedMain] com.netflix.discovery.DiscoveryClient    : Getting all instance registry info from the eureka server
2025-10-29T03:09:45.789-05:00  INFO 5176 --- [transporte-service] [restartedMain] com.netflix.discovery.DiscoveryClient    : The response status is 200
2025-10-29T03:09:45.790-05:00  INFO 5176 --- [transporte-service] [restartedMain] com.netflix.discovery.DiscoveryClient    : Starting heartbeat executor: renew interval is: 30
2025-10-29T03:09:45.791-05:00  INFO 5176 --- [transporte-service] [restartedMain] c.n.discovery.InstanceInfoReplicator     : InstanceInfoReplicator onDemand update allowed rate per min is 4
2025-10-29T03:09:45.791-05:00  INFO 5176 --- [transporte-service] [restartedMain] com.netflix.discovery.DiscoveryClient    : Discovery Client initialized at timestamp 1761725385791 with initial instances count: 4
2025-10-29T03:09:45.795-05:00  INFO 5176 --- [transporte-service] [restartedMain] o.s.c.n.e.s.EurekaServiceRegistry        : Registering application TRANSPORTE-SERVICE with eureka with status UP
2025-10-29T03:09:45.796-05:00  INFO 5176 --- [transporte-service] [restartedMain] com.netflix.discovery.DiscoveryClient    : Saw local status change event StatusChangeEvent [timestamp=1761725385796, current=UP, previous=STARTING]
2025-10-29T03:09:45.796-05:00  INFO 5176 --- [transporte-service] [DiscoveryClient-InstanceInfoReplicator-%d] com.netflix.discovery.DiscoveryClient    : DiscoveryClient_TRANSPORTE-SERVICE/transporte-service:ce5a981980ce5c484e1857b04eaffae6: registering service...
2025-10-29T03:09:45.820-05:00  INFO 5176 --- [transporte-service] [DiscoveryClient-InstanceInfoReplicator-%d] com.netflix.discovery.DiscoveryClient    : DiscoveryClient_TRANSPORTE-SERVICE/transporte-service:ce5a981980ce5c484e1857b04eaffae6 - registration status: 204
2025-10-29T03:09:45.823-05:00  INFO 5176 --- [transporte-service] [restartedMain] o.cibertec.TransporteServiceApplication  : Started TransporteServiceApplication in 3.085 seconds (process running for 1519.47)
2025-10-29T03:09:45.827-05:00  INFO 5176 --- [transporte-service] [restartedMain] .ConditionEvaluationDeltaLoggingListener : Condition evaluation unchanged
2025-10-29T03:10:00.394-05:00  INFO 5176 --- [transporte-service] [File Watcher] rtingClassPathChangeChangedEventListener : Restarting due to 1 class path change (0 additions, 0 deletions, 1 modification)
2025-10-29T03:10:00.395-05:00  INFO 5176 --- [transporte-service] [Thread-9] o.s.c.n.e.s.EurekaServiceRegistry        : Unregistering application TRANSPORTE-SERVICE with eureka with status DOWN
2025-10-29T03:10:00.396-05:00  INFO 5176 --- [transporte-service] [Thread-9] com.netflix.discovery.DiscoveryClient    : Saw local status change event StatusChangeEvent [timestamp=1761725400396, current=DOWN, previous=UP]
2025-10-29T03:10:00.396-05:00  INFO 5176 --- [transporte-service] [DiscoveryClient-InstanceInfoReplicator-%d] com.netflix.discovery.DiscoveryClient    : DiscoveryClient_TRANSPORTE-SERVICE/transporte-service:ce5a981980ce5c484e1857b04eaffae6: registering service...
2025-10-29T03:10:00.397-05:00  INFO 5176 --- [transporte-service] [Thread-9] o.s.b.w.e.tomcat.GracefulShutdown        : Commencing graceful shutdown. Waiting for active requests to complete
2025-10-29T03:10:00.405-05:00  INFO 5176 --- [transporte-service] [tomcat-shutdown] o.s.b.w.e.tomcat.GracefulShutdown        : Graceful shutdown complete
2025-10-29T03:10:00.408-05:00  INFO 5176 --- [transporte-service] [DiscoveryClient-InstanceInfoReplicator-%d] com.netflix.discovery.DiscoveryClient    : DiscoveryClient_TRANSPORTE-SERVICE/transporte-service:ce5a981980ce5c484e1857b04eaffae6 - registration status: 204
2025-10-29T03:10:00.409-05:00  INFO 5176 --- [transporte-service] [Thread-9] j.LocalContainerEntityManagerFactoryBean : Closing JPA EntityManagerFactory for persistence unit 'default'
2025-10-29T03:10:00.410-05:00  INFO 5176 --- [transporte-service] [Thread-9] com.zaxxer.hikari.HikariDataSource       : HikariPool-2 - Shutdown initiated...
2025-10-29T03:10:00.417-05:00  INFO 5176 --- [transporte-service] [Thread-9] com.zaxxer.hikari.HikariDataSource       : HikariPool-2 - Shutdown completed.
2025-10-29T03:10:00.418-05:00  INFO 5176 --- [transporte-service] [Thread-9] com.netflix.discovery.DiscoveryClient    : Shutting down DiscoveryClient ...
2025-10-29T03:10:03.429-05:00  INFO 5176 --- [transporte-service] [Thread-9] com.netflix.discovery.DiscoveryClient    : Unregistering ...
2025-10-29T03:10:03.447-05:00  INFO 5176 --- [transporte-service] [Thread-9] com.netflix.discovery.DiscoveryClient    : DiscoveryClient_TRANSPORTE-SERVICE/transporte-service:ce5a981980ce5c484e1857b04eaffae6 - deregister  status: 200
2025-10-29T03:10:03.447-05:00  INFO 5176 --- [transporte-service] [Thread-9] com.netflix.discovery.DiscoveryClient    : Completed shut down of DiscoveryClient
2025-10-29T03:10:03.652-05:00  INFO 5176 --- [transporte-service] [restartedMain] o.cibertec.TransporteServiceApplication  : Starting TransporteServiceApplication using Java 21.0.8 with PID 5176 (C:\Users\ronca\OneDrive\Escritorio\Dev\DAW2\transporte-service\target\classes started by Arturo in C:\Users\ronca\OneDrive\Escritorio\Dev\DAW2\transporte-service)
2025-10-29T03:10:03.652-05:00  INFO 5176 --- [transporte-service] [restartedMain] o.cibertec.TransporteServiceApplication  : No active profile set, falling back to 1 default profile: "default"
2025-10-29T03:10:03.655-05:00  INFO 5176 --- [transporte-service] [restartedMain] o.s.c.c.c.ConfigServerConfigDataLoader   : Fetching config from server at : http://localhost:8888
2025-10-29T03:10:03.655-05:00  INFO 5176 --- [transporte-service] [restartedMain] o.s.c.c.c.ConfigServerConfigDataLoader   : Located environment: name=transporte-service, profiles=[default], label=null, version=null, state=null
2025-10-29T03:10:04.440-05:00  INFO 5176 --- [transporte-service] [restartedMain] .s.d.r.c.RepositoryConfigurationDelegate : Bootstrapping Spring Data JPA repositories in DEFAULT mode.
2025-10-29T03:10:04.457-05:00  INFO 5176 --- [transporte-service] [restartedMain] .s.d.r.c.RepositoryConfigurationDelegate : Finished Spring Data repository scanning in 14 ms. Found 1 JPA repository interface.
2025-10-29T03:10:04.650-05:00  INFO 5176 --- [transporte-service] [restartedMain] o.s.cloud.context.scope.GenericScope     : BeanFactory id=6f1174e2-a475-3867-b451-08caef5f5675
2025-10-29T03:10:04.751-05:00  INFO 5176 --- [transporte-service] [restartedMain] o.s.b.w.embedded.tomcat.TomcatWebServer  : Tomcat initialized with port 0 (http)
2025-10-29T03:10:04.752-05:00  INFO 5176 --- [transporte-service] [restartedMain] o.apache.catalina.core.StandardService   : Starting service [Tomcat]
2025-10-29T03:10:04.752-05:00  INFO 5176 --- [transporte-service] [restartedMain] o.apache.catalina.core.StandardEngine    : Starting Servlet engine: [Apache Tomcat/10.1.46]
2025-10-29T03:10:04.797-05:00  INFO 5176 --- [transporte-service] [restartedMain] o.a.c.c.C.[Tomcat].[localhost].[/]       : Initializing Spring embedded WebApplicationContext
2025-10-29T03:10:04.797-05:00  INFO 5176 --- [transporte-service] [restartedMain] w.s.c.ServletWebServerApplicationContext : Root WebApplicationContext: initialization completed in 1142 ms
2025-10-29T03:10:04.907-05:00  INFO 5176 --- [transporte-service] [restartedMain] com.zaxxer.hikari.HikariDataSource       : HikariPool-3 - Starting...
2025-10-29T03:10:04.922-05:00  INFO 5176 --- [transporte-service] [restartedMain] com.zaxxer.hikari.pool.HikariPool        : HikariPool-3 - Added connection com.mysql.cj.jdbc.ConnectionImpl@46f79c86
2025-10-29T03:10:04.922-05:00  INFO 5176 --- [transporte-service] [restartedMain] com.zaxxer.hikari.HikariDataSource       : HikariPool-3 - Start completed.
2025-10-29T03:10:04.923-05:00  INFO 5176 --- [transporte-service] [restartedMain] o.hibernate.jpa.internal.util.LogHelper  : HHH000204: Processing PersistenceUnitInfo [name: default]
2025-10-29T03:10:04.928-05:00  INFO 5176 --- [transporte-service] [restartedMain] o.h.c.internal.RegionFactoryInitiator    : HHH000026: Second-level cache disabled
2025-10-29T03:10:04.942-05:00  INFO 5176 --- [transporte-service] [restartedMain] o.s.o.j.p.SpringPersistenceUnitInfo      : No LoadTimeWeaver setup: ignoring JPA class transformer
2025-10-29T03:10:04.946-05:00  INFO 5176 --- [transporte-service] [restartedMain] org.hibernate.orm.connections.pooling    : HHH10001005: Database info:
	Database JDBC URL [Connecting through datasource 'HikariDataSource (HikariPool-3)']
	Database driver: undefined/unknown
	Database version: 8.0.34
	Autocommit mode: undefined/unknown
	Isolation level: undefined/unknown
	Minimum pool size: undefined/unknown
	Maximum pool size: undefined/unknown
2025-10-29T03:10:05.079-05:00  INFO 5176 --- [transporte-service] [restartedMain] o.h.e.t.j.p.i.JtaPlatformInitiator       : HHH000489: No JTA platform available (set 'hibernate.transaction.jta.platform' to enable JTA platform integration)
2025-10-29T03:10:05.080-05:00  INFO 5176 --- [transporte-service] [restartedMain] j.LocalContainerEntityManagerFactoryBean : Initialized JPA EntityManagerFactory for persistence unit 'default'
2025-10-29T03:10:05.193-05:00  WARN 5176 --- [transporte-service] [restartedMain] JpaBaseConfiguration$JpaWebConfiguration : spring.jpa.open-in-view is enabled by default. Therefore, database queries may be performed during view rendering. Explicitly configure spring.jpa.open-in-view to disable this warning
2025-10-29T03:10:05.214-05:00  INFO 5176 --- [transporte-service] [restartedMain] o.s.b.d.a.OptionalLiveReloadServer       : LiveReload server is running on port 35729
2025-10-29T03:10:05.476-05:00  INFO 5176 --- [transporte-service] [restartedMain] o.s.b.a.e.web.EndpointLinksResolver      : Exposing 18 endpoints beneath base path '/actuator'
2025-10-29T03:10:05.634-05:00  INFO 5176 --- [transporte-service] [restartedMain] DiscoveryClientOptionalArgsConfiguration : Eureka HTTP Client uses RestTemplate.
2025-10-29T03:10:05.645-05:00  WARN 5176 --- [transporte-service] [restartedMain] iguration$LoadBalancerCaffeineWarnLogger : Spring Cloud LoadBalancer is currently working with the default cache. While this cache implementation is useful for development and tests, it's recommended to use Caffeine cache in production.You can switch to using Caffeine cache, by adding it and org.springframework.cache.caffeine.CaffeineCacheManager to the classpath.
2025-10-29T03:10:05.684-05:00  INFO 5176 --- [transporte-service] [restartedMain] o.s.b.w.embedded.tomcat.TomcatWebServer  : Tomcat started on port 57785 (http) with context path '/'
2025-10-29T03:10:05.685-05:00  INFO 5176 --- [transporte-service] [restartedMain] .s.c.n.e.s.EurekaAutoServiceRegistration : Updating port to 57785
2025-10-29T03:10:05.686-05:00  INFO 5176 --- [transporte-service] [restartedMain] o.s.c.n.eureka.InstanceInfoFactory       : Setting initial instance status as: STARTING
2025-10-29T03:10:05.688-05:00  INFO 5176 --- [transporte-service] [restartedMain] com.netflix.discovery.DiscoveryClient    : Initializing Eureka in region us-east-1
2025-10-29T03:10:05.688-05:00  INFO 5176 --- [transporte-service] [restartedMain] c.n.d.s.r.aws.ConfigClusterResolver      : Resolving eureka endpoints via configuration
2025-10-29T03:10:05.688-05:00  INFO 5176 --- [transporte-service] [restartedMain] com.netflix.discovery.DiscoveryClient    : Disable delta property : false
2025-10-29T03:10:05.689-05:00  INFO 5176 --- [transporte-service] [restartedMain] com.netflix.discovery.DiscoveryClient    : Single vip registry refresh property : null
2025-10-29T03:10:05.689-05:00  INFO 5176 --- [transporte-service] [restartedMain] com.netflix.discovery.DiscoveryClient    : Force full registry fetch : false
2025-10-29T03:10:05.689-05:00  INFO 5176 --- [transporte-service] [restartedMain] com.netflix.discovery.DiscoveryClient    : Application is null : false
2025-10-29T03:10:05.689-05:00  INFO 5176 --- [transporte-service] [restartedMain] com.netflix.discovery.DiscoveryClient    : Registered Applications size is zero : true
2025-10-29T03:10:05.689-05:00  INFO 5176 --- [transporte-service] [restartedMain] com.netflix.discovery.DiscoveryClient    : Application version is -1: true
2025-10-29T03:10:05.689-05:00  INFO 5176 --- [transporte-service] [restartedMain] com.netflix.discovery.DiscoveryClient    : Getting all instance registry info from the eureka server
2025-10-29T03:10:05.714-05:00  INFO 5176 --- [transporte-service] [restartedMain] com.netflix.discovery.DiscoveryClient    : The response status is 200
2025-10-29T03:10:05.715-05:00  INFO 5176 --- [transporte-service] [restartedMain] com.netflix.discovery.DiscoveryClient    : Starting heartbeat executor: renew interval is: 30
2025-10-29T03:10:05.715-05:00  INFO 5176 --- [transporte-service] [restartedMain] c.n.discovery.InstanceInfoReplicator     : InstanceInfoReplicator onDemand update allowed rate per min is 4
2025-10-29T03:10:05.715-05:00  INFO 5176 --- [transporte-service] [restartedMain] com.netflix.discovery.DiscoveryClient    : Discovery Client initialized at timestamp 1761725405715 with initial instances count: 5
2025-10-29T03:10:05.717-05:00  INFO 5176 --- [transporte-service] [restartedMain] o.s.c.n.e.s.EurekaServiceRegistry        : Registering application TRANSPORTE-SERVICE with eureka with status UP
2025-10-29T03:10:05.718-05:00  INFO 5176 --- [transporte-service] [restartedMain] com.netflix.discovery.DiscoveryClient    : Saw local status change event StatusChangeEvent [timestamp=1761725405718, current=UP, previous=STARTING]
2025-10-29T03:10:05.718-05:00  INFO 5176 --- [transporte-service] [DiscoveryClient-InstanceInfoReplicator-%d] com.netflix.discovery.DiscoveryClient    : DiscoveryClient_TRANSPORTE-SERVICE/transporte-service:e3a7170018700595033197d34cc82d03: registering service...
2025-10-29T03:10:05.729-05:00  INFO 5176 --- [transporte-service] [DiscoveryClient-InstanceInfoReplicator-%d] com.netflix.discovery.DiscoveryClient    : DiscoveryClient_TRANSPORTE-SERVICE/transporte-service:e3a7170018700595033197d34cc82d03 - registration status: 204
2025-10-29T03:10:05.734-05:00  INFO 5176 --- [transporte-service] [restartedMain] o.cibertec.TransporteServiceApplication  : Started TransporteServiceApplication in 2.195 seconds (process running for 1539.381)
2025-10-29T03:10:05.736-05:00  INFO 5176 --- [transporte-service] [restartedMain] .ConditionEvaluationDeltaLoggingListener : Condition evaluation unchanged
2025-10-29T03:10:36.307-05:00  INFO 5176 --- [transporte-service] [File Watcher] rtingClassPathChangeChangedEventListener : Restarting due to 10 class path changes (0 additions, 0 deletions, 10 modifications)
2025-10-29T03:10:36.308-05:00  INFO 5176 --- [transporte-service] [Thread-23] o.s.c.n.e.s.EurekaServiceRegistry        : Unregistering application TRANSPORTE-SERVICE with eureka with status DOWN
2025-10-29T03:10:36.308-05:00  INFO 5176 --- [transporte-service] [Thread-23] com.netflix.discovery.DiscoveryClient    : Saw local status change event StatusChangeEvent [timestamp=1761725436308, current=DOWN, previous=UP]
2025-10-29T03:10:36.308-05:00  INFO 5176 --- [transporte-service] [DiscoveryClient-InstanceInfoReplicator-%d] com.netflix.discovery.DiscoveryClient    : DiscoveryClient_TRANSPORTE-SERVICE/transporte-service:e3a7170018700595033197d34cc82d03: registering service...
2025-10-29T03:10:36.309-05:00  INFO 5176 --- [transporte-service] [Thread-23] o.s.b.w.e.tomcat.GracefulShutdown        : Commencing graceful shutdown. Waiting for active requests to complete
2025-10-29T03:10:36.313-05:00  INFO 5176 --- [transporte-service] [DiscoveryClient-InstanceInfoReplicator-%d] com.netflix.discovery.DiscoveryClient    : DiscoveryClient_TRANSPORTE-SERVICE/transporte-service:e3a7170018700595033197d34cc82d03 - registration status: 204
2025-10-29T03:10:36.320-05:00  INFO 5176 --- [transporte-service] [tomcat-shutdown] o.s.b.w.e.tomcat.GracefulShutdown        : Graceful shutdown complete
2025-10-29T03:10:36.325-05:00  INFO 5176 --- [transporte-service] [Thread-23] j.LocalContainerEntityManagerFactoryBean : Closing JPA EntityManagerFactory for persistence unit 'default'
2025-10-29T03:10:36.326-05:00  INFO 5176 --- [transporte-service] [Thread-23] com.zaxxer.hikari.HikariDataSource       : HikariPool-3 - Shutdown initiated...
2025-10-29T03:10:36.336-05:00  INFO 5176 --- [transporte-service] [Thread-23] com.zaxxer.hikari.HikariDataSource       : HikariPool-3 - Shutdown completed.
2025-10-29T03:10:36.337-05:00  INFO 5176 --- [transporte-service] [Thread-23] com.netflix.discovery.DiscoveryClient    : Shutting down DiscoveryClient ...
2025-10-29T03:10:39.352-05:00  INFO 5176 --- [transporte-service] [Thread-23] com.netflix.discovery.DiscoveryClient    : Unregistering ...
2025-10-29T03:10:39.369-05:00  INFO 5176 --- [transporte-service] [Thread-23] com.netflix.discovery.DiscoveryClient    : DiscoveryClient_TRANSPORTE-SERVICE/transporte-service:e3a7170018700595033197d34cc82d03 - deregister  status: 200
2025-10-29T03:10:39.370-05:00  INFO 5176 --- [transporte-service] [Thread-23] com.netflix.discovery.DiscoveryClient    : Completed shut down of DiscoveryClient
2025-10-29T03:10:39.545-05:00  INFO 5176 --- [transporte-service] [restartedMain] o.cibertec.TransporteServiceApplication  : Starting TransporteServiceApplication using Java 21.0.8 with PID 5176 (C:\Users\ronca\OneDrive\Escritorio\Dev\DAW2\transporte-service\target\classes started by Arturo in C:\Users\ronca\OneDrive\Escritorio\Dev\DAW2\transporte-service)
2025-10-29T03:10:39.545-05:00  INFO 5176 --- [transporte-service] [restartedMain] o.cibertec.TransporteServiceApplication  : No active profile set, falling back to 1 default profile: "default"
2025-10-29T03:10:39.547-05:00  INFO 5176 --- [transporte-service] [restartedMain] o.s.c.c.c.ConfigServerConfigDataLoader   : Fetching config from server at : http://localhost:8888
2025-10-29T03:10:39.548-05:00  INFO 5176 --- [transporte-service] [restartedMain] o.s.c.c.c.ConfigServerConfigDataLoader   : Located environment: name=transporte-service, profiles=[default], label=null, version=null, state=null
2025-10-29T03:10:40.216-05:00  INFO 5176 --- [transporte-service] [restartedMain] .s.d.r.c.RepositoryConfigurationDelegate : Bootstrapping Spring Data JPA repositories in DEFAULT mode.
2025-10-29T03:10:40.237-05:00  INFO 5176 --- [transporte-service] [restartedMain] .s.d.r.c.RepositoryConfigurationDelegate : Finished Spring Data repository scanning in 18 ms. Found 1 JPA repository interface.
2025-10-29T03:10:40.414-05:00  INFO 5176 --- [transporte-service] [restartedMain] o.s.cloud.context.scope.GenericScope     : BeanFactory id=6f1174e2-a475-3867-b451-08caef5f5675
2025-10-29T03:10:40.557-05:00  INFO 5176 --- [transporte-service] [restartedMain] o.s.b.w.embedded.tomcat.TomcatWebServer  : Tomcat initialized with port 0 (http)
2025-10-29T03:10:40.558-05:00  INFO 5176 --- [transporte-service] [restartedMain] o.apache.catalina.core.StandardService   : Starting service [Tomcat]
2025-10-29T03:10:40.558-05:00  INFO 5176 --- [transporte-service] [restartedMain] o.apache.catalina.core.StandardEngine    : Starting Servlet engine: [Apache Tomcat/10.1.46]
2025-10-29T03:10:40.620-05:00  INFO 5176 --- [transporte-service] [restartedMain] o.a.c.c.C.[Tomcat].[localhost].[/]       : Initializing Spring embedded WebApplicationContext
2025-10-29T03:10:40.622-05:00  INFO 5176 --- [transporte-service] [restartedMain] w.s.c.ServletWebServerApplicationContext : Root WebApplicationContext: initialization completed in 1074 ms
2025-10-29T03:10:40.745-05:00  INFO 5176 --- [transporte-service] [restartedMain] com.zaxxer.hikari.HikariDataSource       : HikariPool-4 - Starting...
2025-10-29T03:10:40.760-05:00  INFO 5176 --- [transporte-service] [restartedMain] com.zaxxer.hikari.pool.HikariPool        : HikariPool-4 - Added connection com.mysql.cj.jdbc.ConnectionImpl@5e5835c4
2025-10-29T03:10:40.760-05:00  INFO 5176 --- [transporte-service] [restartedMain] com.zaxxer.hikari.HikariDataSource       : HikariPool-4 - Start completed.
2025-10-29T03:10:40.762-05:00  INFO 5176 --- [transporte-service] [restartedMain] o.hibernate.jpa.internal.util.LogHelper  : HHH000204: Processing PersistenceUnitInfo [name: default]
2025-10-29T03:10:40.768-05:00  INFO 5176 --- [transporte-service] [restartedMain] o.h.c.internal.RegionFactoryInitiator    : HHH000026: Second-level cache disabled
2025-10-29T03:10:40.780-05:00  INFO 5176 --- [transporte-service] [restartedMain] o.s.o.j.p.SpringPersistenceUnitInfo      : No LoadTimeWeaver setup: ignoring JPA class transformer
2025-10-29T03:10:40.784-05:00  INFO 5176 --- [transporte-service] [restartedMain] org.hibernate.orm.connections.pooling    : HHH10001005: Database info:
	Database JDBC URL [Connecting through datasource 'HikariDataSource (HikariPool-4)']
	Database driver: undefined/unknown
	Database version: 8.0.34
	Autocommit mode: undefined/unknown
	Isolation level: undefined/unknown
	Minimum pool size: undefined/unknown
	Maximum pool size: undefined/unknown
2025-10-29T03:10:40.970-05:00  INFO 5176 --- [transporte-service] [restartedMain] o.h.e.t.j.p.i.JtaPlatformInitiator       : HHH000489: No JTA platform available (set 'hibernate.transaction.jta.platform' to enable JTA platform integration)
2025-10-29T03:10:40.970-05:00  INFO 5176 --- [transporte-service] [restartedMain] j.LocalContainerEntityManagerFactoryBean : Initialized JPA EntityManagerFactory for persistence unit 'default'
2025-10-29T03:10:41.093-05:00  WARN 5176 --- [transporte-service] [restartedMain] JpaBaseConfiguration$JpaWebConfiguration : spring.jpa.open-in-view is enabled by default. Therefore, database queries may be performed during view rendering. Explicitly configure spring.jpa.open-in-view to disable this warning
2025-10-29T03:10:41.116-05:00  INFO 5176 --- [transporte-service] [restartedMain] o.s.b.d.a.OptionalLiveReloadServer       : LiveReload server is running on port 35729
2025-10-29T03:10:41.421-05:00  INFO 5176 --- [transporte-service] [restartedMain] o.s.b.a.e.web.EndpointLinksResolver      : Exposing 18 endpoints beneath base path '/actuator'
2025-10-29T03:10:41.593-05:00  INFO 5176 --- [transporte-service] [restartedMain] DiscoveryClientOptionalArgsConfiguration : Eureka HTTP Client uses RestTemplate.
2025-10-29T03:10:41.605-05:00  WARN 5176 --- [transporte-service] [restartedMain] iguration$LoadBalancerCaffeineWarnLogger : Spring Cloud LoadBalancer is currently working with the default cache. While this cache implementation is useful for development and tests, it's recommended to use Caffeine cache in production.You can switch to using Caffeine cache, by adding it and org.springframework.cache.caffeine.CaffeineCacheManager to the classpath.
2025-10-29T03:10:41.647-05:00  INFO 5176 --- [transporte-service] [restartedMain] o.s.b.w.embedded.tomcat.TomcatWebServer  : Tomcat started on port 57853 (http) with context path '/'
2025-10-29T03:10:41.647-05:00  INFO 5176 --- [transporte-service] [restartedMain] .s.c.n.e.s.EurekaAutoServiceRegistration : Updating port to 57853
2025-10-29T03:10:41.648-05:00  INFO 5176 --- [transporte-service] [restartedMain] o.s.c.n.eureka.InstanceInfoFactory       : Setting initial instance status as: STARTING
2025-10-29T03:10:41.651-05:00  INFO 5176 --- [transporte-service] [restartedMain] com.netflix.discovery.DiscoveryClient    : Initializing Eureka in region us-east-1
2025-10-29T03:10:41.651-05:00  INFO 5176 --- [transporte-service] [restartedMain] c.n.d.s.r.aws.ConfigClusterResolver      : Resolving eureka endpoints via configuration
2025-10-29T03:10:41.651-05:00  INFO 5176 --- [transporte-service] [restartedMain] com.netflix.discovery.DiscoveryClient    : Disable delta property : false
2025-10-29T03:10:41.651-05:00  INFO 5176 --- [transporte-service] [restartedMain] com.netflix.discovery.DiscoveryClient    : Single vip registry refresh property : null
2025-10-29T03:10:41.651-05:00  INFO 5176 --- [transporte-service] [restartedMain] com.netflix.discovery.DiscoveryClient    : Force full registry fetch : false
2025-10-29T03:10:41.651-05:00  INFO 5176 --- [transporte-service] [restartedMain] com.netflix.discovery.DiscoveryClient    : Application is null : false
2025-10-29T03:10:41.651-05:00  INFO 5176 --- [transporte-service] [restartedMain] com.netflix.discovery.DiscoveryClient    : Registered Applications size is zero : true
2025-10-29T03:10:41.651-05:00  INFO 5176 --- [transporte-service] [restartedMain] com.netflix.discovery.DiscoveryClient    : Application version is -1: true
2025-10-29T03:10:41.652-05:00  INFO 5176 --- [transporte-service] [restartedMain] com.netflix.discovery.DiscoveryClient    : Getting all instance registry info from the eureka server
2025-10-29T03:10:41.684-05:00  INFO 5176 --- [transporte-service] [restartedMain] com.netflix.discovery.DiscoveryClient    : The response status is 200
2025-10-29T03:10:41.685-05:00  INFO 5176 --- [transporte-service] [restartedMain] com.netflix.discovery.DiscoveryClient    : Starting heartbeat executor: renew interval is: 30
2025-10-29T03:10:41.685-05:00  INFO 5176 --- [transporte-service] [restartedMain] c.n.discovery.InstanceInfoReplicator     : InstanceInfoReplicator onDemand update allowed rate per min is 4
2025-10-29T03:10:41.686-05:00  INFO 5176 --- [transporte-service] [restartedMain] com.netflix.discovery.DiscoveryClient    : Discovery Client initialized at timestamp 1761725441686 with initial instances count: 6
2025-10-29T03:10:41.688-05:00  INFO 5176 --- [transporte-service] [restartedMain] o.s.c.n.e.s.EurekaServiceRegistry        : Registering application TRANSPORTE-SERVICE with eureka with status UP
2025-10-29T03:10:41.688-05:00  INFO 5176 --- [transporte-service] [restartedMain] com.netflix.discovery.DiscoveryClient    : Saw local status change event StatusChangeEvent [timestamp=1761725441688, current=UP, previous=STARTING]
2025-10-29T03:10:41.688-05:00  INFO 5176 --- [transporte-service] [DiscoveryClient-InstanceInfoReplicator-%d] com.netflix.discovery.DiscoveryClient    : DiscoveryClient_TRANSPORTE-SERVICE/transporte-service:632c637720bf478c9966df8904c7a212: registering service...
2025-10-29T03:10:41.700-05:00  INFO 5176 --- [transporte-service] [DiscoveryClient-InstanceInfoReplicator-%d] com.netflix.discovery.DiscoveryClient    : DiscoveryClient_TRANSPORTE-SERVICE/transporte-service:632c637720bf478c9966df8904c7a212 - registration status: 204
2025-10-29T03:10:41.706-05:00  INFO 5176 --- [transporte-service] [restartedMain] o.cibertec.TransporteServiceApplication  : Started TransporteServiceApplication in 2.258 seconds (process running for 1575.353)
2025-10-29T03:10:41.710-05:00  INFO 5176 --- [transporte-service] [restartedMain] .ConditionEvaluationDeltaLoggingListener : Condition evaluation unchanged
2025-10-29T03:15:41.653-05:00  INFO 5176 --- [transporte-service] [AsyncResolver-bootstrap-executor-%d] c.n.d.s.r.aws.ConfigClusterResolver      : Resolving eureka endpoints via configuration
2025-10-29T03:20:03.160-05:00  INFO 5176 --- [transporte-service] [RMI TCP Connection(58)-127.0.0.1] inMXBeanRegistrar$SpringApplicationAdmin : Application shutdown requested.
2025-10-29T03:20:03.161-05:00  INFO 5176 --- [transporte-service] [RMI TCP Connection(58)-127.0.0.1] o.s.c.n.e.s.EurekaServiceRegistry        : Unregistering application TRANSPORTE-SERVICE with eureka with status DOWN
2025-10-29T03:20:03.161-05:00  INFO 5176 --- [transporte-service] [RMI TCP Connection(58)-127.0.0.1] com.netflix.discovery.DiscoveryClient    : Saw local status change event StatusChangeEvent [timestamp=1761726003161, current=DOWN, previous=UP]
2025-10-29T03:20:03.161-05:00  INFO 5176 --- [transporte-service] [DiscoveryClient-InstanceInfoReplicator-%d] com.netflix.discovery.DiscoveryClient    : DiscoveryClient_TRANSPORTE-SERVICE/transporte-service:632c637720bf478c9966df8904c7a212: registering service...
2025-10-29T03:20:03.162-05:00  INFO 5176 --- [transporte-service] [RMI TCP Connection(58)-127.0.0.1] o.s.b.w.e.tomcat.GracefulShutdown        : Commencing graceful shutdown. Waiting for active requests to complete
2025-10-29T03:20:03.171-05:00  INFO 5176 --- [transporte-service] [tomcat-shutdown] o.s.b.w.e.tomcat.GracefulShutdown        : Graceful shutdown complete
2025-10-29T03:20:03.177-05:00  INFO 5176 --- [transporte-service] [RMI TCP Connection(58)-127.0.0.1] j.LocalContainerEntityManagerFactoryBean : Closing JPA EntityManagerFactory for persistence unit 'default'
2025-10-29T03:20:03.177-05:00  INFO 5176 --- [transporte-service] [DiscoveryClient-InstanceInfoReplicator-%d] c.n.d.s.t.d.RedirectingEurekaHttpClient  : Request execution error. endpoint=DefaultEndpoint{ serviceUrl='http://localhost:8761/eureka/} exception=I/O error on POST request for "http://localhost:8761/eureka/apps/TRANSPORTE-SERVICE": Connect to http://localhost:8761 [localhost/127.0.0.1, localhost/0:0:0:0:0:0:0:1] failed: Connection refused: getsockopt stacktrace=org.springframework.web.client.ResourceAccessException: I/O error on POST request for "http://localhost:8761/eureka/apps/TRANSPORTE-SERVICE": Connect to http://localhost:8761 [localhost/127.0.0.1, localhost/0:0:0:0:0:0:0:1] failed: Connection refused: getsockopt
	at org.springframework.web.client.RestTemplate.createResourceAccessException(RestTemplate.java:926)
	at org.springframework.web.client.RestTemplate.doExecute(RestTemplate.java:906)
	at org.springframework.web.client.RestTemplate.execute(RestTemplate.java:841)
	at org.springframework.web.client.RestTemplate.exchange(RestTemplate.java:702)
	at org.springframework.cloud.netflix.eureka.http.RestTemplateEurekaHttpClient.register(RestTemplateEurekaHttpClient.java:87)
	at com.netflix.discovery.shared.transport.decorator.EurekaHttpClientDecorator$1.execute(EurekaHttpClientDecorator.java:59)
	at com.netflix.discovery.shared.transport.decorator.RedirectingEurekaHttpClient.execute(RedirectingEurekaHttpClient.java:91)
	at com.netflix.discovery.shared.transport.decorator.EurekaHttpClientDecorator.register(EurekaHttpClientDecorator.java:56)
	at com.netflix.discovery.shared.transport.decorator.EurekaHttpClientDecorator$1.execute(EurekaHttpClientDecorator.java:59)
	at com.netflix.discovery.shared.transport.decorator.RetryableEurekaHttpClient.execute(RetryableEurekaHttpClient.java:120)
	at com.netflix.discovery.shared.transport.decorator.EurekaHttpClientDecorator.register(EurekaHttpClientDecorator.java:56)
	at com.netflix.discovery.shared.transport.decorator.EurekaHttpClientDecorator$1.execute(EurekaHttpClientDecorator.java:59)
	at com.netflix.discovery.shared.transport.decorator.SessionedEurekaHttpClient.execute(SessionedEurekaHttpClient.java:76)
	at com.netflix.discovery.shared.transport.decorator.EurekaHttpClientDecorator.register(EurekaHttpClientDecorator.java:56)
	at com.netflix.discovery.DiscoveryClient.register(DiscoveryClient.java:828)
	at com.netflix.discovery.InstanceInfoReplicator.run(InstanceInfoReplicator.java:125)
	at com.netflix.discovery.InstanceInfoReplicator$2.run(InstanceInfoReplicator.java:105)
	at java.base/java.util.concurrent.Executors$RunnableAdapter.call(Executors.java:572)
	at java.base/java.util.concurrent.FutureTask.run(FutureTask.java:317)
	at java.base/java.util.concurrent.ScheduledThreadPoolExecutor$ScheduledFutureTask.run(ScheduledThreadPoolExecutor.java:304)
	at java.base/java.util.concurrent.ThreadPoolExecutor.runWorker(ThreadPoolExecutor.java:1144)
	at java.base/java.util.concurrent.ThreadPoolExecutor$Worker.run(ThreadPoolExecutor.java:642)
	at java.base/java.lang.Thread.run(Thread.java:1583)
Caused by: org.apache.hc.client5.http.HttpHostConnectException: Connect to http://localhost:8761 [localhost/127.0.0.1, localhost/0:0:0:0:0:0:0:1] failed: Connection refused: getsockopt
	at java.base/sun.nio.ch.Net.pollConnect(Native Method)
	at java.base/sun.nio.ch.Net.pollConnectNow(Net.java:682)
	at java.base/sun.nio.ch.NioSocketImpl.timedFinishConnect(NioSocketImpl.java:542)
	at java.base/sun.nio.ch.NioSocketImpl.connect(NioSocketImpl.java:592)
	at java.base/java.net.SocksSocketImpl.connect(SocksSocketImpl.java:327)
	at java.base/java.net.Socket.connect(Socket.java:751)
	at org.apache.hc.client5.http.impl.io.DefaultHttpClientConnectionOperator.connect(DefaultHttpClientConnectionOperator.java:216)
	at org.apache.hc.client5.http.impl.io.PoolingHttpClientConnectionManager.connect(PoolingHttpClientConnectionManager.java:490)
	at org.apache.hc.client5.http.impl.classic.InternalExecRuntime.connectEndpoint(InternalExecRuntime.java:164)
	at org.apache.hc.client5.http.impl.classic.InternalExecRuntime.connectEndpoint(InternalExecRuntime.java:174)
	at org.apache.hc.client5.http.impl.classic.ConnectExec.execute(ConnectExec.java:144)
	at org.apache.hc.client5.http.impl.classic.ExecChainElement.execute(ExecChainElement.java:51)
	at org.apache.hc.client5.http.impl.classic.ProtocolExec.execute(ProtocolExec.java:192)
	at org.apache.hc.client5.http.impl.classic.ExecChainElement.execute(ExecChainElement.java:51)
	at org.apache.hc.client5.http.impl.classic.ContentCompressionExec.execute(ContentCompressionExec.java:150)
	at org.apache.hc.client5.http.impl.classic.ExecChainElement.execute(ExecChainElement.java:51)
	at org.apache.hc.client5.http.impl.classic.HttpRequestRetryExec.execute(HttpRequestRetryExec.java:113)
	at org.apache.hc.client5.http.impl.classic.ExecChainElement.execute(ExecChainElement.java:51)
	at org.apache.hc.client5.http.impl.classic.RedirectExec.execute(RedirectExec.java:110)
	at org.apache.hc.client5.http.impl.classic.ExecChainElement.execute(ExecChainElement.java:51)
	at org.apache.hc.client5.http.impl.classic.InternalHttpClient.doExecute(InternalHttpClient.java:183)
	at org.apache.hc.client5.http.impl.classic.CloseableHttpClient.execute(CloseableHttpClient.java:87)
	at org.apache.hc.client5.http.impl.classic.CloseableHttpClient.execute(CloseableHttpClient.java:55)
	at org.apache.hc.client5.http.classic.HttpClient.executeOpen(HttpClient.java:183)
	at org.springframework.http.client.HttpComponentsClientHttpRequest.executeInternal(HttpComponentsClientHttpRequest.java:99)
	at org.springframework.http.client.AbstractStreamingClientHttpRequest.executeInternal(AbstractStreamingClientHttpRequest.java:71)
	at org.springframework.http.client.AbstractClientHttpRequest.execute(AbstractClientHttpRequest.java:81)
	at org.springframework.http.client.InterceptingClientHttpRequest$InterceptingRequestExecution.execute(InterceptingClientHttpRequest.java:117)
	at org.springframework.cloud.netflix.eureka.http.RestTemplateTransportClientFactory.lambda$restTemplate$2(RestTemplateTransportClientFactory.java:145)
	at org.springframework.http.client.InterceptingClientHttpRequest$InterceptingRequestExecution.execute(InterceptingClientHttpRequest.java:88)
	at org.springframework.http.client.InterceptingClientHttpRequest.executeInternal(InterceptingClientHttpRequest.java:72)
	at org.springframework.http.client.AbstractBufferingClientHttpRequest.executeInternal(AbstractBufferingClientHttpRequest.java:48)
	at org.springframework.http.client.AbstractClientHttpRequest.execute(AbstractClientHttpRequest.java:81)
	at org.springframework.web.client.RestTemplate.doExecute(RestTemplate.java:900)
	... 21 more

2025-10-29T03:20:03.177-05:00  WARN 5176 --- [transporte-service] [DiscoveryClient-InstanceInfoReplicator-%d] c.n.d.s.t.d.RetryableEurekaHttpClient    : Request execution failed with message: I/O error on POST request for "http://localhost:8761/eureka/apps/TRANSPORTE-SERVICE": Connect to http://localhost:8761 [localhost/127.0.0.1, localhost/0:0:0:0:0:0:0:1] failed: Connection refused: getsockopt
2025-10-29T03:20:03.177-05:00  INFO 5176 --- [transporte-service] [RMI TCP Connection(58)-127.0.0.1] com.zaxxer.hikari.HikariDataSource       : HikariPool-4 - Shutdown initiated...
2025-10-29T03:20:03.184-05:00  INFO 5176 --- [transporte-service] [RMI TCP Connection(58)-127.0.0.1] com.zaxxer.hikari.HikariDataSource       : HikariPool-4 - Shutdown completed.
2025-10-29T03:20:03.185-05:00  INFO 5176 --- [transporte-service] [RMI TCP Connection(58)-127.0.0.1] com.netflix.discovery.DiscoveryClient    : Shutting down DiscoveryClient ...
2025-10-29T03:20:03.192-05:00  INFO 5176 --- [transporte-service] [DiscoveryClient-InstanceInfoReplicator-%d] c.n.d.s.t.d.RedirectingEurekaHttpClient  : Request execution error. endpoint=DefaultEndpoint{ serviceUrl='http://localhost:8761/eureka/}, exception=I/O error on POST request for "http://localhost:8761/eureka/apps/TRANSPORTE-SERVICE": Connect to http://localhost:8761 [localhost/127.0.0.1, localhost/0:0:0:0:0:0:0:1] failed: Connection refused: getsockopt stacktrace=org.springframework.web.client.ResourceAccessException: I/O error on POST request for "http://localhost:8761/eureka/apps/TRANSPORTE-SERVICE": Connect to http://localhost:8761 [localhost/127.0.0.1, localhost/0:0:0:0:0:0:0:1] failed: Connection refused: getsockopt
	at org.springframework.web.client.RestTemplate.createResourceAccessException(RestTemplate.java:926)
	at org.springframework.web.client.RestTemplate.doExecute(RestTemplate.java:906)
	at org.springframework.web.client.RestTemplate.execute(RestTemplate.java:841)
	at org.springframework.web.client.RestTemplate.exchange(RestTemplate.java:702)
	at org.springframework.cloud.netflix.eureka.http.RestTemplateEurekaHttpClient.register(RestTemplateEurekaHttpClient.java:87)
	at com.netflix.discovery.shared.transport.decorator.EurekaHttpClientDecorator$1.execute(EurekaHttpClientDecorator.java:59)
	at com.netflix.discovery.shared.transport.decorator.RedirectingEurekaHttpClient.executeOnNewServer(RedirectingEurekaHttpClient.java:121)
	at com.netflix.discovery.shared.transport.decorator.RedirectingEurekaHttpClient.execute(RedirectingEurekaHttpClient.java:80)
	at com.netflix.discovery.shared.transport.decorator.EurekaHttpClientDecorator.register(EurekaHttpClientDecorator.java:56)
	at com.netflix.discovery.shared.transport.decorator.EurekaHttpClientDecorator$1.execute(EurekaHttpClientDecorator.java:59)
	at com.netflix.discovery.shared.transport.decorator.RetryableEurekaHttpClient.execute(RetryableEurekaHttpClient.java:120)
	at com.netflix.discovery.shared.transport.decorator.EurekaHttpClientDecorator.register(EurekaHttpClientDecorator.java:56)
	at com.netflix.discovery.shared.transport.decorator.EurekaHttpClientDecorator$1.execute(EurekaHttpClientDecorator.java:59)
	at com.netflix.discovery.shared.transport.decorator.SessionedEurekaHttpClient.execute(SessionedEurekaHttpClient.java:76)
	at com.netflix.discovery.shared.transport.decorator.EurekaHttpClientDecorator.register(EurekaHttpClientDecorator.java:56)
	at com.netflix.discovery.DiscoveryClient.register(DiscoveryClient.java:828)
	at com.netflix.discovery.InstanceInfoReplicator.run(InstanceInfoReplicator.java:125)
	at com.netflix.discovery.InstanceInfoReplicator$2.run(InstanceInfoReplicator.java:105)
	at java.base/java.util.concurrent.Executors$RunnableAdapter.call(Executors.java:572)
	at java.base/java.util.concurrent.FutureTask.run(FutureTask.java:317)
	at java.base/java.util.concurrent.ScheduledThreadPoolExecutor$ScheduledFutureTask.run(ScheduledThreadPoolExecutor.java:304)
	at java.base/java.util.concurrent.ThreadPoolExecutor.runWorker(ThreadPoolExecutor.java:1144)
	at java.base/java.util.concurrent.ThreadPoolExecutor$Worker.run(ThreadPoolExecutor.java:642)
	at java.base/java.lang.Thread.run(Thread.java:1583)
Caused by: org.apache.hc.client5.http.HttpHostConnectException: Connect to http://localhost:8761 [localhost/127.0.0.1, localhost/0:0:0:0:0:0:0:1] failed: Connection refused: getsockopt
	at java.base/sun.nio.ch.Net.pollConnect(Native Method)
	at java.base/sun.nio.ch.Net.pollConnectNow(Net.java:682)
	at java.base/sun.nio.ch.NioSocketImpl.timedFinishConnect(NioSocketImpl.java:542)
	at java.base/sun.nio.ch.NioSocketImpl.connect(NioSocketImpl.java:592)
	at java.base/java.net.SocksSocketImpl.connect(SocksSocketImpl.java:327)
	at java.base/java.net.Socket.connect(Socket.java:751)
	at org.apache.hc.client5.http.impl.io.DefaultHttpClientConnectionOperator.connect(DefaultHttpClientConnectionOperator.java:216)
	at org.apache.hc.client5.http.impl.io.PoolingHttpClientConnectionManager.connect(PoolingHttpClientConnectionManager.java:490)
	at org.apache.hc.client5.http.impl.classic.InternalExecRuntime.connectEndpoint(InternalExecRuntime.java:164)
	at org.apache.hc.client5.http.impl.classic.InternalExecRuntime.connectEndpoint(InternalExecRuntime.java:174)
	at org.apache.hc.client5.http.impl.classic.ConnectExec.execute(ConnectExec.java:144)
	at org.apache.hc.client5.http.impl.classic.ExecChainElement.execute(ExecChainElement.java:51)
	at org.apache.hc.client5.http.impl.classic.ProtocolExec.execute(ProtocolExec.java:192)
	at org.apache.hc.client5.http.impl.classic.ExecChainElement.execute(ExecChainElement.java:51)
	at org.apache.hc.client5.http.impl.classic.ContentCompressionExec.execute(ContentCompressionExec.java:150)
	at org.apache.hc.client5.http.impl.classic.ExecChainElement.execute(ExecChainElement.java:51)
	at org.apache.hc.client5.http.impl.classic.HttpRequestRetryExec.execute(HttpRequestRetryExec.java:113)
	at org.apache.hc.client5.http.impl.classic.ExecChainElement.execute(ExecChainElement.java:51)
	at org.apache.hc.client5.http.impl.classic.RedirectExec.execute(RedirectExec.java:110)
	at org.apache.hc.client5.http.impl.classic.ExecChainElement.execute(ExecChainElement.java:51)
	at org.apache.hc.client5.http.impl.classic.InternalHttpClient.doExecute(InternalHttpClient.java:183)
	at org.apache.hc.client5.http.impl.classic.CloseableHttpClient.execute(CloseableHttpClient.java:87)
	at org.apache.hc.client5.http.impl.classic.CloseableHttpClient.execute(CloseableHttpClient.java:55)
	at org.apache.hc.client5.http.classic.HttpClient.executeOpen(HttpClient.java:183)
	at org.springframework.http.client.HttpComponentsClientHttpRequest.executeInternal(HttpComponentsClientHttpRequest.java:99)
	at org.springframework.http.client.AbstractStreamingClientHttpRequest.executeInternal(AbstractStreamingClientHttpRequest.java:71)
	at org.springframework.http.client.AbstractClientHttpRequest.execute(AbstractClientHttpRequest.java:81)
	at org.springframework.http.client.InterceptingClientHttpRequest$InterceptingRequestExecution.execute(InterceptingClientHttpRequest.java:117)
	at org.springframework.cloud.netflix.eureka.http.RestTemplateTransportClientFactory.lambda$restTemplate$2(RestTemplateTransportClientFactory.java:145)
	at org.springframework.http.client.InterceptingClientHttpRequest$InterceptingRequestExecution.execute(InterceptingClientHttpRequest.java:88)
	at org.springframework.http.client.InterceptingClientHttpRequest.executeInternal(InterceptingClientHttpRequest.java:72)
	at org.springframework.http.client.AbstractBufferingClientHttpRequest.executeInternal(AbstractBufferingClientHttpRequest.java:48)
	at org.springframework.http.client.AbstractClientHttpRequest.execute(AbstractClientHttpRequest.java:81)
	at org.springframework.web.client.RestTemplate.doExecute(RestTemplate.java:900)
	... 22 more

2025-10-29T03:20:03.192-05:00  WARN 5176 --- [transporte-service] [DiscoveryClient-InstanceInfoReplicator-%d] c.n.d.s.t.d.RetryableEurekaHttpClient    : Request execution failed with message: I/O error on POST request for "http://localhost:8761/eureka/apps/TRANSPORTE-SERVICE": Connect to http://localhost:8761 [localhost/127.0.0.1, localhost/0:0:0:0:0:0:0:1] failed: Connection refused: getsockopt
2025-10-29T03:20:03.192-05:00  WARN 5176 --- [transporte-service] [DiscoveryClient-InstanceInfoReplicator-%d] com.netflix.discovery.DiscoveryClient    : DiscoveryClient_TRANSPORTE-SERVICE/transporte-service:632c637720bf478c9966df8904c7a212 - registration failed Cannot execute request on any known server

com.netflix.discovery.shared.transport.TransportException: Cannot execute request on any known server
	at com.netflix.discovery.shared.transport.decorator.RetryableEurekaHttpClient.execute(RetryableEurekaHttpClient.java:112) ~[eureka-client-2.0.5.jar:2.0.5]
	at com.netflix.discovery.shared.transport.decorator.EurekaHttpClientDecorator.register(EurekaHttpClientDecorator.java:56) ~[eureka-client-2.0.5.jar:2.0.5]
	at com.netflix.discovery.shared.transport.decorator.EurekaHttpClientDecorator$1.execute(EurekaHttpClientDecorator.java:59) ~[eureka-client-2.0.5.jar:2.0.5]
	at com.netflix.discovery.shared.transport.decorator.SessionedEurekaHttpClient.execute(SessionedEurekaHttpClient.java:76) ~[eureka-client-2.0.5.jar:2.0.5]
	at com.netflix.discovery.shared.transport.decorator.EurekaHttpClientDecorator.register(EurekaHttpClientDecorator.java:56) ~[eureka-client-2.0.5.jar:2.0.5]
	at com.netflix.discovery.DiscoveryClient.register(DiscoveryClient.java:828) ~[eureka-client-2.0.5.jar:2.0.5]
	at com.netflix.discovery.InstanceInfoReplicator.run(InstanceInfoReplicator.java:125) ~[eureka-client-2.0.5.jar:2.0.5]
	at com.netflix.discovery.InstanceInfoReplicator$2.run(InstanceInfoReplicator.java:105) ~[eureka-client-2.0.5.jar:2.0.5]
	at java.base/java.util.concurrent.Executors$RunnableAdapter.call(Executors.java:572) ~[na:na]
	at java.base/java.util.concurrent.FutureTask.run(FutureTask.java:317) ~[na:na]
	at java.base/java.util.concurrent.ScheduledThreadPoolExecutor$ScheduledFutureTask.run(ScheduledThreadPoolExecutor.java:304) ~[na:na]
	at java.base/java.util.concurrent.ThreadPoolExecutor.runWorker(ThreadPoolExecutor.java:1144) ~[na:na]
	at java.base/java.util.concurrent.ThreadPoolExecutor$Worker.run(ThreadPoolExecutor.java:642) ~[na:na]
	at java.base/java.lang.Thread.run(Thread.java:1583) ~[na:na]

2025-10-29T03:20:03.195-05:00  WARN 5176 --- [transporte-service] [DiscoveryClient-InstanceInfoReplicator-%d] c.n.discovery.InstanceInfoReplicator     : There was a problem with the instance info replicator

com.netflix.discovery.shared.transport.TransportException: Cannot execute request on any known server
	at com.netflix.discovery.shared.transport.decorator.RetryableEurekaHttpClient.execute(RetryableEurekaHttpClient.java:112) ~[eureka-client-2.0.5.jar:2.0.5]
	at com.netflix.discovery.shared.transport.decorator.EurekaHttpClientDecorator.register(EurekaHttpClientDecorator.java:56) ~[eureka-client-2.0.5.jar:2.0.5]
	at com.netflix.discovery.shared.transport.decorator.EurekaHttpClientDecorator$1.execute(EurekaHttpClientDecorator.java:59) ~[eureka-client-2.0.5.jar:2.0.5]
	at com.netflix.discovery.shared.transport.decorator.SessionedEurekaHttpClient.execute(SessionedEurekaHttpClient.java:76) ~[eureka-client-2.0.5.jar:2.0.5]
	at com.netflix.discovery.shared.transport.decorator.EurekaHttpClientDecorator.register(EurekaHttpClientDecorator.java:56) ~[eureka-client-2.0.5.jar:2.0.5]
	at com.netflix.discovery.DiscoveryClient.register(DiscoveryClient.java:828) ~[eureka-client-2.0.5.jar:2.0.5]
	at com.netflix.discovery.InstanceInfoReplicator.run(InstanceInfoReplicator.java:125) ~[eureka-client-2.0.5.jar:2.0.5]
	at com.netflix.discovery.InstanceInfoReplicator$2.run(InstanceInfoReplicator.java:105) ~[eureka-client-2.0.5.jar:2.0.5]
	at java.base/java.util.concurrent.Executors$RunnableAdapter.call(Executors.java:572) ~[na:na]
	at java.base/java.util.concurrent.FutureTask.run(FutureTask.java:317) ~[na:na]
	at java.base/java.util.concurrent.ScheduledThreadPoolExecutor$ScheduledFutureTask.run(ScheduledThreadPoolExecutor.java:304) ~[na:na]
	at java.base/java.util.concurrent.ThreadPoolExecutor.runWorker(ThreadPoolExecutor.java:1144) ~[na:na]
	at java.base/java.util.concurrent.ThreadPoolExecutor$Worker.run(ThreadPoolExecutor.java:642) ~[na:na]
	at java.base/java.lang.Thread.run(Thread.java:1583) ~[na:na]

2025-10-29T03:20:03.198-05:00  INFO 5176 --- [transporte-service] [RMI TCP Connection(58)-127.0.0.1] com.netflix.discovery.DiscoveryClient    : Unregistering ...
2025-10-29T03:20:03.205-05:00  INFO 5176 --- [transporte-service] [RMI TCP Connection(58)-127.0.0.1] c.n.d.s.t.d.RedirectingEurekaHttpClient  : Request execution error. endpoint=DefaultEndpoint{ serviceUrl='http://localhost:8761/eureka/}, exception=I/O error on DELETE request for "http://localhost:8761/eureka/apps/TRANSPORTE-SERVICE/transporte-service:632c637720bf478c9966df8904c7a212": Connect to http://localhost:8761 [localhost/127.0.0.1, localhost/0:0:0:0:0:0:0:1] failed: Connection refused: getsockopt stacktrace=org.springframework.web.client.ResourceAccessException: I/O error on DELETE request for "http://localhost:8761/eureka/apps/TRANSPORTE-SERVICE/transporte-service:632c637720bf478c9966df8904c7a212": Connect to http://localhost:8761 [localhost/127.0.0.1, localhost/0:0:0:0:0:0:0:1] failed: Connection refused: getsockopt
	at org.springframework.web.client.RestTemplate.createResourceAccessException(RestTemplate.java:926)
	at org.springframework.web.client.RestTemplate.doExecute(RestTemplate.java:906)
	at org.springframework.web.client.RestTemplate.execute(RestTemplate.java:841)
	at org.springframework.web.client.RestTemplate.exchange(RestTemplate.java:702)
	at org.springframework.cloud.netflix.eureka.http.RestTemplateEurekaHttpClient.cancel(RestTemplateEurekaHttpClient.java:100)
	at com.netflix.discovery.shared.transport.decorator.EurekaHttpClientDecorator$2.execute(EurekaHttpClientDecorator.java:74)
	at com.netflix.discovery.shared.transport.decorator.RedirectingEurekaHttpClient.executeOnNewServer(RedirectingEurekaHttpClient.java:121)
	at com.netflix.discovery.shared.transport.decorator.RedirectingEurekaHttpClient.execute(RedirectingEurekaHttpClient.java:80)
	at com.netflix.discovery.shared.transport.decorator.EurekaHttpClientDecorator.cancel(EurekaHttpClientDecorator.java:71)
	at com.netflix.discovery.shared.transport.decorator.EurekaHttpClientDecorator$2.execute(EurekaHttpClientDecorator.java:74)
	at com.netflix.discovery.shared.transport.decorator.RetryableEurekaHttpClient.execute(RetryableEurekaHttpClient.java:120)
	at com.netflix.discovery.shared.transport.decorator.EurekaHttpClientDecorator.cancel(EurekaHttpClientDecorator.java:71)
	at com.netflix.discovery.shared.transport.decorator.EurekaHttpClientDecorator$2.execute(EurekaHttpClientDecorator.java:74)
	at com.netflix.discovery.shared.transport.decorator.SessionedEurekaHttpClient.execute(SessionedEurekaHttpClient.java:76)
	at com.netflix.discovery.shared.transport.decorator.EurekaHttpClientDecorator.cancel(EurekaHttpClientDecorator.java:71)
	at com.netflix.discovery.DiscoveryClient.unregister(DiscoveryClient.java:919)
	at com.netflix.discovery.DiscoveryClient.shutdown(DiscoveryClient.java:900)
	at java.base/jdk.internal.reflect.DirectMethodHandleAccessor.invoke(DirectMethodHandleAccessor.java:103)
	at java.base/java.lang.reflect.Method.invoke(Method.java:580)
	at org.springframework.beans.factory.annotation.InitDestroyAnnotationBeanPostProcessor$LifecycleMethod.invoke(InitDestroyAnnotationBeanPostProcessor.java:457)
	at org.springframework.beans.factory.annotation.InitDestroyAnnotationBeanPostProcessor$LifecycleMetadata.invokeDestroyMethods(InitDestroyAnnotationBeanPostProcessor.java:415)
	at org.springframework.beans.factory.annotation.InitDestroyAnnotationBeanPostProcessor.postProcessBeforeDestruction(InitDestroyAnnotationBeanPostProcessor.java:239)
	at org.springframework.beans.factory.support.DisposableBeanAdapter.destroy(DisposableBeanAdapter.java:203)
	at org.springframework.beans.factory.support.DisposableBeanAdapter.run(DisposableBeanAdapter.java:196)
	at org.springframework.cloud.context.scope.GenericScope$BeanLifecycleWrapper.destroy(GenericScope.java:387)
	at org.springframework.cloud.context.scope.GenericScope.destroy(GenericScope.java:134)
	at org.springframework.beans.factory.support.DisposableBeanAdapter.destroy(DisposableBeanAdapter.java:212)
	at org.springframework.beans.factory.support.DefaultSingletonBeanRegistry.destroyBean(DefaultSingletonBeanRegistry.java:798)
	at org.springframework.beans.factory.support.DefaultSingletonBeanRegistry.destroySingleton(DefaultSingletonBeanRegistry.java:748)
	at org.springframework.beans.factory.support.DefaultListableBeanFactory.destroySingleton(DefaultListableBeanFactory.java:1489)
	at org.springframework.beans.factory.support.DefaultSingletonBeanRegistry.destroySingletons(DefaultSingletonBeanRegistry.java:707)
	at org.springframework.beans.factory.support.DefaultListableBeanFactory.destroySingletons(DefaultListableBeanFactory.java:1482)
	at org.springframework.context.support.AbstractApplicationContext.destroyBeans(AbstractApplicationContext.java:1219)
	at org.springframework.context.support.AbstractApplicationContext.doClose(AbstractApplicationContext.java:1180)
	at org.springframework.boot.web.servlet.context.ServletWebServerApplicationContext.doClose(ServletWebServerApplicationContext.java:179)
	at org.springframework.context.support.AbstractApplicationContext.close(AbstractApplicationContext.java:1126)
	at org.springframework.boot.admin.SpringApplicationAdminMXBeanRegistrar$SpringApplicationAdmin.shutdown(SpringApplicationAdminMXBeanRegistrar.java:160)
	at java.base/jdk.internal.reflect.DirectMethodHandleAccessor.invoke(DirectMethodHandleAccessor.java:103)
	at java.base/java.lang.reflect.Method.invoke(Method.java:580)
	at sun.reflect.misc.Trampoline.invoke(MethodUtil.java:64)
	at java.base/jdk.internal.reflect.DirectMethodHandleAccessor.invoke(DirectMethodHandleAccessor.java:103)
	at java.base/java.lang.reflect.Method.invoke(Method.java:580)
	at java.base/sun.reflect.misc.MethodUtil.invoke(MethodUtil.java:97)
	at java.management/com.sun.jmx.mbeanserver.ConvertingMethod.invokeWithOpenReturn(ConvertingMethod.java:193)
	at java.management/com.sun.jmx.mbeanserver.ConvertingMethod.invokeWithOpenReturn(ConvertingMethod.java:175)
	at java.management/com.sun.jmx.mbeanserver.MXBeanIntrospector.invokeM2(MXBeanIntrospector.java:115)
	at java.management/com.sun.jmx.mbeanserver.MXBeanIntrospector.invokeM2(MXBeanIntrospector.java:52)
	at java.management/com.sun.jmx.mbeanserver.MBeanIntrospector.invokeM(MBeanIntrospector.java:236)
	at java.management/com.sun.jmx.mbeanserver.PerInterface.invoke(PerInterface.java:138)
	at java.management/com.sun.jmx.mbeanserver.MBeanSupport.invoke(MBeanSupport.java:252)
	at java.management/com.sun.jmx.interceptor.DefaultMBeanServerInterceptor.invoke(DefaultMBeanServerInterceptor.java:803)
	at java.management/com.sun.jmx.mbeanserver.JmxMBeanServer.invoke(JmxMBeanServer.java:802)
	at java.management.rmi/javax.management.remote.rmi.RMIConnectionImpl.doOperation(RMIConnectionImpl.java:1472)
	at java.management.rmi/javax.management.remote.rmi.RMIConnectionImpl$PrivilegedOperation.run(RMIConnectionImpl.java:1310)
	at java.management.rmi/javax.management.remote.rmi.RMIConnectionImpl.doPrivilegedOperation(RMIConnectionImpl.java:1405)
	at java.management.rmi/javax.management.remote.rmi.RMIConnectionImpl.invoke(RMIConnectionImpl.java:829)
	at java.base/jdk.internal.reflect.DirectMethodHandleAccessor.invoke(DirectMethodHandleAccessor.java:103)
	at java.base/java.lang.reflect.Method.invoke(Method.java:580)
	at java.rmi/sun.rmi.server.UnicastServerRef.dispatch(UnicastServerRef.java:360)
	at java.rmi/sun.rmi.transport.Transport$1.run(Transport.java:200)
	at java.rmi/sun.rmi.transport.Transport$1.run(Transport.java:197)
	at java.base/java.security.AccessController.doPrivileged(AccessController.java:714)
	at java.rmi/sun.rmi.transport.Transport.serviceCall(Transport.java:196)
	at java.rmi/sun.rmi.transport.tcp.TCPTransport.handleMessages(TCPTransport.java:598)
	at java.rmi/sun.rmi.transport.tcp.TCPTransport$ConnectionHandler.run0(TCPTransport.java:844)
	at java.rmi/sun.rmi.transport.tcp.TCPTransport$ConnectionHandler.lambda$run$0(TCPTransport.java:721)
	at java.base/java.security.AccessController.doPrivileged(AccessController.java:400)
	at java.rmi/sun.rmi.transport.tcp.TCPTransport$ConnectionHandler.run(TCPTransport.java:720)
	at java.base/java.util.concurrent.ThreadPoolExecutor.runWorker(ThreadPoolExecutor.java:1144)
	at java.base/java.util.concurrent.ThreadPoolExecutor$Worker.run(ThreadPoolExecutor.java:642)
	at java.base/java.lang.Thread.run(Thread.java:1583)
Caused by: org.apache.hc.client5.http.HttpHostConnectException: Connect to http://localhost:8761 [localhost/127.0.0.1, localhost/0:0:0:0:0:0:0:1] failed: Connection refused: getsockopt
	at java.base/sun.nio.ch.Net.pollConnect(Native Method)
	at java.base/sun.nio.ch.Net.pollConnectNow(Net.java:682)
	at java.base/sun.nio.ch.NioSocketImpl.timedFinishConnect(NioSocketImpl.java:542)
	at java.base/sun.nio.ch.NioSocketImpl.connect(NioSocketImpl.java:592)
	at java.base/java.net.SocksSocketImpl.connect(SocksSocketImpl.java:327)
	at java.base/java.net.Socket.connect(Socket.java:751)
	at org.apache.hc.client5.http.impl.io.DefaultHttpClientConnectionOperator.connect(DefaultHttpClientConnectionOperator.java:216)
	at org.apache.hc.client5.http.impl.io.PoolingHttpClientConnectionManager.connect(PoolingHttpClientConnectionManager.java:490)
	at org.apache.hc.client5.http.impl.classic.InternalExecRuntime.connectEndpoint(InternalExecRuntime.java:164)
	at org.apache.hc.client5.http.impl.classic.InternalExecRuntime.connectEndpoint(InternalExecRuntime.java:174)
	at org.apache.hc.client5.http.impl.classic.ConnectExec.execute(ConnectExec.java:144)
	at org.apache.hc.client5.http.impl.classic.ExecChainElement.execute(ExecChainElement.java:51)
	at org.apache.hc.client5.http.impl.classic.ProtocolExec.execute(ProtocolExec.java:192)
	at org.apache.hc.client5.http.impl.classic.ExecChainElement.execute(ExecChainElement.java:51)
	at org.apache.hc.client5.http.impl.classic.ContentCompressionExec.execute(ContentCompressionExec.java:150)
	at org.apache.hc.client5.http.impl.classic.ExecChainElement.execute(ExecChainElement.java:51)
	at org.apache.hc.client5.http.impl.classic.HttpRequestRetryExec.execute(HttpRequestRetryExec.java:113)
	at org.apache.hc.client5.http.impl.classic.ExecChainElement.execute(ExecChainElement.java:51)
	at org.apache.hc.client5.http.impl.classic.RedirectExec.execute(RedirectExec.java:110)
	at org.apache.hc.client5.http.impl.classic.ExecChainElement.execute(ExecChainElement.java:51)
	at org.apache.hc.client5.http.impl.classic.InternalHttpClient.doExecute(InternalHttpClient.java:183)
	at org.apache.hc.client5.http.impl.classic.CloseableHttpClient.execute(CloseableHttpClient.java:87)
	at org.apache.hc.client5.http.impl.classic.CloseableHttpClient.execute(CloseableHttpClient.java:55)
	at org.apache.hc.client5.http.classic.HttpClient.executeOpen(HttpClient.java:183)
	at org.springframework.http.client.HttpComponentsClientHttpRequest.executeInternal(HttpComponentsClientHttpRequest.java:99)
	at org.springframework.http.client.AbstractStreamingClientHttpRequest.executeInternal(AbstractStreamingClientHttpRequest.java:71)
	at org.springframework.http.client.AbstractClientHttpRequest.execute(AbstractClientHttpRequest.java:81)
	at org.springframework.http.client.InterceptingClientHttpRequest$InterceptingRequestExecution.execute(InterceptingClientHttpRequest.java:117)
	at org.springframework.cloud.netflix.eureka.http.RestTemplateTransportClientFactory.lambda$restTemplate$2(RestTemplateTransportClientFactory.java:145)
	at org.springframework.http.client.InterceptingClientHttpRequest$InterceptingRequestExecution.execute(InterceptingClientHttpRequest.java:88)
	at org.springframework.http.client.InterceptingClientHttpRequest.executeInternal(InterceptingClientHttpRequest.java:72)
	at org.springframework.http.client.AbstractBufferingClientHttpRequest.executeInternal(AbstractBufferingClientHttpRequest.java:48)
	at org.springframework.http.client.AbstractClientHttpRequest.execute(AbstractClientHttpRequest.java:81)
	at org.springframework.web.client.RestTemplate.doExecute(RestTemplate.java:900)
	... 69 more

2025-10-29T03:20:03.205-05:00  WARN 5176 --- [transporte-service] [RMI TCP Connection(58)-127.0.0.1] c.n.d.s.t.d.RetryableEurekaHttpClient    : Request execution failed with message: I/O error on DELETE request for "http://localhost:8761/eureka/apps/TRANSPORTE-SERVICE/transporte-service:632c637720bf478c9966df8904c7a212": Connect to http://localhost:8761 [localhost/127.0.0.1, localhost/0:0:0:0:0:0:0:1] failed: Connection refused: getsockopt
2025-10-29T03:20:03.205-05:00 ERROR 5176 --- [transporte-service] [RMI TCP Connection(58)-127.0.0.1] com.netflix.discovery.DiscoveryClient    : DiscoveryClient_TRANSPORTE-SERVICE/transporte-service:632c637720bf478c9966df8904c7a212 - de-registration failedCannot execute request on any known server

com.netflix.discovery.shared.transport.TransportException: Cannot execute request on any known server
	at com.netflix.discovery.shared.transport.decorator.RetryableEurekaHttpClient.execute(RetryableEurekaHttpClient.java:112) ~[eureka-client-2.0.5.jar:2.0.5]
	at com.netflix.discovery.shared.transport.decorator.EurekaHttpClientDecorator.cancel(EurekaHttpClientDecorator.java:71) ~[eureka-client-2.0.5.jar:2.0.5]
	at com.netflix.discovery.shared.transport.decorator.EurekaHttpClientDecorator$2.execute(EurekaHttpClientDecorator.java:74) ~[eureka-client-2.0.5.jar:2.0.5]
	at com.netflix.discovery.shared.transport.decorator.SessionedEurekaHttpClient.execute(SessionedEurekaHttpClient.java:76) ~[eureka-client-2.0.5.jar:2.0.5]
	at com.netflix.discovery.shared.transport.decorator.EurekaHttpClientDecorator.cancel(EurekaHttpClientDecorator.java:71) ~[eureka-client-2.0.5.jar:2.0.5]
	at com.netflix.discovery.DiscoveryClient.unregister(DiscoveryClient.java:919) ~[eureka-client-2.0.5.jar:2.0.5]
	at com.netflix.discovery.DiscoveryClient.shutdown(DiscoveryClient.java:900) ~[eureka-client-2.0.5.jar:2.0.5]
	at java.base/jdk.internal.reflect.DirectMethodHandleAccessor.invoke(DirectMethodHandleAccessor.java:103) ~[na:na]
	at java.base/java.lang.reflect.Method.invoke(Method.java:580) ~[na:na]
	at org.springframework.beans.factory.annotation.InitDestroyAnnotationBeanPostProcessor$LifecycleMethod.invoke(InitDestroyAnnotationBeanPostProcessor.java:457) ~[spring-beans-6.2.11.jar:6.2.11]
	at org.springframework.beans.factory.annotation.InitDestroyAnnotationBeanPostProcessor$LifecycleMetadata.invokeDestroyMethods(InitDestroyAnnotationBeanPostProcessor.java:415) ~[spring-beans-6.2.11.jar:6.2.11]
	at org.springframework.beans.factory.annotation.InitDestroyAnnotationBeanPostProcessor.postProcessBeforeDestruction(InitDestroyAnnotationBeanPostProcessor.java:239) ~[spring-beans-6.2.11.jar:6.2.11]
	at org.springframework.beans.factory.support.DisposableBeanAdapter.destroy(DisposableBeanAdapter.java:203) ~[spring-beans-6.2.11.jar:6.2.11]
	at org.springframework.beans.factory.support.DisposableBeanAdapter.run(DisposableBeanAdapter.java:196) ~[spring-beans-6.2.11.jar:6.2.11]
	at org.springframework.cloud.context.scope.GenericScope$BeanLifecycleWrapper.destroy(GenericScope.java:387) ~[spring-cloud-context-4.2.2.jar:4.2.2]
	at org.springframework.cloud.context.scope.GenericScope.destroy(GenericScope.java:134) ~[spring-cloud-context-4.2.2.jar:4.2.2]
	at org.springframework.beans.factory.support.DisposableBeanAdapter.destroy(DisposableBeanAdapter.java:212) ~[spring-beans-6.2.11.jar:6.2.11]
	at org.springframework.beans.factory.support.DefaultSingletonBeanRegistry.destroyBean(DefaultSingletonBeanRegistry.java:798) ~[spring-beans-6.2.11.jar:6.2.11]
	at org.springframework.beans.factory.support.DefaultSingletonBeanRegistry.destroySingleton(DefaultSingletonBeanRegistry.java:748) ~[spring-beans-6.2.11.jar:6.2.11]
	at org.springframework.beans.factory.support.DefaultListableBeanFactory.destroySingleton(DefaultListableBeanFactory.java:1489) ~[spring-beans-6.2.11.jar:6.2.11]
	at org.springframework.beans.factory.support.DefaultSingletonBeanRegistry.destroySingletons(DefaultSingletonBeanRegistry.java:707) ~[spring-beans-6.2.11.jar:6.2.11]
	at org.springframework.beans.factory.support.DefaultListableBeanFactory.destroySingletons(DefaultListableBeanFactory.java:1482) ~[spring-beans-6.2.11.jar:6.2.11]
	at org.springframework.context.support.AbstractApplicationContext.destroyBeans(AbstractApplicationContext.java:1219) ~[spring-context-6.2.11.jar:6.2.11]
	at org.springframework.context.support.AbstractApplicationContext.doClose(AbstractApplicationContext.java:1180) ~[spring-context-6.2.11.jar:6.2.11]
	at org.springframework.boot.web.servlet.context.ServletWebServerApplicationContext.doClose(ServletWebServerApplicationContext.java:179) ~[spring-boot-3.4.10.jar:3.4.10]
	at org.springframework.context.support.AbstractApplicationContext.close(AbstractApplicationContext.java:1126) ~[spring-context-6.2.11.jar:6.2.11]
	at org.springframework.boot.admin.SpringApplicationAdminMXBeanRegistrar$SpringApplicationAdmin.shutdown(SpringApplicationAdminMXBeanRegistrar.java:160) ~[spring-boot-3.4.10.jar:3.4.10]
	at java.base/jdk.internal.reflect.DirectMethodHandleAccessor.invoke(DirectMethodHandleAccessor.java:103) ~[na:na]
	at java.base/java.lang.reflect.Method.invoke(Method.java:580) ~[na:na]
	at sun.reflect.misc.Trampoline.invoke(MethodUtil.java:64) ~[na:na]
	at java.base/jdk.internal.reflect.DirectMethodHandleAccessor.invoke(DirectMethodHandleAccessor.java:103) ~[na:na]
	at java.base/java.lang.reflect.Method.invoke(Method.java:580) ~[na:na]
	at java.base/sun.reflect.misc.MethodUtil.invoke(MethodUtil.java:97) ~[na:na]
	at java.management/com.sun.jmx.mbeanserver.ConvertingMethod.invokeWithOpenReturn(ConvertingMethod.java:193) ~[na:na]
	at java.management/com.sun.jmx.mbeanserver.ConvertingMethod.invokeWithOpenReturn(ConvertingMethod.java:175) ~[na:na]
	at java.management/com.sun.jmx.mbeanserver.MXBeanIntrospector.invokeM2(MXBeanIntrospector.java:115) ~[na:na]
	at java.management/com.sun.jmx.mbeanserver.MXBeanIntrospector.invokeM2(MXBeanIntrospector.java:52) ~[na:na]
	at java.management/com.sun.jmx.mbeanserver.MBeanIntrospector.invokeM(MBeanIntrospector.java:236) ~[na:na]
	at java.management/com.sun.jmx.mbeanserver.PerInterface.invoke(PerInterface.java:138) ~[na:na]
	at java.management/com.sun.jmx.mbeanserver.MBeanSupport.invoke(MBeanSupport.java:252) ~[na:na]
	at java.management/com.sun.jmx.interceptor.DefaultMBeanServerInterceptor.invoke(DefaultMBeanServerInterceptor.java:803) ~[na:na]
	at java.management/com.sun.jmx.mbeanserver.JmxMBeanServer.invoke(JmxMBeanServer.java:802) ~[na:na]
	at java.management.rmi/javax.management.remote.rmi.RMIConnectionImpl.doOperation(RMIConnectionImpl.java:1472) ~[na:na]
	at java.management.rmi/javax.management.remote.rmi.RMIConnectionImpl$PrivilegedOperation.run(RMIConnectionImpl.java:1310) ~[na:na]
	at java.management.rmi/javax.management.remote.rmi.RMIConnectionImpl.doPrivilegedOperation(RMIConnectionImpl.java:1405) ~[na:na]
	at java.management.rmi/javax.management.remote.rmi.RMIConnectionImpl.invoke(RMIConnectionImpl.java:829) ~[na:na]
	at java.base/jdk.internal.reflect.DirectMethodHandleAccessor.invoke(DirectMethodHandleAccessor.java:103) ~[na:na]
	at java.base/java.lang.reflect.Method.invoke(Method.java:580) ~[na:na]
	at java.rmi/sun.rmi.server.UnicastServerRef.dispatch(UnicastServerRef.java:360) ~[na:na]
	at java.rmi/sun.rmi.transport.Transport$1.run(Transport.java:200) ~[na:na]
	at java.rmi/sun.rmi.transport.Transport$1.run(Transport.java:197) ~[na:na]
	at java.base/java.security.AccessController.doPrivileged(AccessController.java:714) ~[na:na]
	at java.rmi/sun.rmi.transport.Transport.serviceCall(Transport.java:196) ~[na:na]
	at java.rmi/sun.rmi.transport.tcp.TCPTransport.handleMessages(TCPTransport.java:598) ~[na:na]
	at java.rmi/sun.rmi.transport.tcp.TCPTransport$ConnectionHandler.run0(TCPTransport.java:844) ~[na:na]
	at java.rmi/sun.rmi.transport.tcp.TCPTransport$ConnectionHandler.lambda$run$0(TCPTransport.java:721) ~[na:na]
	at java.base/java.security.AccessController.doPrivileged(AccessController.java:400) ~[na:na]
	at java.rmi/sun.rmi.transport.tcp.TCPTransport$ConnectionHandler.run(TCPTransport.java:720) ~[na:na]
	at java.base/java.util.concurrent.ThreadPoolExecutor.runWorker(ThreadPoolExecutor.java:1144) ~[na:na]
	at java.base/java.util.concurrent.ThreadPoolExecutor$Worker.run(ThreadPoolExecutor.java:642) ~[na:na]
	at java.base/java.lang.Thread.run(Thread.java:1583) ~[na:na]

2025-10-29T03:20:03.207-05:00  INFO 5176 --- [transporte-service] [RMI TCP Connection(58)-127.0.0.1] com.netflix.discovery.DiscoveryClient    : Completed shut down of DiscoveryClient
2025-10-29T12:51:55.626-05:00  INFO 32468 --- [transporte-service] [restartedMain] o.cibertec.TransporteServiceApplication  : Starting TransporteServiceApplication using Java 21.0.8 with PID 32468 (C:\Users\ronca\OneDrive\Escritorio\Dev\DAW2\transporte-service\target\classes started by Arturo in C:\Users\ronca\OneDrive\Escritorio\Dev\DAW2\transporte-service)
2025-10-29T12:51:55.631-05:00  INFO 32468 --- [transporte-service] [restartedMain] o.cibertec.TransporteServiceApplication  : No active profile set, falling back to 1 default profile: "default"
2025-10-29T12:51:55.769-05:00  INFO 32468 --- [transporte-service] [restartedMain] o.s.c.c.c.ConfigServerConfigDataLoader   : Fetching config from server at : http://localhost:8888
2025-10-29T12:51:55.769-05:00  INFO 32468 --- [transporte-service] [restartedMain] o.s.c.c.c.ConfigServerConfigDataLoader   : Located environment: name=transporte-service, profiles=[default], label=null, version=null, state=null
2025-10-29T12:51:55.773-05:00  INFO 32468 --- [transporte-service] [restartedMain] .e.DevToolsPropertyDefaultsPostProcessor : Devtools property defaults active! Set 'spring.devtools.add-properties' to 'false' to disable
2025-10-29T12:51:55.776-05:00  INFO 32468 --- [transporte-service] [restartedMain] .e.DevToolsPropertyDefaultsPostProcessor : For additional web related logging consider setting the 'logging.level.web' property to 'DEBUG'
2025-10-29T12:51:59.085-05:00  INFO 32468 --- [transporte-service] [restartedMain] .s.d.r.c.RepositoryConfigurationDelegate : Bootstrapping Spring Data JPA repositories in DEFAULT mode.
2025-10-29T12:51:59.532-05:00  INFO 32468 --- [transporte-service] [restartedMain] .s.d.r.c.RepositoryConfigurationDelegate : Finished Spring Data repository scanning in 394 ms. Found 1 JPA repository interface.
2025-10-29T12:52:00.272-05:00  INFO 32468 --- [transporte-service] [restartedMain] o.s.cloud.context.scope.GenericScope     : BeanFactory id=463c890a-db53-34d0-83d7-452975d1404d
2025-10-29T12:52:01.448-05:00  INFO 32468 --- [transporte-service] [restartedMain] o.s.b.w.embedded.tomcat.TomcatWebServer  : Tomcat initialized with port 0 (http)
2025-10-29T12:52:01.492-05:00  INFO 32468 --- [transporte-service] [restartedMain] o.apache.catalina.core.StandardService   : Starting service [Tomcat]
2025-10-29T12:52:01.496-05:00  INFO 32468 --- [transporte-service] [restartedMain] o.apache.catalina.core.StandardEngine    : Starting Servlet engine: [Apache Tomcat/10.1.46]
2025-10-29T12:52:01.656-05:00  INFO 32468 --- [transporte-service] [restartedMain] o.a.c.c.C.[Tomcat].[localhost].[/]       : Initializing Spring embedded WebApplicationContext
2025-10-29T12:52:01.657-05:00  INFO 32468 --- [transporte-service] [restartedMain] w.s.c.ServletWebServerApplicationContext : Root WebApplicationContext: initialization completed in 5879 ms
2025-10-29T12:52:02.486-05:00  INFO 32468 --- [transporte-service] [restartedMain] com.zaxxer.hikari.HikariDataSource       : HikariPool-1 - Starting...
2025-10-29T12:52:03.365-05:00  INFO 32468 --- [transporte-service] [restartedMain] com.zaxxer.hikari.pool.HikariPool        : HikariPool-1 - Added connection com.mysql.cj.jdbc.ConnectionImpl@ac7a430
2025-10-29T12:52:03.370-05:00  INFO 32468 --- [transporte-service] [restartedMain] com.zaxxer.hikari.HikariDataSource       : HikariPool-1 - Start completed.
2025-10-29T12:52:03.532-05:00  INFO 32468 --- [transporte-service] [restartedMain] o.hibernate.jpa.internal.util.LogHelper  : HHH000204: Processing PersistenceUnitInfo [name: default]
2025-10-29T12:52:03.716-05:00  INFO 32468 --- [transporte-service] [restartedMain] org.hibernate.Version                    : HHH000412: Hibernate ORM core version 6.6.29.Final
2025-10-29T12:52:03.816-05:00  INFO 32468 --- [transporte-service] [restartedMain] o.h.c.internal.RegionFactoryInitiator    : HHH000026: Second-level cache disabled
2025-10-29T12:52:04.991-05:00  INFO 32468 --- [transporte-service] [restartedMain] o.s.o.j.p.SpringPersistenceUnitInfo      : No LoadTimeWeaver setup: ignoring JPA class transformer
2025-10-29T12:52:05.469-05:00  INFO 32468 --- [transporte-service] [restartedMain] org.hibernate.orm.connections.pooling    : HHH10001005: Database info:
	Database JDBC URL [Connecting through datasource 'HikariDataSource (HikariPool-1)']
	Database driver: undefined/unknown
	Database version: 8.0.34
	Autocommit mode: undefined/unknown
	Isolation level: undefined/unknown
	Minimum pool size: undefined/unknown
	Maximum pool size: undefined/unknown
2025-10-29T12:52:08.336-05:00  INFO 32468 --- [transporte-service] [restartedMain] o.h.e.t.j.p.i.JtaPlatformInitiator       : HHH000489: No JTA platform available (set 'hibernate.transaction.jta.platform' to enable JTA platform integration)
2025-10-29T12:52:08.342-05:00  INFO 32468 --- [transporte-service] [restartedMain] j.LocalContainerEntityManagerFactoryBean : Initialized JPA EntityManagerFactory for persistence unit 'default'
2025-10-29T12:52:09.017-05:00  WARN 32468 --- [transporte-service] [restartedMain] JpaBaseConfiguration$JpaWebConfiguration : spring.jpa.open-in-view is enabled by default. Therefore, database queries may be performed during view rendering. Explicitly configure spring.jpa.open-in-view to disable this warning
2025-10-29T12:52:09.123-05:00  WARN 32468 --- [transporte-service] [restartedMain] o.s.b.d.a.OptionalLiveReloadServer       : Unable to start LiveReload server
2025-10-29T12:52:09.355-05:00  WARN 32468 --- [transporte-service] [restartedMain] ConfigServletWebServerApplicationContext : Exception encountered during context initialization - cancelling refresh attempt: org.springframework.beans.factory.BeanCreationException: Error creating bean with name 'transporteListener' defined in file [C:\Users\ronca\OneDrive\Escritorio\Dev\DAW2\transporte-service\target\classes\org\cibertec\rabbit\TransporteListener.class]: Could not resolve placeholder '@queue.name' in value "${@queue.name}"
2025-10-29T12:52:09.357-05:00  WARN 32468 --- [transporte-service] [restartedMain] s.c.a.AnnotationConfigApplicationContext : Exception thrown from ApplicationListener handling ContextClosedEvent

org.springframework.beans.factory.BeanCreationNotAllowedException: Error creating bean with name 'applicationTaskExecutor': Singleton bean creation not allowed while singletons of this factory are in destruction (Do not request a bean from a BeanFactory in a destroy method implementation!)
	at org.springframework.beans.factory.support.DefaultSingletonBeanRegistry.getSingleton(DefaultSingletonBeanRegistry.java:303) ~[spring-beans-6.2.11.jar:6.2.11]
	at org.springframework.beans.factory.support.AbstractBeanFactory.doGetBean(AbstractBeanFactory.java:337) ~[spring-beans-6.2.11.jar:6.2.11]
	at org.springframework.beans.factory.support.AbstractBeanFactory.getBean(AbstractBeanFactory.java:207) ~[spring-beans-6.2.11.jar:6.2.11]
	at org.springframework.context.event.AbstractApplicationEventMulticaster.retrieveApplicationListeners(AbstractApplicationEventMulticaster.java:267) ~[spring-context-6.2.11.jar:6.2.11]
	at org.springframework.context.event.AbstractApplicationEventMulticaster.getApplicationListeners(AbstractApplicationEventMulticaster.java:223) ~[spring-context-6.2.11.jar:6.2.11]
	at org.springframework.context.event.SimpleApplicationEventMulticaster.multicastEvent(SimpleApplicationEventMulticaster.java:145) ~[spring-context-6.2.11.jar:6.2.11]
	at org.springframework.context.support.AbstractApplicationContext.publishEvent(AbstractApplicationContext.java:454) ~[spring-context-6.2.11.jar:6.2.11]
	at org.springframework.context.support.AbstractApplicationContext.publishEvent(AbstractApplicationContext.java:460) ~[spring-context-6.2.11.jar:6.2.11]
	at org.springframework.context.support.AbstractApplicationContext.publishEvent(AbstractApplicationContext.java:387) ~[spring-context-6.2.11.jar:6.2.11]
	at org.springframework.context.support.AbstractApplicationContext.doClose(AbstractApplicationContext.java:1163) ~[spring-context-6.2.11.jar:6.2.11]
	at org.springframework.context.support.AbstractApplicationContext.close(AbstractApplicationContext.java:1126) ~[spring-context-6.2.11.jar:6.2.11]
	at org.springframework.cloud.context.named.NamedContextFactory.destroy(NamedContextFactory.java:114) ~[spring-cloud-context-4.2.2.jar:4.2.2]
	at org.springframework.beans.factory.support.DisposableBeanAdapter.destroy(DisposableBeanAdapter.java:212) ~[spring-beans-6.2.11.jar:6.2.11]
	at org.springframework.beans.factory.support.DefaultSingletonBeanRegistry.destroyBean(DefaultSingletonBeanRegistry.java:798) ~[spring-beans-6.2.11.jar:6.2.11]
	at org.springframework.beans.factory.support.DefaultSingletonBeanRegistry.destroySingleton(DefaultSingletonBeanRegistry.java:748) ~[spring-beans-6.2.11.jar:6.2.11]
	at org.springframework.beans.factory.support.DefaultListableBeanFactory.destroySingleton(DefaultListableBeanFactory.java:1489) ~[spring-beans-6.2.11.jar:6.2.11]
	at org.springframework.beans.factory.support.DefaultSingletonBeanRegistry.destroySingletons(DefaultSingletonBeanRegistry.java:707) ~[spring-beans-6.2.11.jar:6.2.11]
	at org.springframework.beans.factory.support.DefaultListableBeanFactory.destroySingletons(DefaultListableBeanFactory.java:1482) ~[spring-beans-6.2.11.jar:6.2.11]
	at org.springframework.context.support.AbstractApplicationContext.destroyBeans(AbstractApplicationContext.java:1219) ~[spring-context-6.2.11.jar:6.2.11]
	at org.springframework.context.support.AbstractApplicationContext.refresh(AbstractApplicationContext.java:640) ~[spring-context-6.2.11.jar:6.2.11]
	at org.springframework.boot.web.servlet.context.ServletWebServerApplicationContext.refresh(ServletWebServerApplicationContext.java:146) ~[spring-boot-3.4.10.jar:3.4.10]
	at org.springframework.boot.SpringApplication.refresh(SpringApplication.java:752) ~[spring-boot-3.4.10.jar:3.4.10]
	at org.springframework.boot.SpringApplication.refreshContext(SpringApplication.java:439) ~[spring-boot-3.4.10.jar:3.4.10]
	at org.springframework.boot.SpringApplication.run(SpringApplication.java:318) ~[spring-boot-3.4.10.jar:3.4.10]
	at org.springframework.boot.SpringApplication.run(SpringApplication.java:1361) ~[spring-boot-3.4.10.jar:3.4.10]
	at org.springframework.boot.SpringApplication.run(SpringApplication.java:1350) ~[spring-boot-3.4.10.jar:3.4.10]
	at org.cibertec.TransporteServiceApplication.main(TransporteServiceApplication.java:14) ~[classes/:na]
	at java.base/jdk.internal.reflect.DirectMethodHandleAccessor.invoke(DirectMethodHandleAccessor.java:103) ~[na:na]
	at java.base/java.lang.reflect.Method.invoke(Method.java:580) ~[na:na]
	at org.springframework.boot.devtools.restart.RestartLauncher.run(RestartLauncher.java:50) ~[spring-boot-devtools-3.4.10.jar:3.4.10]

2025-10-29T12:52:09.367-05:00  INFO 32468 --- [transporte-service] [restartedMain] j.LocalContainerEntityManagerFactoryBean : Closing JPA EntityManagerFactory for persistence unit 'default'
2025-10-29T12:52:09.372-05:00  INFO 32468 --- [transporte-service] [restartedMain] com.zaxxer.hikari.HikariDataSource       : HikariPool-1 - Shutdown initiated...
2025-10-29T12:52:09.386-05:00  INFO 32468 --- [transporte-service] [restartedMain] com.zaxxer.hikari.HikariDataSource       : HikariPool-1 - Shutdown completed.
2025-10-29T12:52:09.388-05:00  INFO 32468 --- [transporte-service] [restartedMain] o.apache.catalina.core.StandardService   : Stopping service [Tomcat]
2025-10-29T12:52:09.418-05:00  INFO 32468 --- [transporte-service] [restartedMain] .s.b.a.l.ConditionEvaluationReportLogger : 

Error starting ApplicationContext. To display the condition evaluation report re-run your application with 'debug' enabled.
2025-10-29T12:52:09.468-05:00 ERROR 32468 --- [transporte-service] [restartedMain] o.s.boot.SpringApplication               : Application run failed

org.springframework.beans.factory.BeanCreationException: Error creating bean with name 'transporteListener' defined in file [C:\Users\ronca\OneDrive\Escritorio\Dev\DAW2\transporte-service\target\classes\org\cibertec\rabbit\TransporteListener.class]: Could not resolve placeholder '@queue.name' in value "${@queue.name}"
	at org.springframework.beans.factory.support.AbstractAutowireCapableBeanFactory.doCreateBean(AbstractAutowireCapableBeanFactory.java:614) ~[spring-beans-6.2.11.jar:6.2.11]
	at org.springframework.beans.factory.support.AbstractAutowireCapableBeanFactory.createBean(AbstractAutowireCapableBeanFactory.java:529) ~[spring-beans-6.2.11.jar:6.2.11]
	at org.springframework.beans.factory.support.AbstractBeanFactory.lambda$doGetBean$0(AbstractBeanFactory.java:339) ~[spring-beans-6.2.11.jar:6.2.11]
	at org.springframework.beans.factory.support.DefaultSingletonBeanRegistry.getSingleton(DefaultSingletonBeanRegistry.java:373) ~[spring-beans-6.2.11.jar:6.2.11]
	at org.springframework.beans.factory.support.AbstractBeanFactory.doGetBean(AbstractBeanFactory.java:337) ~[spring-beans-6.2.11.jar:6.2.11]
	at org.springframework.beans.factory.support.AbstractBeanFactory.getBean(AbstractBeanFactory.java:202) ~[spring-beans-6.2.11.jar:6.2.11]
	at org.springframework.beans.factory.support.DefaultListableBeanFactory.instantiateSingleton(DefaultListableBeanFactory.java:1221) ~[spring-beans-6.2.11.jar:6.2.11]
	at org.springframework.beans.factory.support.DefaultListableBeanFactory.preInstantiateSingleton(DefaultListableBeanFactory.java:1187) ~[spring-beans-6.2.11.jar:6.2.11]
	at org.springframework.beans.factory.support.DefaultListableBeanFactory.preInstantiateSingletons(DefaultListableBeanFactory.java:1123) ~[spring-beans-6.2.11.jar:6.2.11]
	at org.springframework.context.support.AbstractApplicationContext.finishBeanFactoryInitialization(AbstractApplicationContext.java:987) ~[spring-context-6.2.11.jar:6.2.11]
	at org.springframework.context.support.AbstractApplicationContext.refresh(AbstractApplicationContext.java:627) ~[spring-context-6.2.11.jar:6.2.11]
	at org.springframework.boot.web.servlet.context.ServletWebServerApplicationContext.refresh(ServletWebServerApplicationContext.java:146) ~[spring-boot-3.4.10.jar:3.4.10]
	at org.springframework.boot.SpringApplication.refresh(SpringApplication.java:752) ~[spring-boot-3.4.10.jar:3.4.10]
	at org.springframework.boot.SpringApplication.refreshContext(SpringApplication.java:439) ~[spring-boot-3.4.10.jar:3.4.10]
	at org.springframework.boot.SpringApplication.run(SpringApplication.java:318) ~[spring-boot-3.4.10.jar:3.4.10]
	at org.springframework.boot.SpringApplication.run(SpringApplication.java:1361) ~[spring-boot-3.4.10.jar:3.4.10]
	at org.springframework.boot.SpringApplication.run(SpringApplication.java:1350) ~[spring-boot-3.4.10.jar:3.4.10]
	at org.cibertec.TransporteServiceApplication.main(TransporteServiceApplication.java:14) ~[classes/:na]
	at java.base/jdk.internal.reflect.DirectMethodHandleAccessor.invoke(DirectMethodHandleAccessor.java:103) ~[na:na]
	at java.base/java.lang.reflect.Method.invoke(Method.java:580) ~[na:na]
	at org.springframework.boot.devtools.restart.RestartLauncher.run(RestartLauncher.java:50) ~[spring-boot-devtools-3.4.10.jar:3.4.10]
Caused by: org.springframework.util.PlaceholderResolutionException: Could not resolve placeholder '@queue.name' in value "${@queue.name}"
	at org.springframework.util.PlaceholderResolutionException.withValue(PlaceholderResolutionException.java:81) ~[spring-core-6.2.11.jar:6.2.11]
	at org.springframework.util.PlaceholderParser$ParsedValue.resolve(PlaceholderParser.java:423) ~[spring-core-6.2.11.jar:6.2.11]
	at org.springframework.util.PlaceholderParser.replacePlaceholders(PlaceholderParser.java:128) ~[spring-core-6.2.11.jar:6.2.11]
	at org.springframework.util.PropertyPlaceholderHelper.parseStringValue(PropertyPlaceholderHelper.java:118) ~[spring-core-6.2.11.jar:6.2.11]
	at org.springframework.util.PropertyPlaceholderHelper.replacePlaceholders(PropertyPlaceholderHelper.java:114) ~[spring-core-6.2.11.jar:6.2.11]
	at org.springframework.core.env.AbstractPropertyResolver.doResolvePlaceholders(AbstractPropertyResolver.java:293) ~[spring-core-6.2.11.jar:6.2.11]
	at org.springframework.core.env.AbstractPropertyResolver.resolveRequiredPlaceholders(AbstractPropertyResolver.java:264) ~[spring-core-6.2.11.jar:6.2.11]
	at org.springframework.context.support.PropertySourcesPlaceholderConfigurer.lambda$processProperties$0(PropertySourcesPlaceholderConfigurer.java:186) ~[spring-context-6.2.11.jar:6.2.11]
	at org.springframework.beans.factory.support.AbstractBeanFactory.resolveEmbeddedValue(AbstractBeanFactory.java:970) ~[spring-beans-6.2.11.jar:6.2.11]
	at org.springframework.amqp.rabbit.annotation.RabbitListenerAnnotationBeanPostProcessor.resolve(RabbitListenerAnnotationBeanPostProcessor.java:980) ~[spring-rabbit-3.2.7.jar:3.2.7]
	at org.springframework.amqp.rabbit.annotation.RabbitListenerAnnotationBeanPostProcessor.resolveExpression(RabbitListenerAnnotationBeanPostProcessor.java:967) ~[spring-rabbit-3.2.7.jar:3.2.7]
	at org.springframework.amqp.rabbit.annotation.RabbitListenerAnnotationBeanPostProcessor.resolveQueues(RabbitListenerAnnotationBeanPostProcessor.java:699) ~[spring-rabbit-3.2.7.jar:3.2.7]
	at org.springframework.amqp.rabbit.annotation.RabbitListenerAnnotationBeanPostProcessor.resolveQueues(RabbitListenerAnnotationBeanPostProcessor.java:663) ~[spring-rabbit-3.2.7.jar:3.2.7]
	at org.springframework.amqp.rabbit.annotation.RabbitListenerAnnotationBeanPostProcessor.processListener(RabbitListenerAnnotationBeanPostProcessor.java:434) ~[spring-rabbit-3.2.7.jar:3.2.7]
	at org.springframework.amqp.rabbit.annotation.RabbitListenerAnnotationBeanPostProcessor.processAmqpListener(RabbitListenerAnnotationBeanPostProcessor.java:392) ~[spring-rabbit-3.2.7.jar:3.2.7]
	at org.springframework.amqp.rabbit.annotation.RabbitListenerAnnotationBeanPostProcessor.postProcessAfterInitialization(RabbitListenerAnnotationBeanPostProcessor.java:310) ~[spring-rabbit-3.2.7.jar:3.2.7]
	at org.springframework.beans.factory.support.AbstractAutowireCapableBeanFactory.applyBeanPostProcessorsAfterInitialization(AbstractAutowireCapableBeanFactory.java:445) ~[spring-beans-6.2.11.jar:6.2.11]
	at org.springframework.beans.factory.support.AbstractAutowireCapableBeanFactory.initializeBean(AbstractAutowireCapableBeanFactory.java:1829) ~[spring-beans-6.2.11.jar:6.2.11]
	at org.springframework.beans.factory.support.AbstractAutowireCapableBeanFactory.doCreateBean(AbstractAutowireCapableBeanFactory.java:607) ~[spring-beans-6.2.11.jar:6.2.11]
	... 20 common frames omitted

2025-10-29T12:53:13.892-05:00  INFO 35120 --- [transporte-service] [restartedMain] o.cibertec.TransporteServiceApplication  : Starting TransporteServiceApplication using Java 21.0.8 with PID 35120 (C:\Users\ronca\OneDrive\Escritorio\Dev\DAW2\transporte-service\target\classes started by Arturo in C:\Users\ronca\OneDrive\Escritorio\Dev\DAW2\transporte-service)
2025-10-29T12:53:13.895-05:00  INFO 35120 --- [transporte-service] [restartedMain] o.cibertec.TransporteServiceApplication  : No active profile set, falling back to 1 default profile: "default"
2025-10-29T12:53:13.967-05:00  INFO 35120 --- [transporte-service] [restartedMain] o.s.c.c.c.ConfigServerConfigDataLoader   : Fetching config from server at : http://localhost:8888
2025-10-29T12:53:13.967-05:00  INFO 35120 --- [transporte-service] [restartedMain] o.s.c.c.c.ConfigServerConfigDataLoader   : Located environment: name=transporte-service, profiles=[default], label=null, version=null, state=null
2025-10-29T12:53:13.971-05:00  INFO 35120 --- [transporte-service] [restartedMain] .e.DevToolsPropertyDefaultsPostProcessor : Devtools property defaults active! Set 'spring.devtools.add-properties' to 'false' to disable
2025-10-29T12:53:13.972-05:00  INFO 35120 --- [transporte-service] [restartedMain] .e.DevToolsPropertyDefaultsPostProcessor : For additional web related logging consider setting the 'logging.level.web' property to 'DEBUG'
2025-10-29T12:53:16.089-05:00  INFO 35120 --- [transporte-service] [restartedMain] .s.d.r.c.RepositoryConfigurationDelegate : Bootstrapping Spring Data JPA repositories in DEFAULT mode.
2025-10-29T12:53:16.453-05:00  INFO 35120 --- [transporte-service] [restartedMain] .s.d.r.c.RepositoryConfigurationDelegate : Finished Spring Data repository scanning in 338 ms. Found 1 JPA repository interface.
2025-10-29T12:53:17.343-05:00  INFO 35120 --- [transporte-service] [restartedMain] o.s.cloud.context.scope.GenericScope     : BeanFactory id=463c890a-db53-34d0-83d7-452975d1404d
2025-10-29T12:53:18.217-05:00  INFO 35120 --- [transporte-service] [restartedMain] o.s.b.w.embedded.tomcat.TomcatWebServer  : Tomcat initialized with port 0 (http)
2025-10-29T12:53:18.240-05:00  INFO 35120 --- [transporte-service] [restartedMain] o.apache.catalina.core.StandardService   : Starting service [Tomcat]
2025-10-29T12:53:18.240-05:00  INFO 35120 --- [transporte-service] [restartedMain] o.apache.catalina.core.StandardEngine    : Starting Servlet engine: [Apache Tomcat/10.1.46]
2025-10-29T12:53:18.336-05:00  INFO 35120 --- [transporte-service] [restartedMain] o.a.c.c.C.[Tomcat].[localhost].[/]       : Initializing Spring embedded WebApplicationContext
2025-10-29T12:53:18.336-05:00  INFO 35120 --- [transporte-service] [restartedMain] w.s.c.ServletWebServerApplicationContext : Root WebApplicationContext: initialization completed in 4363 ms
2025-10-29T12:53:18.766-05:00  INFO 35120 --- [transporte-service] [restartedMain] com.zaxxer.hikari.HikariDataSource       : HikariPool-1 - Starting...
2025-10-29T12:53:19.259-05:00  INFO 35120 --- [transporte-service] [restartedMain] com.zaxxer.hikari.pool.HikariPool        : HikariPool-1 - Added connection com.mysql.cj.jdbc.ConnectionImpl@31cada8
2025-10-29T12:53:19.262-05:00  INFO 35120 --- [transporte-service] [restartedMain] com.zaxxer.hikari.HikariDataSource       : HikariPool-1 - Start completed.
2025-10-29T12:53:19.350-05:00  INFO 35120 --- [transporte-service] [restartedMain] o.hibernate.jpa.internal.util.LogHelper  : HHH000204: Processing PersistenceUnitInfo [name: default]
2025-10-29T12:53:19.461-05:00  INFO 35120 --- [transporte-service] [restartedMain] org.hibernate.Version                    : HHH000412: Hibernate ORM core version 6.6.29.Final
2025-10-29T12:53:19.531-05:00  INFO 35120 --- [transporte-service] [restartedMain] o.h.c.internal.RegionFactoryInitiator    : HHH000026: Second-level cache disabled
2025-10-29T12:53:20.084-05:00  INFO 35120 --- [transporte-service] [restartedMain] o.s.o.j.p.SpringPersistenceUnitInfo      : No LoadTimeWeaver setup: ignoring JPA class transformer
2025-10-29T12:53:20.251-05:00  INFO 35120 --- [transporte-service] [restartedMain] org.hibernate.orm.connections.pooling    : HHH10001005: Database info:
	Database JDBC URL [Connecting through datasource 'HikariDataSource (HikariPool-1)']
	Database driver: undefined/unknown
	Database version: 8.0.34
	Autocommit mode: undefined/unknown
	Isolation level: undefined/unknown
	Minimum pool size: undefined/unknown
	Maximum pool size: undefined/unknown
2025-10-29T12:53:21.844-05:00  INFO 35120 --- [transporte-service] [restartedMain] o.h.e.t.j.p.i.JtaPlatformInitiator       : HHH000489: No JTA platform available (set 'hibernate.transaction.jta.platform' to enable JTA platform integration)
2025-10-29T12:53:21.851-05:00  INFO 35120 --- [transporte-service] [restartedMain] j.LocalContainerEntityManagerFactoryBean : Initialized JPA EntityManagerFactory for persistence unit 'default'
2025-10-29T12:53:22.448-05:00  WARN 35120 --- [transporte-service] [restartedMain] JpaBaseConfiguration$JpaWebConfiguration : spring.jpa.open-in-view is enabled by default. Therefore, database queries may be performed during view rendering. Explicitly configure spring.jpa.open-in-view to disable this warning
2025-10-29T12:53:22.521-05:00  WARN 35120 --- [transporte-service] [restartedMain] o.s.b.d.a.OptionalLiveReloadServer       : Unable to start LiveReload server
2025-10-29T12:53:22.685-05:00  WARN 35120 --- [transporte-service] [restartedMain] ConfigServletWebServerApplicationContext : Exception encountered during context initialization - cancelling refresh attempt: org.springframework.beans.factory.BeanCreationException: Error creating bean with name 'transporteListener' defined in file [C:\Users\ronca\OneDrive\Escritorio\Dev\DAW2\transporte-service\target\classes\org\cibertec\rabbit\TransporteListener.class]: Could not resolve placeholder '@queue.name' in value "${@queue.name}"
2025-10-29T12:53:22.687-05:00  WARN 35120 --- [transporte-service] [restartedMain] s.c.a.AnnotationConfigApplicationContext : Exception thrown from ApplicationListener handling ContextClosedEvent

org.springframework.beans.factory.BeanCreationNotAllowedException: Error creating bean with name 'applicationTaskExecutor': Singleton bean creation not allowed while singletons of this factory are in destruction (Do not request a bean from a BeanFactory in a destroy method implementation!)
	at org.springframework.beans.factory.support.DefaultSingletonBeanRegistry.getSingleton(DefaultSingletonBeanRegistry.java:303) ~[spring-beans-6.2.11.jar:6.2.11]
	at org.springframework.beans.factory.support.AbstractBeanFactory.doGetBean(AbstractBeanFactory.java:337) ~[spring-beans-6.2.11.jar:6.2.11]
	at org.springframework.beans.factory.support.AbstractBeanFactory.getBean(AbstractBeanFactory.java:207) ~[spring-beans-6.2.11.jar:6.2.11]
	at org.springframework.context.event.AbstractApplicationEventMulticaster.retrieveApplicationListeners(AbstractApplicationEventMulticaster.java:267) ~[spring-context-6.2.11.jar:6.2.11]
	at org.springframework.context.event.AbstractApplicationEventMulticaster.getApplicationListeners(AbstractApplicationEventMulticaster.java:223) ~[spring-context-6.2.11.jar:6.2.11]
	at org.springframework.context.event.SimpleApplicationEventMulticaster.multicastEvent(SimpleApplicationEventMulticaster.java:145) ~[spring-context-6.2.11.jar:6.2.11]
	at org.springframework.context.support.AbstractApplicationContext.publishEvent(AbstractApplicationContext.java:454) ~[spring-context-6.2.11.jar:6.2.11]
	at org.springframework.context.support.AbstractApplicationContext.publishEvent(AbstractApplicationContext.java:460) ~[spring-context-6.2.11.jar:6.2.11]
	at org.springframework.context.support.AbstractApplicationContext.publishEvent(AbstractApplicationContext.java:387) ~[spring-context-6.2.11.jar:6.2.11]
	at org.springframework.context.support.AbstractApplicationContext.doClose(AbstractApplicationContext.java:1163) ~[spring-context-6.2.11.jar:6.2.11]
	at org.springframework.context.support.AbstractApplicationContext.close(AbstractApplicationContext.java:1126) ~[spring-context-6.2.11.jar:6.2.11]
	at org.springframework.cloud.context.named.NamedContextFactory.destroy(NamedContextFactory.java:114) ~[spring-cloud-context-4.2.2.jar:4.2.2]
	at org.springframework.beans.factory.support.DisposableBeanAdapter.destroy(DisposableBeanAdapter.java:212) ~[spring-beans-6.2.11.jar:6.2.11]
	at org.springframework.beans.factory.support.DefaultSingletonBeanRegistry.destroyBean(DefaultSingletonBeanRegistry.java:798) ~[spring-beans-6.2.11.jar:6.2.11]
	at org.springframework.beans.factory.support.DefaultSingletonBeanRegistry.destroySingleton(DefaultSingletonBeanRegistry.java:748) ~[spring-beans-6.2.11.jar:6.2.11]
	at org.springframework.beans.factory.support.DefaultListableBeanFactory.destroySingleton(DefaultListableBeanFactory.java:1489) ~[spring-beans-6.2.11.jar:6.2.11]
	at org.springframework.beans.factory.support.DefaultSingletonBeanRegistry.destroySingletons(DefaultSingletonBeanRegistry.java:707) ~[spring-beans-6.2.11.jar:6.2.11]
	at org.springframework.beans.factory.support.DefaultListableBeanFactory.destroySingletons(DefaultListableBeanFactory.java:1482) ~[spring-beans-6.2.11.jar:6.2.11]
	at org.springframework.context.support.AbstractApplicationContext.destroyBeans(AbstractApplicationContext.java:1219) ~[spring-context-6.2.11.jar:6.2.11]
	at org.springframework.context.support.AbstractApplicationContext.refresh(AbstractApplicationContext.java:640) ~[spring-context-6.2.11.jar:6.2.11]
	at org.springframework.boot.web.servlet.context.ServletWebServerApplicationContext.refresh(ServletWebServerApplicationContext.java:146) ~[spring-boot-3.4.10.jar:3.4.10]
	at org.springframework.boot.SpringApplication.refresh(SpringApplication.java:752) ~[spring-boot-3.4.10.jar:3.4.10]
	at org.springframework.boot.SpringApplication.refreshContext(SpringApplication.java:439) ~[spring-boot-3.4.10.jar:3.4.10]
	at org.springframework.boot.SpringApplication.run(SpringApplication.java:318) ~[spring-boot-3.4.10.jar:3.4.10]
	at org.springframework.boot.SpringApplication.run(SpringApplication.java:1361) ~[spring-boot-3.4.10.jar:3.4.10]
	at org.springframework.boot.SpringApplication.run(SpringApplication.java:1350) ~[spring-boot-3.4.10.jar:3.4.10]
	at org.cibertec.TransporteServiceApplication.main(TransporteServiceApplication.java:14) ~[classes/:na]
	at java.base/jdk.internal.reflect.DirectMethodHandleAccessor.invoke(DirectMethodHandleAccessor.java:103) ~[na:na]
	at java.base/java.lang.reflect.Method.invoke(Method.java:580) ~[na:na]
	at org.springframework.boot.devtools.restart.RestartLauncher.run(RestartLauncher.java:50) ~[spring-boot-devtools-3.4.10.jar:3.4.10]

2025-10-29T12:53:22.696-05:00  INFO 35120 --- [transporte-service] [restartedMain] j.LocalContainerEntityManagerFactoryBean : Closing JPA EntityManagerFactory for persistence unit 'default'
2025-10-29T12:53:22.700-05:00  INFO 35120 --- [transporte-service] [restartedMain] com.zaxxer.hikari.HikariDataSource       : HikariPool-1 - Shutdown initiated...
2025-10-29T12:53:22.715-05:00  INFO 35120 --- [transporte-service] [restartedMain] com.zaxxer.hikari.HikariDataSource       : HikariPool-1 - Shutdown completed.
2025-10-29T12:53:22.717-05:00  INFO 35120 --- [transporte-service] [restartedMain] o.apache.catalina.core.StandardService   : Stopping service [Tomcat]
2025-10-29T12:53:22.756-05:00  INFO 35120 --- [transporte-service] [restartedMain] .s.b.a.l.ConditionEvaluationReportLogger : 

Error starting ApplicationContext. To display the condition evaluation report re-run your application with 'debug' enabled.
2025-10-29T12:53:22.863-05:00 ERROR 35120 --- [transporte-service] [restartedMain] o.s.boot.SpringApplication               : Application run failed

org.springframework.beans.factory.BeanCreationException: Error creating bean with name 'transporteListener' defined in file [C:\Users\ronca\OneDrive\Escritorio\Dev\DAW2\transporte-service\target\classes\org\cibertec\rabbit\TransporteListener.class]: Could not resolve placeholder '@queue.name' in value "${@queue.name}"
	at org.springframework.beans.factory.support.AbstractAutowireCapableBeanFactory.doCreateBean(AbstractAutowireCapableBeanFactory.java:614) ~[spring-beans-6.2.11.jar:6.2.11]
	at org.springframework.beans.factory.support.AbstractAutowireCapableBeanFactory.createBean(AbstractAutowireCapableBeanFactory.java:529) ~[spring-beans-6.2.11.jar:6.2.11]
	at org.springframework.beans.factory.support.AbstractBeanFactory.lambda$doGetBean$0(AbstractBeanFactory.java:339) ~[spring-beans-6.2.11.jar:6.2.11]
	at org.springframework.beans.factory.support.DefaultSingletonBeanRegistry.getSingleton(DefaultSingletonBeanRegistry.java:373) ~[spring-beans-6.2.11.jar:6.2.11]
	at org.springframework.beans.factory.support.AbstractBeanFactory.doGetBean(AbstractBeanFactory.java:337) ~[spring-beans-6.2.11.jar:6.2.11]
	at org.springframework.beans.factory.support.AbstractBeanFactory.getBean(AbstractBeanFactory.java:202) ~[spring-beans-6.2.11.jar:6.2.11]
	at org.springframework.beans.factory.support.DefaultListableBeanFactory.instantiateSingleton(DefaultListableBeanFactory.java:1221) ~[spring-beans-6.2.11.jar:6.2.11]
	at org.springframework.beans.factory.support.DefaultListableBeanFactory.preInstantiateSingleton(DefaultListableBeanFactory.java:1187) ~[spring-beans-6.2.11.jar:6.2.11]
	at org.springframework.beans.factory.support.DefaultListableBeanFactory.preInstantiateSingletons(DefaultListableBeanFactory.java:1123) ~[spring-beans-6.2.11.jar:6.2.11]
	at org.springframework.context.support.AbstractApplicationContext.finishBeanFactoryInitialization(AbstractApplicationContext.java:987) ~[spring-context-6.2.11.jar:6.2.11]
	at org.springframework.context.support.AbstractApplicationContext.refresh(AbstractApplicationContext.java:627) ~[spring-context-6.2.11.jar:6.2.11]
	at org.springframework.boot.web.servlet.context.ServletWebServerApplicationContext.refresh(ServletWebServerApplicationContext.java:146) ~[spring-boot-3.4.10.jar:3.4.10]
	at org.springframework.boot.SpringApplication.refresh(SpringApplication.java:752) ~[spring-boot-3.4.10.jar:3.4.10]
	at org.springframework.boot.SpringApplication.refreshContext(SpringApplication.java:439) ~[spring-boot-3.4.10.jar:3.4.10]
	at org.springframework.boot.SpringApplication.run(SpringApplication.java:318) ~[spring-boot-3.4.10.jar:3.4.10]
	at org.springframework.boot.SpringApplication.run(SpringApplication.java:1361) ~[spring-boot-3.4.10.jar:3.4.10]
	at org.springframework.boot.SpringApplication.run(SpringApplication.java:1350) ~[spring-boot-3.4.10.jar:3.4.10]
	at org.cibertec.TransporteServiceApplication.main(TransporteServiceApplication.java:14) ~[classes/:na]
	at java.base/jdk.internal.reflect.DirectMethodHandleAccessor.invoke(DirectMethodHandleAccessor.java:103) ~[na:na]
	at java.base/java.lang.reflect.Method.invoke(Method.java:580) ~[na:na]
	at org.springframework.boot.devtools.restart.RestartLauncher.run(RestartLauncher.java:50) ~[spring-boot-devtools-3.4.10.jar:3.4.10]
Caused by: org.springframework.util.PlaceholderResolutionException: Could not resolve placeholder '@queue.name' in value "${@queue.name}"
	at org.springframework.util.PlaceholderResolutionException.withValue(PlaceholderResolutionException.java:81) ~[spring-core-6.2.11.jar:6.2.11]
	at org.springframework.util.PlaceholderParser$ParsedValue.resolve(PlaceholderParser.java:423) ~[spring-core-6.2.11.jar:6.2.11]
	at org.springframework.util.PlaceholderParser.replacePlaceholders(PlaceholderParser.java:128) ~[spring-core-6.2.11.jar:6.2.11]
	at org.springframework.util.PropertyPlaceholderHelper.parseStringValue(PropertyPlaceholderHelper.java:118) ~[spring-core-6.2.11.jar:6.2.11]
	at org.springframework.util.PropertyPlaceholderHelper.replacePlaceholders(PropertyPlaceholderHelper.java:114) ~[spring-core-6.2.11.jar:6.2.11]
	at org.springframework.core.env.AbstractPropertyResolver.doResolvePlaceholders(AbstractPropertyResolver.java:293) ~[spring-core-6.2.11.jar:6.2.11]
	at org.springframework.core.env.AbstractPropertyResolver.resolveRequiredPlaceholders(AbstractPropertyResolver.java:264) ~[spring-core-6.2.11.jar:6.2.11]
	at org.springframework.context.support.PropertySourcesPlaceholderConfigurer.lambda$processProperties$0(PropertySourcesPlaceholderConfigurer.java:186) ~[spring-context-6.2.11.jar:6.2.11]
	at org.springframework.beans.factory.support.AbstractBeanFactory.resolveEmbeddedValue(AbstractBeanFactory.java:970) ~[spring-beans-6.2.11.jar:6.2.11]
	at org.springframework.amqp.rabbit.annotation.RabbitListenerAnnotationBeanPostProcessor.resolve(RabbitListenerAnnotationBeanPostProcessor.java:980) ~[spring-rabbit-3.2.7.jar:3.2.7]
	at org.springframework.amqp.rabbit.annotation.RabbitListenerAnnotationBeanPostProcessor.resolveExpression(RabbitListenerAnnotationBeanPostProcessor.java:967) ~[spring-rabbit-3.2.7.jar:3.2.7]
	at org.springframework.amqp.rabbit.annotation.RabbitListenerAnnotationBeanPostProcessor.resolveQueues(RabbitListenerAnnotationBeanPostProcessor.java:699) ~[spring-rabbit-3.2.7.jar:3.2.7]
	at org.springframework.amqp.rabbit.annotation.RabbitListenerAnnotationBeanPostProcessor.resolveQueues(RabbitListenerAnnotationBeanPostProcessor.java:663) ~[spring-rabbit-3.2.7.jar:3.2.7]
	at org.springframework.amqp.rabbit.annotation.RabbitListenerAnnotationBeanPostProcessor.processListener(RabbitListenerAnnotationBeanPostProcessor.java:434) ~[spring-rabbit-3.2.7.jar:3.2.7]
	at org.springframework.amqp.rabbit.annotation.RabbitListenerAnnotationBeanPostProcessor.processAmqpListener(RabbitListenerAnnotationBeanPostProcessor.java:392) ~[spring-rabbit-3.2.7.jar:3.2.7]
	at org.springframework.amqp.rabbit.annotation.RabbitListenerAnnotationBeanPostProcessor.postProcessAfterInitialization(RabbitListenerAnnotationBeanPostProcessor.java:310) ~[spring-rabbit-3.2.7.jar:3.2.7]
	at org.springframework.beans.factory.support.AbstractAutowireCapableBeanFactory.applyBeanPostProcessorsAfterInitialization(AbstractAutowireCapableBeanFactory.java:445) ~[spring-beans-6.2.11.jar:6.2.11]
	at org.springframework.beans.factory.support.AbstractAutowireCapableBeanFactory.initializeBean(AbstractAutowireCapableBeanFactory.java:1829) ~[spring-beans-6.2.11.jar:6.2.11]
	at org.springframework.beans.factory.support.AbstractAutowireCapableBeanFactory.doCreateBean(AbstractAutowireCapableBeanFactory.java:607) ~[spring-beans-6.2.11.jar:6.2.11]
	... 20 common frames omitted

2025-10-29T12:55:58.650-05:00  INFO 13172 --- [transporte-service] [restartedMain] o.cibertec.TransporteServiceApplication  : Starting TransporteServiceApplication using Java 21.0.8 with PID 13172 (C:\Users\ronca\OneDrive\Escritorio\Dev\DAW2\transporte-service\target\classes started by Arturo in C:\Users\ronca\OneDrive\Escritorio\Dev\DAW2\transporte-service)
2025-10-29T12:55:58.670-05:00  INFO 13172 --- [transporte-service] [restartedMain] o.cibertec.TransporteServiceApplication  : No active profile set, falling back to 1 default profile: "default"
2025-10-29T12:55:58.916-05:00  INFO 13172 --- [transporte-service] [restartedMain] o.s.c.c.c.ConfigServerConfigDataLoader   : Fetching config from server at : http://localhost:8888
2025-10-29T12:55:58.917-05:00  INFO 13172 --- [transporte-service] [restartedMain] o.s.c.c.c.ConfigServerConfigDataLoader   : Located environment: name=transporte-service, profiles=[default], label=null, version=null, state=null
2025-10-29T12:55:58.924-05:00  INFO 13172 --- [transporte-service] [restartedMain] .e.DevToolsPropertyDefaultsPostProcessor : Devtools property defaults active! Set 'spring.devtools.add-properties' to 'false' to disable
2025-10-29T12:55:58.925-05:00  INFO 13172 --- [transporte-service] [restartedMain] .e.DevToolsPropertyDefaultsPostProcessor : For additional web related logging consider setting the 'logging.level.web' property to 'DEBUG'
2025-10-29T12:56:02.218-05:00  INFO 13172 --- [transporte-service] [restartedMain] .s.d.r.c.RepositoryConfigurationDelegate : Bootstrapping Spring Data JPA repositories in DEFAULT mode.
2025-10-29T12:56:02.476-05:00  INFO 13172 --- [transporte-service] [restartedMain] .s.d.r.c.RepositoryConfigurationDelegate : Finished Spring Data repository scanning in 242 ms. Found 1 JPA repository interface.
2025-10-29T12:56:03.089-05:00  INFO 13172 --- [transporte-service] [restartedMain] o.s.cloud.context.scope.GenericScope     : BeanFactory id=463c890a-db53-34d0-83d7-452975d1404d
2025-10-29T12:56:04.081-05:00  INFO 13172 --- [transporte-service] [restartedMain] o.s.b.w.embedded.tomcat.TomcatWebServer  : Tomcat initialized with port 0 (http)
2025-10-29T12:56:04.112-05:00  INFO 13172 --- [transporte-service] [restartedMain] o.apache.catalina.core.StandardService   : Starting service [Tomcat]
2025-10-29T12:56:04.113-05:00  INFO 13172 --- [transporte-service] [restartedMain] o.apache.catalina.core.StandardEngine    : Starting Servlet engine: [Apache Tomcat/10.1.46]
2025-10-29T12:56:04.224-05:00  INFO 13172 --- [transporte-service] [restartedMain] o.a.c.c.C.[Tomcat].[localhost].[/]       : Initializing Spring embedded WebApplicationContext
2025-10-29T12:56:04.225-05:00  INFO 13172 --- [transporte-service] [restartedMain] w.s.c.ServletWebServerApplicationContext : Root WebApplicationContext: initialization completed in 5298 ms
2025-10-29T12:56:04.783-05:00  INFO 13172 --- [transporte-service] [restartedMain] com.zaxxer.hikari.HikariDataSource       : HikariPool-1 - Starting...
2025-10-29T12:56:05.423-05:00  INFO 13172 --- [transporte-service] [restartedMain] com.zaxxer.hikari.pool.HikariPool        : HikariPool-1 - Added connection com.mysql.cj.jdbc.ConnectionImpl@2ce1b96d
2025-10-29T12:56:05.426-05:00  INFO 13172 --- [transporte-service] [restartedMain] com.zaxxer.hikari.HikariDataSource       : HikariPool-1 - Start completed.
2025-10-29T12:56:05.526-05:00  INFO 13172 --- [transporte-service] [restartedMain] o.hibernate.jpa.internal.util.LogHelper  : HHH000204: Processing PersistenceUnitInfo [name: default]
2025-10-29T12:56:05.665-05:00  INFO 13172 --- [transporte-service] [restartedMain] org.hibernate.Version                    : HHH000412: Hibernate ORM core version 6.6.29.Final
2025-10-29T12:56:05.765-05:00  INFO 13172 --- [transporte-service] [restartedMain] o.h.c.internal.RegionFactoryInitiator    : HHH000026: Second-level cache disabled
2025-10-29T12:56:06.770-05:00  INFO 13172 --- [transporte-service] [restartedMain] o.s.o.j.p.SpringPersistenceUnitInfo      : No LoadTimeWeaver setup: ignoring JPA class transformer
2025-10-29T12:56:07.033-05:00  INFO 13172 --- [transporte-service] [restartedMain] org.hibernate.orm.connections.pooling    : HHH10001005: Database info:
	Database JDBC URL [Connecting through datasource 'HikariDataSource (HikariPool-1)']
	Database driver: undefined/unknown
	Database version: 8.0.34
	Autocommit mode: undefined/unknown
	Isolation level: undefined/unknown
	Minimum pool size: undefined/unknown
	Maximum pool size: undefined/unknown
2025-10-29T12:56:09.904-05:00  INFO 13172 --- [transporte-service] [restartedMain] o.h.e.t.j.p.i.JtaPlatformInitiator       : HHH000489: No JTA platform available (set 'hibernate.transaction.jta.platform' to enable JTA platform integration)
2025-10-29T12:56:09.913-05:00  INFO 13172 --- [transporte-service] [restartedMain] j.LocalContainerEntityManagerFactoryBean : Initialized JPA EntityManagerFactory for persistence unit 'default'
2025-10-29T12:56:10.523-05:00  WARN 13172 --- [transporte-service] [restartedMain] JpaBaseConfiguration$JpaWebConfiguration : spring.jpa.open-in-view is enabled by default. Therefore, database queries may be performed during view rendering. Explicitly configure spring.jpa.open-in-view to disable this warning
2025-10-29T12:56:10.611-05:00  INFO 13172 --- [transporte-service] [restartedMain] o.s.b.d.a.OptionalLiveReloadServer       : LiveReload server is running on port 35729
2025-10-29T12:56:10.816-05:00  WARN 13172 --- [transporte-service] [restartedMain] ConfigServletWebServerApplicationContext : Exception encountered during context initialization - cancelling refresh attempt: org.springframework.beans.factory.BeanCreationException: Error creating bean with name 'transporteListener' defined in file [C:\Users\ronca\OneDrive\Escritorio\Dev\DAW2\transporte-service\target\classes\org\cibertec\rabbit\TransporteListener.class]: Could not resolve placeholder '@queue.name' in value "${@queue.name}"
2025-10-29T12:56:10.819-05:00  WARN 13172 --- [transporte-service] [restartedMain] s.c.a.AnnotationConfigApplicationContext : Exception thrown from ApplicationListener handling ContextClosedEvent

org.springframework.beans.factory.BeanCreationNotAllowedException: Error creating bean with name 'applicationTaskExecutor': Singleton bean creation not allowed while singletons of this factory are in destruction (Do not request a bean from a BeanFactory in a destroy method implementation!)
	at org.springframework.beans.factory.support.DefaultSingletonBeanRegistry.getSingleton(DefaultSingletonBeanRegistry.java:303) ~[spring-beans-6.2.11.jar:6.2.11]
	at org.springframework.beans.factory.support.AbstractBeanFactory.doGetBean(AbstractBeanFactory.java:337) ~[spring-beans-6.2.11.jar:6.2.11]
	at org.springframework.beans.factory.support.AbstractBeanFactory.getBean(AbstractBeanFactory.java:207) ~[spring-beans-6.2.11.jar:6.2.11]
	at org.springframework.context.event.AbstractApplicationEventMulticaster.retrieveApplicationListeners(AbstractApplicationEventMulticaster.java:267) ~[spring-context-6.2.11.jar:6.2.11]
	at org.springframework.context.event.AbstractApplicationEventMulticaster.getApplicationListeners(AbstractApplicationEventMulticaster.java:223) ~[spring-context-6.2.11.jar:6.2.11]
	at org.springframework.context.event.SimpleApplicationEventMulticaster.multicastEvent(SimpleApplicationEventMulticaster.java:145) ~[spring-context-6.2.11.jar:6.2.11]
	at org.springframework.context.support.AbstractApplicationContext.publishEvent(AbstractApplicationContext.java:454) ~[spring-context-6.2.11.jar:6.2.11]
	at org.springframework.context.support.AbstractApplicationContext.publishEvent(AbstractApplicationContext.java:460) ~[spring-context-6.2.11.jar:6.2.11]
	at org.springframework.context.support.AbstractApplicationContext.publishEvent(AbstractApplicationContext.java:387) ~[spring-context-6.2.11.jar:6.2.11]
	at org.springframework.context.support.AbstractApplicationContext.doClose(AbstractApplicationContext.java:1163) ~[spring-context-6.2.11.jar:6.2.11]
	at org.springframework.context.support.AbstractApplicationContext.close(AbstractApplicationContext.java:1126) ~[spring-context-6.2.11.jar:6.2.11]
	at org.springframework.cloud.context.named.NamedContextFactory.destroy(NamedContextFactory.java:114) ~[spring-cloud-context-4.2.2.jar:4.2.2]
	at org.springframework.beans.factory.support.DisposableBeanAdapter.destroy(DisposableBeanAdapter.java:212) ~[spring-beans-6.2.11.jar:6.2.11]
	at org.springframework.beans.factory.support.DefaultSingletonBeanRegistry.destroyBean(DefaultSingletonBeanRegistry.java:798) ~[spring-beans-6.2.11.jar:6.2.11]
	at org.springframework.beans.factory.support.DefaultSingletonBeanRegistry.destroySingleton(DefaultSingletonBeanRegistry.java:748) ~[spring-beans-6.2.11.jar:6.2.11]
	at org.springframework.beans.factory.support.DefaultListableBeanFactory.destroySingleton(DefaultListableBeanFactory.java:1489) ~[spring-beans-6.2.11.jar:6.2.11]
	at org.springframework.beans.factory.support.DefaultSingletonBeanRegistry.destroySingletons(DefaultSingletonBeanRegistry.java:707) ~[spring-beans-6.2.11.jar:6.2.11]
	at org.springframework.beans.factory.support.DefaultListableBeanFactory.destroySingletons(DefaultListableBeanFactory.java:1482) ~[spring-beans-6.2.11.jar:6.2.11]
	at org.springframework.context.support.AbstractApplicationContext.destroyBeans(AbstractApplicationContext.java:1219) ~[spring-context-6.2.11.jar:6.2.11]
	at org.springframework.context.support.AbstractApplicationContext.refresh(AbstractApplicationContext.java:640) ~[spring-context-6.2.11.jar:6.2.11]
	at org.springframework.boot.web.servlet.context.ServletWebServerApplicationContext.refresh(ServletWebServerApplicationContext.java:146) ~[spring-boot-3.4.10.jar:3.4.10]
	at org.springframework.boot.SpringApplication.refresh(SpringApplication.java:752) ~[spring-boot-3.4.10.jar:3.4.10]
	at org.springframework.boot.SpringApplication.refreshContext(SpringApplication.java:439) ~[spring-boot-3.4.10.jar:3.4.10]
	at org.springframework.boot.SpringApplication.run(SpringApplication.java:318) ~[spring-boot-3.4.10.jar:3.4.10]
	at org.springframework.boot.SpringApplication.run(SpringApplication.java:1361) ~[spring-boot-3.4.10.jar:3.4.10]
	at org.springframework.boot.SpringApplication.run(SpringApplication.java:1350) ~[spring-boot-3.4.10.jar:3.4.10]
	at org.cibertec.TransporteServiceApplication.main(TransporteServiceApplication.java:14) ~[classes/:na]
	at java.base/jdk.internal.reflect.DirectMethodHandleAccessor.invoke(DirectMethodHandleAccessor.java:103) ~[na:na]
	at java.base/java.lang.reflect.Method.invoke(Method.java:580) ~[na:na]
	at org.springframework.boot.devtools.restart.RestartLauncher.run(RestartLauncher.java:50) ~[spring-boot-devtools-3.4.10.jar:3.4.10]

2025-10-29T12:56:10.833-05:00  INFO 13172 --- [transporte-service] [restartedMain] j.LocalContainerEntityManagerFactoryBean : Closing JPA EntityManagerFactory for persistence unit 'default'
2025-10-29T12:56:10.838-05:00  INFO 13172 --- [transporte-service] [restartedMain] com.zaxxer.hikari.HikariDataSource       : HikariPool-1 - Shutdown initiated...
2025-10-29T12:56:10.856-05:00  INFO 13172 --- [transporte-service] [restartedMain] com.zaxxer.hikari.HikariDataSource       : HikariPool-1 - Shutdown completed.
2025-10-29T12:56:10.859-05:00  INFO 13172 --- [transporte-service] [restartedMain] o.apache.catalina.core.StandardService   : Stopping service [Tomcat]
2025-10-29T12:56:10.891-05:00  INFO 13172 --- [transporte-service] [restartedMain] .s.b.a.l.ConditionEvaluationReportLogger : 

Error starting ApplicationContext. To display the condition evaluation report re-run your application with 'debug' enabled.
2025-10-29T12:56:10.944-05:00 ERROR 13172 --- [transporte-service] [restartedMain] o.s.boot.SpringApplication               : Application run failed

org.springframework.beans.factory.BeanCreationException: Error creating bean with name 'transporteListener' defined in file [C:\Users\ronca\OneDrive\Escritorio\Dev\DAW2\transporte-service\target\classes\org\cibertec\rabbit\TransporteListener.class]: Could not resolve placeholder '@queue.name' in value "${@queue.name}"
	at org.springframework.beans.factory.support.AbstractAutowireCapableBeanFactory.doCreateBean(AbstractAutowireCapableBeanFactory.java:614) ~[spring-beans-6.2.11.jar:6.2.11]
	at org.springframework.beans.factory.support.AbstractAutowireCapableBeanFactory.createBean(AbstractAutowireCapableBeanFactory.java:529) ~[spring-beans-6.2.11.jar:6.2.11]
	at org.springframework.beans.factory.support.AbstractBeanFactory.lambda$doGetBean$0(AbstractBeanFactory.java:339) ~[spring-beans-6.2.11.jar:6.2.11]
	at org.springframework.beans.factory.support.DefaultSingletonBeanRegistry.getSingleton(DefaultSingletonBeanRegistry.java:373) ~[spring-beans-6.2.11.jar:6.2.11]
	at org.springframework.beans.factory.support.AbstractBeanFactory.doGetBean(AbstractBeanFactory.java:337) ~[spring-beans-6.2.11.jar:6.2.11]
	at org.springframework.beans.factory.support.AbstractBeanFactory.getBean(AbstractBeanFactory.java:202) ~[spring-beans-6.2.11.jar:6.2.11]
	at org.springframework.beans.factory.support.DefaultListableBeanFactory.instantiateSingleton(DefaultListableBeanFactory.java:1221) ~[spring-beans-6.2.11.jar:6.2.11]
	at org.springframework.beans.factory.support.DefaultListableBeanFactory.preInstantiateSingleton(DefaultListableBeanFactory.java:1187) ~[spring-beans-6.2.11.jar:6.2.11]
	at org.springframework.beans.factory.support.DefaultListableBeanFactory.preInstantiateSingletons(DefaultListableBeanFactory.java:1123) ~[spring-beans-6.2.11.jar:6.2.11]
	at org.springframework.context.support.AbstractApplicationContext.finishBeanFactoryInitialization(AbstractApplicationContext.java:987) ~[spring-context-6.2.11.jar:6.2.11]
	at org.springframework.context.support.AbstractApplicationContext.refresh(AbstractApplicationContext.java:627) ~[spring-context-6.2.11.jar:6.2.11]
	at org.springframework.boot.web.servlet.context.ServletWebServerApplicationContext.refresh(ServletWebServerApplicationContext.java:146) ~[spring-boot-3.4.10.jar:3.4.10]
	at org.springframework.boot.SpringApplication.refresh(SpringApplication.java:752) ~[spring-boot-3.4.10.jar:3.4.10]
	at org.springframework.boot.SpringApplication.refreshContext(SpringApplication.java:439) ~[spring-boot-3.4.10.jar:3.4.10]
	at org.springframework.boot.SpringApplication.run(SpringApplication.java:318) ~[spring-boot-3.4.10.jar:3.4.10]
	at org.springframework.boot.SpringApplication.run(SpringApplication.java:1361) ~[spring-boot-3.4.10.jar:3.4.10]
	at org.springframework.boot.SpringApplication.run(SpringApplication.java:1350) ~[spring-boot-3.4.10.jar:3.4.10]
	at org.cibertec.TransporteServiceApplication.main(TransporteServiceApplication.java:14) ~[classes/:na]
	at java.base/jdk.internal.reflect.DirectMethodHandleAccessor.invoke(DirectMethodHandleAccessor.java:103) ~[na:na]
	at java.base/java.lang.reflect.Method.invoke(Method.java:580) ~[na:na]
	at org.springframework.boot.devtools.restart.RestartLauncher.run(RestartLauncher.java:50) ~[spring-boot-devtools-3.4.10.jar:3.4.10]
Caused by: org.springframework.util.PlaceholderResolutionException: Could not resolve placeholder '@queue.name' in value "${@queue.name}"
	at org.springframework.util.PlaceholderResolutionException.withValue(PlaceholderResolutionException.java:81) ~[spring-core-6.2.11.jar:6.2.11]
	at org.springframework.util.PlaceholderParser$ParsedValue.resolve(PlaceholderParser.java:423) ~[spring-core-6.2.11.jar:6.2.11]
	at org.springframework.util.PlaceholderParser.replacePlaceholders(PlaceholderParser.java:128) ~[spring-core-6.2.11.jar:6.2.11]
	at org.springframework.util.PropertyPlaceholderHelper.parseStringValue(PropertyPlaceholderHelper.java:118) ~[spring-core-6.2.11.jar:6.2.11]
	at org.springframework.util.PropertyPlaceholderHelper.replacePlaceholders(PropertyPlaceholderHelper.java:114) ~[spring-core-6.2.11.jar:6.2.11]
	at org.springframework.core.env.AbstractPropertyResolver.doResolvePlaceholders(AbstractPropertyResolver.java:293) ~[spring-core-6.2.11.jar:6.2.11]
	at org.springframework.core.env.AbstractPropertyResolver.resolveRequiredPlaceholders(AbstractPropertyResolver.java:264) ~[spring-core-6.2.11.jar:6.2.11]
	at org.springframework.context.support.PropertySourcesPlaceholderConfigurer.lambda$processProperties$0(PropertySourcesPlaceholderConfigurer.java:186) ~[spring-context-6.2.11.jar:6.2.11]
	at org.springframework.beans.factory.support.AbstractBeanFactory.resolveEmbeddedValue(AbstractBeanFactory.java:970) ~[spring-beans-6.2.11.jar:6.2.11]
	at org.springframework.amqp.rabbit.annotation.RabbitListenerAnnotationBeanPostProcessor.resolve(RabbitListenerAnnotationBeanPostProcessor.java:980) ~[spring-rabbit-3.2.7.jar:3.2.7]
	at org.springframework.amqp.rabbit.annotation.RabbitListenerAnnotationBeanPostProcessor.resolveExpression(RabbitListenerAnnotationBeanPostProcessor.java:967) ~[spring-rabbit-3.2.7.jar:3.2.7]
	at org.springframework.amqp.rabbit.annotation.RabbitListenerAnnotationBeanPostProcessor.resolveQueues(RabbitListenerAnnotationBeanPostProcessor.java:699) ~[spring-rabbit-3.2.7.jar:3.2.7]
	at org.springframework.amqp.rabbit.annotation.RabbitListenerAnnotationBeanPostProcessor.resolveQueues(RabbitListenerAnnotationBeanPostProcessor.java:663) ~[spring-rabbit-3.2.7.jar:3.2.7]
	at org.springframework.amqp.rabbit.annotation.RabbitListenerAnnotationBeanPostProcessor.processListener(RabbitListenerAnnotationBeanPostProcessor.java:434) ~[spring-rabbit-3.2.7.jar:3.2.7]
	at org.springframework.amqp.rabbit.annotation.RabbitListenerAnnotationBeanPostProcessor.processAmqpListener(RabbitListenerAnnotationBeanPostProcessor.java:392) ~[spring-rabbit-3.2.7.jar:3.2.7]
	at org.springframework.amqp.rabbit.annotation.RabbitListenerAnnotationBeanPostProcessor.postProcessAfterInitialization(RabbitListenerAnnotationBeanPostProcessor.java:310) ~[spring-rabbit-3.2.7.jar:3.2.7]
	at org.springframework.beans.factory.support.AbstractAutowireCapableBeanFactory.applyBeanPostProcessorsAfterInitialization(AbstractAutowireCapableBeanFactory.java:445) ~[spring-beans-6.2.11.jar:6.2.11]
	at org.springframework.beans.factory.support.AbstractAutowireCapableBeanFactory.initializeBean(AbstractAutowireCapableBeanFactory.java:1829) ~[spring-beans-6.2.11.jar:6.2.11]
	at org.springframework.beans.factory.support.AbstractAutowireCapableBeanFactory.doCreateBean(AbstractAutowireCapableBeanFactory.java:607) ~[spring-beans-6.2.11.jar:6.2.11]
	... 20 common frames omitted

2025-10-29T13:03:23.080-05:00  INFO 2348 --- [transporte-service] [restartedMain] o.cibertec.TransporteServiceApplication  : Starting TransporteServiceApplication using Java 21.0.8 with PID 2348 (C:\Users\ronca\OneDrive\Escritorio\Dev\DAW2\transporte-service\target\classes started by Arturo in C:\Users\ronca\OneDrive\Escritorio\Dev\DAW2\transporte-service)
2025-10-29T13:03:23.085-05:00  INFO 2348 --- [transporte-service] [restartedMain] o.cibertec.TransporteServiceApplication  : No active profile set, falling back to 1 default profile: "default"
2025-10-29T13:03:23.250-05:00  INFO 2348 --- [transporte-service] [restartedMain] o.s.c.c.c.ConfigServerConfigDataLoader   : Fetching config from server at : http://localhost:8888
2025-10-29T13:03:23.250-05:00  INFO 2348 --- [transporte-service] [restartedMain] o.s.c.c.c.ConfigServerConfigDataLoader   : Located environment: name=transporte-service, profiles=[default], label=null, version=null, state=null
2025-10-29T13:03:23.256-05:00  INFO 2348 --- [transporte-service] [restartedMain] .e.DevToolsPropertyDefaultsPostProcessor : Devtools property defaults active! Set 'spring.devtools.add-properties' to 'false' to disable
2025-10-29T13:03:23.256-05:00  INFO 2348 --- [transporte-service] [restartedMain] .e.DevToolsPropertyDefaultsPostProcessor : For additional web related logging consider setting the 'logging.level.web' property to 'DEBUG'
2025-10-29T13:03:25.448-05:00  INFO 2348 --- [transporte-service] [restartedMain] .s.d.r.c.RepositoryConfigurationDelegate : Bootstrapping Spring Data JPA repositories in DEFAULT mode.
2025-10-29T13:03:25.689-05:00  INFO 2348 --- [transporte-service] [restartedMain] .s.d.r.c.RepositoryConfigurationDelegate : Finished Spring Data repository scanning in 228 ms. Found 1 JPA repository interface.
2025-10-29T13:03:26.235-05:00  INFO 2348 --- [transporte-service] [restartedMain] o.s.cloud.context.scope.GenericScope     : BeanFactory id=463c890a-db53-34d0-83d7-452975d1404d
2025-10-29T13:03:27.333-05:00  INFO 2348 --- [transporte-service] [restartedMain] o.s.b.w.embedded.tomcat.TomcatWebServer  : Tomcat initialized with port 0 (http)
2025-10-29T13:03:27.357-05:00  INFO 2348 --- [transporte-service] [restartedMain] o.apache.catalina.core.StandardService   : Starting service [Tomcat]
2025-10-29T13:03:27.357-05:00  INFO 2348 --- [transporte-service] [restartedMain] o.apache.catalina.core.StandardEngine    : Starting Servlet engine: [Apache Tomcat/10.1.46]
2025-10-29T13:03:27.466-05:00  INFO 2348 --- [transporte-service] [restartedMain] o.a.c.c.C.[Tomcat].[localhost].[/]       : Initializing Spring embedded WebApplicationContext
2025-10-29T13:03:27.467-05:00  INFO 2348 --- [transporte-service] [restartedMain] w.s.c.ServletWebServerApplicationContext : Root WebApplicationContext: initialization completed in 4210 ms
2025-10-29T13:03:27.946-05:00  INFO 2348 --- [transporte-service] [restartedMain] com.zaxxer.hikari.HikariDataSource       : HikariPool-1 - Starting...
2025-10-29T13:03:28.547-05:00  INFO 2348 --- [transporte-service] [restartedMain] com.zaxxer.hikari.pool.HikariPool        : HikariPool-1 - Added connection com.mysql.cj.jdbc.ConnectionImpl@3b651df8
2025-10-29T13:03:28.552-05:00  INFO 2348 --- [transporte-service] [restartedMain] com.zaxxer.hikari.HikariDataSource       : HikariPool-1 - Start completed.
2025-10-29T13:03:28.724-05:00  INFO 2348 --- [transporte-service] [restartedMain] o.hibernate.jpa.internal.util.LogHelper  : HHH000204: Processing PersistenceUnitInfo [name: default]
2025-10-29T13:03:28.950-05:00  INFO 2348 --- [transporte-service] [restartedMain] org.hibernate.Version                    : HHH000412: Hibernate ORM core version 6.6.29.Final
2025-10-29T13:03:29.090-05:00  INFO 2348 --- [transporte-service] [restartedMain] o.h.c.internal.RegionFactoryInitiator    : HHH000026: Second-level cache disabled
2025-10-29T13:03:29.863-05:00  INFO 2348 --- [transporte-service] [restartedMain] o.s.o.j.p.SpringPersistenceUnitInfo      : No LoadTimeWeaver setup: ignoring JPA class transformer
2025-10-29T13:03:30.063-05:00  INFO 2348 --- [transporte-service] [restartedMain] org.hibernate.orm.connections.pooling    : HHH10001005: Database info:
	Database JDBC URL [Connecting through datasource 'HikariDataSource (HikariPool-1)']
	Database driver: undefined/unknown
	Database version: 8.0.34
	Autocommit mode: undefined/unknown
	Isolation level: undefined/unknown
	Minimum pool size: undefined/unknown
	Maximum pool size: undefined/unknown
2025-10-29T13:03:31.971-05:00  INFO 2348 --- [transporte-service] [restartedMain] o.h.e.t.j.p.i.JtaPlatformInitiator       : HHH000489: No JTA platform available (set 'hibernate.transaction.jta.platform' to enable JTA platform integration)
2025-10-29T13:03:31.978-05:00  INFO 2348 --- [transporte-service] [restartedMain] j.LocalContainerEntityManagerFactoryBean : Initialized JPA EntityManagerFactory for persistence unit 'default'
2025-10-29T13:03:32.533-05:00  WARN 2348 --- [transporte-service] [restartedMain] JpaBaseConfiguration$JpaWebConfiguration : spring.jpa.open-in-view is enabled by default. Therefore, database queries may be performed during view rendering. Explicitly configure spring.jpa.open-in-view to disable this warning
2025-10-29T13:03:32.605-05:00  WARN 2348 --- [transporte-service] [restartedMain] o.s.b.d.a.OptionalLiveReloadServer       : Unable to start LiveReload server
2025-10-29T13:03:32.770-05:00  WARN 2348 --- [transporte-service] [restartedMain] ConfigServletWebServerApplicationContext : Exception encountered during context initialization - cancelling refresh attempt: org.springframework.beans.factory.BeanCreationException: Error creating bean with name 'transporteListener' defined in file [C:\Users\ronca\OneDrive\Escritorio\Dev\DAW2\transporte-service\target\classes\org\cibertec\rabbit\TransporteListener.class]: Could not resolve placeholder '@queue.name' in value "${@queue.name}"
2025-10-29T13:03:32.771-05:00  WARN 2348 --- [transporte-service] [restartedMain] s.c.a.AnnotationConfigApplicationContext : Exception thrown from ApplicationListener handling ContextClosedEvent

org.springframework.beans.factory.BeanCreationNotAllowedException: Error creating bean with name 'applicationTaskExecutor': Singleton bean creation not allowed while singletons of this factory are in destruction (Do not request a bean from a BeanFactory in a destroy method implementation!)
	at org.springframework.beans.factory.support.DefaultSingletonBeanRegistry.getSingleton(DefaultSingletonBeanRegistry.java:303) ~[spring-beans-6.2.11.jar:6.2.11]
	at org.springframework.beans.factory.support.AbstractBeanFactory.doGetBean(AbstractBeanFactory.java:337) ~[spring-beans-6.2.11.jar:6.2.11]
	at org.springframework.beans.factory.support.AbstractBeanFactory.getBean(AbstractBeanFactory.java:207) ~[spring-beans-6.2.11.jar:6.2.11]
	at org.springframework.context.event.AbstractApplicationEventMulticaster.retrieveApplicationListeners(AbstractApplicationEventMulticaster.java:267) ~[spring-context-6.2.11.jar:6.2.11]
	at org.springframework.context.event.AbstractApplicationEventMulticaster.getApplicationListeners(AbstractApplicationEventMulticaster.java:223) ~[spring-context-6.2.11.jar:6.2.11]
	at org.springframework.context.event.SimpleApplicationEventMulticaster.multicastEvent(SimpleApplicationEventMulticaster.java:145) ~[spring-context-6.2.11.jar:6.2.11]
	at org.springframework.context.support.AbstractApplicationContext.publishEvent(AbstractApplicationContext.java:454) ~[spring-context-6.2.11.jar:6.2.11]
	at org.springframework.context.support.AbstractApplicationContext.publishEvent(AbstractApplicationContext.java:460) ~[spring-context-6.2.11.jar:6.2.11]
	at org.springframework.context.support.AbstractApplicationContext.publishEvent(AbstractApplicationContext.java:387) ~[spring-context-6.2.11.jar:6.2.11]
	at org.springframework.context.support.AbstractApplicationContext.doClose(AbstractApplicationContext.java:1163) ~[spring-context-6.2.11.jar:6.2.11]
	at org.springframework.context.support.AbstractApplicationContext.close(AbstractApplicationContext.java:1126) ~[spring-context-6.2.11.jar:6.2.11]
	at org.springframework.cloud.context.named.NamedContextFactory.destroy(NamedContextFactory.java:114) ~[spring-cloud-context-4.2.2.jar:4.2.2]
	at org.springframework.beans.factory.support.DisposableBeanAdapter.destroy(DisposableBeanAdapter.java:212) ~[spring-beans-6.2.11.jar:6.2.11]
	at org.springframework.beans.factory.support.DefaultSingletonBeanRegistry.destroyBean(DefaultSingletonBeanRegistry.java:798) ~[spring-beans-6.2.11.jar:6.2.11]
	at org.springframework.beans.factory.support.DefaultSingletonBeanRegistry.destroySingleton(DefaultSingletonBeanRegistry.java:748) ~[spring-beans-6.2.11.jar:6.2.11]
	at org.springframework.beans.factory.support.DefaultListableBeanFactory.destroySingleton(DefaultListableBeanFactory.java:1489) ~[spring-beans-6.2.11.jar:6.2.11]
	at org.springframework.beans.factory.support.DefaultSingletonBeanRegistry.destroySingletons(DefaultSingletonBeanRegistry.java:707) ~[spring-beans-6.2.11.jar:6.2.11]
	at org.springframework.beans.factory.support.DefaultListableBeanFactory.destroySingletons(DefaultListableBeanFactory.java:1482) ~[spring-beans-6.2.11.jar:6.2.11]
	at org.springframework.context.support.AbstractApplicationContext.destroyBeans(AbstractApplicationContext.java:1219) ~[spring-context-6.2.11.jar:6.2.11]
	at org.springframework.context.support.AbstractApplicationContext.refresh(AbstractApplicationContext.java:640) ~[spring-context-6.2.11.jar:6.2.11]
	at org.springframework.boot.web.servlet.context.ServletWebServerApplicationContext.refresh(ServletWebServerApplicationContext.java:146) ~[spring-boot-3.4.10.jar:3.4.10]
	at org.springframework.boot.SpringApplication.refresh(SpringApplication.java:752) ~[spring-boot-3.4.10.jar:3.4.10]
	at org.springframework.boot.SpringApplication.refreshContext(SpringApplication.java:439) ~[spring-boot-3.4.10.jar:3.4.10]
	at org.springframework.boot.SpringApplication.run(SpringApplication.java:318) ~[spring-boot-3.4.10.jar:3.4.10]
	at org.springframework.boot.SpringApplication.run(SpringApplication.java:1361) ~[spring-boot-3.4.10.jar:3.4.10]
	at org.springframework.boot.SpringApplication.run(SpringApplication.java:1350) ~[spring-boot-3.4.10.jar:3.4.10]
	at org.cibertec.TransporteServiceApplication.main(TransporteServiceApplication.java:14) ~[classes/:na]
	at java.base/jdk.internal.reflect.DirectMethodHandleAccessor.invoke(DirectMethodHandleAccessor.java:103) ~[na:na]
	at java.base/java.lang.reflect.Method.invoke(Method.java:580) ~[na:na]
	at org.springframework.boot.devtools.restart.RestartLauncher.run(RestartLauncher.java:50) ~[spring-boot-devtools-3.4.10.jar:3.4.10]

2025-10-29T13:03:32.781-05:00  INFO 2348 --- [transporte-service] [restartedMain] j.LocalContainerEntityManagerFactoryBean : Closing JPA EntityManagerFactory for persistence unit 'default'
2025-10-29T13:03:32.785-05:00  INFO 2348 --- [transporte-service] [restartedMain] com.zaxxer.hikari.HikariDataSource       : HikariPool-1 - Shutdown initiated...
2025-10-29T13:03:32.799-05:00  INFO 2348 --- [transporte-service] [restartedMain] com.zaxxer.hikari.HikariDataSource       : HikariPool-1 - Shutdown completed.
2025-10-29T13:03:32.801-05:00  INFO 2348 --- [transporte-service] [restartedMain] o.apache.catalina.core.StandardService   : Stopping service [Tomcat]
2025-10-29T13:03:32.825-05:00  INFO 2348 --- [transporte-service] [restartedMain] .s.b.a.l.ConditionEvaluationReportLogger : 

Error starting ApplicationContext. To display the condition evaluation report re-run your application with 'debug' enabled.
2025-10-29T13:03:32.868-05:00 ERROR 2348 --- [transporte-service] [restartedMain] o.s.boot.SpringApplication               : Application run failed

org.springframework.beans.factory.BeanCreationException: Error creating bean with name 'transporteListener' defined in file [C:\Users\ronca\OneDrive\Escritorio\Dev\DAW2\transporte-service\target\classes\org\cibertec\rabbit\TransporteListener.class]: Could not resolve placeholder '@queue.name' in value "${@queue.name}"
	at org.springframework.beans.factory.support.AbstractAutowireCapableBeanFactory.doCreateBean(AbstractAutowireCapableBeanFactory.java:614) ~[spring-beans-6.2.11.jar:6.2.11]
	at org.springframework.beans.factory.support.AbstractAutowireCapableBeanFactory.createBean(AbstractAutowireCapableBeanFactory.java:529) ~[spring-beans-6.2.11.jar:6.2.11]
	at org.springframework.beans.factory.support.AbstractBeanFactory.lambda$doGetBean$0(AbstractBeanFactory.java:339) ~[spring-beans-6.2.11.jar:6.2.11]
	at org.springframework.beans.factory.support.DefaultSingletonBeanRegistry.getSingleton(DefaultSingletonBeanRegistry.java:373) ~[spring-beans-6.2.11.jar:6.2.11]
	at org.springframework.beans.factory.support.AbstractBeanFactory.doGetBean(AbstractBeanFactory.java:337) ~[spring-beans-6.2.11.jar:6.2.11]
	at org.springframework.beans.factory.support.AbstractBeanFactory.getBean(AbstractBeanFactory.java:202) ~[spring-beans-6.2.11.jar:6.2.11]
	at org.springframework.beans.factory.support.DefaultListableBeanFactory.instantiateSingleton(DefaultListableBeanFactory.java:1221) ~[spring-beans-6.2.11.jar:6.2.11]
	at org.springframework.beans.factory.support.DefaultListableBeanFactory.preInstantiateSingleton(DefaultListableBeanFactory.java:1187) ~[spring-beans-6.2.11.jar:6.2.11]
	at org.springframework.beans.factory.support.DefaultListableBeanFactory.preInstantiateSingletons(DefaultListableBeanFactory.java:1123) ~[spring-beans-6.2.11.jar:6.2.11]
	at org.springframework.context.support.AbstractApplicationContext.finishBeanFactoryInitialization(AbstractApplicationContext.java:987) ~[spring-context-6.2.11.jar:6.2.11]
	at org.springframework.context.support.AbstractApplicationContext.refresh(AbstractApplicationContext.java:627) ~[spring-context-6.2.11.jar:6.2.11]
	at org.springframework.boot.web.servlet.context.ServletWebServerApplicationContext.refresh(ServletWebServerApplicationContext.java:146) ~[spring-boot-3.4.10.jar:3.4.10]
	at org.springframework.boot.SpringApplication.refresh(SpringApplication.java:752) ~[spring-boot-3.4.10.jar:3.4.10]
	at org.springframework.boot.SpringApplication.refreshContext(SpringApplication.java:439) ~[spring-boot-3.4.10.jar:3.4.10]
	at org.springframework.boot.SpringApplication.run(SpringApplication.java:318) ~[spring-boot-3.4.10.jar:3.4.10]
	at org.springframework.boot.SpringApplication.run(SpringApplication.java:1361) ~[spring-boot-3.4.10.jar:3.4.10]
	at org.springframework.boot.SpringApplication.run(SpringApplication.java:1350) ~[spring-boot-3.4.10.jar:3.4.10]
	at org.cibertec.TransporteServiceApplication.main(TransporteServiceApplication.java:14) ~[classes/:na]
	at java.base/jdk.internal.reflect.DirectMethodHandleAccessor.invoke(DirectMethodHandleAccessor.java:103) ~[na:na]
	at java.base/java.lang.reflect.Method.invoke(Method.java:580) ~[na:na]
	at org.springframework.boot.devtools.restart.RestartLauncher.run(RestartLauncher.java:50) ~[spring-boot-devtools-3.4.10.jar:3.4.10]
Caused by: org.springframework.util.PlaceholderResolutionException: Could not resolve placeholder '@queue.name' in value "${@queue.name}"
	at org.springframework.util.PlaceholderResolutionException.withValue(PlaceholderResolutionException.java:81) ~[spring-core-6.2.11.jar:6.2.11]
	at org.springframework.util.PlaceholderParser$ParsedValue.resolve(PlaceholderParser.java:423) ~[spring-core-6.2.11.jar:6.2.11]
	at org.springframework.util.PlaceholderParser.replacePlaceholders(PlaceholderParser.java:128) ~[spring-core-6.2.11.jar:6.2.11]
	at org.springframework.util.PropertyPlaceholderHelper.parseStringValue(PropertyPlaceholderHelper.java:118) ~[spring-core-6.2.11.jar:6.2.11]
	at org.springframework.util.PropertyPlaceholderHelper.replacePlaceholders(PropertyPlaceholderHelper.java:114) ~[spring-core-6.2.11.jar:6.2.11]
	at org.springframework.core.env.AbstractPropertyResolver.doResolvePlaceholders(AbstractPropertyResolver.java:293) ~[spring-core-6.2.11.jar:6.2.11]
	at org.springframework.core.env.AbstractPropertyResolver.resolveRequiredPlaceholders(AbstractPropertyResolver.java:264) ~[spring-core-6.2.11.jar:6.2.11]
	at org.springframework.context.support.PropertySourcesPlaceholderConfigurer.lambda$processProperties$0(PropertySourcesPlaceholderConfigurer.java:186) ~[spring-context-6.2.11.jar:6.2.11]
	at org.springframework.beans.factory.support.AbstractBeanFactory.resolveEmbeddedValue(AbstractBeanFactory.java:970) ~[spring-beans-6.2.11.jar:6.2.11]
	at org.springframework.amqp.rabbit.annotation.RabbitListenerAnnotationBeanPostProcessor.resolve(RabbitListenerAnnotationBeanPostProcessor.java:980) ~[spring-rabbit-3.2.7.jar:3.2.7]
	at org.springframework.amqp.rabbit.annotation.RabbitListenerAnnotationBeanPostProcessor.resolveExpression(RabbitListenerAnnotationBeanPostProcessor.java:967) ~[spring-rabbit-3.2.7.jar:3.2.7]
	at org.springframework.amqp.rabbit.annotation.RabbitListenerAnnotationBeanPostProcessor.resolveQueues(RabbitListenerAnnotationBeanPostProcessor.java:699) ~[spring-rabbit-3.2.7.jar:3.2.7]
	at org.springframework.amqp.rabbit.annotation.RabbitListenerAnnotationBeanPostProcessor.resolveQueues(RabbitListenerAnnotationBeanPostProcessor.java:663) ~[spring-rabbit-3.2.7.jar:3.2.7]
	at org.springframework.amqp.rabbit.annotation.RabbitListenerAnnotationBeanPostProcessor.processListener(RabbitListenerAnnotationBeanPostProcessor.java:434) ~[spring-rabbit-3.2.7.jar:3.2.7]
	at org.springframework.amqp.rabbit.annotation.RabbitListenerAnnotationBeanPostProcessor.processAmqpListener(RabbitListenerAnnotationBeanPostProcessor.java:392) ~[spring-rabbit-3.2.7.jar:3.2.7]
	at org.springframework.amqp.rabbit.annotation.RabbitListenerAnnotationBeanPostProcessor.postProcessAfterInitialization(RabbitListenerAnnotationBeanPostProcessor.java:310) ~[spring-rabbit-3.2.7.jar:3.2.7]
	at org.springframework.beans.factory.support.AbstractAutowireCapableBeanFactory.applyBeanPostProcessorsAfterInitialization(AbstractAutowireCapableBeanFactory.java:445) ~[spring-beans-6.2.11.jar:6.2.11]
	at org.springframework.beans.factory.support.AbstractAutowireCapableBeanFactory.initializeBean(AbstractAutowireCapableBeanFactory.java:1829) ~[spring-beans-6.2.11.jar:6.2.11]
	at org.springframework.beans.factory.support.AbstractAutowireCapableBeanFactory.doCreateBean(AbstractAutowireCapableBeanFactory.java:607) ~[spring-beans-6.2.11.jar:6.2.11]
	... 20 common frames omitted

2025-10-29T13:16:22.332-05:00  INFO 12692 --- [transporte-service] [restartedMain] o.cibertec.TransporteServiceApplication  : Starting TransporteServiceApplication using Java 21.0.8 with PID 12692 (C:\Users\ronca\OneDrive\Escritorio\Dev\DAW2\transporte-service\target\classes started by Arturo in C:\Users\ronca\OneDrive\Escritorio\Dev\DAW2\transporte-service)
2025-10-29T13:16:22.336-05:00  INFO 12692 --- [transporte-service] [restartedMain] o.cibertec.TransporteServiceApplication  : No active profile set, falling back to 1 default profile: "default"
2025-10-29T13:16:22.427-05:00  INFO 12692 --- [transporte-service] [restartedMain] o.s.c.c.c.ConfigServerConfigDataLoader   : Fetching config from server at : http://localhost:8888
2025-10-29T13:16:22.427-05:00  INFO 12692 --- [transporte-service] [restartedMain] o.s.c.c.c.ConfigServerConfigDataLoader   : Located environment: name=transporte-service, profiles=[default], label=null, version=null, state=null
2025-10-29T13:16:22.431-05:00  INFO 12692 --- [transporte-service] [restartedMain] .e.DevToolsPropertyDefaultsPostProcessor : Devtools property defaults active! Set 'spring.devtools.add-properties' to 'false' to disable
2025-10-29T13:16:22.431-05:00  INFO 12692 --- [transporte-service] [restartedMain] .e.DevToolsPropertyDefaultsPostProcessor : For additional web related logging consider setting the 'logging.level.web' property to 'DEBUG'
2025-10-29T13:16:24.837-05:00  INFO 12692 --- [transporte-service] [restartedMain] .s.d.r.c.RepositoryConfigurationDelegate : Bootstrapping Spring Data JPA repositories in DEFAULT mode.
2025-10-29T13:16:25.109-05:00  INFO 12692 --- [transporte-service] [restartedMain] .s.d.r.c.RepositoryConfigurationDelegate : Finished Spring Data repository scanning in 256 ms. Found 1 JPA repository interface.
2025-10-29T13:16:25.726-05:00  INFO 12692 --- [transporte-service] [restartedMain] o.s.cloud.context.scope.GenericScope     : BeanFactory id=463c890a-db53-34d0-83d7-452975d1404d
2025-10-29T13:16:26.623-05:00  INFO 12692 --- [transporte-service] [restartedMain] o.s.b.w.embedded.tomcat.TomcatWebServer  : Tomcat initialized with port 0 (http)
2025-10-29T13:16:26.653-05:00  INFO 12692 --- [transporte-service] [restartedMain] o.apache.catalina.core.StandardService   : Starting service [Tomcat]
2025-10-29T13:16:26.654-05:00  INFO 12692 --- [transporte-service] [restartedMain] o.apache.catalina.core.StandardEngine    : Starting Servlet engine: [Apache Tomcat/10.1.46]
2025-10-29T13:16:26.909-05:00  INFO 12692 --- [transporte-service] [restartedMain] o.a.c.c.C.[Tomcat].[localhost].[/]       : Initializing Spring embedded WebApplicationContext
2025-10-29T13:16:26.909-05:00  INFO 12692 --- [transporte-service] [restartedMain] w.s.c.ServletWebServerApplicationContext : Root WebApplicationContext: initialization completed in 4477 ms
2025-10-29T13:16:27.688-05:00  INFO 12692 --- [transporte-service] [restartedMain] com.zaxxer.hikari.HikariDataSource       : HikariPool-1 - Starting...
2025-10-29T13:16:28.331-05:00  INFO 12692 --- [transporte-service] [restartedMain] com.zaxxer.hikari.pool.HikariPool        : HikariPool-1 - Added connection com.mysql.cj.jdbc.ConnectionImpl@6e761ff0
2025-10-29T13:16:28.334-05:00  INFO 12692 --- [transporte-service] [restartedMain] com.zaxxer.hikari.HikariDataSource       : HikariPool-1 - Start completed.
2025-10-29T13:16:28.426-05:00  INFO 12692 --- [transporte-service] [restartedMain] o.hibernate.jpa.internal.util.LogHelper  : HHH000204: Processing PersistenceUnitInfo [name: default]
2025-10-29T13:16:28.545-05:00  INFO 12692 --- [transporte-service] [restartedMain] org.hibernate.Version                    : HHH000412: Hibernate ORM core version 6.6.29.Final
2025-10-29T13:16:28.618-05:00  INFO 12692 --- [transporte-service] [restartedMain] o.h.c.internal.RegionFactoryInitiator    : HHH000026: Second-level cache disabled
2025-10-29T13:16:29.163-05:00  INFO 12692 --- [transporte-service] [restartedMain] o.s.o.j.p.SpringPersistenceUnitInfo      : No LoadTimeWeaver setup: ignoring JPA class transformer
2025-10-29T13:16:29.468-05:00  INFO 12692 --- [transporte-service] [restartedMain] org.hibernate.orm.connections.pooling    : HHH10001005: Database info:
	Database JDBC URL [Connecting through datasource 'HikariDataSource (HikariPool-1)']
	Database driver: undefined/unknown
	Database version: 8.0.34
	Autocommit mode: undefined/unknown
	Isolation level: undefined/unknown
	Minimum pool size: undefined/unknown
	Maximum pool size: undefined/unknown
2025-10-29T13:16:31.347-05:00  INFO 12692 --- [transporte-service] [restartedMain] o.h.e.t.j.p.i.JtaPlatformInitiator       : HHH000489: No JTA platform available (set 'hibernate.transaction.jta.platform' to enable JTA platform integration)
2025-10-29T13:16:31.353-05:00  INFO 12692 --- [transporte-service] [restartedMain] j.LocalContainerEntityManagerFactoryBean : Initialized JPA EntityManagerFactory for persistence unit 'default'
2025-10-29T13:16:31.877-05:00  WARN 12692 --- [transporte-service] [restartedMain] JpaBaseConfiguration$JpaWebConfiguration : spring.jpa.open-in-view is enabled by default. Therefore, database queries may be performed during view rendering. Explicitly configure spring.jpa.open-in-view to disable this warning
2025-10-29T13:16:31.960-05:00  WARN 12692 --- [transporte-service] [restartedMain] o.s.b.d.a.OptionalLiveReloadServer       : Unable to start LiveReload server
2025-10-29T13:16:32.124-05:00  WARN 12692 --- [transporte-service] [restartedMain] ConfigServletWebServerApplicationContext : Exception encountered during context initialization - cancelling refresh attempt: org.springframework.beans.factory.BeanCreationException: Error creating bean with name 'transporteListener' defined in file [C:\Users\ronca\OneDrive\Escritorio\Dev\DAW2\transporte-service\target\classes\org\cibertec\rabbit\TransporteListener.class]: Could not resolve placeholder '@queue.name' in value "${@queue.name}"
2025-10-29T13:16:32.127-05:00  WARN 12692 --- [transporte-service] [restartedMain] s.c.a.AnnotationConfigApplicationContext : Exception thrown from ApplicationListener handling ContextClosedEvent

org.springframework.beans.factory.BeanCreationNotAllowedException: Error creating bean with name 'applicationTaskExecutor': Singleton bean creation not allowed while singletons of this factory are in destruction (Do not request a bean from a BeanFactory in a destroy method implementation!)
	at org.springframework.beans.factory.support.DefaultSingletonBeanRegistry.getSingleton(DefaultSingletonBeanRegistry.java:303) ~[spring-beans-6.2.11.jar:6.2.11]
	at org.springframework.beans.factory.support.AbstractBeanFactory.doGetBean(AbstractBeanFactory.java:337) ~[spring-beans-6.2.11.jar:6.2.11]
	at org.springframework.beans.factory.support.AbstractBeanFactory.getBean(AbstractBeanFactory.java:207) ~[spring-beans-6.2.11.jar:6.2.11]
	at org.springframework.context.event.AbstractApplicationEventMulticaster.retrieveApplicationListeners(AbstractApplicationEventMulticaster.java:267) ~[spring-context-6.2.11.jar:6.2.11]
	at org.springframework.context.event.AbstractApplicationEventMulticaster.getApplicationListeners(AbstractApplicationEventMulticaster.java:223) ~[spring-context-6.2.11.jar:6.2.11]
	at org.springframework.context.event.SimpleApplicationEventMulticaster.multicastEvent(SimpleApplicationEventMulticaster.java:145) ~[spring-context-6.2.11.jar:6.2.11]
	at org.springframework.context.support.AbstractApplicationContext.publishEvent(AbstractApplicationContext.java:454) ~[spring-context-6.2.11.jar:6.2.11]
	at org.springframework.context.support.AbstractApplicationContext.publishEvent(AbstractApplicationContext.java:460) ~[spring-context-6.2.11.jar:6.2.11]
	at org.springframework.context.support.AbstractApplicationContext.publishEvent(AbstractApplicationContext.java:387) ~[spring-context-6.2.11.jar:6.2.11]
	at org.springframework.context.support.AbstractApplicationContext.doClose(AbstractApplicationContext.java:1163) ~[spring-context-6.2.11.jar:6.2.11]
	at org.springframework.context.support.AbstractApplicationContext.close(AbstractApplicationContext.java:1126) ~[spring-context-6.2.11.jar:6.2.11]
	at org.springframework.cloud.context.named.NamedContextFactory.destroy(NamedContextFactory.java:114) ~[spring-cloud-context-4.2.2.jar:4.2.2]
	at org.springframework.beans.factory.support.DisposableBeanAdapter.destroy(DisposableBeanAdapter.java:212) ~[spring-beans-6.2.11.jar:6.2.11]
	at org.springframework.beans.factory.support.DefaultSingletonBeanRegistry.destroyBean(DefaultSingletonBeanRegistry.java:798) ~[spring-beans-6.2.11.jar:6.2.11]
	at org.springframework.beans.factory.support.DefaultSingletonBeanRegistry.destroySingleton(DefaultSingletonBeanRegistry.java:748) ~[spring-beans-6.2.11.jar:6.2.11]
	at org.springframework.beans.factory.support.DefaultListableBeanFactory.destroySingleton(DefaultListableBeanFactory.java:1489) ~[spring-beans-6.2.11.jar:6.2.11]
	at org.springframework.beans.factory.support.DefaultSingletonBeanRegistry.destroySingletons(DefaultSingletonBeanRegistry.java:707) ~[spring-beans-6.2.11.jar:6.2.11]
	at org.springframework.beans.factory.support.DefaultListableBeanFactory.destroySingletons(DefaultListableBeanFactory.java:1482) ~[spring-beans-6.2.11.jar:6.2.11]
	at org.springframework.context.support.AbstractApplicationContext.destroyBeans(AbstractApplicationContext.java:1219) ~[spring-context-6.2.11.jar:6.2.11]
	at org.springframework.context.support.AbstractApplicationContext.refresh(AbstractApplicationContext.java:640) ~[spring-context-6.2.11.jar:6.2.11]
	at org.springframework.boot.web.servlet.context.ServletWebServerApplicationContext.refresh(ServletWebServerApplicationContext.java:146) ~[spring-boot-3.4.10.jar:3.4.10]
	at org.springframework.boot.SpringApplication.refresh(SpringApplication.java:752) ~[spring-boot-3.4.10.jar:3.4.10]
	at org.springframework.boot.SpringApplication.refreshContext(SpringApplication.java:439) ~[spring-boot-3.4.10.jar:3.4.10]
	at org.springframework.boot.SpringApplication.run(SpringApplication.java:318) ~[spring-boot-3.4.10.jar:3.4.10]
	at org.springframework.boot.SpringApplication.run(SpringApplication.java:1361) ~[spring-boot-3.4.10.jar:3.4.10]
	at org.springframework.boot.SpringApplication.run(SpringApplication.java:1350) ~[spring-boot-3.4.10.jar:3.4.10]
	at org.cibertec.TransporteServiceApplication.main(TransporteServiceApplication.java:14) ~[classes/:na]
	at java.base/jdk.internal.reflect.DirectMethodHandleAccessor.invoke(DirectMethodHandleAccessor.java:103) ~[na:na]
	at java.base/java.lang.reflect.Method.invoke(Method.java:580) ~[na:na]
	at org.springframework.boot.devtools.restart.RestartLauncher.run(RestartLauncher.java:50) ~[spring-boot-devtools-3.4.10.jar:3.4.10]

2025-10-29T13:16:32.136-05:00  INFO 12692 --- [transporte-service] [restartedMain] j.LocalContainerEntityManagerFactoryBean : Closing JPA EntityManagerFactory for persistence unit 'default'
2025-10-29T13:16:32.141-05:00  INFO 12692 --- [transporte-service] [restartedMain] com.zaxxer.hikari.HikariDataSource       : HikariPool-1 - Shutdown initiated...
2025-10-29T13:16:32.152-05:00  INFO 12692 --- [transporte-service] [restartedMain] com.zaxxer.hikari.HikariDataSource       : HikariPool-1 - Shutdown completed.
2025-10-29T13:16:32.154-05:00  INFO 12692 --- [transporte-service] [restartedMain] o.apache.catalina.core.StandardService   : Stopping service [Tomcat]
2025-10-29T13:16:32.187-05:00  INFO 12692 --- [transporte-service] [restartedMain] .s.b.a.l.ConditionEvaluationReportLogger : 

Error starting ApplicationContext. To display the condition evaluation report re-run your application with 'debug' enabled.
2025-10-29T13:16:32.224-05:00 ERROR 12692 --- [transporte-service] [restartedMain] o.s.boot.SpringApplication               : Application run failed

org.springframework.beans.factory.BeanCreationException: Error creating bean with name 'transporteListener' defined in file [C:\Users\ronca\OneDrive\Escritorio\Dev\DAW2\transporte-service\target\classes\org\cibertec\rabbit\TransporteListener.class]: Could not resolve placeholder '@queue.name' in value "${@queue.name}"
	at org.springframework.beans.factory.support.AbstractAutowireCapableBeanFactory.doCreateBean(AbstractAutowireCapableBeanFactory.java:614) ~[spring-beans-6.2.11.jar:6.2.11]
	at org.springframework.beans.factory.support.AbstractAutowireCapableBeanFactory.createBean(AbstractAutowireCapableBeanFactory.java:529) ~[spring-beans-6.2.11.jar:6.2.11]
	at org.springframework.beans.factory.support.AbstractBeanFactory.lambda$doGetBean$0(AbstractBeanFactory.java:339) ~[spring-beans-6.2.11.jar:6.2.11]
	at org.springframework.beans.factory.support.DefaultSingletonBeanRegistry.getSingleton(DefaultSingletonBeanRegistry.java:373) ~[spring-beans-6.2.11.jar:6.2.11]
	at org.springframework.beans.factory.support.AbstractBeanFactory.doGetBean(AbstractBeanFactory.java:337) ~[spring-beans-6.2.11.jar:6.2.11]
	at org.springframework.beans.factory.support.AbstractBeanFactory.getBean(AbstractBeanFactory.java:202) ~[spring-beans-6.2.11.jar:6.2.11]
	at org.springframework.beans.factory.support.DefaultListableBeanFactory.instantiateSingleton(DefaultListableBeanFactory.java:1221) ~[spring-beans-6.2.11.jar:6.2.11]
	at org.springframework.beans.factory.support.DefaultListableBeanFactory.preInstantiateSingleton(DefaultListableBeanFactory.java:1187) ~[spring-beans-6.2.11.jar:6.2.11]
	at org.springframework.beans.factory.support.DefaultListableBeanFactory.preInstantiateSingletons(DefaultListableBeanFactory.java:1123) ~[spring-beans-6.2.11.jar:6.2.11]
	at org.springframework.context.support.AbstractApplicationContext.finishBeanFactoryInitialization(AbstractApplicationContext.java:987) ~[spring-context-6.2.11.jar:6.2.11]
	at org.springframework.context.support.AbstractApplicationContext.refresh(AbstractApplicationContext.java:627) ~[spring-context-6.2.11.jar:6.2.11]
	at org.springframework.boot.web.servlet.context.ServletWebServerApplicationContext.refresh(ServletWebServerApplicationContext.java:146) ~[spring-boot-3.4.10.jar:3.4.10]
	at org.springframework.boot.SpringApplication.refresh(SpringApplication.java:752) ~[spring-boot-3.4.10.jar:3.4.10]
	at org.springframework.boot.SpringApplication.refreshContext(SpringApplication.java:439) ~[spring-boot-3.4.10.jar:3.4.10]
	at org.springframework.boot.SpringApplication.run(SpringApplication.java:318) ~[spring-boot-3.4.10.jar:3.4.10]
	at org.springframework.boot.SpringApplication.run(SpringApplication.java:1361) ~[spring-boot-3.4.10.jar:3.4.10]
	at org.springframework.boot.SpringApplication.run(SpringApplication.java:1350) ~[spring-boot-3.4.10.jar:3.4.10]
	at org.cibertec.TransporteServiceApplication.main(TransporteServiceApplication.java:14) ~[classes/:na]
	at java.base/jdk.internal.reflect.DirectMethodHandleAccessor.invoke(DirectMethodHandleAccessor.java:103) ~[na:na]
	at java.base/java.lang.reflect.Method.invoke(Method.java:580) ~[na:na]
	at org.springframework.boot.devtools.restart.RestartLauncher.run(RestartLauncher.java:50) ~[spring-boot-devtools-3.4.10.jar:3.4.10]
Caused by: org.springframework.util.PlaceholderResolutionException: Could not resolve placeholder '@queue.name' in value "${@queue.name}"
	at org.springframework.util.PlaceholderResolutionException.withValue(PlaceholderResolutionException.java:81) ~[spring-core-6.2.11.jar:6.2.11]
	at org.springframework.util.PlaceholderParser$ParsedValue.resolve(PlaceholderParser.java:423) ~[spring-core-6.2.11.jar:6.2.11]
	at org.springframework.util.PlaceholderParser.replacePlaceholders(PlaceholderParser.java:128) ~[spring-core-6.2.11.jar:6.2.11]
	at org.springframework.util.PropertyPlaceholderHelper.parseStringValue(PropertyPlaceholderHelper.java:118) ~[spring-core-6.2.11.jar:6.2.11]
	at org.springframework.util.PropertyPlaceholderHelper.replacePlaceholders(PropertyPlaceholderHelper.java:114) ~[spring-core-6.2.11.jar:6.2.11]
	at org.springframework.core.env.AbstractPropertyResolver.doResolvePlaceholders(AbstractPropertyResolver.java:293) ~[spring-core-6.2.11.jar:6.2.11]
	at org.springframework.core.env.AbstractPropertyResolver.resolveRequiredPlaceholders(AbstractPropertyResolver.java:264) ~[spring-core-6.2.11.jar:6.2.11]
	at org.springframework.context.support.PropertySourcesPlaceholderConfigurer.lambda$processProperties$0(PropertySourcesPlaceholderConfigurer.java:186) ~[spring-context-6.2.11.jar:6.2.11]
	at org.springframework.beans.factory.support.AbstractBeanFactory.resolveEmbeddedValue(AbstractBeanFactory.java:970) ~[spring-beans-6.2.11.jar:6.2.11]
	at org.springframework.amqp.rabbit.annotation.RabbitListenerAnnotationBeanPostProcessor.resolve(RabbitListenerAnnotationBeanPostProcessor.java:980) ~[spring-rabbit-3.2.7.jar:3.2.7]
	at org.springframework.amqp.rabbit.annotation.RabbitListenerAnnotationBeanPostProcessor.resolveExpression(RabbitListenerAnnotationBeanPostProcessor.java:967) ~[spring-rabbit-3.2.7.jar:3.2.7]
	at org.springframework.amqp.rabbit.annotation.RabbitListenerAnnotationBeanPostProcessor.resolveQueues(RabbitListenerAnnotationBeanPostProcessor.java:699) ~[spring-rabbit-3.2.7.jar:3.2.7]
	at org.springframework.amqp.rabbit.annotation.RabbitListenerAnnotationBeanPostProcessor.resolveQueues(RabbitListenerAnnotationBeanPostProcessor.java:663) ~[spring-rabbit-3.2.7.jar:3.2.7]
	at org.springframework.amqp.rabbit.annotation.RabbitListenerAnnotationBeanPostProcessor.processListener(RabbitListenerAnnotationBeanPostProcessor.java:434) ~[spring-rabbit-3.2.7.jar:3.2.7]
	at org.springframework.amqp.rabbit.annotation.RabbitListenerAnnotationBeanPostProcessor.processAmqpListener(RabbitListenerAnnotationBeanPostProcessor.java:392) ~[spring-rabbit-3.2.7.jar:3.2.7]
	at org.springframework.amqp.rabbit.annotation.RabbitListenerAnnotationBeanPostProcessor.postProcessAfterInitialization(RabbitListenerAnnotationBeanPostProcessor.java:310) ~[spring-rabbit-3.2.7.jar:3.2.7]
	at org.springframework.beans.factory.support.AbstractAutowireCapableBeanFactory.applyBeanPostProcessorsAfterInitialization(AbstractAutowireCapableBeanFactory.java:445) ~[spring-beans-6.2.11.jar:6.2.11]
	at org.springframework.beans.factory.support.AbstractAutowireCapableBeanFactory.initializeBean(AbstractAutowireCapableBeanFactory.java:1829) ~[spring-beans-6.2.11.jar:6.2.11]
	at org.springframework.beans.factory.support.AbstractAutowireCapableBeanFactory.doCreateBean(AbstractAutowireCapableBeanFactory.java:607) ~[spring-beans-6.2.11.jar:6.2.11]
	... 20 common frames omitted

2025-10-29T13:23:19.536-05:00  INFO 18452 --- [transporte-service] [restartedMain] o.cibertec.TransporteServiceApplication  : Starting TransporteServiceApplication using Java 21.0.8 with PID 18452 (C:\Users\ronca\OneDrive\Escritorio\Dev\DAW2\transporte-service\target\classes started by Arturo in C:\Users\ronca\OneDrive\Escritorio\Dev\DAW2\transporte-service)
2025-10-29T13:23:19.541-05:00  INFO 18452 --- [transporte-service] [restartedMain] o.cibertec.TransporteServiceApplication  : No active profile set, falling back to 1 default profile: "default"
2025-10-29T13:23:19.655-05:00  INFO 18452 --- [transporte-service] [restartedMain] o.s.c.c.c.ConfigServerConfigDataLoader   : Fetching config from server at : http://localhost:8888
2025-10-29T13:23:19.656-05:00  INFO 18452 --- [transporte-service] [restartedMain] o.s.c.c.c.ConfigServerConfigDataLoader   : Located environment: name=transporte-service, profiles=[default], label=null, version=null, state=null
2025-10-29T13:23:19.660-05:00  INFO 18452 --- [transporte-service] [restartedMain] .e.DevToolsPropertyDefaultsPostProcessor : Devtools property defaults active! Set 'spring.devtools.add-properties' to 'false' to disable
2025-10-29T13:23:19.661-05:00  INFO 18452 --- [transporte-service] [restartedMain] .e.DevToolsPropertyDefaultsPostProcessor : For additional web related logging consider setting the 'logging.level.web' property to 'DEBUG'
2025-10-29T13:23:21.904-05:00  INFO 18452 --- [transporte-service] [restartedMain] .s.d.r.c.RepositoryConfigurationDelegate : Bootstrapping Spring Data JPA repositories in DEFAULT mode.
2025-10-29T13:23:22.157-05:00  INFO 18452 --- [transporte-service] [restartedMain] .s.d.r.c.RepositoryConfigurationDelegate : Finished Spring Data repository scanning in 227 ms. Found 1 JPA repository interface.
2025-10-29T13:23:22.671-05:00  INFO 18452 --- [transporte-service] [restartedMain] o.s.cloud.context.scope.GenericScope     : BeanFactory id=463c890a-db53-34d0-83d7-452975d1404d
2025-10-29T13:23:23.766-05:00  INFO 18452 --- [transporte-service] [restartedMain] o.s.b.w.embedded.tomcat.TomcatWebServer  : Tomcat initialized with port 0 (http)
2025-10-29T13:23:23.794-05:00  INFO 18452 --- [transporte-service] [restartedMain] o.apache.catalina.core.StandardService   : Starting service [Tomcat]
2025-10-29T13:23:23.795-05:00  INFO 18452 --- [transporte-service] [restartedMain] o.apache.catalina.core.StandardEngine    : Starting Servlet engine: [Apache Tomcat/10.1.46]
2025-10-29T13:23:23.914-05:00  INFO 18452 --- [transporte-service] [restartedMain] o.a.c.c.C.[Tomcat].[localhost].[/]       : Initializing Spring embedded WebApplicationContext
2025-10-29T13:23:23.915-05:00  INFO 18452 --- [transporte-service] [restartedMain] w.s.c.ServletWebServerApplicationContext : Root WebApplicationContext: initialization completed in 4250 ms
2025-10-29T13:23:24.374-05:00  INFO 18452 --- [transporte-service] [restartedMain] com.zaxxer.hikari.HikariDataSource       : HikariPool-1 - Starting...
2025-10-29T13:23:24.929-05:00  INFO 18452 --- [transporte-service] [restartedMain] com.zaxxer.hikari.pool.HikariPool        : HikariPool-1 - Added connection com.mysql.cj.jdbc.ConnectionImpl@56acdfce
2025-10-29T13:23:24.933-05:00  INFO 18452 --- [transporte-service] [restartedMain] com.zaxxer.hikari.HikariDataSource       : HikariPool-1 - Start completed.
2025-10-29T13:23:25.038-05:00  INFO 18452 --- [transporte-service] [restartedMain] o.hibernate.jpa.internal.util.LogHelper  : HHH000204: Processing PersistenceUnitInfo [name: default]
2025-10-29T13:23:25.167-05:00  INFO 18452 --- [transporte-service] [restartedMain] org.hibernate.Version                    : HHH000412: Hibernate ORM core version 6.6.29.Final
2025-10-29T13:23:25.257-05:00  INFO 18452 --- [transporte-service] [restartedMain] o.h.c.internal.RegionFactoryInitiator    : HHH000026: Second-level cache disabled
2025-10-29T13:23:25.809-05:00  INFO 18452 --- [transporte-service] [restartedMain] o.s.o.j.p.SpringPersistenceUnitInfo      : No LoadTimeWeaver setup: ignoring JPA class transformer
2025-10-29T13:23:26.007-05:00  INFO 18452 --- [transporte-service] [restartedMain] org.hibernate.orm.connections.pooling    : HHH10001005: Database info:
	Database JDBC URL [Connecting through datasource 'HikariDataSource (HikariPool-1)']
	Database driver: undefined/unknown
	Database version: 8.0.34
	Autocommit mode: undefined/unknown
	Isolation level: undefined/unknown
	Minimum pool size: undefined/unknown
	Maximum pool size: undefined/unknown
2025-10-29T13:23:28.227-05:00  INFO 18452 --- [transporte-service] [restartedMain] o.h.e.t.j.p.i.JtaPlatformInitiator       : HHH000489: No JTA platform available (set 'hibernate.transaction.jta.platform' to enable JTA platform integration)
2025-10-29T13:23:28.241-05:00  INFO 18452 --- [transporte-service] [restartedMain] j.LocalContainerEntityManagerFactoryBean : Initialized JPA EntityManagerFactory for persistence unit 'default'
2025-10-29T13:23:28.800-05:00  WARN 18452 --- [transporte-service] [restartedMain] JpaBaseConfiguration$JpaWebConfiguration : spring.jpa.open-in-view is enabled by default. Therefore, database queries may be performed during view rendering. Explicitly configure spring.jpa.open-in-view to disable this warning
2025-10-29T13:23:28.874-05:00  WARN 18452 --- [transporte-service] [restartedMain] o.s.b.d.a.OptionalLiveReloadServer       : Unable to start LiveReload server
2025-10-29T13:23:30.483-05:00  INFO 18452 --- [transporte-service] [restartedMain] o.s.b.a.e.web.EndpointLinksResolver      : Exposing 18 endpoints beneath base path '/actuator'
2025-10-29T13:23:31.510-05:00  INFO 18452 --- [transporte-service] [restartedMain] DiscoveryClientOptionalArgsConfiguration : Eureka HTTP Client uses RestTemplate.
2025-10-29T13:23:31.556-05:00  WARN 18452 --- [transporte-service] [restartedMain] iguration$LoadBalancerCaffeineWarnLogger : Spring Cloud LoadBalancer is currently working with the default cache. While this cache implementation is useful for development and tests, it's recommended to use Caffeine cache in production.You can switch to using Caffeine cache, by adding it and org.springframework.cache.caffeine.CaffeineCacheManager to the classpath.
2025-10-29T13:23:31.779-05:00  INFO 18452 --- [transporte-service] [restartedMain] o.s.b.w.embedded.tomcat.TomcatWebServer  : Tomcat started on port 65102 (http) with context path '/'
2025-10-29T13:23:31.780-05:00  INFO 18452 --- [transporte-service] [restartedMain] .s.c.n.e.s.EurekaAutoServiceRegistration : Updating port to 65102
2025-10-29T13:23:31.788-05:00  INFO 18452 --- [transporte-service] [restartedMain] o.s.c.n.eureka.InstanceInfoFactory       : Setting initial instance status as: STARTING
2025-10-29T13:23:31.833-05:00  INFO 18452 --- [transporte-service] [restartedMain] com.netflix.discovery.DiscoveryClient    : Initializing Eureka in region us-east-1
2025-10-29T13:23:31.840-05:00  INFO 18452 --- [transporte-service] [restartedMain] c.n.d.s.r.aws.ConfigClusterResolver      : Resolving eureka endpoints via configuration
2025-10-29T13:23:31.856-05:00  INFO 18452 --- [transporte-service] [restartedMain] com.netflix.discovery.DiscoveryClient    : Disable delta property : false
2025-10-29T13:23:31.856-05:00  INFO 18452 --- [transporte-service] [restartedMain] com.netflix.discovery.DiscoveryClient    : Single vip registry refresh property : null
2025-10-29T13:23:31.857-05:00  INFO 18452 --- [transporte-service] [restartedMain] com.netflix.discovery.DiscoveryClient    : Force full registry fetch : false
2025-10-29T13:23:31.857-05:00  INFO 18452 --- [transporte-service] [restartedMain] com.netflix.discovery.DiscoveryClient    : Application is null : false
2025-10-29T13:23:31.857-05:00  INFO 18452 --- [transporte-service] [restartedMain] com.netflix.discovery.DiscoveryClient    : Registered Applications size is zero : true
2025-10-29T13:23:31.857-05:00  INFO 18452 --- [transporte-service] [restartedMain] com.netflix.discovery.DiscoveryClient    : Application version is -1: true
2025-10-29T13:23:31.857-05:00  INFO 18452 --- [transporte-service] [restartedMain] com.netflix.discovery.DiscoveryClient    : Getting all instance registry info from the eureka server
2025-10-29T13:23:32.240-05:00  INFO 18452 --- [transporte-service] [restartedMain] com.netflix.discovery.DiscoveryClient    : The response status is 200
2025-10-29T13:23:32.243-05:00  INFO 18452 --- [transporte-service] [restartedMain] com.netflix.discovery.DiscoveryClient    : Starting heartbeat executor: renew interval is: 30
2025-10-29T13:23:32.247-05:00  INFO 18452 --- [transporte-service] [restartedMain] c.n.discovery.InstanceInfoReplicator     : InstanceInfoReplicator onDemand update allowed rate per min is 4
2025-10-29T13:23:32.248-05:00  INFO 18452 --- [transporte-service] [restartedMain] com.netflix.discovery.DiscoveryClient    : Discovery Client initialized at timestamp 1761762212248 with initial instances count: 4
2025-10-29T13:23:32.255-05:00  INFO 18452 --- [transporte-service] [restartedMain] o.s.c.n.e.s.EurekaServiceRegistry        : Registering application TRANSPORTE-SERVICE with eureka with status UP
2025-10-29T13:23:32.256-05:00  INFO 18452 --- [transporte-service] [restartedMain] com.netflix.discovery.DiscoveryClient    : Saw local status change event StatusChangeEvent [timestamp=1761762212256, current=UP, previous=STARTING]
2025-10-29T13:23:32.259-05:00  INFO 18452 --- [transporte-service] [DiscoveryClient-InstanceInfoReplicator-%d] com.netflix.discovery.DiscoveryClient    : DiscoveryClient_TRANSPORTE-SERVICE/transporte-service:a091d0737ee53c0e71318a535c63f388: registering service...
2025-10-29T13:23:32.275-05:00  INFO 18452 --- [transporte-service] [restartedMain] o.s.a.r.c.CachingConnectionFactory       : Attempting to connect to: [localhost:5672]
2025-10-29T13:23:32.339-05:00  INFO 18452 --- [transporte-service] [DiscoveryClient-InstanceInfoReplicator-%d] com.netflix.discovery.DiscoveryClient    : DiscoveryClient_TRANSPORTE-SERVICE/transporte-service:a091d0737ee53c0e71318a535c63f388 - registration status: 204
2025-10-29T13:23:32.406-05:00  INFO 18452 --- [transporte-service] [restartedMain] o.s.a.r.c.CachingConnectionFactory       : Created new connection: rabbitConnectionFactory#34ede8b8:0/SimpleConnection@671bca6a [delegate=amqp://guest@127.0.0.1:5672/, localPort=65104]
2025-10-29T13:23:32.604-05:00  INFO 18452 --- [transporte-service] [restartedMain] o.cibertec.TransporteServiceApplication  : Started TransporteServiceApplication in 15.182 seconds (process running for 24.284)
2025-10-29T13:23:33.315-05:00  INFO 18452 --- [transporte-service] [RMI TCP Connection(8)-127.0.0.1] o.a.c.c.C.[Tomcat].[localhost].[/]       : Initializing Spring DispatcherServlet 'dispatcherServlet'
2025-10-29T13:23:33.315-05:00  INFO 18452 --- [transporte-service] [RMI TCP Connection(8)-127.0.0.1] o.s.web.servlet.DispatcherServlet        : Initializing Servlet 'dispatcherServlet'
2025-10-29T13:23:33.319-05:00  INFO 18452 --- [transporte-service] [RMI TCP Connection(8)-127.0.0.1] o.s.web.servlet.DispatcherServlet        : Completed initialization in 3 ms
2025-10-29T13:25:48.339-05:00  INFO 18452 --- [transporte-service] [RMI TCP Connection(13)-127.0.0.1] inMXBeanRegistrar$SpringApplicationAdmin : Application shutdown requested.
2025-10-29T13:25:48.341-05:00  INFO 18452 --- [transporte-service] [RMI TCP Connection(13)-127.0.0.1] o.s.c.n.e.s.EurekaServiceRegistry        : Unregistering application TRANSPORTE-SERVICE with eureka with status DOWN
2025-10-29T13:25:48.342-05:00  INFO 18452 --- [transporte-service] [RMI TCP Connection(13)-127.0.0.1] com.netflix.discovery.DiscoveryClient    : Saw local status change event StatusChangeEvent [timestamp=1761762348342, current=DOWN, previous=UP]
2025-10-29T13:25:48.342-05:00  INFO 18452 --- [transporte-service] [DiscoveryClient-InstanceInfoReplicator-%d] com.netflix.discovery.DiscoveryClient    : DiscoveryClient_TRANSPORTE-SERVICE/transporte-service:a091d0737ee53c0e71318a535c63f388: registering service...
2025-10-29T13:25:48.356-05:00  INFO 18452 --- [transporte-service] [org.springframework.amqp.rabbit.RabbitListenerEndpointContainer#0-2] o.s.a.r.l.SimpleMessageListenerContainer : Waiting for workers to finish.
2025-10-29T13:25:48.358-05:00  INFO 18452 --- [transporte-service] [DiscoveryClient-InstanceInfoReplicator-%d] com.netflix.discovery.DiscoveryClient    : DiscoveryClient_TRANSPORTE-SERVICE/transporte-service:a091d0737ee53c0e71318a535c63f388 - registration status: 204
2025-10-29T13:25:48.582-05:00  INFO 18452 --- [transporte-service] [org.springframework.amqp.rabbit.RabbitListenerEndpointContainer#0-2] o.s.a.r.l.SimpleMessageListenerContainer : Successfully waited for workers to finish.
2025-10-29T13:25:48.584-05:00  INFO 18452 --- [transporte-service] [RMI TCP Connection(13)-127.0.0.1] o.s.b.w.e.tomcat.GracefulShutdown        : Commencing graceful shutdown. Waiting for active requests to complete
2025-10-29T13:25:48.603-05:00  INFO 18452 --- [transporte-service] [tomcat-shutdown] o.s.b.w.e.tomcat.GracefulShutdown        : Graceful shutdown complete
2025-10-29T13:25:48.630-05:00  INFO 18452 --- [transporte-service] [RMI TCP Connection(13)-127.0.0.1] j.LocalContainerEntityManagerFactoryBean : Closing JPA EntityManagerFactory for persistence unit 'default'
2025-10-29T13:25:48.636-05:00  INFO 18452 --- [transporte-service] [RMI TCP Connection(13)-127.0.0.1] com.zaxxer.hikari.HikariDataSource       : HikariPool-1 - Shutdown initiated...
2025-10-29T13:25:48.653-05:00  INFO 18452 --- [transporte-service] [RMI TCP Connection(13)-127.0.0.1] com.zaxxer.hikari.HikariDataSource       : HikariPool-1 - Shutdown completed.
2025-10-29T13:25:48.654-05:00  INFO 18452 --- [transporte-service] [RMI TCP Connection(13)-127.0.0.1] com.netflix.discovery.DiscoveryClient    : Shutting down DiscoveryClient ...
2025-10-29T13:25:51.657-05:00  INFO 18452 --- [transporte-service] [RMI TCP Connection(13)-127.0.0.1] com.netflix.discovery.DiscoveryClient    : Unregistering ...
2025-10-29T13:25:51.715-05:00  INFO 18452 --- [transporte-service] [RMI TCP Connection(13)-127.0.0.1] com.netflix.discovery.DiscoveryClient    : DiscoveryClient_TRANSPORTE-SERVICE/transporte-service:a091d0737ee53c0e71318a535c63f388 - deregister  status: 200
2025-10-29T13:25:51.716-05:00  INFO 18452 --- [transporte-service] [RMI TCP Connection(13)-127.0.0.1] com.netflix.discovery.DiscoveryClient    : Completed shut down of DiscoveryClient
2025-10-29T13:26:03.182-05:00  INFO 20724 --- [transporte-service] [restartedMain] o.cibertec.TransporteServiceApplication  : Starting TransporteServiceApplication using Java 21.0.8 with PID 20724 (C:\Users\ronca\OneDrive\Escritorio\Dev\DAW2\transporte-service\target\classes started by Arturo in C:\Users\ronca\OneDrive\Escritorio\Dev\DAW2\transporte-service)
2025-10-29T13:26:03.187-05:00  INFO 20724 --- [transporte-service] [restartedMain] o.cibertec.TransporteServiceApplication  : No active profile set, falling back to 1 default profile: "default"
2025-10-29T13:26:03.273-05:00  INFO 20724 --- [transporte-service] [restartedMain] o.s.c.c.c.ConfigServerConfigDataLoader   : Fetching config from server at : http://localhost:8888
2025-10-29T13:26:03.274-05:00  INFO 20724 --- [transporte-service] [restartedMain] o.s.c.c.c.ConfigServerConfigDataLoader   : Located environment: name=transporte-service, profiles=[default], label=null, version=null, state=null
2025-10-29T13:26:03.277-05:00  INFO 20724 --- [transporte-service] [restartedMain] .e.DevToolsPropertyDefaultsPostProcessor : Devtools property defaults active! Set 'spring.devtools.add-properties' to 'false' to disable
2025-10-29T13:26:03.277-05:00  INFO 20724 --- [transporte-service] [restartedMain] .e.DevToolsPropertyDefaultsPostProcessor : For additional web related logging consider setting the 'logging.level.web' property to 'DEBUG'
2025-10-29T13:26:06.937-05:00  INFO 20724 --- [transporte-service] [restartedMain] .s.d.r.c.RepositoryConfigurationDelegate : Bootstrapping Spring Data JPA repositories in DEFAULT mode.
2025-10-29T13:26:07.420-05:00  INFO 20724 --- [transporte-service] [restartedMain] .s.d.r.c.RepositoryConfigurationDelegate : Finished Spring Data repository scanning in 451 ms. Found 1 JPA repository interface.
2025-10-29T13:26:08.694-05:00  INFO 20724 --- [transporte-service] [restartedMain] o.s.cloud.context.scope.GenericScope     : BeanFactory id=463c890a-db53-34d0-83d7-452975d1404d
2025-10-29T13:26:10.565-05:00  INFO 20724 --- [transporte-service] [restartedMain] o.s.b.w.embedded.tomcat.TomcatWebServer  : Tomcat initialized with port 0 (http)
2025-10-29T13:26:10.600-05:00  INFO 20724 --- [transporte-service] [restartedMain] o.apache.catalina.core.StandardService   : Starting service [Tomcat]
2025-10-29T13:26:10.602-05:00  INFO 20724 --- [transporte-service] [restartedMain] o.apache.catalina.core.StandardEngine    : Starting Servlet engine: [Apache Tomcat/10.1.46]
2025-10-29T13:26:10.841-05:00  INFO 20724 --- [transporte-service] [restartedMain] o.a.c.c.C.[Tomcat].[localhost].[/]       : Initializing Spring embedded WebApplicationContext
2025-10-29T13:26:10.843-05:00  INFO 20724 --- [transporte-service] [restartedMain] w.s.c.ServletWebServerApplicationContext : Root WebApplicationContext: initialization completed in 7565 ms
2025-10-29T13:26:11.785-05:00  INFO 20724 --- [transporte-service] [restartedMain] com.zaxxer.hikari.HikariDataSource       : HikariPool-1 - Starting...
2025-10-29T13:26:12.793-05:00  INFO 20724 --- [transporte-service] [restartedMain] com.zaxxer.hikari.pool.HikariPool        : HikariPool-1 - Added connection com.mysql.cj.jdbc.ConnectionImpl@62db07b1
2025-10-29T13:26:12.798-05:00  INFO 20724 --- [transporte-service] [restartedMain] com.zaxxer.hikari.HikariDataSource       : HikariPool-1 - Start completed.
2025-10-29T13:26:12.919-05:00  INFO 20724 --- [transporte-service] [restartedMain] o.hibernate.jpa.internal.util.LogHelper  : HHH000204: Processing PersistenceUnitInfo [name: default]
2025-10-29T13:26:13.094-05:00  INFO 20724 --- [transporte-service] [restartedMain] org.hibernate.Version                    : HHH000412: Hibernate ORM core version 6.6.29.Final
2025-10-29T13:26:13.214-05:00  INFO 20724 --- [transporte-service] [restartedMain] o.h.c.internal.RegionFactoryInitiator    : HHH000026: Second-level cache disabled
2025-10-29T13:26:13.890-05:00  INFO 20724 --- [transporte-service] [restartedMain] o.s.o.j.p.SpringPersistenceUnitInfo      : No LoadTimeWeaver setup: ignoring JPA class transformer
2025-10-29T13:26:14.099-05:00  INFO 20724 --- [transporte-service] [restartedMain] org.hibernate.orm.connections.pooling    : HHH10001005: Database info:
	Database JDBC URL [Connecting through datasource 'HikariDataSource (HikariPool-1)']
	Database driver: undefined/unknown
	Database version: 8.0.34
	Autocommit mode: undefined/unknown
	Isolation level: undefined/unknown
	Minimum pool size: undefined/unknown
	Maximum pool size: undefined/unknown
2025-10-29T13:26:16.415-05:00  INFO 20724 --- [transporte-service] [restartedMain] o.h.e.t.j.p.i.JtaPlatformInitiator       : HHH000489: No JTA platform available (set 'hibernate.transaction.jta.platform' to enable JTA platform integration)
2025-10-29T13:26:16.428-05:00  INFO 20724 --- [transporte-service] [restartedMain] j.LocalContainerEntityManagerFactoryBean : Initialized JPA EntityManagerFactory for persistence unit 'default'
2025-10-29T13:26:17.237-05:00  WARN 20724 --- [transporte-service] [restartedMain] JpaBaseConfiguration$JpaWebConfiguration : spring.jpa.open-in-view is enabled by default. Therefore, database queries may be performed during view rendering. Explicitly configure spring.jpa.open-in-view to disable this warning
2025-10-29T13:26:17.443-05:00  INFO 20724 --- [transporte-service] [restartedMain] o.s.b.d.a.OptionalLiveReloadServer       : LiveReload server is running on port 35729
2025-10-29T13:26:19.750-05:00  INFO 20724 --- [transporte-service] [restartedMain] o.s.b.a.e.web.EndpointLinksResolver      : Exposing 18 endpoints beneath base path '/actuator'
2025-10-29T13:26:21.415-05:00  INFO 20724 --- [transporte-service] [restartedMain] DiscoveryClientOptionalArgsConfiguration : Eureka HTTP Client uses RestTemplate.
2025-10-29T13:26:21.480-05:00  WARN 20724 --- [transporte-service] [restartedMain] iguration$LoadBalancerCaffeineWarnLogger : Spring Cloud LoadBalancer is currently working with the default cache. While this cache implementation is useful for development and tests, it's recommended to use Caffeine cache in production.You can switch to using Caffeine cache, by adding it and org.springframework.cache.caffeine.CaffeineCacheManager to the classpath.
2025-10-29T13:26:21.799-05:00  INFO 20724 --- [transporte-service] [restartedMain] o.s.b.w.embedded.tomcat.TomcatWebServer  : Tomcat started on port 56580 (http) with context path '/'
2025-10-29T13:26:21.800-05:00  INFO 20724 --- [transporte-service] [restartedMain] .s.c.n.e.s.EurekaAutoServiceRegistration : Updating port to 56580
2025-10-29T13:26:21.815-05:00  INFO 20724 --- [transporte-service] [restartedMain] o.s.c.n.eureka.InstanceInfoFactory       : Setting initial instance status as: STARTING
2025-10-29T13:26:21.875-05:00  INFO 20724 --- [transporte-service] [restartedMain] com.netflix.discovery.DiscoveryClient    : Initializing Eureka in region us-east-1
2025-10-29T13:26:21.885-05:00  INFO 20724 --- [transporte-service] [restartedMain] c.n.d.s.r.aws.ConfigClusterResolver      : Resolving eureka endpoints via configuration
2025-10-29T13:26:21.908-05:00  INFO 20724 --- [transporte-service] [restartedMain] com.netflix.discovery.DiscoveryClient    : Disable delta property : false
2025-10-29T13:26:21.908-05:00  INFO 20724 --- [transporte-service] [restartedMain] com.netflix.discovery.DiscoveryClient    : Single vip registry refresh property : null
2025-10-29T13:26:21.908-05:00  INFO 20724 --- [transporte-service] [restartedMain] com.netflix.discovery.DiscoveryClient    : Force full registry fetch : false
2025-10-29T13:26:21.909-05:00  INFO 20724 --- [transporte-service] [restartedMain] com.netflix.discovery.DiscoveryClient    : Application is null : false
2025-10-29T13:26:21.909-05:00  INFO 20724 --- [transporte-service] [restartedMain] com.netflix.discovery.DiscoveryClient    : Registered Applications size is zero : true
2025-10-29T13:26:21.909-05:00  INFO 20724 --- [transporte-service] [restartedMain] com.netflix.discovery.DiscoveryClient    : Application version is -1: true
2025-10-29T13:26:21.909-05:00  INFO 20724 --- [transporte-service] [restartedMain] com.netflix.discovery.DiscoveryClient    : Getting all instance registry info from the eureka server
2025-10-29T13:26:22.464-05:00  INFO 20724 --- [transporte-service] [restartedMain] com.netflix.discovery.DiscoveryClient    : The response status is 200
2025-10-29T13:26:22.468-05:00  INFO 20724 --- [transporte-service] [restartedMain] com.netflix.discovery.DiscoveryClient    : Starting heartbeat executor: renew interval is: 30
2025-10-29T13:26:22.475-05:00  INFO 20724 --- [transporte-service] [restartedMain] c.n.discovery.InstanceInfoReplicator     : InstanceInfoReplicator onDemand update allowed rate per min is 4
2025-10-29T13:26:22.477-05:00  INFO 20724 --- [transporte-service] [restartedMain] com.netflix.discovery.DiscoveryClient    : Discovery Client initialized at timestamp 1761762382477 with initial instances count: 1
2025-10-29T13:26:22.483-05:00  INFO 20724 --- [transporte-service] [restartedMain] o.s.c.n.e.s.EurekaServiceRegistry        : Registering application TRANSPORTE-SERVICE with eureka with status UP
2025-10-29T13:26:22.483-05:00  INFO 20724 --- [transporte-service] [restartedMain] com.netflix.discovery.DiscoveryClient    : Saw local status change event StatusChangeEvent [timestamp=1761762382483, current=UP, previous=STARTING]
2025-10-29T13:26:22.487-05:00  INFO 20724 --- [transporte-service] [DiscoveryClient-InstanceInfoReplicator-%d] com.netflix.discovery.DiscoveryClient    : DiscoveryClient_TRANSPORTE-SERVICE/transporte-service:f744bb4a8474fe1e87ee6b2b6329abbd: registering service...
2025-10-29T13:26:22.502-05:00  INFO 20724 --- [transporte-service] [restartedMain] o.s.a.r.c.CachingConnectionFactory       : Attempting to connect to: [localhost:5672]
2025-10-29T13:26:22.570-05:00  INFO 20724 --- [transporte-service] [DiscoveryClient-InstanceInfoReplicator-%d] com.netflix.discovery.DiscoveryClient    : DiscoveryClient_TRANSPORTE-SERVICE/transporte-service:f744bb4a8474fe1e87ee6b2b6329abbd - registration status: 204
2025-10-29T13:26:22.630-05:00  INFO 20724 --- [transporte-service] [restartedMain] o.s.a.r.c.CachingConnectionFactory       : Created new connection: rabbitConnectionFactory#489050b3:0/SimpleConnection@4bf81ca7 [delegate=amqp://guest@127.0.0.1:5672/, localPort=61804]
2025-10-29T13:26:22.766-05:00  INFO 20724 --- [transporte-service] [restartedMain] o.cibertec.TransporteServiceApplication  : Started TransporteServiceApplication in 22.11 seconds (process running for 25.027)
2025-10-29T13:26:23.765-05:00  INFO 20724 --- [transporte-service] [RMI TCP Connection(6)-127.0.0.1] o.a.c.c.C.[Tomcat].[localhost].[/]       : Initializing Spring DispatcherServlet 'dispatcherServlet'
2025-10-29T13:26:23.766-05:00  INFO 20724 --- [transporte-service] [RMI TCP Connection(6)-127.0.0.1] o.s.web.servlet.DispatcherServlet        : Initializing Servlet 'dispatcherServlet'
2025-10-29T13:26:23.769-05:00  INFO 20724 --- [transporte-service] [RMI TCP Connection(6)-127.0.0.1] o.s.web.servlet.DispatcherServlet        : Completed initialization in 3 ms
