2025-10-29T00:01:37.159-05:00  INFO 28516 --- [mesa-service] [AsyncResolver-bootstrap-executor-%d] c.n.d.s.r.aws.ConfigClusterResolver      : Resolving eureka endpoints via configuration
2025-10-29T00:06:37.178-05:00  INFO 28516 --- [mesa-service] [AsyncResolver-bootstrap-executor-%d] c.n.d.s.r.aws.ConfigClusterResolver      : Resolving eureka endpoints via configuration
2025-10-29T00:11:37.181-05:00  INFO 28516 --- [mesa-service] [AsyncResolver-bootstrap-executor-%d] c.n.d.s.r.aws.ConfigClusterResolver      : Resolving eureka endpoints via configuration
2025-10-29T00:16:37.193-05:00  INFO 28516 --- [mesa-service] [AsyncResolver-bootstrap-executor-%d] c.n.d.s.r.aws.ConfigClusterResolver      : Resolving eureka endpoints via configuration
2025-10-29T00:21:37.203-05:00  INFO 28516 --- [mesa-service] [AsyncResolver-bootstrap-executor-%d] c.n.d.s.r.aws.ConfigClusterResolver      : Resolving eureka endpoints via configuration
2025-10-29T00:26:37.213-05:00  INFO 28516 --- [mesa-service] [AsyncResolver-bootstrap-executor-%d] c.n.d.s.r.aws.ConfigClusterResolver      : Resolving eureka endpoints via configuration
2025-10-29T00:31:37.217-05:00  INFO 28516 --- [mesa-service] [AsyncResolver-bootstrap-executor-%d] c.n.d.s.r.aws.ConfigClusterResolver      : Resolving eureka endpoints via configuration
2025-10-29T00:36:37.231-05:00  INFO 28516 --- [mesa-service] [AsyncResolver-bootstrap-executor-%d] c.n.d.s.r.aws.ConfigClusterResolver      : Resolving eureka endpoints via configuration
2025-10-29T00:41:37.236-05:00  INFO 28516 --- [mesa-service] [AsyncResolver-bootstrap-executor-%d] c.n.d.s.r.aws.ConfigClusterResolver      : Resolving eureka endpoints via configuration
2025-10-29T00:46:37.240-05:00  INFO 28516 --- [mesa-service] [AsyncResolver-bootstrap-executor-%d] c.n.d.s.r.aws.ConfigClusterResolver      : Resolving eureka endpoints via configuration
2025-10-29T00:51:37.248-05:00  INFO 28516 --- [mesa-service] [AsyncResolver-bootstrap-executor-%d] c.n.d.s.r.aws.ConfigClusterResolver      : Resolving eureka endpoints via configuration
2025-10-29T00:56:37.260-05:00  INFO 28516 --- [mesa-service] [AsyncResolver-bootstrap-executor-%d] c.n.d.s.r.aws.ConfigClusterResolver      : Resolving eureka endpoints via configuration
2025-10-29T01:01:37.261-05:00  INFO 28516 --- [mesa-service] [AsyncResolver-bootstrap-executor-%d] c.n.d.s.r.aws.ConfigClusterResolver      : Resolving eureka endpoints via configuration
2025-10-29T01:06:37.263-05:00  INFO 28516 --- [mesa-service] [AsyncResolver-bootstrap-executor-%d] c.n.d.s.r.aws.ConfigClusterResolver      : Resolving eureka endpoints via configuration
2025-10-29T01:11:37.272-05:00  INFO 28516 --- [mesa-service] [AsyncResolver-bootstrap-executor-%d] c.n.d.s.r.aws.ConfigClusterResolver      : Resolving eureka endpoints via configuration
2025-10-29T01:16:37.280-05:00  INFO 28516 --- [mesa-service] [AsyncResolver-bootstrap-executor-%d] c.n.d.s.r.aws.ConfigClusterResolver      : Resolving eureka endpoints via configuration
2025-10-29T01:21:37.286-05:00  INFO 28516 --- [mesa-service] [AsyncResolver-bootstrap-executor-%d] c.n.d.s.r.aws.ConfigClusterResolver      : Resolving eureka endpoints via configuration
2025-10-29T01:26:37.288-05:00  INFO 28516 --- [mesa-service] [AsyncResolver-bootstrap-executor-%d] c.n.d.s.r.aws.ConfigClusterResolver      : Resolving eureka endpoints via configuration
2025-10-29T01:31:37.294-05:00  INFO 28516 --- [mesa-service] [AsyncResolver-bootstrap-executor-%d] c.n.d.s.r.aws.ConfigClusterResolver      : Resolving eureka endpoints via configuration
2025-10-29T01:36:37.303-05:00  INFO 28516 --- [mesa-service] [AsyncResolver-bootstrap-executor-%d] c.n.d.s.r.aws.ConfigClusterResolver      : Resolving eureka endpoints via configuration
2025-10-29T01:41:37.319-05:00  INFO 28516 --- [mesa-service] [AsyncResolver-bootstrap-executor-%d] c.n.d.s.r.aws.ConfigClusterResolver      : Resolving eureka endpoints via configuration
2025-10-29T01:45:05.638-05:00  INFO 28516 --- [mesa-service] [RMI TCP Connection(163)-127.0.0.1] inMXBeanRegistrar$SpringApplicationAdmin : Application shutdown requested.
2025-10-29T01:45:05.701-05:00  INFO 28516 --- [mesa-service] [RMI TCP Connection(163)-127.0.0.1] o.s.c.n.e.s.EurekaServiceRegistry        : Unregistering application MESA-SERVICE with eureka with status DOWN
2025-10-29T01:45:05.703-05:00  INFO 28516 --- [mesa-service] [RMI TCP Connection(163)-127.0.0.1] com.netflix.discovery.DiscoveryClient    : Saw local status change event StatusChangeEvent [timestamp=1761720305702, current=DOWN, previous=UP]
2025-10-29T01:45:05.704-05:00  INFO 28516 --- [mesa-service] [DiscoveryClient-InstanceInfoReplicator-%d] com.netflix.discovery.DiscoveryClient    : DiscoveryClient_MESA-SERVICE/mesa-service:8102fde7a664e16a73d2127f434bb463: registering service...
2025-10-29T01:45:05.758-05:00  INFO 28516 --- [mesa-service] [DiscoveryClient-InstanceInfoReplicator-%d] com.netflix.discovery.DiscoveryClient    : DiscoveryClient_MESA-SERVICE/mesa-service:8102fde7a664e16a73d2127f434bb463 - registration status: 204
2025-10-29T01:45:05.813-05:00  INFO 28516 --- [mesa-service] [RMI TCP Connection(163)-127.0.0.1] o.s.b.w.e.tomcat.GracefulShutdown        : Commencing graceful shutdown. Waiting for active requests to complete
2025-10-29T01:45:05.888-05:00  INFO 28516 --- [mesa-service] [tomcat-shutdown] o.s.b.w.e.tomcat.GracefulShutdown        : Graceful shutdown complete
2025-10-29T01:45:06.109-05:00  INFO 28516 --- [mesa-service] [RMI TCP Connection(163)-127.0.0.1] j.LocalContainerEntityManagerFactoryBean : Closing JPA EntityManagerFactory for persistence unit 'default'
2025-10-29T01:45:06.234-05:00  INFO 28516 --- [mesa-service] [RMI TCP Connection(163)-127.0.0.1] com.zaxxer.hikari.HikariDataSource       : HikariPool-1 - Shutdown initiated...
2025-10-29T01:45:06.254-05:00  INFO 28516 --- [mesa-service] [RMI TCP Connection(163)-127.0.0.1] com.zaxxer.hikari.HikariDataSource       : HikariPool-1 - Shutdown completed.
2025-10-29T01:45:06.259-05:00  INFO 28516 --- [mesa-service] [RMI TCP Connection(163)-127.0.0.1] com.netflix.discovery.DiscoveryClient    : Shutting down DiscoveryClient ...
2025-10-29T01:45:09.272-05:00  INFO 28516 --- [mesa-service] [RMI TCP Connection(163)-127.0.0.1] com.netflix.discovery.DiscoveryClient    : Unregistering ...
2025-10-29T01:45:09.310-05:00  INFO 28516 --- [mesa-service] [RMI TCP Connection(163)-127.0.0.1] c.n.d.s.t.d.RedirectingEurekaHttpClient  : Request execution error. endpoint=DefaultEndpoint{ serviceUrl='http://localhost:8761/eureka/} exception=I/O error on DELETE request for "http://localhost:8761/eureka/apps/MESA-SERVICE/mesa-service:8102fde7a664e16a73d2127f434bb463": Connect to http://localhost:8761 [localhost/127.0.0.1, localhost/0:0:0:0:0:0:0:1] failed: Connection refused: getsockopt stacktrace=org.springframework.web.client.ResourceAccessException: I/O error on DELETE request for "http://localhost:8761/eureka/apps/MESA-SERVICE/mesa-service:8102fde7a664e16a73d2127f434bb463": Connect to http://localhost:8761 [localhost/127.0.0.1, localhost/0:0:0:0:0:0:0:1] failed: Connection refused: getsockopt
	at org.springframework.web.client.RestTemplate.createResourceAccessException(RestTemplate.java:926)
	at org.springframework.web.client.RestTemplate.doExecute(RestTemplate.java:906)
	at org.springframework.web.client.RestTemplate.execute(RestTemplate.java:841)
	at org.springframework.web.client.RestTemplate.exchange(RestTemplate.java:702)
	at org.springframework.cloud.netflix.eureka.http.RestTemplateEurekaHttpClient.cancel(RestTemplateEurekaHttpClient.java:100)
	at com.netflix.discovery.shared.transport.decorator.EurekaHttpClientDecorator$2.execute(EurekaHttpClientDecorator.java:74)
	at com.netflix.discovery.shared.transport.decorator.RedirectingEurekaHttpClient.execute(RedirectingEurekaHttpClient.java:91)
	at com.netflix.discovery.shared.transport.decorator.EurekaHttpClientDecorator.cancel(EurekaHttpClientDecorator.java:71)
	at com.netflix.discovery.shared.transport.decorator.EurekaHttpClientDecorator$2.execute(EurekaHttpClientDecorator.java:74)
	at com.netflix.discovery.shared.transport.decorator.RetryableEurekaHttpClient.execute(RetryableEurekaHttpClient.java:120)
	at com.netflix.discovery.shared.transport.decorator.EurekaHttpClientDecorator.cancel(EurekaHttpClientDecorator.java:71)
	at com.netflix.discovery.shared.transport.decorator.EurekaHttpClientDecorator$2.execute(EurekaHttpClientDecorator.java:74)
	at com.netflix.discovery.shared.transport.decorator.SessionedEurekaHttpClient.execute(SessionedEurekaHttpClient.java:76)
	at com.netflix.discovery.shared.transport.decorator.EurekaHttpClientDecorator.cancel(EurekaHttpClientDecorator.java:71)
	at com.netflix.discovery.DiscoveryClient.unregister(DiscoveryClient.java:919)
	at com.netflix.discovery.DiscoveryClient.shutdown(DiscoveryClient.java:900)
	at java.base/jdk.internal.reflect.DirectMethodHandleAccessor.invoke(DirectMethodHandleAccessor.java:103)
	at java.base/java.lang.reflect.Method.invoke(Method.java:580)
	at org.springframework.beans.factory.annotation.InitDestroyAnnotationBeanPostProcessor$LifecycleMethod.invoke(InitDestroyAnnotationBeanPostProcessor.java:457)
	at org.springframework.beans.factory.annotation.InitDestroyAnnotationBeanPostProcessor$LifecycleMetadata.invokeDestroyMethods(InitDestroyAnnotationBeanPostProcessor.java:415)
	at org.springframework.beans.factory.annotation.InitDestroyAnnotationBeanPostProcessor.postProcessBeforeDestruction(InitDestroyAnnotationBeanPostProcessor.java:239)
	at org.springframework.beans.factory.support.DisposableBeanAdapter.destroy(DisposableBeanAdapter.java:203)
	at org.springframework.beans.factory.support.DisposableBeanAdapter.run(DisposableBeanAdapter.java:196)
	at org.springframework.cloud.context.scope.GenericScope$BeanLifecycleWrapper.destroy(GenericScope.java:389)
	at org.springframework.cloud.context.scope.GenericScope.destroy(GenericScope.java:136)
	at org.springframework.beans.factory.support.DisposableBeanAdapter.destroy(DisposableBeanAdapter.java:212)
	at org.springframework.beans.factory.support.DefaultSingletonBeanRegistry.destroyBean(DefaultSingletonBeanRegistry.java:798)
	at org.springframework.beans.factory.support.DefaultSingletonBeanRegistry.destroySingleton(DefaultSingletonBeanRegistry.java:748)
	at org.springframework.beans.factory.support.DefaultListableBeanFactory.destroySingleton(DefaultListableBeanFactory.java:1489)
	at org.springframework.beans.factory.support.DefaultSingletonBeanRegistry.destroySingletons(DefaultSingletonBeanRegistry.java:707)
	at org.springframework.beans.factory.support.DefaultListableBeanFactory.destroySingletons(DefaultListableBeanFactory.java:1482)
	at org.springframework.context.support.AbstractApplicationContext.destroyBeans(AbstractApplicationContext.java:1219)
	at org.springframework.context.support.AbstractApplicationContext.doClose(AbstractApplicationContext.java:1180)
	at org.springframework.boot.web.servlet.context.ServletWebServerApplicationContext.doClose(ServletWebServerApplicationContext.java:179)
	at org.springframework.context.support.AbstractApplicationContext.close(AbstractApplicationContext.java:1126)
	at org.springframework.boot.admin.SpringApplicationAdminMXBeanRegistrar$SpringApplicationAdmin.shutdown(SpringApplicationAdminMXBeanRegistrar.java:160)
	at java.base/jdk.internal.reflect.DirectMethodHandleAccessor.invoke(DirectMethodHandleAccessor.java:103)
	at java.base/java.lang.reflect.Method.invoke(Method.java:580)
	at sun.reflect.misc.Trampoline.invoke(MethodUtil.java:64)
	at java.base/jdk.internal.reflect.DirectMethodHandleAccessor.invoke(DirectMethodHandleAccessor.java:103)
	at java.base/java.lang.reflect.Method.invoke(Method.java:580)
	at java.base/sun.reflect.misc.MethodUtil.invoke(MethodUtil.java:97)
	at java.management/com.sun.jmx.mbeanserver.ConvertingMethod.invokeWithOpenReturn(ConvertingMethod.java:193)
	at java.management/com.sun.jmx.mbeanserver.ConvertingMethod.invokeWithOpenReturn(ConvertingMethod.java:175)
	at java.management/com.sun.jmx.mbeanserver.MXBeanIntrospector.invokeM2(MXBeanIntrospector.java:115)
	at java.management/com.sun.jmx.mbeanserver.MXBeanIntrospector.invokeM2(MXBeanIntrospector.java:52)
	at java.management/com.sun.jmx.mbeanserver.MBeanIntrospector.invokeM(MBeanIntrospector.java:236)
	at java.management/com.sun.jmx.mbeanserver.PerInterface.invoke(PerInterface.java:138)
	at java.management/com.sun.jmx.mbeanserver.MBeanSupport.invoke(MBeanSupport.java:252)
	at java.management/com.sun.jmx.interceptor.DefaultMBeanServerInterceptor.invoke(DefaultMBeanServerInterceptor.java:803)
	at java.management/com.sun.jmx.mbeanserver.JmxMBeanServer.invoke(JmxMBeanServer.java:802)
	at java.management.rmi/javax.management.remote.rmi.RMIConnectionImpl.doOperation(RMIConnectionImpl.java:1472)
	at java.management.rmi/javax.management.remote.rmi.RMIConnectionImpl$PrivilegedOperation.run(RMIConnectionImpl.java:1310)
	at java.management.rmi/javax.management.remote.rmi.RMIConnectionImpl.doPrivilegedOperation(RMIConnectionImpl.java:1405)
	at java.management.rmi/javax.management.remote.rmi.RMIConnectionImpl.invoke(RMIConnectionImpl.java:829)
	at java.base/jdk.internal.reflect.DirectMethodHandleAccessor.invoke(DirectMethodHandleAccessor.java:103)
	at java.base/java.lang.reflect.Method.invoke(Method.java:580)
	at java.rmi/sun.rmi.server.UnicastServerRef.dispatch(UnicastServerRef.java:360)
	at java.rmi/sun.rmi.transport.Transport$1.run(Transport.java:200)
	at java.rmi/sun.rmi.transport.Transport$1.run(Transport.java:197)
	at java.base/java.security.AccessController.doPrivileged(AccessController.java:714)
	at java.rmi/sun.rmi.transport.Transport.serviceCall(Transport.java:196)
	at java.rmi/sun.rmi.transport.tcp.TCPTransport.handleMessages(TCPTransport.java:598)
	at java.rmi/sun.rmi.transport.tcp.TCPTransport$ConnectionHandler.run0(TCPTransport.java:844)
	at java.rmi/sun.rmi.transport.tcp.TCPTransport$ConnectionHandler.lambda$run$0(TCPTransport.java:721)
	at java.base/java.security.AccessController.doPrivileged(AccessController.java:400)
	at java.rmi/sun.rmi.transport.tcp.TCPTransport$ConnectionHandler.run(TCPTransport.java:720)
	at java.base/java.util.concurrent.ThreadPoolExecutor.runWorker(ThreadPoolExecutor.java:1144)
	at java.base/java.util.concurrent.ThreadPoolExecutor$Worker.run(ThreadPoolExecutor.java:642)
	at java.base/java.lang.Thread.run(Thread.java:1583)
Caused by: org.apache.hc.client5.http.HttpHostConnectException: Connect to http://localhost:8761 [localhost/127.0.0.1, localhost/0:0:0:0:0:0:0:1] failed: Connection refused: getsockopt
	at java.base/sun.nio.ch.Net.pollConnect(Native Method)
	at java.base/sun.nio.ch.Net.pollConnectNow(Net.java:682)
	at java.base/sun.nio.ch.NioSocketImpl.timedFinishConnect(NioSocketImpl.java:542)
	at java.base/sun.nio.ch.NioSocketImpl.connect(NioSocketImpl.java:592)
	at java.base/java.net.SocksSocketImpl.connect(SocksSocketImpl.java:327)
	at java.base/java.net.Socket.connect(Socket.java:751)
	at org.apache.hc.client5.http.impl.io.DefaultHttpClientConnectionOperator.connect(DefaultHttpClientConnectionOperator.java:216)
	at org.apache.hc.client5.http.impl.io.PoolingHttpClientConnectionManager.connect(PoolingHttpClientConnectionManager.java:490)
	at org.apache.hc.client5.http.impl.classic.InternalExecRuntime.connectEndpoint(InternalExecRuntime.java:164)
	at org.apache.hc.client5.http.impl.classic.InternalExecRuntime.connectEndpoint(InternalExecRuntime.java:174)
	at org.apache.hc.client5.http.impl.classic.ConnectExec.execute(ConnectExec.java:144)
	at org.apache.hc.client5.http.impl.classic.ExecChainElement.execute(ExecChainElement.java:51)
	at org.apache.hc.client5.http.impl.classic.ProtocolExec.execute(ProtocolExec.java:192)
	at org.apache.hc.client5.http.impl.classic.ExecChainElement.execute(ExecChainElement.java:51)
	at org.apache.hc.client5.http.impl.classic.ContentCompressionExec.execute(ContentCompressionExec.java:150)
	at org.apache.hc.client5.http.impl.classic.ExecChainElement.execute(ExecChainElement.java:51)
	at org.apache.hc.client5.http.impl.classic.HttpRequestRetryExec.execute(HttpRequestRetryExec.java:113)
	at org.apache.hc.client5.http.impl.classic.ExecChainElement.execute(ExecChainElement.java:51)
	at org.apache.hc.client5.http.impl.classic.RedirectExec.execute(RedirectExec.java:110)
	at org.apache.hc.client5.http.impl.classic.ExecChainElement.execute(ExecChainElement.java:51)
	at org.apache.hc.client5.http.impl.classic.InternalHttpClient.doExecute(InternalHttpClient.java:183)
	at org.apache.hc.client5.http.impl.classic.CloseableHttpClient.execute(CloseableHttpClient.java:87)
	at org.apache.hc.client5.http.impl.classic.CloseableHttpClient.execute(CloseableHttpClient.java:55)
	at org.apache.hc.client5.http.classic.HttpClient.executeOpen(HttpClient.java:183)
	at org.springframework.http.client.HttpComponentsClientHttpRequest.executeInternal(HttpComponentsClientHttpRequest.java:99)
	at org.springframework.http.client.AbstractStreamingClientHttpRequest.executeInternal(AbstractStreamingClientHttpRequest.java:71)
	at org.springframework.http.client.AbstractClientHttpRequest.execute(AbstractClientHttpRequest.java:81)
	at org.springframework.http.client.InterceptingClientHttpRequest$InterceptingRequestExecution.execute(InterceptingClientHttpRequest.java:117)
	at org.springframework.cloud.netflix.eureka.http.RestTemplateTransportClientFactory.lambda$restTemplate$3(RestTemplateTransportClientFactory.java:141)
	at org.springframework.http.client.InterceptingClientHttpRequest$InterceptingRequestExecution.execute(InterceptingClientHttpRequest.java:88)
	at org.springframework.http.client.InterceptingClientHttpRequest.executeInternal(InterceptingClientHttpRequest.java:72)
	at org.springframework.http.client.AbstractBufferingClientHttpRequest.executeInternal(AbstractBufferingClientHttpRequest.java:48)
	at org.springframework.http.client.AbstractClientHttpRequest.execute(AbstractClientHttpRequest.java:81)
	at org.springframework.web.client.RestTemplate.doExecute(RestTemplate.java:900)
	... 68 more

2025-10-29T01:45:09.311-05:00  WARN 28516 --- [mesa-service] [RMI TCP Connection(163)-127.0.0.1] c.n.d.s.t.d.RetryableEurekaHttpClient    : Request execution failed with message: I/O error on DELETE request for "http://localhost:8761/eureka/apps/MESA-SERVICE/mesa-service:8102fde7a664e16a73d2127f434bb463": Connect to http://localhost:8761 [localhost/127.0.0.1, localhost/0:0:0:0:0:0:0:1] failed: Connection refused: getsockopt
2025-10-29T01:45:09.333-05:00  INFO 28516 --- [mesa-service] [RMI TCP Connection(163)-127.0.0.1] c.n.d.s.t.d.RedirectingEurekaHttpClient  : Request execution error. endpoint=DefaultEndpoint{ serviceUrl='http://localhost:8761/eureka/}, exception=I/O error on DELETE request for "http://localhost:8761/eureka/apps/MESA-SERVICE/mesa-service:8102fde7a664e16a73d2127f434bb463": Connect to http://localhost:8761 [localhost/127.0.0.1, localhost/0:0:0:0:0:0:0:1] failed: Connection refused: getsockopt stacktrace=org.springframework.web.client.ResourceAccessException: I/O error on DELETE request for "http://localhost:8761/eureka/apps/MESA-SERVICE/mesa-service:8102fde7a664e16a73d2127f434bb463": Connect to http://localhost:8761 [localhost/127.0.0.1, localhost/0:0:0:0:0:0:0:1] failed: Connection refused: getsockopt
	at org.springframework.web.client.RestTemplate.createResourceAccessException(RestTemplate.java:926)
	at org.springframework.web.client.RestTemplate.doExecute(RestTemplate.java:906)
	at org.springframework.web.client.RestTemplate.execute(RestTemplate.java:841)
	at org.springframework.web.client.RestTemplate.exchange(RestTemplate.java:702)
	at org.springframework.cloud.netflix.eureka.http.RestTemplateEurekaHttpClient.cancel(RestTemplateEurekaHttpClient.java:100)
	at com.netflix.discovery.shared.transport.decorator.EurekaHttpClientDecorator$2.execute(EurekaHttpClientDecorator.java:74)
	at com.netflix.discovery.shared.transport.decorator.RedirectingEurekaHttpClient.executeOnNewServer(RedirectingEurekaHttpClient.java:121)
	at com.netflix.discovery.shared.transport.decorator.RedirectingEurekaHttpClient.execute(RedirectingEurekaHttpClient.java:80)
	at com.netflix.discovery.shared.transport.decorator.EurekaHttpClientDecorator.cancel(EurekaHttpClientDecorator.java:71)
	at com.netflix.discovery.shared.transport.decorator.EurekaHttpClientDecorator$2.execute(EurekaHttpClientDecorator.java:74)
	at com.netflix.discovery.shared.transport.decorator.RetryableEurekaHttpClient.execute(RetryableEurekaHttpClient.java:120)
	at com.netflix.discovery.shared.transport.decorator.EurekaHttpClientDecorator.cancel(EurekaHttpClientDecorator.java:71)
	at com.netflix.discovery.shared.transport.decorator.EurekaHttpClientDecorator$2.execute(EurekaHttpClientDecorator.java:74)
	at com.netflix.discovery.shared.transport.decorator.SessionedEurekaHttpClient.execute(SessionedEurekaHttpClient.java:76)
	at com.netflix.discovery.shared.transport.decorator.EurekaHttpClientDecorator.cancel(EurekaHttpClientDecorator.java:71)
	at com.netflix.discovery.DiscoveryClient.unregister(DiscoveryClient.java:919)
	at com.netflix.discovery.DiscoveryClient.shutdown(DiscoveryClient.java:900)
	at java.base/jdk.internal.reflect.DirectMethodHandleAccessor.invoke(DirectMethodHandleAccessor.java:103)
	at java.base/java.lang.reflect.Method.invoke(Method.java:580)
	at org.springframework.beans.factory.annotation.InitDestroyAnnotationBeanPostProcessor$LifecycleMethod.invoke(InitDestroyAnnotationBeanPostProcessor.java:457)
	at org.springframework.beans.factory.annotation.InitDestroyAnnotationBeanPostProcessor$LifecycleMetadata.invokeDestroyMethods(InitDestroyAnnotationBeanPostProcessor.java:415)
	at org.springframework.beans.factory.annotation.InitDestroyAnnotationBeanPostProcessor.postProcessBeforeDestruction(InitDestroyAnnotationBeanPostProcessor.java:239)
	at org.springframework.beans.factory.support.DisposableBeanAdapter.destroy(DisposableBeanAdapter.java:203)
	at org.springframework.beans.factory.support.DisposableBeanAdapter.run(DisposableBeanAdapter.java:196)
	at org.springframework.cloud.context.scope.GenericScope$BeanLifecycleWrapper.destroy(GenericScope.java:389)
	at org.springframework.cloud.context.scope.GenericScope.destroy(GenericScope.java:136)
	at org.springframework.beans.factory.support.DisposableBeanAdapter.destroy(DisposableBeanAdapter.java:212)
	at org.springframework.beans.factory.support.DefaultSingletonBeanRegistry.destroyBean(DefaultSingletonBeanRegistry.java:798)
	at org.springframework.beans.factory.support.DefaultSingletonBeanRegistry.destroySingleton(DefaultSingletonBeanRegistry.java:748)
	at org.springframework.beans.factory.support.DefaultListableBeanFactory.destroySingleton(DefaultListableBeanFactory.java:1489)
	at org.springframework.beans.factory.support.DefaultSingletonBeanRegistry.destroySingletons(DefaultSingletonBeanRegistry.java:707)
	at org.springframework.beans.factory.support.DefaultListableBeanFactory.destroySingletons(DefaultListableBeanFactory.java:1482)
	at org.springframework.context.support.AbstractApplicationContext.destroyBeans(AbstractApplicationContext.java:1219)
	at org.springframework.context.support.AbstractApplicationContext.doClose(AbstractApplicationContext.java:1180)
	at org.springframework.boot.web.servlet.context.ServletWebServerApplicationContext.doClose(ServletWebServerApplicationContext.java:179)
	at org.springframework.context.support.AbstractApplicationContext.close(AbstractApplicationContext.java:1126)
	at org.springframework.boot.admin.SpringApplicationAdminMXBeanRegistrar$SpringApplicationAdmin.shutdown(SpringApplicationAdminMXBeanRegistrar.java:160)
	at java.base/jdk.internal.reflect.DirectMethodHandleAccessor.invoke(DirectMethodHandleAccessor.java:103)
	at java.base/java.lang.reflect.Method.invoke(Method.java:580)
	at sun.reflect.misc.Trampoline.invoke(MethodUtil.java:64)
	at java.base/jdk.internal.reflect.DirectMethodHandleAccessor.invoke(DirectMethodHandleAccessor.java:103)
	at java.base/java.lang.reflect.Method.invoke(Method.java:580)
	at java.base/sun.reflect.misc.MethodUtil.invoke(MethodUtil.java:97)
	at java.management/com.sun.jmx.mbeanserver.ConvertingMethod.invokeWithOpenReturn(ConvertingMethod.java:193)
	at java.management/com.sun.jmx.mbeanserver.ConvertingMethod.invokeWithOpenReturn(ConvertingMethod.java:175)
	at java.management/com.sun.jmx.mbeanserver.MXBeanIntrospector.invokeM2(MXBeanIntrospector.java:115)
	at java.management/com.sun.jmx.mbeanserver.MXBeanIntrospector.invokeM2(MXBeanIntrospector.java:52)
	at java.management/com.sun.jmx.mbeanserver.MBeanIntrospector.invokeM(MBeanIntrospector.java:236)
	at java.management/com.sun.jmx.mbeanserver.PerInterface.invoke(PerInterface.java:138)
	at java.management/com.sun.jmx.mbeanserver.MBeanSupport.invoke(MBeanSupport.java:252)
	at java.management/com.sun.jmx.interceptor.DefaultMBeanServerInterceptor.invoke(DefaultMBeanServerInterceptor.java:803)
	at java.management/com.sun.jmx.mbeanserver.JmxMBeanServer.invoke(JmxMBeanServer.java:802)
	at java.management.rmi/javax.management.remote.rmi.RMIConnectionImpl.doOperation(RMIConnectionImpl.java:1472)
	at java.management.rmi/javax.management.remote.rmi.RMIConnectionImpl$PrivilegedOperation.run(RMIConnectionImpl.java:1310)
	at java.management.rmi/javax.management.remote.rmi.RMIConnectionImpl.doPrivilegedOperation(RMIConnectionImpl.java:1405)
	at java.management.rmi/javax.management.remote.rmi.RMIConnectionImpl.invoke(RMIConnectionImpl.java:829)
	at java.base/jdk.internal.reflect.DirectMethodHandleAccessor.invoke(DirectMethodHandleAccessor.java:103)
	at java.base/java.lang.reflect.Method.invoke(Method.java:580)
	at java.rmi/sun.rmi.server.UnicastServerRef.dispatch(UnicastServerRef.java:360)
	at java.rmi/sun.rmi.transport.Transport$1.run(Transport.java:200)
	at java.rmi/sun.rmi.transport.Transport$1.run(Transport.java:197)
	at java.base/java.security.AccessController.doPrivileged(AccessController.java:714)
	at java.rmi/sun.rmi.transport.Transport.serviceCall(Transport.java:196)
	at java.rmi/sun.rmi.transport.tcp.TCPTransport.handleMessages(TCPTransport.java:598)
	at java.rmi/sun.rmi.transport.tcp.TCPTransport$ConnectionHandler.run0(TCPTransport.java:844)
	at java.rmi/sun.rmi.transport.tcp.TCPTransport$ConnectionHandler.lambda$run$0(TCPTransport.java:721)
	at java.base/java.security.AccessController.doPrivileged(AccessController.java:400)
	at java.rmi/sun.rmi.transport.tcp.TCPTransport$ConnectionHandler.run(TCPTransport.java:720)
	at java.base/java.util.concurrent.ThreadPoolExecutor.runWorker(ThreadPoolExecutor.java:1144)
	at java.base/java.util.concurrent.ThreadPoolExecutor$Worker.run(ThreadPoolExecutor.java:642)
	at java.base/java.lang.Thread.run(Thread.java:1583)
Caused by: org.apache.hc.client5.http.HttpHostConnectException: Connect to http://localhost:8761 [localhost/127.0.0.1, localhost/0:0:0:0:0:0:0:1] failed: Connection refused: getsockopt
	at java.base/sun.nio.ch.Net.pollConnect(Native Method)
	at java.base/sun.nio.ch.Net.pollConnectNow(Net.java:682)
	at java.base/sun.nio.ch.NioSocketImpl.timedFinishConnect(NioSocketImpl.java:542)
	at java.base/sun.nio.ch.NioSocketImpl.connect(NioSocketImpl.java:592)
	at java.base/java.net.SocksSocketImpl.connect(SocksSocketImpl.java:327)
	at java.base/java.net.Socket.connect(Socket.java:751)
	at org.apache.hc.client5.http.impl.io.DefaultHttpClientConnectionOperator.connect(DefaultHttpClientConnectionOperator.java:216)
	at org.apache.hc.client5.http.impl.io.PoolingHttpClientConnectionManager.connect(PoolingHttpClientConnectionManager.java:490)
	at org.apache.hc.client5.http.impl.classic.InternalExecRuntime.connectEndpoint(InternalExecRuntime.java:164)
	at org.apache.hc.client5.http.impl.classic.InternalExecRuntime.connectEndpoint(InternalExecRuntime.java:174)
	at org.apache.hc.client5.http.impl.classic.ConnectExec.execute(ConnectExec.java:144)
	at org.apache.hc.client5.http.impl.classic.ExecChainElement.execute(ExecChainElement.java:51)
	at org.apache.hc.client5.http.impl.classic.ProtocolExec.execute(ProtocolExec.java:192)
	at org.apache.hc.client5.http.impl.classic.ExecChainElement.execute(ExecChainElement.java:51)
	at org.apache.hc.client5.http.impl.classic.ContentCompressionExec.execute(ContentCompressionExec.java:150)
	at org.apache.hc.client5.http.impl.classic.ExecChainElement.execute(ExecChainElement.java:51)
	at org.apache.hc.client5.http.impl.classic.HttpRequestRetryExec.execute(HttpRequestRetryExec.java:113)
	at org.apache.hc.client5.http.impl.classic.ExecChainElement.execute(ExecChainElement.java:51)
	at org.apache.hc.client5.http.impl.classic.RedirectExec.execute(RedirectExec.java:110)
	at org.apache.hc.client5.http.impl.classic.ExecChainElement.execute(ExecChainElement.java:51)
	at org.apache.hc.client5.http.impl.classic.InternalHttpClient.doExecute(InternalHttpClient.java:183)
	at org.apache.hc.client5.http.impl.classic.CloseableHttpClient.execute(CloseableHttpClient.java:87)
	at org.apache.hc.client5.http.impl.classic.CloseableHttpClient.execute(CloseableHttpClient.java:55)
	at org.apache.hc.client5.http.classic.HttpClient.executeOpen(HttpClient.java:183)
	at org.springframework.http.client.HttpComponentsClientHttpRequest.executeInternal(HttpComponentsClientHttpRequest.java:99)
	at org.springframework.http.client.AbstractStreamingClientHttpRequest.executeInternal(AbstractStreamingClientHttpRequest.java:71)
	at org.springframework.http.client.AbstractClientHttpRequest.execute(AbstractClientHttpRequest.java:81)
	at org.springframework.http.client.InterceptingClientHttpRequest$InterceptingRequestExecution.execute(InterceptingClientHttpRequest.java:117)
	at org.springframework.cloud.netflix.eureka.http.RestTemplateTransportClientFactory.lambda$restTemplate$3(RestTemplateTransportClientFactory.java:141)
	at org.springframework.http.client.InterceptingClientHttpRequest$InterceptingRequestExecution.execute(InterceptingClientHttpRequest.java:88)
	at org.springframework.http.client.InterceptingClientHttpRequest.executeInternal(InterceptingClientHttpRequest.java:72)
	at org.springframework.http.client.AbstractBufferingClientHttpRequest.executeInternal(AbstractBufferingClientHttpRequest.java:48)
	at org.springframework.http.client.AbstractClientHttpRequest.execute(AbstractClientHttpRequest.java:81)
	at org.springframework.web.client.RestTemplate.doExecute(RestTemplate.java:900)
	... 69 more

2025-10-29T01:45:09.334-05:00  WARN 28516 --- [mesa-service] [RMI TCP Connection(163)-127.0.0.1] c.n.d.s.t.d.RetryableEurekaHttpClient    : Request execution failed with message: I/O error on DELETE request for "http://localhost:8761/eureka/apps/MESA-SERVICE/mesa-service:8102fde7a664e16a73d2127f434bb463": Connect to http://localhost:8761 [localhost/127.0.0.1, localhost/0:0:0:0:0:0:0:1] failed: Connection refused: getsockopt
2025-10-29T01:45:09.334-05:00 ERROR 28516 --- [mesa-service] [RMI TCP Connection(163)-127.0.0.1] com.netflix.discovery.DiscoveryClient    : DiscoveryClient_MESA-SERVICE/mesa-service:8102fde7a664e16a73d2127f434bb463 - de-registration failedCannot execute request on any known server

com.netflix.discovery.shared.transport.TransportException: Cannot execute request on any known server
	at com.netflix.discovery.shared.transport.decorator.RetryableEurekaHttpClient.execute(RetryableEurekaHttpClient.java:112) ~[eureka-client-2.0.4.jar:2.0.4]
	at com.netflix.discovery.shared.transport.decorator.EurekaHttpClientDecorator.cancel(EurekaHttpClientDecorator.java:71) ~[eureka-client-2.0.4.jar:2.0.4]
	at com.netflix.discovery.shared.transport.decorator.EurekaHttpClientDecorator$2.execute(EurekaHttpClientDecorator.java:74) ~[eureka-client-2.0.4.jar:2.0.4]
	at com.netflix.discovery.shared.transport.decorator.SessionedEurekaHttpClient.execute(SessionedEurekaHttpClient.java:76) ~[eureka-client-2.0.4.jar:2.0.4]
	at com.netflix.discovery.shared.transport.decorator.EurekaHttpClientDecorator.cancel(EurekaHttpClientDecorator.java:71) ~[eureka-client-2.0.4.jar:2.0.4]
	at com.netflix.discovery.DiscoveryClient.unregister(DiscoveryClient.java:919) ~[eureka-client-2.0.4.jar:2.0.4]
	at com.netflix.discovery.DiscoveryClient.shutdown(DiscoveryClient.java:900) ~[eureka-client-2.0.4.jar:2.0.4]
	at java.base/jdk.internal.reflect.DirectMethodHandleAccessor.invoke(DirectMethodHandleAccessor.java:103) ~[na:na]
	at java.base/java.lang.reflect.Method.invoke(Method.java:580) ~[na:na]
	at org.springframework.beans.factory.annotation.InitDestroyAnnotationBeanPostProcessor$LifecycleMethod.invoke(InitDestroyAnnotationBeanPostProcessor.java:457) ~[spring-beans-6.2.11.jar:6.2.11]
	at org.springframework.beans.factory.annotation.InitDestroyAnnotationBeanPostProcessor$LifecycleMetadata.invokeDestroyMethods(InitDestroyAnnotationBeanPostProcessor.java:415) ~[spring-beans-6.2.11.jar:6.2.11]
	at org.springframework.beans.factory.annotation.InitDestroyAnnotationBeanPostProcessor.postProcessBeforeDestruction(InitDestroyAnnotationBeanPostProcessor.java:239) ~[spring-beans-6.2.11.jar:6.2.11]
	at org.springframework.beans.factory.support.DisposableBeanAdapter.destroy(DisposableBeanAdapter.java:203) ~[spring-beans-6.2.11.jar:6.2.11]
	at org.springframework.beans.factory.support.DisposableBeanAdapter.run(DisposableBeanAdapter.java:196) ~[spring-beans-6.2.11.jar:6.2.11]
	at org.springframework.cloud.context.scope.GenericScope$BeanLifecycleWrapper.destroy(GenericScope.java:389) ~[spring-cloud-context-4.2.0.jar:4.2.0]
	at org.springframework.cloud.context.scope.GenericScope.destroy(GenericScope.java:136) ~[spring-cloud-context-4.2.0.jar:4.2.0]
	at org.springframework.beans.factory.support.DisposableBeanAdapter.destroy(DisposableBeanAdapter.java:212) ~[spring-beans-6.2.11.jar:6.2.11]
	at org.springframework.beans.factory.support.DefaultSingletonBeanRegistry.destroyBean(DefaultSingletonBeanRegistry.java:798) ~[spring-beans-6.2.11.jar:6.2.11]
	at org.springframework.beans.factory.support.DefaultSingletonBeanRegistry.destroySingleton(DefaultSingletonBeanRegistry.java:748) ~[spring-beans-6.2.11.jar:6.2.11]
	at org.springframework.beans.factory.support.DefaultListableBeanFactory.destroySingleton(DefaultListableBeanFactory.java:1489) ~[spring-beans-6.2.11.jar:6.2.11]
	at org.springframework.beans.factory.support.DefaultSingletonBeanRegistry.destroySingletons(DefaultSingletonBeanRegistry.java:707) ~[spring-beans-6.2.11.jar:6.2.11]
	at org.springframework.beans.factory.support.DefaultListableBeanFactory.destroySingletons(DefaultListableBeanFactory.java:1482) ~[spring-beans-6.2.11.jar:6.2.11]
	at org.springframework.context.support.AbstractApplicationContext.destroyBeans(AbstractApplicationContext.java:1219) ~[spring-context-6.2.11.jar:6.2.11]
	at org.springframework.context.support.AbstractApplicationContext.doClose(AbstractApplicationContext.java:1180) ~[spring-context-6.2.11.jar:6.2.11]
	at org.springframework.boot.web.servlet.context.ServletWebServerApplicationContext.doClose(ServletWebServerApplicationContext.java:179) ~[spring-boot-3.4.10.jar:3.4.10]
	at org.springframework.context.support.AbstractApplicationContext.close(AbstractApplicationContext.java:1126) ~[spring-context-6.2.11.jar:6.2.11]
	at org.springframework.boot.admin.SpringApplicationAdminMXBeanRegistrar$SpringApplicationAdmin.shutdown(SpringApplicationAdminMXBeanRegistrar.java:160) ~[spring-boot-3.4.10.jar:3.4.10]
	at java.base/jdk.internal.reflect.DirectMethodHandleAccessor.invoke(DirectMethodHandleAccessor.java:103) ~[na:na]
	at java.base/java.lang.reflect.Method.invoke(Method.java:580) ~[na:na]
	at sun.reflect.misc.Trampoline.invoke(MethodUtil.java:64) ~[na:na]
	at java.base/jdk.internal.reflect.DirectMethodHandleAccessor.invoke(DirectMethodHandleAccessor.java:103) ~[na:na]
	at java.base/java.lang.reflect.Method.invoke(Method.java:580) ~[na:na]
	at java.base/sun.reflect.misc.MethodUtil.invoke(MethodUtil.java:97) ~[na:na]
	at java.management/com.sun.jmx.mbeanserver.ConvertingMethod.invokeWithOpenReturn(ConvertingMethod.java:193) ~[na:na]
	at java.management/com.sun.jmx.mbeanserver.ConvertingMethod.invokeWithOpenReturn(ConvertingMethod.java:175) ~[na:na]
	at java.management/com.sun.jmx.mbeanserver.MXBeanIntrospector.invokeM2(MXBeanIntrospector.java:115) ~[na:na]
	at java.management/com.sun.jmx.mbeanserver.MXBeanIntrospector.invokeM2(MXBeanIntrospector.java:52) ~[na:na]
	at java.management/com.sun.jmx.mbeanserver.MBeanIntrospector.invokeM(MBeanIntrospector.java:236) ~[na:na]
	at java.management/com.sun.jmx.mbeanserver.PerInterface.invoke(PerInterface.java:138) ~[na:na]
	at java.management/com.sun.jmx.mbeanserver.MBeanSupport.invoke(MBeanSupport.java:252) ~[na:na]
	at java.management/com.sun.jmx.interceptor.DefaultMBeanServerInterceptor.invoke(DefaultMBeanServerInterceptor.java:803) ~[na:na]
	at java.management/com.sun.jmx.mbeanserver.JmxMBeanServer.invoke(JmxMBeanServer.java:802) ~[na:na]
	at java.management.rmi/javax.management.remote.rmi.RMIConnectionImpl.doOperation(RMIConnectionImpl.java:1472) ~[na:na]
	at java.management.rmi/javax.management.remote.rmi.RMIConnectionImpl$PrivilegedOperation.run(RMIConnectionImpl.java:1310) ~[na:na]
	at java.management.rmi/javax.management.remote.rmi.RMIConnectionImpl.doPrivilegedOperation(RMIConnectionImpl.java:1405) ~[na:na]
	at java.management.rmi/javax.management.remote.rmi.RMIConnectionImpl.invoke(RMIConnectionImpl.java:829) ~[na:na]
	at java.base/jdk.internal.reflect.DirectMethodHandleAccessor.invoke(DirectMethodHandleAccessor.java:103) ~[na:na]
	at java.base/java.lang.reflect.Method.invoke(Method.java:580) ~[na:na]
	at java.rmi/sun.rmi.server.UnicastServerRef.dispatch(UnicastServerRef.java:360) ~[na:na]
	at java.rmi/sun.rmi.transport.Transport$1.run(Transport.java:200) ~[na:na]
	at java.rmi/sun.rmi.transport.Transport$1.run(Transport.java:197) ~[na:na]
	at java.base/java.security.AccessController.doPrivileged(AccessController.java:714) ~[na:na]
	at java.rmi/sun.rmi.transport.Transport.serviceCall(Transport.java:196) ~[na:na]
	at java.rmi/sun.rmi.transport.tcp.TCPTransport.handleMessages(TCPTransport.java:598) ~[na:na]
	at java.rmi/sun.rmi.transport.tcp.TCPTransport$ConnectionHandler.run0(TCPTransport.java:844) ~[na:na]
	at java.rmi/sun.rmi.transport.tcp.TCPTransport$ConnectionHandler.lambda$run$0(TCPTransport.java:721) ~[na:na]
	at java.base/java.security.AccessController.doPrivileged(AccessController.java:400) ~[na:na]
	at java.rmi/sun.rmi.transport.tcp.TCPTransport$ConnectionHandler.run(TCPTransport.java:720) ~[na:na]
	at java.base/java.util.concurrent.ThreadPoolExecutor.runWorker(ThreadPoolExecutor.java:1144) ~[na:na]
	at java.base/java.util.concurrent.ThreadPoolExecutor$Worker.run(ThreadPoolExecutor.java:642) ~[na:na]
	at java.base/java.lang.Thread.run(Thread.java:1583) ~[na:na]

2025-10-29T01:45:09.358-05:00  INFO 28516 --- [mesa-service] [RMI TCP Connection(163)-127.0.0.1] com.netflix.discovery.DiscoveryClient    : Completed shut down of DiscoveryClient
2025-10-29T01:45:32.669-05:00  INFO 17424 --- [mesa-service] [restartedMain] org.cibertec.MesaServiceApplication      : Starting MesaServiceApplication using Java 21.0.8 with PID 17424 (C:\Users\ronca\OneDrive\Escritorio\Dev\DAW2\mesa-service\target\classes started by Arturo in C:\Users\ronca\OneDrive\Escritorio\Dev\DAW2\mesa-service)
2025-10-29T01:45:32.676-05:00  INFO 17424 --- [mesa-service] [restartedMain] org.cibertec.MesaServiceApplication      : No active profile set, falling back to 1 default profile: "default"
2025-10-29T01:45:32.791-05:00  INFO 17424 --- [mesa-service] [restartedMain] o.s.c.c.c.ConfigServerConfigDataLoader   : Fetching config from server at : http://localhost:8888
2025-10-29T01:45:32.792-05:00  INFO 17424 --- [mesa-service] [restartedMain] o.s.c.c.c.ConfigServerConfigDataLoader   : Located environment: name=mesa-service, profiles=[default], label=null, version=null, state=null
2025-10-29T01:45:32.796-05:00  INFO 17424 --- [mesa-service] [restartedMain] .e.DevToolsPropertyDefaultsPostProcessor : Devtools property defaults active! Set 'spring.devtools.add-properties' to 'false' to disable
2025-10-29T01:45:32.797-05:00  INFO 17424 --- [mesa-service] [restartedMain] .e.DevToolsPropertyDefaultsPostProcessor : For additional web related logging consider setting the 'logging.level.web' property to 'DEBUG'
2025-10-29T01:45:36.548-05:00  INFO 17424 --- [mesa-service] [restartedMain] .s.d.r.c.RepositoryConfigurationDelegate : Bootstrapping Spring Data JPA repositories in DEFAULT mode.
2025-10-29T01:45:36.956-05:00  INFO 17424 --- [mesa-service] [restartedMain] .s.d.r.c.RepositoryConfigurationDelegate : Finished Spring Data repository scanning in 384 ms. Found 2 JPA repository interfaces.
2025-10-29T01:45:37.772-05:00  INFO 17424 --- [mesa-service] [restartedMain] o.s.cloud.context.scope.GenericScope     : BeanFactory id=823c8160-9f4f-31dd-b49f-a9354c025533
2025-10-29T01:45:39.112-05:00  INFO 17424 --- [mesa-service] [restartedMain] o.s.b.w.embedded.tomcat.TomcatWebServer  : Tomcat initialized with port 0 (http)
2025-10-29T01:45:39.153-05:00  INFO 17424 --- [mesa-service] [restartedMain] o.apache.catalina.core.StandardService   : Starting service [Tomcat]
2025-10-29T01:45:39.154-05:00  INFO 17424 --- [mesa-service] [restartedMain] o.apache.catalina.core.StandardEngine    : Starting Servlet engine: [Apache Tomcat/10.1.46]
2025-10-29T01:45:39.304-05:00  INFO 17424 --- [mesa-service] [restartedMain] o.a.c.c.C.[Tomcat].[localhost].[/]       : Initializing Spring embedded WebApplicationContext
2025-10-29T01:45:39.305-05:00  INFO 17424 --- [mesa-service] [restartedMain] w.s.c.ServletWebServerApplicationContext : Root WebApplicationContext: initialization completed in 6507 ms
2025-10-29T01:45:40.027-05:00  INFO 17424 --- [mesa-service] [restartedMain] com.zaxxer.hikari.HikariDataSource       : HikariPool-1 - Starting...
2025-10-29T01:45:40.818-05:00  INFO 17424 --- [mesa-service] [restartedMain] com.zaxxer.hikari.pool.HikariPool        : HikariPool-1 - Added connection com.mysql.cj.jdbc.ConnectionImpl@64b045ca
2025-10-29T01:45:40.822-05:00  INFO 17424 --- [mesa-service] [restartedMain] com.zaxxer.hikari.HikariDataSource       : HikariPool-1 - Start completed.
2025-10-29T01:45:41.023-05:00  INFO 17424 --- [mesa-service] [restartedMain] o.hibernate.jpa.internal.util.LogHelper  : HHH000204: Processing PersistenceUnitInfo [name: default]
2025-10-29T01:45:41.382-05:00  INFO 17424 --- [mesa-service] [restartedMain] org.hibernate.Version                    : HHH000412: Hibernate ORM core version 6.6.29.Final
2025-10-29T01:45:41.571-05:00  INFO 17424 --- [mesa-service] [restartedMain] o.h.c.internal.RegionFactoryInitiator    : HHH000026: Second-level cache disabled
2025-10-29T01:45:42.468-05:00  INFO 17424 --- [mesa-service] [restartedMain] o.s.o.j.p.SpringPersistenceUnitInfo      : No LoadTimeWeaver setup: ignoring JPA class transformer
2025-10-29T01:45:42.782-05:00  INFO 17424 --- [mesa-service] [restartedMain] org.hibernate.orm.connections.pooling    : HHH10001005: Database info:
	Database JDBC URL [Connecting through datasource 'HikariDataSource (HikariPool-1)']
	Database driver: undefined/unknown
	Database version: 8.0.34
	Autocommit mode: undefined/unknown
	Isolation level: undefined/unknown
	Minimum pool size: undefined/unknown
	Maximum pool size: undefined/unknown
2025-10-29T01:45:45.549-05:00  INFO 17424 --- [mesa-service] [restartedMain] o.h.e.t.j.p.i.JtaPlatformInitiator       : HHH000489: No JTA platform available (set 'hibernate.transaction.jta.platform' to enable JTA platform integration)
2025-10-29T01:45:45.556-05:00  INFO 17424 --- [mesa-service] [restartedMain] j.LocalContainerEntityManagerFactoryBean : Initialized JPA EntityManagerFactory for persistence unit 'default'
2025-10-29T01:45:46.487-05:00  WARN 17424 --- [mesa-service] [restartedMain] JpaBaseConfiguration$JpaWebConfiguration : spring.jpa.open-in-view is enabled by default. Therefore, database queries may be performed during view rendering. Explicitly configure spring.jpa.open-in-view to disable this warning
2025-10-29T01:45:47.864-05:00  INFO 17424 --- [mesa-service] [restartedMain] o.s.b.a.e.web.EndpointLinksResolver      : Exposing 18 endpoints beneath base path '/actuator'
2025-10-29T01:45:48.989-05:00  WARN 17424 --- [mesa-service] [restartedMain] o.s.b.d.a.OptionalLiveReloadServer       : Unable to start LiveReload server
2025-10-29T01:45:49.039-05:00  INFO 17424 --- [mesa-service] [restartedMain] DiscoveryClientOptionalArgsConfiguration : Eureka HTTP Client uses RestTemplate.
2025-10-29T01:45:49.125-05:00  WARN 17424 --- [mesa-service] [restartedMain] iguration$LoadBalancerCaffeineWarnLogger : Spring Cloud LoadBalancer is currently working with the default cache. While this cache implementation is useful for development and tests, it's recommended to use Caffeine cache in production.You can switch to using Caffeine cache, by adding it and org.springframework.cache.caffeine.CaffeineCacheManager to the classpath.
2025-10-29T01:45:49.397-05:00  INFO 17424 --- [mesa-service] [restartedMain] o.s.b.w.embedded.tomcat.TomcatWebServer  : Tomcat started on port 50701 (http) with context path '/'
2025-10-29T01:45:49.402-05:00  INFO 17424 --- [mesa-service] [restartedMain] .s.c.n.e.s.EurekaAutoServiceRegistration : Updating port to 50701
2025-10-29T01:45:49.413-05:00  INFO 17424 --- [mesa-service] [restartedMain] o.s.c.n.eureka.InstanceInfoFactory       : Setting initial instance status as: STARTING
2025-10-29T01:45:49.471-05:00  INFO 17424 --- [mesa-service] [restartedMain] com.netflix.discovery.DiscoveryClient    : Initializing Eureka in region us-east-1
2025-10-29T01:45:49.482-05:00  INFO 17424 --- [mesa-service] [restartedMain] c.n.d.s.r.aws.ConfigClusterResolver      : Resolving eureka endpoints via configuration
2025-10-29T01:45:49.506-05:00  INFO 17424 --- [mesa-service] [restartedMain] com.netflix.discovery.DiscoveryClient    : Disable delta property : false
2025-10-29T01:45:49.507-05:00  INFO 17424 --- [mesa-service] [restartedMain] com.netflix.discovery.DiscoveryClient    : Single vip registry refresh property : null
2025-10-29T01:45:49.507-05:00  INFO 17424 --- [mesa-service] [restartedMain] com.netflix.discovery.DiscoveryClient    : Force full registry fetch : false
2025-10-29T01:45:49.507-05:00  INFO 17424 --- [mesa-service] [restartedMain] com.netflix.discovery.DiscoveryClient    : Application is null : false
2025-10-29T01:45:49.507-05:00  INFO 17424 --- [mesa-service] [restartedMain] com.netflix.discovery.DiscoveryClient    : Registered Applications size is zero : true
2025-10-29T01:45:49.507-05:00  INFO 17424 --- [mesa-service] [restartedMain] com.netflix.discovery.DiscoveryClient    : Application version is -1: true
2025-10-29T01:45:49.508-05:00  INFO 17424 --- [mesa-service] [restartedMain] com.netflix.discovery.DiscoveryClient    : Getting all instance registry info from the eureka server
2025-10-29T01:45:50.040-05:00  INFO 17424 --- [mesa-service] [restartedMain] com.netflix.discovery.DiscoveryClient    : The response status is 200
2025-10-29T01:45:50.043-05:00  INFO 17424 --- [mesa-service] [restartedMain] com.netflix.discovery.DiscoveryClient    : Starting heartbeat executor: renew interval is: 30
2025-10-29T01:45:50.051-05:00  INFO 17424 --- [mesa-service] [restartedMain] c.n.discovery.InstanceInfoReplicator     : InstanceInfoReplicator onDemand update allowed rate per min is 4
2025-10-29T01:45:50.056-05:00  INFO 17424 --- [mesa-service] [restartedMain] com.netflix.discovery.DiscoveryClient    : Discovery Client initialized at timestamp 1761720350055 with initial instances count: 0
2025-10-29T01:45:50.069-05:00  INFO 17424 --- [mesa-service] [restartedMain] o.s.c.n.e.s.EurekaServiceRegistry        : Registering application MESA-SERVICE with eureka with status UP
2025-10-29T01:45:50.071-05:00  INFO 17424 --- [mesa-service] [restartedMain] com.netflix.discovery.DiscoveryClient    : Saw local status change event StatusChangeEvent [timestamp=1761720350071, current=UP, previous=STARTING]
2025-10-29T01:45:50.076-05:00  INFO 17424 --- [mesa-service] [DiscoveryClient-InstanceInfoReplicator-%d] com.netflix.discovery.DiscoveryClient    : DiscoveryClient_MESA-SERVICE/mesa-service:615a99505bd783beb5c8ba8bd812d0c6: registering service...
2025-10-29T01:45:50.128-05:00  INFO 17424 --- [mesa-service] [restartedMain] org.cibertec.MesaServiceApplication      : Started MesaServiceApplication in 20.826 seconds (process running for 26.095)
2025-10-29T01:45:50.187-05:00  INFO 17424 --- [mesa-service] [DiscoveryClient-InstanceInfoReplicator-%d] com.netflix.discovery.DiscoveryClient    : DiscoveryClient_MESA-SERVICE/mesa-service:615a99505bd783beb5c8ba8bd812d0c6 - registration status: 204
2025-10-29T01:45:50.771-05:00  INFO 17424 --- [mesa-service] [RMI TCP Connection(6)-127.0.0.1] o.a.c.c.C.[Tomcat].[localhost].[/]       : Initializing Spring DispatcherServlet 'dispatcherServlet'
2025-10-29T01:45:50.772-05:00  INFO 17424 --- [mesa-service] [RMI TCP Connection(6)-127.0.0.1] o.s.web.servlet.DispatcherServlet        : Initializing Servlet 'dispatcherServlet'
2025-10-29T01:45:50.774-05:00  INFO 17424 --- [mesa-service] [RMI TCP Connection(6)-127.0.0.1] o.s.web.servlet.DispatcherServlet        : Completed initialization in 2 ms
2025-10-29T01:46:20.056-05:00  INFO 17424 --- [mesa-service] [DiscoveryClient-CacheRefreshExecutor-%d] com.netflix.discovery.DiscoveryClient    : Disable delta property : false
2025-10-29T01:46:20.057-05:00  INFO 17424 --- [mesa-service] [DiscoveryClient-CacheRefreshExecutor-%d] com.netflix.discovery.DiscoveryClient    : Single vip registry refresh property : null
2025-10-29T01:46:20.057-05:00  INFO 17424 --- [mesa-service] [DiscoveryClient-CacheRefreshExecutor-%d] com.netflix.discovery.DiscoveryClient    : Force full registry fetch : false
2025-10-29T01:46:20.057-05:00  INFO 17424 --- [mesa-service] [DiscoveryClient-CacheRefreshExecutor-%d] com.netflix.discovery.DiscoveryClient    : Application is null : false
2025-10-29T01:46:20.057-05:00  INFO 17424 --- [mesa-service] [DiscoveryClient-CacheRefreshExecutor-%d] com.netflix.discovery.DiscoveryClient    : Registered Applications size is zero : true
2025-10-29T01:46:20.057-05:00  INFO 17424 --- [mesa-service] [DiscoveryClient-CacheRefreshExecutor-%d] com.netflix.discovery.DiscoveryClient    : Application version is -1: false
2025-10-29T01:46:20.057-05:00  INFO 17424 --- [mesa-service] [DiscoveryClient-CacheRefreshExecutor-%d] com.netflix.discovery.DiscoveryClient    : Getting all instance registry info from the eureka server
2025-10-29T01:46:20.091-05:00  INFO 17424 --- [mesa-service] [DiscoveryClient-CacheRefreshExecutor-%d] com.netflix.discovery.DiscoveryClient    : The response status is 200
2025-10-29T01:50:49.512-05:00  INFO 17424 --- [mesa-service] [AsyncResolver-bootstrap-executor-%d] c.n.d.s.r.aws.ConfigClusterResolver      : Resolving eureka endpoints via configuration
2025-10-29T01:54:03.208-05:00  INFO 17424 --- [mesa-service] [File Watcher] rtingClassPathChangeChangedEventListener : Restarting due to 1 class path change (0 additions, 0 deletions, 1 modification)
2025-10-29T01:54:03.212-05:00  INFO 17424 --- [mesa-service] [Thread-1] o.s.c.n.e.s.EurekaServiceRegistry        : Unregistering application MESA-SERVICE with eureka with status DOWN
2025-10-29T01:54:03.212-05:00  INFO 17424 --- [mesa-service] [Thread-1] com.netflix.discovery.DiscoveryClient    : Saw local status change event StatusChangeEvent [timestamp=1761720843212, current=DOWN, previous=UP]
2025-10-29T01:54:03.212-05:00  INFO 17424 --- [mesa-service] [DiscoveryClient-InstanceInfoReplicator-%d] com.netflix.discovery.DiscoveryClient    : DiscoveryClient_MESA-SERVICE/mesa-service:615a99505bd783beb5c8ba8bd812d0c6: registering service...
2025-10-29T01:54:03.218-05:00  INFO 17424 --- [mesa-service] [Thread-1] o.s.b.w.e.tomcat.GracefulShutdown        : Commencing graceful shutdown. Waiting for active requests to complete
2025-10-29T01:54:03.221-05:00  INFO 17424 --- [mesa-service] [DiscoveryClient-InstanceInfoReplicator-%d] com.netflix.discovery.DiscoveryClient    : DiscoveryClient_MESA-SERVICE/mesa-service:615a99505bd783beb5c8ba8bd812d0c6 - registration status: 204
2025-10-29T01:54:03.228-05:00  INFO 17424 --- [mesa-service] [tomcat-shutdown] o.s.b.w.e.tomcat.GracefulShutdown        : Graceful shutdown complete
2025-10-29T01:54:03.253-05:00  INFO 17424 --- [mesa-service] [Thread-1] j.LocalContainerEntityManagerFactoryBean : Closing JPA EntityManagerFactory for persistence unit 'default'
2025-10-29T01:54:03.257-05:00  INFO 17424 --- [mesa-service] [Thread-1] com.zaxxer.hikari.HikariDataSource       : HikariPool-1 - Shutdown initiated...
2025-10-29T01:54:03.273-05:00  INFO 17424 --- [mesa-service] [Thread-1] com.zaxxer.hikari.HikariDataSource       : HikariPool-1 - Shutdown completed.
2025-10-29T01:54:03.274-05:00  INFO 17424 --- [mesa-service] [Thread-1] com.netflix.discovery.DiscoveryClient    : Shutting down DiscoveryClient ...
2025-10-29T01:54:06.277-05:00  INFO 17424 --- [mesa-service] [Thread-1] com.netflix.discovery.DiscoveryClient    : Unregistering ...
2025-10-29T01:54:06.298-05:00  INFO 17424 --- [mesa-service] [Thread-1] com.netflix.discovery.DiscoveryClient    : DiscoveryClient_MESA-SERVICE/mesa-service:615a99505bd783beb5c8ba8bd812d0c6 - deregister  status: 200
2025-10-29T01:54:06.299-05:00  INFO 17424 --- [mesa-service] [Thread-1] com.netflix.discovery.DiscoveryClient    : Completed shut down of DiscoveryClient
2025-10-29T01:54:06.490-05:00  INFO 17424 --- [mesa-service] [restartedMain] org.cibertec.MesaServiceApplication      : Starting MesaServiceApplication using Java 21.0.8 with PID 17424 (C:\Users\ronca\OneDrive\Escritorio\Dev\DAW2\mesa-service\target\classes started by Arturo in C:\Users\ronca\OneDrive\Escritorio\Dev\DAW2\mesa-service)
2025-10-29T01:54:06.490-05:00  INFO 17424 --- [mesa-service] [restartedMain] org.cibertec.MesaServiceApplication      : No active profile set, falling back to 1 default profile: "default"
2025-10-29T01:54:06.495-05:00  INFO 17424 --- [mesa-service] [restartedMain] o.s.c.c.c.ConfigServerConfigDataLoader   : Fetching config from server at : http://localhost:8888
2025-10-29T01:54:06.495-05:00  INFO 17424 --- [mesa-service] [restartedMain] o.s.c.c.c.ConfigServerConfigDataLoader   : Located environment: name=mesa-service, profiles=[default], label=null, version=null, state=null
2025-10-29T01:54:07.320-05:00  INFO 17424 --- [mesa-service] [restartedMain] .s.d.r.c.RepositoryConfigurationDelegate : Bootstrapping Spring Data JPA repositories in DEFAULT mode.
2025-10-29T01:54:07.345-05:00  INFO 17424 --- [mesa-service] [restartedMain] .s.d.r.c.RepositoryConfigurationDelegate : Finished Spring Data repository scanning in 21 ms. Found 2 JPA repository interfaces.
2025-10-29T01:54:07.555-05:00  INFO 17424 --- [mesa-service] [restartedMain] o.s.cloud.context.scope.GenericScope     : BeanFactory id=823c8160-9f4f-31dd-b49f-a9354c025533
2025-10-29T01:54:07.755-05:00  INFO 17424 --- [mesa-service] [restartedMain] o.s.b.w.embedded.tomcat.TomcatWebServer  : Tomcat initialized with port 0 (http)
2025-10-29T01:54:07.759-05:00  INFO 17424 --- [mesa-service] [restartedMain] o.apache.catalina.core.StandardService   : Starting service [Tomcat]
2025-10-29T01:54:07.759-05:00  INFO 17424 --- [mesa-service] [restartedMain] o.apache.catalina.core.StandardEngine    : Starting Servlet engine: [Apache Tomcat/10.1.46]
2025-10-29T01:54:07.814-05:00  INFO 17424 --- [mesa-service] [restartedMain] o.a.c.c.C.[Tomcat].[localhost].[/]       : Initializing Spring embedded WebApplicationContext
2025-10-29T01:54:07.815-05:00  INFO 17424 --- [mesa-service] [restartedMain] w.s.c.ServletWebServerApplicationContext : Root WebApplicationContext: initialization completed in 1320 ms
2025-10-29T01:54:07.991-05:00  INFO 17424 --- [mesa-service] [restartedMain] com.zaxxer.hikari.HikariDataSource       : HikariPool-2 - Starting...
2025-10-29T01:54:08.012-05:00  INFO 17424 --- [mesa-service] [restartedMain] com.zaxxer.hikari.pool.HikariPool        : HikariPool-2 - Added connection com.mysql.cj.jdbc.ConnectionImpl@3046333b
2025-10-29T01:54:08.012-05:00  INFO 17424 --- [mesa-service] [restartedMain] com.zaxxer.hikari.HikariDataSource       : HikariPool-2 - Start completed.
2025-10-29T01:54:08.015-05:00  INFO 17424 --- [mesa-service] [restartedMain] o.hibernate.jpa.internal.util.LogHelper  : HHH000204: Processing PersistenceUnitInfo [name: default]
2025-10-29T01:54:08.023-05:00  INFO 17424 --- [mesa-service] [restartedMain] o.h.c.internal.RegionFactoryInitiator    : HHH000026: Second-level cache disabled
2025-10-29T01:54:08.049-05:00  INFO 17424 --- [mesa-service] [restartedMain] o.s.o.j.p.SpringPersistenceUnitInfo      : No LoadTimeWeaver setup: ignoring JPA class transformer
2025-10-29T01:54:08.055-05:00  INFO 17424 --- [mesa-service] [restartedMain] org.hibernate.orm.connections.pooling    : HHH10001005: Database info:
	Database JDBC URL [Connecting through datasource 'HikariDataSource (HikariPool-2)']
	Database driver: undefined/unknown
	Database version: 8.0.34
	Autocommit mode: undefined/unknown
	Isolation level: undefined/unknown
	Minimum pool size: undefined/unknown
	Maximum pool size: undefined/unknown
2025-10-29T01:54:08.261-05:00  INFO 17424 --- [mesa-service] [restartedMain] o.h.e.t.j.p.i.JtaPlatformInitiator       : HHH000489: No JTA platform available (set 'hibernate.transaction.jta.platform' to enable JTA platform integration)
2025-10-29T01:54:08.262-05:00  INFO 17424 --- [mesa-service] [restartedMain] j.LocalContainerEntityManagerFactoryBean : Initialized JPA EntityManagerFactory for persistence unit 'default'
2025-10-29T01:54:08.432-05:00  WARN 17424 --- [mesa-service] [restartedMain] JpaBaseConfiguration$JpaWebConfiguration : spring.jpa.open-in-view is enabled by default. Therefore, database queries may be performed during view rendering. Explicitly configure spring.jpa.open-in-view to disable this warning
2025-10-29T01:54:08.882-05:00  INFO 17424 --- [mesa-service] [restartedMain] o.s.b.a.e.web.EndpointLinksResolver      : Exposing 18 endpoints beneath base path '/actuator'
2025-10-29T01:54:09.251-05:00  WARN 17424 --- [mesa-service] [restartedMain] o.s.b.d.a.OptionalLiveReloadServer       : Unable to start LiveReload server
2025-10-29T01:54:09.292-05:00  INFO 17424 --- [mesa-service] [restartedMain] DiscoveryClientOptionalArgsConfiguration : Eureka HTTP Client uses RestTemplate.
2025-10-29T01:54:09.355-05:00  WARN 17424 --- [mesa-service] [restartedMain] iguration$LoadBalancerCaffeineWarnLogger : Spring Cloud LoadBalancer is currently working with the default cache. While this cache implementation is useful for development and tests, it's recommended to use Caffeine cache in production.You can switch to using Caffeine cache, by adding it and org.springframework.cache.caffeine.CaffeineCacheManager to the classpath.
2025-10-29T01:54:09.457-05:00  INFO 17424 --- [mesa-service] [restartedMain] o.s.b.w.embedded.tomcat.TomcatWebServer  : Tomcat started on port 60706 (http) with context path '/'
2025-10-29T01:54:09.458-05:00  INFO 17424 --- [mesa-service] [restartedMain] .s.c.n.e.s.EurekaAutoServiceRegistration : Updating port to 60706
2025-10-29T01:54:09.460-05:00  INFO 17424 --- [mesa-service] [restartedMain] o.s.c.n.eureka.InstanceInfoFactory       : Setting initial instance status as: STARTING
2025-10-29T01:54:09.468-05:00  INFO 17424 --- [mesa-service] [restartedMain] com.netflix.discovery.DiscoveryClient    : Initializing Eureka in region us-east-1
2025-10-29T01:54:09.470-05:00  INFO 17424 --- [mesa-service] [restartedMain] c.n.d.s.r.aws.ConfigClusterResolver      : Resolving eureka endpoints via configuration
2025-10-29T01:54:09.470-05:00  INFO 17424 --- [mesa-service] [restartedMain] com.netflix.discovery.DiscoveryClient    : Disable delta property : false
2025-10-29T01:54:09.471-05:00  INFO 17424 --- [mesa-service] [restartedMain] com.netflix.discovery.DiscoveryClient    : Single vip registry refresh property : null
2025-10-29T01:54:09.471-05:00  INFO 17424 --- [mesa-service] [restartedMain] com.netflix.discovery.DiscoveryClient    : Force full registry fetch : false
2025-10-29T01:54:09.471-05:00  INFO 17424 --- [mesa-service] [restartedMain] com.netflix.discovery.DiscoveryClient    : Application is null : false
2025-10-29T01:54:09.471-05:00  INFO 17424 --- [mesa-service] [restartedMain] com.netflix.discovery.DiscoveryClient    : Registered Applications size is zero : true
2025-10-29T01:54:09.471-05:00  INFO 17424 --- [mesa-service] [restartedMain] com.netflix.discovery.DiscoveryClient    : Application version is -1: true
2025-10-29T01:54:09.471-05:00  INFO 17424 --- [mesa-service] [restartedMain] com.netflix.discovery.DiscoveryClient    : Getting all instance registry info from the eureka server
2025-10-29T01:54:09.529-05:00  INFO 17424 --- [mesa-service] [restartedMain] com.netflix.discovery.DiscoveryClient    : The response status is 200
2025-10-29T01:54:09.530-05:00  INFO 17424 --- [mesa-service] [restartedMain] com.netflix.discovery.DiscoveryClient    : Starting heartbeat executor: renew interval is: 30
2025-10-29T01:54:09.530-05:00  INFO 17424 --- [mesa-service] [restartedMain] c.n.discovery.InstanceInfoReplicator     : InstanceInfoReplicator onDemand update allowed rate per min is 4
2025-10-29T01:54:09.532-05:00  INFO 17424 --- [mesa-service] [restartedMain] com.netflix.discovery.DiscoveryClient    : Discovery Client initialized at timestamp 1761720849532 with initial instances count: 6
2025-10-29T01:54:09.535-05:00  INFO 17424 --- [mesa-service] [restartedMain] o.s.c.n.e.s.EurekaServiceRegistry        : Registering application MESA-SERVICE with eureka with status UP
2025-10-29T01:54:09.536-05:00  INFO 17424 --- [mesa-service] [restartedMain] com.netflix.discovery.DiscoveryClient    : Saw local status change event StatusChangeEvent [timestamp=1761720849536, current=UP, previous=STARTING]
2025-10-29T01:54:09.537-05:00  INFO 17424 --- [mesa-service] [DiscoveryClient-InstanceInfoReplicator-%d] com.netflix.discovery.DiscoveryClient    : DiscoveryClient_MESA-SERVICE/mesa-service:3ae24c0dbf859d0193e6dadaaec7b790: registering service...
2025-10-29T01:54:09.558-05:00  INFO 17424 --- [mesa-service] [DiscoveryClient-InstanceInfoReplicator-%d] com.netflix.discovery.DiscoveryClient    : DiscoveryClient_MESA-SERVICE/mesa-service:3ae24c0dbf859d0193e6dadaaec7b790 - registration status: 204
2025-10-29T01:54:09.561-05:00  INFO 17424 --- [mesa-service] [restartedMain] org.cibertec.MesaServiceApplication      : Started MesaServiceApplication in 3.184 seconds (process running for 525.528)
2025-10-29T01:54:09.564-05:00  INFO 17424 --- [mesa-service] [restartedMain] .ConditionEvaluationDeltaLoggingListener : Condition evaluation unchanged
2025-10-29T01:54:10.697-05:00  INFO 17424 --- [mesa-service] [File Watcher] rtingClassPathChangeChangedEventListener : Restarting due to 3 class path changes (0 additions, 0 deletions, 3 modifications)
2025-10-29T01:54:10.698-05:00  INFO 17424 --- [mesa-service] [Thread-7] o.s.c.n.e.s.EurekaServiceRegistry        : Unregistering application MESA-SERVICE with eureka with status DOWN
2025-10-29T01:54:10.698-05:00  INFO 17424 --- [mesa-service] [Thread-7] com.netflix.discovery.DiscoveryClient    : Saw local status change event StatusChangeEvent [timestamp=1761720850698, current=DOWN, previous=UP]
2025-10-29T01:54:10.698-05:00  INFO 17424 --- [mesa-service] [DiscoveryClient-InstanceInfoReplicator-%d] com.netflix.discovery.DiscoveryClient    : DiscoveryClient_MESA-SERVICE/mesa-service:3ae24c0dbf859d0193e6dadaaec7b790: registering service...
2025-10-29T01:54:10.698-05:00  INFO 17424 --- [mesa-service] [Thread-7] o.s.b.w.e.tomcat.GracefulShutdown        : Commencing graceful shutdown. Waiting for active requests to complete
2025-10-29T01:54:10.702-05:00  INFO 17424 --- [mesa-service] [DiscoveryClient-InstanceInfoReplicator-%d] com.netflix.discovery.DiscoveryClient    : DiscoveryClient_MESA-SERVICE/mesa-service:3ae24c0dbf859d0193e6dadaaec7b790 - registration status: 204
2025-10-29T01:54:10.707-05:00  INFO 17424 --- [mesa-service] [tomcat-shutdown] o.s.b.w.e.tomcat.GracefulShutdown        : Graceful shutdown complete
2025-10-29T01:54:10.712-05:00  INFO 17424 --- [mesa-service] [Thread-7] j.LocalContainerEntityManagerFactoryBean : Closing JPA EntityManagerFactory for persistence unit 'default'
2025-10-29T01:54:10.713-05:00  INFO 17424 --- [mesa-service] [Thread-7] com.zaxxer.hikari.HikariDataSource       : HikariPool-2 - Shutdown initiated...
2025-10-29T01:54:10.719-05:00  INFO 17424 --- [mesa-service] [Thread-7] com.zaxxer.hikari.HikariDataSource       : HikariPool-2 - Shutdown completed.
2025-10-29T01:54:10.721-05:00  INFO 17424 --- [mesa-service] [Thread-7] com.netflix.discovery.DiscoveryClient    : Shutting down DiscoveryClient ...
2025-10-29T01:54:13.731-05:00  INFO 17424 --- [mesa-service] [Thread-7] com.netflix.discovery.DiscoveryClient    : Unregistering ...
2025-10-29T01:54:13.749-05:00  INFO 17424 --- [mesa-service] [Thread-7] com.netflix.discovery.DiscoveryClient    : DiscoveryClient_MESA-SERVICE/mesa-service:3ae24c0dbf859d0193e6dadaaec7b790 - deregister  status: 200
2025-10-29T01:54:13.749-05:00  INFO 17424 --- [mesa-service] [Thread-7] com.netflix.discovery.DiscoveryClient    : Completed shut down of DiscoveryClient
2025-10-29T01:54:13.915-05:00  INFO 17424 --- [mesa-service] [restartedMain] org.cibertec.MesaServiceApplication      : Starting MesaServiceApplication using Java 21.0.8 with PID 17424 (C:\Users\ronca\OneDrive\Escritorio\Dev\DAW2\mesa-service\target\classes started by Arturo in C:\Users\ronca\OneDrive\Escritorio\Dev\DAW2\mesa-service)
2025-10-29T01:54:13.915-05:00  INFO 17424 --- [mesa-service] [restartedMain] org.cibertec.MesaServiceApplication      : No active profile set, falling back to 1 default profile: "default"
2025-10-29T01:54:13.917-05:00  INFO 17424 --- [mesa-service] [restartedMain] o.s.c.c.c.ConfigServerConfigDataLoader   : Fetching config from server at : http://localhost:8888
2025-10-29T01:54:13.917-05:00  INFO 17424 --- [mesa-service] [restartedMain] o.s.c.c.c.ConfigServerConfigDataLoader   : Located environment: name=mesa-service, profiles=[default], label=null, version=null, state=null
2025-10-29T01:54:14.535-05:00  INFO 17424 --- [mesa-service] [restartedMain] .s.d.r.c.RepositoryConfigurationDelegate : Bootstrapping Spring Data JPA repositories in DEFAULT mode.
2025-10-29T01:54:14.554-05:00  INFO 17424 --- [mesa-service] [restartedMain] .s.d.r.c.RepositoryConfigurationDelegate : Finished Spring Data repository scanning in 16 ms. Found 2 JPA repository interfaces.
2025-10-29T01:54:14.697-05:00  INFO 17424 --- [mesa-service] [restartedMain] o.s.cloud.context.scope.GenericScope     : BeanFactory id=823c8160-9f4f-31dd-b49f-a9354c025533
2025-10-29T01:54:14.799-05:00  INFO 17424 --- [mesa-service] [restartedMain] o.s.b.w.embedded.tomcat.TomcatWebServer  : Tomcat initialized with port 0 (http)
2025-10-29T01:54:14.800-05:00  INFO 17424 --- [mesa-service] [restartedMain] o.apache.catalina.core.StandardService   : Starting service [Tomcat]
2025-10-29T01:54:14.800-05:00  INFO 17424 --- [mesa-service] [restartedMain] o.apache.catalina.core.StandardEngine    : Starting Servlet engine: [Apache Tomcat/10.1.46]
2025-10-29T01:54:14.847-05:00  INFO 17424 --- [mesa-service] [restartedMain] o.a.c.c.C.[Tomcat].[localhost].[/]       : Initializing Spring embedded WebApplicationContext
2025-10-29T01:54:14.847-05:00  INFO 17424 --- [mesa-service] [restartedMain] w.s.c.ServletWebServerApplicationContext : Root WebApplicationContext: initialization completed in 929 ms
2025-10-29T01:54:14.951-05:00  INFO 17424 --- [mesa-service] [restartedMain] com.zaxxer.hikari.HikariDataSource       : HikariPool-3 - Starting...
2025-10-29T01:54:14.965-05:00  INFO 17424 --- [mesa-service] [restartedMain] com.zaxxer.hikari.pool.HikariPool        : HikariPool-3 - Added connection com.mysql.cj.jdbc.ConnectionImpl@1d1e08cf
2025-10-29T01:54:14.965-05:00  INFO 17424 --- [mesa-service] [restartedMain] com.zaxxer.hikari.HikariDataSource       : HikariPool-3 - Start completed.
2025-10-29T01:54:14.967-05:00  INFO 17424 --- [mesa-service] [restartedMain] o.hibernate.jpa.internal.util.LogHelper  : HHH000204: Processing PersistenceUnitInfo [name: default]
2025-10-29T01:54:14.972-05:00  INFO 17424 --- [mesa-service] [restartedMain] o.h.c.internal.RegionFactoryInitiator    : HHH000026: Second-level cache disabled
2025-10-29T01:54:14.987-05:00  INFO 17424 --- [mesa-service] [restartedMain] o.s.o.j.p.SpringPersistenceUnitInfo      : No LoadTimeWeaver setup: ignoring JPA class transformer
2025-10-29T01:54:14.990-05:00  INFO 17424 --- [mesa-service] [restartedMain] org.hibernate.orm.connections.pooling    : HHH10001005: Database info:
	Database JDBC URL [Connecting through datasource 'HikariDataSource (HikariPool-3)']
	Database driver: undefined/unknown
	Database version: 8.0.34
	Autocommit mode: undefined/unknown
	Isolation level: undefined/unknown
	Minimum pool size: undefined/unknown
	Maximum pool size: undefined/unknown
2025-10-29T01:54:15.142-05:00  INFO 17424 --- [mesa-service] [restartedMain] o.h.e.t.j.p.i.JtaPlatformInitiator       : HHH000489: No JTA platform available (set 'hibernate.transaction.jta.platform' to enable JTA platform integration)
2025-10-29T01:54:15.143-05:00  INFO 17424 --- [mesa-service] [restartedMain] j.LocalContainerEntityManagerFactoryBean : Initialized JPA EntityManagerFactory for persistence unit 'default'
2025-10-29T01:54:15.323-05:00  WARN 17424 --- [mesa-service] [restartedMain] JpaBaseConfiguration$JpaWebConfiguration : spring.jpa.open-in-view is enabled by default. Therefore, database queries may be performed during view rendering. Explicitly configure spring.jpa.open-in-view to disable this warning
2025-10-29T01:54:15.652-05:00  INFO 17424 --- [mesa-service] [restartedMain] o.s.b.a.e.web.EndpointLinksResolver      : Exposing 18 endpoints beneath base path '/actuator'
2025-10-29T01:54:15.828-05:00  WARN 17424 --- [mesa-service] [restartedMain] o.s.b.d.a.OptionalLiveReloadServer       : Unable to start LiveReload server
2025-10-29T01:54:15.848-05:00  INFO 17424 --- [mesa-service] [restartedMain] DiscoveryClientOptionalArgsConfiguration : Eureka HTTP Client uses RestTemplate.
2025-10-29T01:54:15.868-05:00  WARN 17424 --- [mesa-service] [restartedMain] iguration$LoadBalancerCaffeineWarnLogger : Spring Cloud LoadBalancer is currently working with the default cache. While this cache implementation is useful for development and tests, it's recommended to use Caffeine cache in production.You can switch to using Caffeine cache, by adding it and org.springframework.cache.caffeine.CaffeineCacheManager to the classpath.
2025-10-29T01:54:15.916-05:00  INFO 17424 --- [mesa-service] [restartedMain] o.s.b.w.embedded.tomcat.TomcatWebServer  : Tomcat started on port 60752 (http) with context path '/'
2025-10-29T01:54:15.917-05:00  INFO 17424 --- [mesa-service] [restartedMain] .s.c.n.e.s.EurekaAutoServiceRegistration : Updating port to 60752
2025-10-29T01:54:15.918-05:00  INFO 17424 --- [mesa-service] [restartedMain] o.s.c.n.eureka.InstanceInfoFactory       : Setting initial instance status as: STARTING
2025-10-29T01:54:15.922-05:00  INFO 17424 --- [mesa-service] [restartedMain] com.netflix.discovery.DiscoveryClient    : Initializing Eureka in region us-east-1
2025-10-29T01:54:15.922-05:00  INFO 17424 --- [mesa-service] [restartedMain] c.n.d.s.r.aws.ConfigClusterResolver      : Resolving eureka endpoints via configuration
2025-10-29T01:54:15.923-05:00  INFO 17424 --- [mesa-service] [restartedMain] com.netflix.discovery.DiscoveryClient    : Disable delta property : false
2025-10-29T01:54:15.923-05:00  INFO 17424 --- [mesa-service] [restartedMain] com.netflix.discovery.DiscoveryClient    : Single vip registry refresh property : null
2025-10-29T01:54:15.923-05:00  INFO 17424 --- [mesa-service] [restartedMain] com.netflix.discovery.DiscoveryClient    : Force full registry fetch : false
2025-10-29T01:54:15.923-05:00  INFO 17424 --- [mesa-service] [restartedMain] com.netflix.discovery.DiscoveryClient    : Application is null : false
2025-10-29T01:54:15.923-05:00  INFO 17424 --- [mesa-service] [restartedMain] com.netflix.discovery.DiscoveryClient    : Registered Applications size is zero : true
2025-10-29T01:54:15.923-05:00  INFO 17424 --- [mesa-service] [restartedMain] com.netflix.discovery.DiscoveryClient    : Application version is -1: true
2025-10-29T01:54:15.923-05:00  INFO 17424 --- [mesa-service] [restartedMain] com.netflix.discovery.DiscoveryClient    : Getting all instance registry info from the eureka server
2025-10-29T01:54:15.949-05:00  INFO 17424 --- [mesa-service] [restartedMain] com.netflix.discovery.DiscoveryClient    : The response status is 200
2025-10-29T01:54:15.950-05:00  INFO 17424 --- [mesa-service] [restartedMain] com.netflix.discovery.DiscoveryClient    : Starting heartbeat executor: renew interval is: 30
2025-10-29T01:54:15.950-05:00  INFO 17424 --- [mesa-service] [restartedMain] c.n.discovery.InstanceInfoReplicator     : InstanceInfoReplicator onDemand update allowed rate per min is 4
2025-10-29T01:54:15.950-05:00  INFO 17424 --- [mesa-service] [restartedMain] com.netflix.discovery.DiscoveryClient    : Discovery Client initialized at timestamp 1761720855950 with initial instances count: 6
2025-10-29T01:54:15.952-05:00  INFO 17424 --- [mesa-service] [restartedMain] o.s.c.n.e.s.EurekaServiceRegistry        : Registering application MESA-SERVICE with eureka with status UP
2025-10-29T01:54:15.952-05:00  INFO 17424 --- [mesa-service] [restartedMain] com.netflix.discovery.DiscoveryClient    : Saw local status change event StatusChangeEvent [timestamp=1761720855952, current=UP, previous=STARTING]
2025-10-29T01:54:15.952-05:00  INFO 17424 --- [mesa-service] [DiscoveryClient-InstanceInfoReplicator-%d] com.netflix.discovery.DiscoveryClient    : DiscoveryClient_MESA-SERVICE/mesa-service:ccb091e55de8997e0fa384e0fb3c65cb: registering service...
2025-10-29T01:54:15.963-05:00  INFO 17424 --- [mesa-service] [DiscoveryClient-InstanceInfoReplicator-%d] com.netflix.discovery.DiscoveryClient    : DiscoveryClient_MESA-SERVICE/mesa-service:ccb091e55de8997e0fa384e0fb3c65cb - registration status: 204
2025-10-29T01:54:15.968-05:00  INFO 17424 --- [mesa-service] [restartedMain] org.cibertec.MesaServiceApplication      : Started MesaServiceApplication in 2.148 seconds (process running for 531.935)
2025-10-29T01:54:15.970-05:00  INFO 17424 --- [mesa-service] [restartedMain] .ConditionEvaluationDeltaLoggingListener : Condition evaluation unchanged
2025-10-29T01:54:24.491-05:00  INFO 17424 --- [mesa-service] [File Watcher] rtingClassPathChangeChangedEventListener : Restarting due to 1 class path change (0 additions, 0 deletions, 1 modification)
2025-10-29T01:54:24.494-05:00  INFO 17424 --- [mesa-service] [Thread-13] o.s.c.n.e.s.EurekaServiceRegistry        : Unregistering application MESA-SERVICE with eureka with status DOWN
2025-10-29T01:54:24.494-05:00  INFO 17424 --- [mesa-service] [Thread-13] com.netflix.discovery.DiscoveryClient    : Saw local status change event StatusChangeEvent [timestamp=1761720864494, current=DOWN, previous=UP]
2025-10-29T01:54:24.494-05:00  INFO 17424 --- [mesa-service] [DiscoveryClient-InstanceInfoReplicator-%d] com.netflix.discovery.DiscoveryClient    : DiscoveryClient_MESA-SERVICE/mesa-service:ccb091e55de8997e0fa384e0fb3c65cb: registering service...
2025-10-29T01:54:24.496-05:00  INFO 17424 --- [mesa-service] [Thread-13] o.s.b.w.e.tomcat.GracefulShutdown        : Commencing graceful shutdown. Waiting for active requests to complete
2025-10-29T01:54:24.508-05:00  INFO 17424 --- [mesa-service] [DiscoveryClient-InstanceInfoReplicator-%d] com.netflix.discovery.DiscoveryClient    : DiscoveryClient_MESA-SERVICE/mesa-service:ccb091e55de8997e0fa384e0fb3c65cb - registration status: 204
2025-10-29T01:54:24.509-05:00  INFO 17424 --- [mesa-service] [tomcat-shutdown] o.s.b.w.e.tomcat.GracefulShutdown        : Graceful shutdown complete
2025-10-29T01:54:24.517-05:00  INFO 17424 --- [mesa-service] [Thread-13] j.LocalContainerEntityManagerFactoryBean : Closing JPA EntityManagerFactory for persistence unit 'default'
2025-10-29T01:54:24.518-05:00  INFO 17424 --- [mesa-service] [Thread-13] com.zaxxer.hikari.HikariDataSource       : HikariPool-3 - Shutdown initiated...
2025-10-29T01:54:24.527-05:00  INFO 17424 --- [mesa-service] [Thread-13] com.zaxxer.hikari.HikariDataSource       : HikariPool-3 - Shutdown completed.
2025-10-29T01:54:24.527-05:00  INFO 17424 --- [mesa-service] [Thread-13] com.netflix.discovery.DiscoveryClient    : Shutting down DiscoveryClient ...
2025-10-29T01:54:27.528-05:00  INFO 17424 --- [mesa-service] [Thread-13] com.netflix.discovery.DiscoveryClient    : Unregistering ...
2025-10-29T01:54:27.547-05:00  INFO 17424 --- [mesa-service] [Thread-13] com.netflix.discovery.DiscoveryClient    : DiscoveryClient_MESA-SERVICE/mesa-service:ccb091e55de8997e0fa384e0fb3c65cb - deregister  status: 200
2025-10-29T01:54:27.547-05:00  INFO 17424 --- [mesa-service] [Thread-13] com.netflix.discovery.DiscoveryClient    : Completed shut down of DiscoveryClient
2025-10-29T01:54:27.708-05:00  INFO 17424 --- [mesa-service] [restartedMain] org.cibertec.MesaServiceApplication      : Starting MesaServiceApplication using Java 21.0.8 with PID 17424 (C:\Users\ronca\OneDrive\Escritorio\Dev\DAW2\mesa-service\target\classes started by Arturo in C:\Users\ronca\OneDrive\Escritorio\Dev\DAW2\mesa-service)
2025-10-29T01:54:27.708-05:00  INFO 17424 --- [mesa-service] [restartedMain] org.cibertec.MesaServiceApplication      : No active profile set, falling back to 1 default profile: "default"
2025-10-29T01:54:27.711-05:00  INFO 17424 --- [mesa-service] [restartedMain] o.s.c.c.c.ConfigServerConfigDataLoader   : Fetching config from server at : http://localhost:8888
2025-10-29T01:54:27.711-05:00  INFO 17424 --- [mesa-service] [restartedMain] o.s.c.c.c.ConfigServerConfigDataLoader   : Located environment: name=mesa-service, profiles=[default], label=null, version=null, state=null
2025-10-29T01:54:28.429-05:00  INFO 17424 --- [mesa-service] [restartedMain] .s.d.r.c.RepositoryConfigurationDelegate : Bootstrapping Spring Data JPA repositories in DEFAULT mode.
2025-10-29T01:54:28.455-05:00  INFO 17424 --- [mesa-service] [restartedMain] .s.d.r.c.RepositoryConfigurationDelegate : Finished Spring Data repository scanning in 23 ms. Found 2 JPA repository interfaces.
2025-10-29T01:54:28.652-05:00  INFO 17424 --- [mesa-service] [restartedMain] o.s.cloud.context.scope.GenericScope     : BeanFactory id=823c8160-9f4f-31dd-b49f-a9354c025533
2025-10-29T01:54:28.785-05:00  INFO 17424 --- [mesa-service] [restartedMain] o.s.b.w.embedded.tomcat.TomcatWebServer  : Tomcat initialized with port 0 (http)
2025-10-29T01:54:28.785-05:00  INFO 17424 --- [mesa-service] [restartedMain] o.apache.catalina.core.StandardService   : Starting service [Tomcat]
2025-10-29T01:54:28.785-05:00  INFO 17424 --- [mesa-service] [restartedMain] o.apache.catalina.core.StandardEngine    : Starting Servlet engine: [Apache Tomcat/10.1.46]
2025-10-29T01:54:28.838-05:00  INFO 17424 --- [mesa-service] [restartedMain] o.a.c.c.C.[Tomcat].[localhost].[/]       : Initializing Spring embedded WebApplicationContext
2025-10-29T01:54:28.839-05:00  INFO 17424 --- [mesa-service] [restartedMain] w.s.c.ServletWebServerApplicationContext : Root WebApplicationContext: initialization completed in 1128 ms
2025-10-29T01:54:29.022-05:00  INFO 17424 --- [mesa-service] [restartedMain] com.zaxxer.hikari.HikariDataSource       : HikariPool-4 - Starting...
2025-10-29T01:54:29.038-05:00  INFO 17424 --- [mesa-service] [restartedMain] com.zaxxer.hikari.pool.HikariPool        : HikariPool-4 - Added connection com.mysql.cj.jdbc.ConnectionImpl@328ee80d
2025-10-29T01:54:29.039-05:00  INFO 17424 --- [mesa-service] [restartedMain] com.zaxxer.hikari.HikariDataSource       : HikariPool-4 - Start completed.
2025-10-29T01:54:29.040-05:00  INFO 17424 --- [mesa-service] [restartedMain] o.hibernate.jpa.internal.util.LogHelper  : HHH000204: Processing PersistenceUnitInfo [name: default]
2025-10-29T01:54:29.048-05:00  INFO 17424 --- [mesa-service] [restartedMain] o.h.c.internal.RegionFactoryInitiator    : HHH000026: Second-level cache disabled
2025-10-29T01:54:29.066-05:00  INFO 17424 --- [mesa-service] [restartedMain] o.s.o.j.p.SpringPersistenceUnitInfo      : No LoadTimeWeaver setup: ignoring JPA class transformer
2025-10-29T01:54:29.070-05:00  INFO 17424 --- [mesa-service] [restartedMain] org.hibernate.orm.connections.pooling    : HHH10001005: Database info:
	Database JDBC URL [Connecting through datasource 'HikariDataSource (HikariPool-4)']
	Database driver: undefined/unknown
	Database version: 8.0.34
	Autocommit mode: undefined/unknown
	Isolation level: undefined/unknown
	Minimum pool size: undefined/unknown
	Maximum pool size: undefined/unknown
2025-10-29T01:54:29.224-05:00  INFO 17424 --- [mesa-service] [restartedMain] o.h.e.t.j.p.i.JtaPlatformInitiator       : HHH000489: No JTA platform available (set 'hibernate.transaction.jta.platform' to enable JTA platform integration)
2025-10-29T01:54:29.224-05:00  INFO 17424 --- [mesa-service] [restartedMain] j.LocalContainerEntityManagerFactoryBean : Initialized JPA EntityManagerFactory for persistence unit 'default'
2025-10-29T01:54:29.335-05:00  WARN 17424 --- [mesa-service] [restartedMain] JpaBaseConfiguration$JpaWebConfiguration : spring.jpa.open-in-view is enabled by default. Therefore, database queries may be performed during view rendering. Explicitly configure spring.jpa.open-in-view to disable this warning
2025-10-29T01:54:29.668-05:00  INFO 17424 --- [mesa-service] [restartedMain] o.s.b.a.e.web.EndpointLinksResolver      : Exposing 18 endpoints beneath base path '/actuator'
2025-10-29T01:54:29.920-05:00  WARN 17424 --- [mesa-service] [restartedMain] o.s.b.d.a.OptionalLiveReloadServer       : Unable to start LiveReload server
2025-10-29T01:54:29.946-05:00  INFO 17424 --- [mesa-service] [restartedMain] DiscoveryClientOptionalArgsConfiguration : Eureka HTTP Client uses RestTemplate.
2025-10-29T01:54:29.995-05:00  WARN 17424 --- [mesa-service] [restartedMain] iguration$LoadBalancerCaffeineWarnLogger : Spring Cloud LoadBalancer is currently working with the default cache. While this cache implementation is useful for development and tests, it's recommended to use Caffeine cache in production.You can switch to using Caffeine cache, by adding it and org.springframework.cache.caffeine.CaffeineCacheManager to the classpath.
2025-10-29T01:54:30.069-05:00  INFO 17424 --- [mesa-service] [restartedMain] o.s.b.w.embedded.tomcat.TomcatWebServer  : Tomcat started on port 60789 (http) with context path '/'
2025-10-29T01:54:30.069-05:00  INFO 17424 --- [mesa-service] [restartedMain] .s.c.n.e.s.EurekaAutoServiceRegistration : Updating port to 60789
2025-10-29T01:54:30.071-05:00  INFO 17424 --- [mesa-service] [restartedMain] o.s.c.n.eureka.InstanceInfoFactory       : Setting initial instance status as: STARTING
2025-10-29T01:54:30.075-05:00  INFO 17424 --- [mesa-service] [restartedMain] com.netflix.discovery.DiscoveryClient    : Initializing Eureka in region us-east-1
2025-10-29T01:54:30.076-05:00  INFO 17424 --- [mesa-service] [restartedMain] c.n.d.s.r.aws.ConfigClusterResolver      : Resolving eureka endpoints via configuration
2025-10-29T01:54:30.076-05:00  INFO 17424 --- [mesa-service] [restartedMain] com.netflix.discovery.DiscoveryClient    : Disable delta property : false
2025-10-29T01:54:30.076-05:00  INFO 17424 --- [mesa-service] [restartedMain] com.netflix.discovery.DiscoveryClient    : Single vip registry refresh property : null
2025-10-29T01:54:30.076-05:00  INFO 17424 --- [mesa-service] [restartedMain] com.netflix.discovery.DiscoveryClient    : Force full registry fetch : false
2025-10-29T01:54:30.077-05:00  INFO 17424 --- [mesa-service] [restartedMain] com.netflix.discovery.DiscoveryClient    : Application is null : false
2025-10-29T01:54:30.077-05:00  INFO 17424 --- [mesa-service] [restartedMain] com.netflix.discovery.DiscoveryClient    : Registered Applications size is zero : true
2025-10-29T01:54:30.077-05:00  INFO 17424 --- [mesa-service] [restartedMain] com.netflix.discovery.DiscoveryClient    : Application version is -1: true
2025-10-29T01:54:30.077-05:00  INFO 17424 --- [mesa-service] [restartedMain] com.netflix.discovery.DiscoveryClient    : Getting all instance registry info from the eureka server
2025-10-29T01:54:30.115-05:00  INFO 17424 --- [mesa-service] [restartedMain] com.netflix.discovery.DiscoveryClient    : The response status is 200
2025-10-29T01:54:30.115-05:00  INFO 17424 --- [mesa-service] [restartedMain] com.netflix.discovery.DiscoveryClient    : Starting heartbeat executor: renew interval is: 30
2025-10-29T01:54:30.117-05:00  INFO 17424 --- [mesa-service] [restartedMain] c.n.discovery.InstanceInfoReplicator     : InstanceInfoReplicator onDemand update allowed rate per min is 4
2025-10-29T01:54:30.118-05:00  INFO 17424 --- [mesa-service] [restartedMain] com.netflix.discovery.DiscoveryClient    : Discovery Client initialized at timestamp 1761720870118 with initial instances count: 2
2025-10-29T01:54:30.120-05:00  INFO 17424 --- [mesa-service] [restartedMain] o.s.c.n.e.s.EurekaServiceRegistry        : Registering application MESA-SERVICE with eureka with status UP
2025-10-29T01:54:30.120-05:00  INFO 17424 --- [mesa-service] [restartedMain] com.netflix.discovery.DiscoveryClient    : Saw local status change event StatusChangeEvent [timestamp=1761720870120, current=UP, previous=STARTING]
2025-10-29T01:54:30.121-05:00  INFO 17424 --- [mesa-service] [DiscoveryClient-InstanceInfoReplicator-%d] com.netflix.discovery.DiscoveryClient    : DiscoveryClient_MESA-SERVICE/mesa-service:70d022466d90148b56997bb3b575f976: registering service...
2025-10-29T01:54:30.143-05:00  INFO 17424 --- [mesa-service] [DiscoveryClient-InstanceInfoReplicator-%d] com.netflix.discovery.DiscoveryClient    : DiscoveryClient_MESA-SERVICE/mesa-service:70d022466d90148b56997bb3b575f976 - registration status: 204
2025-10-29T01:54:30.149-05:00  INFO 17424 --- [mesa-service] [restartedMain] org.cibertec.MesaServiceApplication      : Started MesaServiceApplication in 2.542 seconds (process running for 546.116)
2025-10-29T01:54:30.153-05:00  INFO 17424 --- [mesa-service] [restartedMain] .ConditionEvaluationDeltaLoggingListener : Condition evaluation unchanged
2025-10-29T01:54:40.647-05:00  INFO 17424 --- [mesa-service] [File Watcher] rtingClassPathChangeChangedEventListener : Restarting due to 1 class path change (0 additions, 0 deletions, 1 modification)
2025-10-29T01:54:40.648-05:00  INFO 17424 --- [mesa-service] [Thread-19] o.s.c.n.e.s.EurekaServiceRegistry        : Unregistering application MESA-SERVICE with eureka with status DOWN
2025-10-29T01:54:40.649-05:00  INFO 17424 --- [mesa-service] [Thread-19] com.netflix.discovery.DiscoveryClient    : Saw local status change event StatusChangeEvent [timestamp=1761720880649, current=DOWN, previous=UP]
2025-10-29T01:54:40.649-05:00  INFO 17424 --- [mesa-service] [DiscoveryClient-InstanceInfoReplicator-%d] com.netflix.discovery.DiscoveryClient    : DiscoveryClient_MESA-SERVICE/mesa-service:70d022466d90148b56997bb3b575f976: registering service...
2025-10-29T01:54:40.650-05:00  INFO 17424 --- [mesa-service] [Thread-19] o.s.b.w.e.tomcat.GracefulShutdown        : Commencing graceful shutdown. Waiting for active requests to complete
2025-10-29T01:54:40.658-05:00  INFO 17424 --- [mesa-service] [tomcat-shutdown] o.s.b.w.e.tomcat.GracefulShutdown        : Graceful shutdown complete
2025-10-29T01:54:40.664-05:00  INFO 17424 --- [mesa-service] [DiscoveryClient-InstanceInfoReplicator-%d] com.netflix.discovery.DiscoveryClient    : DiscoveryClient_MESA-SERVICE/mesa-service:70d022466d90148b56997bb3b575f976 - registration status: 204
2025-10-29T01:54:40.665-05:00  INFO 17424 --- [mesa-service] [Thread-19] j.LocalContainerEntityManagerFactoryBean : Closing JPA EntityManagerFactory for persistence unit 'default'
2025-10-29T01:54:40.667-05:00  INFO 17424 --- [mesa-service] [Thread-19] com.zaxxer.hikari.HikariDataSource       : HikariPool-4 - Shutdown initiated...
2025-10-29T01:54:40.675-05:00  INFO 17424 --- [mesa-service] [Thread-19] com.zaxxer.hikari.HikariDataSource       : HikariPool-4 - Shutdown completed.
2025-10-29T01:54:40.677-05:00  INFO 17424 --- [mesa-service] [Thread-19] com.netflix.discovery.DiscoveryClient    : Shutting down DiscoveryClient ...
2025-10-29T01:54:43.687-05:00  INFO 17424 --- [mesa-service] [Thread-19] com.netflix.discovery.DiscoveryClient    : Unregistering ...
2025-10-29T01:54:43.705-05:00  INFO 17424 --- [mesa-service] [Thread-19] com.netflix.discovery.DiscoveryClient    : DiscoveryClient_MESA-SERVICE/mesa-service:70d022466d90148b56997bb3b575f976 - deregister  status: 200
2025-10-29T01:54:43.705-05:00  INFO 17424 --- [mesa-service] [Thread-19] com.netflix.discovery.DiscoveryClient    : Completed shut down of DiscoveryClient
2025-10-29T01:54:43.905-05:00  INFO 17424 --- [mesa-service] [restartedMain] org.cibertec.MesaServiceApplication      : Starting MesaServiceApplication using Java 21.0.8 with PID 17424 (C:\Users\ronca\OneDrive\Escritorio\Dev\DAW2\mesa-service\target\classes started by Arturo in C:\Users\ronca\OneDrive\Escritorio\Dev\DAW2\mesa-service)
2025-10-29T01:54:43.907-05:00  INFO 17424 --- [mesa-service] [restartedMain] org.cibertec.MesaServiceApplication      : No active profile set, falling back to 1 default profile: "default"
2025-10-29T01:54:43.911-05:00  INFO 17424 --- [mesa-service] [restartedMain] o.s.c.c.c.ConfigServerConfigDataLoader   : Fetching config from server at : http://localhost:8888
2025-10-29T01:54:43.911-05:00  INFO 17424 --- [mesa-service] [restartedMain] o.s.c.c.c.ConfigServerConfigDataLoader   : Located environment: name=mesa-service, profiles=[default], label=null, version=null, state=null
2025-10-29T01:54:44.799-05:00  INFO 17424 --- [mesa-service] [restartedMain] .s.d.r.c.RepositoryConfigurationDelegate : Bootstrapping Spring Data JPA repositories in DEFAULT mode.
2025-10-29T01:54:44.825-05:00  INFO 17424 --- [mesa-service] [restartedMain] .s.d.r.c.RepositoryConfigurationDelegate : Finished Spring Data repository scanning in 23 ms. Found 2 JPA repository interfaces.
2025-10-29T01:54:45.010-05:00  INFO 17424 --- [mesa-service] [restartedMain] o.s.cloud.context.scope.GenericScope     : BeanFactory id=823c8160-9f4f-31dd-b49f-a9354c025533
2025-10-29T01:54:45.157-05:00  INFO 17424 --- [mesa-service] [restartedMain] o.s.b.w.embedded.tomcat.TomcatWebServer  : Tomcat initialized with port 0 (http)
2025-10-29T01:54:45.158-05:00  INFO 17424 --- [mesa-service] [restartedMain] o.apache.catalina.core.StandardService   : Starting service [Tomcat]
2025-10-29T01:54:45.159-05:00  INFO 17424 --- [mesa-service] [restartedMain] o.apache.catalina.core.StandardEngine    : Starting Servlet engine: [Apache Tomcat/10.1.46]
2025-10-29T01:54:45.225-05:00  INFO 17424 --- [mesa-service] [restartedMain] o.a.c.c.C.[Tomcat].[localhost].[/]       : Initializing Spring embedded WebApplicationContext
2025-10-29T01:54:45.225-05:00  INFO 17424 --- [mesa-service] [restartedMain] w.s.c.ServletWebServerApplicationContext : Root WebApplicationContext: initialization completed in 1314 ms
2025-10-29T01:54:45.407-05:00  INFO 17424 --- [mesa-service] [restartedMain] com.zaxxer.hikari.HikariDataSource       : HikariPool-5 - Starting...
2025-10-29T01:54:45.427-05:00  INFO 17424 --- [mesa-service] [restartedMain] com.zaxxer.hikari.pool.HikariPool        : HikariPool-5 - Added connection com.mysql.cj.jdbc.ConnectionImpl@49e9bca7
2025-10-29T01:54:45.427-05:00  INFO 17424 --- [mesa-service] [restartedMain] com.zaxxer.hikari.HikariDataSource       : HikariPool-5 - Start completed.
2025-10-29T01:54:45.429-05:00  INFO 17424 --- [mesa-service] [restartedMain] o.hibernate.jpa.internal.util.LogHelper  : HHH000204: Processing PersistenceUnitInfo [name: default]
2025-10-29T01:54:45.437-05:00  INFO 17424 --- [mesa-service] [restartedMain] o.h.c.internal.RegionFactoryInitiator    : HHH000026: Second-level cache disabled
2025-10-29T01:54:45.456-05:00  INFO 17424 --- [mesa-service] [restartedMain] o.s.o.j.p.SpringPersistenceUnitInfo      : No LoadTimeWeaver setup: ignoring JPA class transformer
2025-10-29T01:54:45.461-05:00  INFO 17424 --- [mesa-service] [restartedMain] org.hibernate.orm.connections.pooling    : HHH10001005: Database info:
	Database JDBC URL [Connecting through datasource 'HikariDataSource (HikariPool-5)']
	Database driver: undefined/unknown
	Database version: 8.0.34
	Autocommit mode: undefined/unknown
	Isolation level: undefined/unknown
	Minimum pool size: undefined/unknown
	Maximum pool size: undefined/unknown
2025-10-29T01:54:45.628-05:00  INFO 17424 --- [mesa-service] [restartedMain] o.h.e.t.j.p.i.JtaPlatformInitiator       : HHH000489: No JTA platform available (set 'hibernate.transaction.jta.platform' to enable JTA platform integration)
2025-10-29T01:54:45.628-05:00  INFO 17424 --- [mesa-service] [restartedMain] j.LocalContainerEntityManagerFactoryBean : Initialized JPA EntityManagerFactory for persistence unit 'default'
2025-10-29T01:54:45.781-05:00  WARN 17424 --- [mesa-service] [restartedMain] JpaBaseConfiguration$JpaWebConfiguration : spring.jpa.open-in-view is enabled by default. Therefore, database queries may be performed during view rendering. Explicitly configure spring.jpa.open-in-view to disable this warning
2025-10-29T01:54:46.240-05:00  INFO 17424 --- [mesa-service] [restartedMain] o.s.b.a.e.web.EndpointLinksResolver      : Exposing 18 endpoints beneath base path '/actuator'
2025-10-29T01:54:46.478-05:00  WARN 17424 --- [mesa-service] [restartedMain] o.s.b.d.a.OptionalLiveReloadServer       : Unable to start LiveReload server
2025-10-29T01:54:46.499-05:00  INFO 17424 --- [mesa-service] [restartedMain] DiscoveryClientOptionalArgsConfiguration : Eureka HTTP Client uses RestTemplate.
2025-10-29T01:54:46.524-05:00  WARN 17424 --- [mesa-service] [restartedMain] iguration$LoadBalancerCaffeineWarnLogger : Spring Cloud LoadBalancer is currently working with the default cache. While this cache implementation is useful for development and tests, it's recommended to use Caffeine cache in production.You can switch to using Caffeine cache, by adding it and org.springframework.cache.caffeine.CaffeineCacheManager to the classpath.
2025-10-29T01:54:46.565-05:00  INFO 17424 --- [mesa-service] [restartedMain] o.s.b.w.embedded.tomcat.TomcatWebServer  : Tomcat started on port 60872 (http) with context path '/'
2025-10-29T01:54:46.565-05:00  INFO 17424 --- [mesa-service] [restartedMain] .s.c.n.e.s.EurekaAutoServiceRegistration : Updating port to 60872
2025-10-29T01:54:46.567-05:00  INFO 17424 --- [mesa-service] [restartedMain] o.s.c.n.eureka.InstanceInfoFactory       : Setting initial instance status as: STARTING
2025-10-29T01:54:46.571-05:00  INFO 17424 --- [mesa-service] [restartedMain] com.netflix.discovery.DiscoveryClient    : Initializing Eureka in region us-east-1
2025-10-29T01:54:46.571-05:00  INFO 17424 --- [mesa-service] [restartedMain] c.n.d.s.r.aws.ConfigClusterResolver      : Resolving eureka endpoints via configuration
2025-10-29T01:54:46.572-05:00  INFO 17424 --- [mesa-service] [restartedMain] com.netflix.discovery.DiscoveryClient    : Disable delta property : false
2025-10-29T01:54:46.572-05:00  INFO 17424 --- [mesa-service] [restartedMain] com.netflix.discovery.DiscoveryClient    : Single vip registry refresh property : null
2025-10-29T01:54:46.572-05:00  INFO 17424 --- [mesa-service] [restartedMain] com.netflix.discovery.DiscoveryClient    : Force full registry fetch : false
2025-10-29T01:54:46.572-05:00  INFO 17424 --- [mesa-service] [restartedMain] com.netflix.discovery.DiscoveryClient    : Application is null : false
2025-10-29T01:54:46.572-05:00  INFO 17424 --- [mesa-service] [restartedMain] com.netflix.discovery.DiscoveryClient    : Registered Applications size is zero : true
2025-10-29T01:54:46.572-05:00  INFO 17424 --- [mesa-service] [restartedMain] com.netflix.discovery.DiscoveryClient    : Application version is -1: true
2025-10-29T01:54:46.572-05:00  INFO 17424 --- [mesa-service] [restartedMain] com.netflix.discovery.DiscoveryClient    : Getting all instance registry info from the eureka server
2025-10-29T01:54:46.597-05:00  INFO 17424 --- [mesa-service] [restartedMain] com.netflix.discovery.DiscoveryClient    : The response status is 200
2025-10-29T01:54:46.598-05:00  INFO 17424 --- [mesa-service] [restartedMain] com.netflix.discovery.DiscoveryClient    : Starting heartbeat executor: renew interval is: 30
2025-10-29T01:54:46.598-05:00  INFO 17424 --- [mesa-service] [restartedMain] c.n.discovery.InstanceInfoReplicator     : InstanceInfoReplicator onDemand update allowed rate per min is 4
2025-10-29T01:54:46.599-05:00  INFO 17424 --- [mesa-service] [restartedMain] com.netflix.discovery.DiscoveryClient    : Discovery Client initialized at timestamp 1761720886599 with initial instances count: 2
2025-10-29T01:54:46.602-05:00  INFO 17424 --- [mesa-service] [restartedMain] o.s.c.n.e.s.EurekaServiceRegistry        : Registering application MESA-SERVICE with eureka with status UP
2025-10-29T01:54:46.602-05:00  INFO 17424 --- [mesa-service] [restartedMain] com.netflix.discovery.DiscoveryClient    : Saw local status change event StatusChangeEvent [timestamp=1761720886602, current=UP, previous=STARTING]
2025-10-29T01:54:46.602-05:00  INFO 17424 --- [mesa-service] [DiscoveryClient-InstanceInfoReplicator-%d] com.netflix.discovery.DiscoveryClient    : DiscoveryClient_MESA-SERVICE/mesa-service:e70f4ac8abe94e08d63d8505d46f1562: registering service...
2025-10-29T01:54:46.615-05:00  INFO 17424 --- [mesa-service] [DiscoveryClient-InstanceInfoReplicator-%d] com.netflix.discovery.DiscoveryClient    : DiscoveryClient_MESA-SERVICE/mesa-service:e70f4ac8abe94e08d63d8505d46f1562 - registration status: 204
2025-10-29T01:54:46.620-05:00  INFO 17424 --- [mesa-service] [restartedMain] org.cibertec.MesaServiceApplication      : Started MesaServiceApplication in 2.836 seconds (process running for 562.589)
2025-10-29T01:54:46.624-05:00  INFO 17424 --- [mesa-service] [restartedMain] .ConditionEvaluationDeltaLoggingListener : Condition evaluation unchanged
2025-10-29T01:54:58.227-05:00  INFO 17424 --- [mesa-service] [File Watcher] rtingClassPathChangeChangedEventListener : Restarting due to 1 class path change (0 additions, 0 deletions, 1 modification)
2025-10-29T01:54:58.228-05:00  INFO 17424 --- [mesa-service] [Thread-25] o.s.c.n.e.s.EurekaServiceRegistry        : Unregistering application MESA-SERVICE with eureka with status DOWN
2025-10-29T01:54:58.228-05:00  INFO 17424 --- [mesa-service] [Thread-25] com.netflix.discovery.DiscoveryClient    : Saw local status change event StatusChangeEvent [timestamp=1761720898228, current=DOWN, previous=UP]
2025-10-29T01:54:58.228-05:00  INFO 17424 --- [mesa-service] [DiscoveryClient-InstanceInfoReplicator-%d] com.netflix.discovery.DiscoveryClient    : DiscoveryClient_MESA-SERVICE/mesa-service:e70f4ac8abe94e08d63d8505d46f1562: registering service...
2025-10-29T01:54:58.228-05:00  INFO 17424 --- [mesa-service] [Thread-25] o.s.b.w.e.tomcat.GracefulShutdown        : Commencing graceful shutdown. Waiting for active requests to complete
2025-10-29T01:54:58.237-05:00  INFO 17424 --- [mesa-service] [tomcat-shutdown] o.s.b.w.e.tomcat.GracefulShutdown        : Graceful shutdown complete
2025-10-29T01:54:58.242-05:00  INFO 17424 --- [mesa-service] [Thread-25] j.LocalContainerEntityManagerFactoryBean : Closing JPA EntityManagerFactory for persistence unit 'default'
2025-10-29T01:54:58.243-05:00  INFO 17424 --- [mesa-service] [DiscoveryClient-InstanceInfoReplicator-%d] com.netflix.discovery.DiscoveryClient    : DiscoveryClient_MESA-SERVICE/mesa-service:e70f4ac8abe94e08d63d8505d46f1562 - registration status: 204
2025-10-29T01:54:58.243-05:00  INFO 17424 --- [mesa-service] [Thread-25] com.zaxxer.hikari.HikariDataSource       : HikariPool-5 - Shutdown initiated...
2025-10-29T01:54:58.255-05:00  INFO 17424 --- [mesa-service] [Thread-25] com.zaxxer.hikari.HikariDataSource       : HikariPool-5 - Shutdown completed.
2025-10-29T01:54:58.257-05:00  INFO 17424 --- [mesa-service] [Thread-25] com.netflix.discovery.DiscoveryClient    : Shutting down DiscoveryClient ...
2025-10-29T01:55:01.272-05:00  INFO 17424 --- [mesa-service] [Thread-25] com.netflix.discovery.DiscoveryClient    : Unregistering ...
2025-10-29T01:55:01.290-05:00  INFO 17424 --- [mesa-service] [Thread-25] com.netflix.discovery.DiscoveryClient    : DiscoveryClient_MESA-SERVICE/mesa-service:e70f4ac8abe94e08d63d8505d46f1562 - deregister  status: 200
2025-10-29T01:55:01.291-05:00  INFO 17424 --- [mesa-service] [Thread-25] com.netflix.discovery.DiscoveryClient    : Completed shut down of DiscoveryClient
2025-10-29T01:55:01.477-05:00  INFO 17424 --- [mesa-service] [restartedMain] org.cibertec.MesaServiceApplication      : Starting MesaServiceApplication using Java 21.0.8 with PID 17424 (C:\Users\ronca\OneDrive\Escritorio\Dev\DAW2\mesa-service\target\classes started by Arturo in C:\Users\ronca\OneDrive\Escritorio\Dev\DAW2\mesa-service)
2025-10-29T01:55:01.477-05:00  INFO 17424 --- [mesa-service] [restartedMain] org.cibertec.MesaServiceApplication      : No active profile set, falling back to 1 default profile: "default"
2025-10-29T01:55:01.481-05:00  INFO 17424 --- [mesa-service] [restartedMain] o.s.c.c.c.ConfigServerConfigDataLoader   : Fetching config from server at : http://localhost:8888
2025-10-29T01:55:01.481-05:00  INFO 17424 --- [mesa-service] [restartedMain] o.s.c.c.c.ConfigServerConfigDataLoader   : Located environment: name=mesa-service, profiles=[default], label=null, version=null, state=null
2025-10-29T01:55:02.252-05:00  INFO 17424 --- [mesa-service] [restartedMain] .s.d.r.c.RepositoryConfigurationDelegate : Bootstrapping Spring Data JPA repositories in DEFAULT mode.
2025-10-29T01:55:02.275-05:00  INFO 17424 --- [mesa-service] [restartedMain] .s.d.r.c.RepositoryConfigurationDelegate : Finished Spring Data repository scanning in 21 ms. Found 2 JPA repository interfaces.
2025-10-29T01:55:02.447-05:00  INFO 17424 --- [mesa-service] [restartedMain] o.s.cloud.context.scope.GenericScope     : BeanFactory id=823c8160-9f4f-31dd-b49f-a9354c025533
2025-10-29T01:55:02.592-05:00  INFO 17424 --- [mesa-service] [restartedMain] o.s.b.w.embedded.tomcat.TomcatWebServer  : Tomcat initialized with port 0 (http)
2025-10-29T01:55:02.592-05:00  INFO 17424 --- [mesa-service] [restartedMain] o.apache.catalina.core.StandardService   : Starting service [Tomcat]
2025-10-29T01:55:02.592-05:00  INFO 17424 --- [mesa-service] [restartedMain] o.apache.catalina.core.StandardEngine    : Starting Servlet engine: [Apache Tomcat/10.1.46]
2025-10-29T01:55:02.657-05:00  INFO 17424 --- [mesa-service] [restartedMain] o.a.c.c.C.[Tomcat].[localhost].[/]       : Initializing Spring embedded WebApplicationContext
2025-10-29T01:55:02.658-05:00  INFO 17424 --- [mesa-service] [restartedMain] w.s.c.ServletWebServerApplicationContext : Root WebApplicationContext: initialization completed in 1177 ms
2025-10-29T01:55:02.820-05:00  INFO 17424 --- [mesa-service] [restartedMain] com.zaxxer.hikari.HikariDataSource       : HikariPool-6 - Starting...
2025-10-29T01:55:02.835-05:00  INFO 17424 --- [mesa-service] [restartedMain] com.zaxxer.hikari.pool.HikariPool        : HikariPool-6 - Added connection com.mysql.cj.jdbc.ConnectionImpl@6bf6aeb8
2025-10-29T01:55:02.836-05:00  INFO 17424 --- [mesa-service] [restartedMain] com.zaxxer.hikari.HikariDataSource       : HikariPool-6 - Start completed.
2025-10-29T01:55:02.837-05:00  INFO 17424 --- [mesa-service] [restartedMain] o.hibernate.jpa.internal.util.LogHelper  : HHH000204: Processing PersistenceUnitInfo [name: default]
2025-10-29T01:55:02.843-05:00  INFO 17424 --- [mesa-service] [restartedMain] o.h.c.internal.RegionFactoryInitiator    : HHH000026: Second-level cache disabled
2025-10-29T01:55:02.861-05:00  INFO 17424 --- [mesa-service] [restartedMain] o.s.o.j.p.SpringPersistenceUnitInfo      : No LoadTimeWeaver setup: ignoring JPA class transformer
2025-10-29T01:55:02.864-05:00  INFO 17424 --- [mesa-service] [restartedMain] org.hibernate.orm.connections.pooling    : HHH10001005: Database info:
	Database JDBC URL [Connecting through datasource 'HikariDataSource (HikariPool-6)']
	Database driver: undefined/unknown
	Database version: 8.0.34
	Autocommit mode: undefined/unknown
	Isolation level: undefined/unknown
	Minimum pool size: undefined/unknown
	Maximum pool size: undefined/unknown
2025-10-29T01:55:03.079-05:00  INFO 17424 --- [mesa-service] [restartedMain] o.h.e.t.j.p.i.JtaPlatformInitiator       : HHH000489: No JTA platform available (set 'hibernate.transaction.jta.platform' to enable JTA platform integration)
2025-10-29T01:55:03.079-05:00  INFO 17424 --- [mesa-service] [restartedMain] j.LocalContainerEntityManagerFactoryBean : Initialized JPA EntityManagerFactory for persistence unit 'default'
2025-10-29T01:55:03.212-05:00  WARN 17424 --- [mesa-service] [restartedMain] JpaBaseConfiguration$JpaWebConfiguration : spring.jpa.open-in-view is enabled by default. Therefore, database queries may be performed during view rendering. Explicitly configure spring.jpa.open-in-view to disable this warning
2025-10-29T01:55:03.667-05:00  INFO 17424 --- [mesa-service] [restartedMain] o.s.b.a.e.web.EndpointLinksResolver      : Exposing 18 endpoints beneath base path '/actuator'
2025-10-29T01:55:03.931-05:00  WARN 17424 --- [mesa-service] [restartedMain] o.s.b.d.a.OptionalLiveReloadServer       : Unable to start LiveReload server
2025-10-29T01:55:03.955-05:00  INFO 17424 --- [mesa-service] [restartedMain] DiscoveryClientOptionalArgsConfiguration : Eureka HTTP Client uses RestTemplate.
2025-10-29T01:55:03.991-05:00  WARN 17424 --- [mesa-service] [restartedMain] iguration$LoadBalancerCaffeineWarnLogger : Spring Cloud LoadBalancer is currently working with the default cache. While this cache implementation is useful for development and tests, it's recommended to use Caffeine cache in production.You can switch to using Caffeine cache, by adding it and org.springframework.cache.caffeine.CaffeineCacheManager to the classpath.
2025-10-29T01:55:04.046-05:00  INFO 17424 --- [mesa-service] [restartedMain] o.s.b.w.embedded.tomcat.TomcatWebServer  : Tomcat started on port 60923 (http) with context path '/'
2025-10-29T01:55:04.047-05:00  INFO 17424 --- [mesa-service] [restartedMain] .s.c.n.e.s.EurekaAutoServiceRegistration : Updating port to 60923
2025-10-29T01:55:04.050-05:00  INFO 17424 --- [mesa-service] [restartedMain] o.s.c.n.eureka.InstanceInfoFactory       : Setting initial instance status as: STARTING
2025-10-29T01:55:04.057-05:00  INFO 17424 --- [mesa-service] [restartedMain] com.netflix.discovery.DiscoveryClient    : Initializing Eureka in region us-east-1
2025-10-29T01:55:04.057-05:00  INFO 17424 --- [mesa-service] [restartedMain] c.n.d.s.r.aws.ConfigClusterResolver      : Resolving eureka endpoints via configuration
2025-10-29T01:55:04.057-05:00  INFO 17424 --- [mesa-service] [restartedMain] com.netflix.discovery.DiscoveryClient    : Disable delta property : false
2025-10-29T01:55:04.057-05:00  INFO 17424 --- [mesa-service] [restartedMain] com.netflix.discovery.DiscoveryClient    : Single vip registry refresh property : null
2025-10-29T01:55:04.057-05:00  INFO 17424 --- [mesa-service] [restartedMain] com.netflix.discovery.DiscoveryClient    : Force full registry fetch : false
2025-10-29T01:55:04.057-05:00  INFO 17424 --- [mesa-service] [restartedMain] com.netflix.discovery.DiscoveryClient    : Application is null : false
2025-10-29T01:55:04.057-05:00  INFO 17424 --- [mesa-service] [restartedMain] com.netflix.discovery.DiscoveryClient    : Registered Applications size is zero : true
2025-10-29T01:55:04.057-05:00  INFO 17424 --- [mesa-service] [restartedMain] com.netflix.discovery.DiscoveryClient    : Application version is -1: true
2025-10-29T01:55:04.057-05:00  INFO 17424 --- [mesa-service] [restartedMain] com.netflix.discovery.DiscoveryClient    : Getting all instance registry info from the eureka server
2025-10-29T01:55:04.100-05:00  INFO 17424 --- [mesa-service] [restartedMain] com.netflix.discovery.DiscoveryClient    : The response status is 200
2025-10-29T01:55:04.100-05:00  INFO 17424 --- [mesa-service] [restartedMain] com.netflix.discovery.DiscoveryClient    : Starting heartbeat executor: renew interval is: 30
2025-10-29T01:55:04.102-05:00  INFO 17424 --- [mesa-service] [restartedMain] c.n.discovery.InstanceInfoReplicator     : InstanceInfoReplicator onDemand update allowed rate per min is 4
2025-10-29T01:55:04.103-05:00  INFO 17424 --- [mesa-service] [restartedMain] com.netflix.discovery.DiscoveryClient    : Discovery Client initialized at timestamp 1761720904103 with initial instances count: 6
2025-10-29T01:55:04.108-05:00  INFO 17424 --- [mesa-service] [restartedMain] o.s.c.n.e.s.EurekaServiceRegistry        : Registering application MESA-SERVICE with eureka with status UP
2025-10-29T01:55:04.108-05:00  INFO 17424 --- [mesa-service] [restartedMain] com.netflix.discovery.DiscoveryClient    : Saw local status change event StatusChangeEvent [timestamp=1761720904108, current=UP, previous=STARTING]
2025-10-29T01:55:04.108-05:00  INFO 17424 --- [mesa-service] [DiscoveryClient-InstanceInfoReplicator-%d] com.netflix.discovery.DiscoveryClient    : DiscoveryClient_MESA-SERVICE/mesa-service:7c8cb06045cdece7b92d87b9337094d2: registering service...
2025-10-29T01:55:04.127-05:00  INFO 17424 --- [mesa-service] [DiscoveryClient-InstanceInfoReplicator-%d] com.netflix.discovery.DiscoveryClient    : DiscoveryClient_MESA-SERVICE/mesa-service:7c8cb06045cdece7b92d87b9337094d2 - registration status: 204
2025-10-29T01:55:04.132-05:00  INFO 17424 --- [mesa-service] [restartedMain] org.cibertec.MesaServiceApplication      : Started MesaServiceApplication in 2.758 seconds (process running for 580.1)
2025-10-29T01:55:04.157-05:00  INFO 17424 --- [mesa-service] [restartedMain] .ConditionEvaluationDeltaLoggingListener : Condition evaluation unchanged
2025-10-29T01:55:16.712-05:00  INFO 17424 --- [mesa-service] [File Watcher] rtingClassPathChangeChangedEventListener : Restarting due to 1 class path change (0 additions, 0 deletions, 1 modification)
2025-10-29T01:55:16.714-05:00  INFO 17424 --- [mesa-service] [Thread-31] o.s.c.n.e.s.EurekaServiceRegistry        : Unregistering application MESA-SERVICE with eureka with status DOWN
2025-10-29T01:55:16.714-05:00  INFO 17424 --- [mesa-service] [Thread-31] com.netflix.discovery.DiscoveryClient    : Saw local status change event StatusChangeEvent [timestamp=1761720916714, current=DOWN, previous=UP]
2025-10-29T01:55:16.714-05:00  INFO 17424 --- [mesa-service] [DiscoveryClient-InstanceInfoReplicator-%d] com.netflix.discovery.DiscoveryClient    : DiscoveryClient_MESA-SERVICE/mesa-service:7c8cb06045cdece7b92d87b9337094d2: registering service...
2025-10-29T01:55:16.715-05:00  INFO 17424 --- [mesa-service] [Thread-31] o.s.b.w.e.tomcat.GracefulShutdown        : Commencing graceful shutdown. Waiting for active requests to complete
2025-10-29T01:55:16.724-05:00  INFO 17424 --- [mesa-service] [tomcat-shutdown] o.s.b.w.e.tomcat.GracefulShutdown        : Graceful shutdown complete
2025-10-29T01:55:16.729-05:00  INFO 17424 --- [mesa-service] [DiscoveryClient-InstanceInfoReplicator-%d] com.netflix.discovery.DiscoveryClient    : DiscoveryClient_MESA-SERVICE/mesa-service:7c8cb06045cdece7b92d87b9337094d2 - registration status: 204
2025-10-29T01:55:16.730-05:00  INFO 17424 --- [mesa-service] [Thread-31] j.LocalContainerEntityManagerFactoryBean : Closing JPA EntityManagerFactory for persistence unit 'default'
2025-10-29T01:55:16.731-05:00  INFO 17424 --- [mesa-service] [Thread-31] com.zaxxer.hikari.HikariDataSource       : HikariPool-6 - Shutdown initiated...
2025-10-29T01:55:16.739-05:00  INFO 17424 --- [mesa-service] [Thread-31] com.zaxxer.hikari.HikariDataSource       : HikariPool-6 - Shutdown completed.
2025-10-29T01:55:16.739-05:00  INFO 17424 --- [mesa-service] [Thread-31] com.netflix.discovery.DiscoveryClient    : Shutting down DiscoveryClient ...
2025-10-29T01:55:19.752-05:00  INFO 17424 --- [mesa-service] [Thread-31] com.netflix.discovery.DiscoveryClient    : Unregistering ...
2025-10-29T01:55:19.769-05:00  INFO 17424 --- [mesa-service] [Thread-31] com.netflix.discovery.DiscoveryClient    : DiscoveryClient_MESA-SERVICE/mesa-service:7c8cb06045cdece7b92d87b9337094d2 - deregister  status: 200
2025-10-29T01:55:19.769-05:00  INFO 17424 --- [mesa-service] [Thread-31] com.netflix.discovery.DiscoveryClient    : Completed shut down of DiscoveryClient
2025-10-29T01:55:19.944-05:00  INFO 17424 --- [mesa-service] [restartedMain] org.cibertec.MesaServiceApplication      : Starting MesaServiceApplication using Java 21.0.8 with PID 17424 (C:\Users\ronca\OneDrive\Escritorio\Dev\DAW2\mesa-service\target\classes started by Arturo in C:\Users\ronca\OneDrive\Escritorio\Dev\DAW2\mesa-service)
2025-10-29T01:55:19.944-05:00  INFO 17424 --- [mesa-service] [restartedMain] org.cibertec.MesaServiceApplication      : No active profile set, falling back to 1 default profile: "default"
2025-10-29T01:55:19.947-05:00  INFO 17424 --- [mesa-service] [restartedMain] o.s.c.c.c.ConfigServerConfigDataLoader   : Fetching config from server at : http://localhost:8888
2025-10-29T01:55:19.947-05:00  INFO 17424 --- [mesa-service] [restartedMain] o.s.c.c.c.ConfigServerConfigDataLoader   : Located environment: name=mesa-service, profiles=[default], label=null, version=null, state=null
2025-10-29T01:55:20.728-05:00  INFO 17424 --- [mesa-service] [restartedMain] .s.d.r.c.RepositoryConfigurationDelegate : Bootstrapping Spring Data JPA repositories in DEFAULT mode.
2025-10-29T01:55:20.750-05:00  INFO 17424 --- [mesa-service] [restartedMain] .s.d.r.c.RepositoryConfigurationDelegate : Finished Spring Data repository scanning in 20 ms. Found 2 JPA repository interfaces.
2025-10-29T01:55:20.951-05:00  INFO 17424 --- [mesa-service] [restartedMain] o.s.cloud.context.scope.GenericScope     : BeanFactory id=823c8160-9f4f-31dd-b49f-a9354c025533
2025-10-29T01:55:21.113-05:00  INFO 17424 --- [mesa-service] [restartedMain] o.s.b.w.embedded.tomcat.TomcatWebServer  : Tomcat initialized with port 0 (http)
2025-10-29T01:55:21.114-05:00  INFO 17424 --- [mesa-service] [restartedMain] o.apache.catalina.core.StandardService   : Starting service [Tomcat]
2025-10-29T01:55:21.115-05:00  INFO 17424 --- [mesa-service] [restartedMain] o.apache.catalina.core.StandardEngine    : Starting Servlet engine: [Apache Tomcat/10.1.46]
2025-10-29T01:55:21.177-05:00  INFO 17424 --- [mesa-service] [restartedMain] o.a.c.c.C.[Tomcat].[localhost].[/]       : Initializing Spring embedded WebApplicationContext
2025-10-29T01:55:21.177-05:00  INFO 17424 --- [mesa-service] [restartedMain] w.s.c.ServletWebServerApplicationContext : Root WebApplicationContext: initialization completed in 1229 ms
2025-10-29T01:55:21.332-05:00  INFO 17424 --- [mesa-service] [restartedMain] com.zaxxer.hikari.HikariDataSource       : HikariPool-7 - Starting...
2025-10-29T01:55:21.350-05:00  INFO 17424 --- [mesa-service] [restartedMain] com.zaxxer.hikari.pool.HikariPool        : HikariPool-7 - Added connection com.mysql.cj.jdbc.ConnectionImpl@db90c59
2025-10-29T01:55:21.351-05:00  INFO 17424 --- [mesa-service] [restartedMain] com.zaxxer.hikari.HikariDataSource       : HikariPool-7 - Start completed.
2025-10-29T01:55:21.351-05:00  INFO 17424 --- [mesa-service] [restartedMain] o.hibernate.jpa.internal.util.LogHelper  : HHH000204: Processing PersistenceUnitInfo [name: default]
2025-10-29T01:55:21.358-05:00  INFO 17424 --- [mesa-service] [restartedMain] o.h.c.internal.RegionFactoryInitiator    : HHH000026: Second-level cache disabled
2025-10-29T01:55:21.374-05:00  INFO 17424 --- [mesa-service] [restartedMain] o.s.o.j.p.SpringPersistenceUnitInfo      : No LoadTimeWeaver setup: ignoring JPA class transformer
2025-10-29T01:55:21.377-05:00  INFO 17424 --- [mesa-service] [restartedMain] org.hibernate.orm.connections.pooling    : HHH10001005: Database info:
	Database JDBC URL [Connecting through datasource 'HikariDataSource (HikariPool-7)']
	Database driver: undefined/unknown
	Database version: 8.0.34
	Autocommit mode: undefined/unknown
	Isolation level: undefined/unknown
	Minimum pool size: undefined/unknown
	Maximum pool size: undefined/unknown
2025-10-29T01:55:21.526-05:00  INFO 17424 --- [mesa-service] [restartedMain] o.h.e.t.j.p.i.JtaPlatformInitiator       : HHH000489: No JTA platform available (set 'hibernate.transaction.jta.platform' to enable JTA platform integration)
2025-10-29T01:55:21.527-05:00  INFO 17424 --- [mesa-service] [restartedMain] j.LocalContainerEntityManagerFactoryBean : Initialized JPA EntityManagerFactory for persistence unit 'default'
2025-10-29T01:55:21.653-05:00  WARN 17424 --- [mesa-service] [restartedMain] JpaBaseConfiguration$JpaWebConfiguration : spring.jpa.open-in-view is enabled by default. Therefore, database queries may be performed during view rendering. Explicitly configure spring.jpa.open-in-view to disable this warning
2025-10-29T01:55:22.016-05:00  INFO 17424 --- [mesa-service] [restartedMain] o.s.b.a.e.web.EndpointLinksResolver      : Exposing 18 endpoints beneath base path '/actuator'
2025-10-29T01:55:22.305-05:00  WARN 17424 --- [mesa-service] [restartedMain] o.s.b.d.a.OptionalLiveReloadServer       : Unable to start LiveReload server
2025-10-29T01:55:22.336-05:00  INFO 17424 --- [mesa-service] [restartedMain] DiscoveryClientOptionalArgsConfiguration : Eureka HTTP Client uses RestTemplate.
2025-10-29T01:55:22.365-05:00  WARN 17424 --- [mesa-service] [restartedMain] iguration$LoadBalancerCaffeineWarnLogger : Spring Cloud LoadBalancer is currently working with the default cache. While this cache implementation is useful for development and tests, it's recommended to use Caffeine cache in production.You can switch to using Caffeine cache, by adding it and org.springframework.cache.caffeine.CaffeineCacheManager to the classpath.
2025-10-29T01:55:22.425-05:00  INFO 17424 --- [mesa-service] [restartedMain] o.s.b.w.embedded.tomcat.TomcatWebServer  : Tomcat started on port 60975 (http) with context path '/'
2025-10-29T01:55:22.426-05:00  INFO 17424 --- [mesa-service] [restartedMain] .s.c.n.e.s.EurekaAutoServiceRegistration : Updating port to 60975
2025-10-29T01:55:22.429-05:00  INFO 17424 --- [mesa-service] [restartedMain] o.s.c.n.eureka.InstanceInfoFactory       : Setting initial instance status as: STARTING
2025-10-29T01:55:22.435-05:00  INFO 17424 --- [mesa-service] [restartedMain] com.netflix.discovery.DiscoveryClient    : Initializing Eureka in region us-east-1
2025-10-29T01:55:22.435-05:00  INFO 17424 --- [mesa-service] [restartedMain] c.n.d.s.r.aws.ConfigClusterResolver      : Resolving eureka endpoints via configuration
2025-10-29T01:55:22.437-05:00  INFO 17424 --- [mesa-service] [restartedMain] com.netflix.discovery.DiscoveryClient    : Disable delta property : false
2025-10-29T01:55:22.437-05:00  INFO 17424 --- [mesa-service] [restartedMain] com.netflix.discovery.DiscoveryClient    : Single vip registry refresh property : null
2025-10-29T01:55:22.437-05:00  INFO 17424 --- [mesa-service] [restartedMain] com.netflix.discovery.DiscoveryClient    : Force full registry fetch : false
2025-10-29T01:55:22.437-05:00  INFO 17424 --- [mesa-service] [restartedMain] com.netflix.discovery.DiscoveryClient    : Application is null : false
2025-10-29T01:55:22.437-05:00  INFO 17424 --- [mesa-service] [restartedMain] com.netflix.discovery.DiscoveryClient    : Registered Applications size is zero : true
2025-10-29T01:55:22.437-05:00  INFO 17424 --- [mesa-service] [restartedMain] com.netflix.discovery.DiscoveryClient    : Application version is -1: true
2025-10-29T01:55:22.438-05:00  INFO 17424 --- [mesa-service] [restartedMain] com.netflix.discovery.DiscoveryClient    : Getting all instance registry info from the eureka server
2025-10-29T01:55:22.481-05:00  INFO 17424 --- [mesa-service] [restartedMain] com.netflix.discovery.DiscoveryClient    : The response status is 200
2025-10-29T01:55:22.482-05:00  INFO 17424 --- [mesa-service] [restartedMain] com.netflix.discovery.DiscoveryClient    : Starting heartbeat executor: renew interval is: 30
2025-10-29T01:55:22.482-05:00  INFO 17424 --- [mesa-service] [restartedMain] c.n.discovery.InstanceInfoReplicator     : InstanceInfoReplicator onDemand update allowed rate per min is 4
2025-10-29T01:55:22.482-05:00  INFO 17424 --- [mesa-service] [restartedMain] com.netflix.discovery.DiscoveryClient    : Discovery Client initialized at timestamp 1761720922482 with initial instances count: 6
2025-10-29T01:55:22.485-05:00  INFO 17424 --- [mesa-service] [restartedMain] o.s.c.n.e.s.EurekaServiceRegistry        : Registering application MESA-SERVICE with eureka with status UP
2025-10-29T01:55:22.485-05:00  INFO 17424 --- [mesa-service] [restartedMain] com.netflix.discovery.DiscoveryClient    : Saw local status change event StatusChangeEvent [timestamp=1761720922485, current=UP, previous=STARTING]
2025-10-29T01:55:22.485-05:00  INFO 17424 --- [mesa-service] [DiscoveryClient-InstanceInfoReplicator-%d] com.netflix.discovery.DiscoveryClient    : DiscoveryClient_MESA-SERVICE/mesa-service:ec325cb81b00a11115b862de487176d9: registering service...
2025-10-29T01:55:22.504-05:00  INFO 17424 --- [mesa-service] [DiscoveryClient-InstanceInfoReplicator-%d] com.netflix.discovery.DiscoveryClient    : DiscoveryClient_MESA-SERVICE/mesa-service:ec325cb81b00a11115b862de487176d9 - registration status: 204
2025-10-29T01:55:22.510-05:00  INFO 17424 --- [mesa-service] [restartedMain] org.cibertec.MesaServiceApplication      : Started MesaServiceApplication in 2.667 seconds (process running for 598.478)
2025-10-29T01:55:22.514-05:00  INFO 17424 --- [mesa-service] [restartedMain] .ConditionEvaluationDeltaLoggingListener : Condition evaluation unchanged
2025-10-29T01:55:34.023-05:00  INFO 17424 --- [mesa-service] [File Watcher] rtingClassPathChangeChangedEventListener : Restarting due to 1 class path change (0 additions, 0 deletions, 1 modification)
2025-10-29T01:55:34.025-05:00  INFO 17424 --- [mesa-service] [Thread-37] o.s.c.n.e.s.EurekaServiceRegistry        : Unregistering application MESA-SERVICE with eureka with status DOWN
2025-10-29T01:55:34.025-05:00  INFO 17424 --- [mesa-service] [Thread-37] com.netflix.discovery.DiscoveryClient    : Saw local status change event StatusChangeEvent [timestamp=1761720934025, current=DOWN, previous=UP]
2025-10-29T01:55:34.025-05:00  INFO 17424 --- [mesa-service] [DiscoveryClient-InstanceInfoReplicator-%d] com.netflix.discovery.DiscoveryClient    : DiscoveryClient_MESA-SERVICE/mesa-service:ec325cb81b00a11115b862de487176d9: registering service...
2025-10-29T01:55:34.027-05:00  INFO 17424 --- [mesa-service] [Thread-37] o.s.b.w.e.tomcat.GracefulShutdown        : Commencing graceful shutdown. Waiting for active requests to complete
2025-10-29T01:55:34.034-05:00  INFO 17424 --- [mesa-service] [tomcat-shutdown] o.s.b.w.e.tomcat.GracefulShutdown        : Graceful shutdown complete
2025-10-29T01:55:34.038-05:00  INFO 17424 --- [mesa-service] [DiscoveryClient-InstanceInfoReplicator-%d] com.netflix.discovery.DiscoveryClient    : DiscoveryClient_MESA-SERVICE/mesa-service:ec325cb81b00a11115b862de487176d9 - registration status: 204
2025-10-29T01:55:34.040-05:00  INFO 17424 --- [mesa-service] [Thread-37] j.LocalContainerEntityManagerFactoryBean : Closing JPA EntityManagerFactory for persistence unit 'default'
2025-10-29T01:55:34.040-05:00  INFO 17424 --- [mesa-service] [Thread-37] com.zaxxer.hikari.HikariDataSource       : HikariPool-7 - Shutdown initiated...
2025-10-29T01:55:34.047-05:00  INFO 17424 --- [mesa-service] [Thread-37] com.zaxxer.hikari.HikariDataSource       : HikariPool-7 - Shutdown completed.
2025-10-29T01:55:34.048-05:00  INFO 17424 --- [mesa-service] [Thread-37] com.netflix.discovery.DiscoveryClient    : Shutting down DiscoveryClient ...
2025-10-29T01:55:37.059-05:00  INFO 17424 --- [mesa-service] [Thread-37] com.netflix.discovery.DiscoveryClient    : Unregistering ...
2025-10-29T01:55:37.077-05:00  INFO 17424 --- [mesa-service] [Thread-37] com.netflix.discovery.DiscoveryClient    : DiscoveryClient_MESA-SERVICE/mesa-service:ec325cb81b00a11115b862de487176d9 - deregister  status: 200
2025-10-29T01:55:37.077-05:00  INFO 17424 --- [mesa-service] [Thread-37] com.netflix.discovery.DiscoveryClient    : Completed shut down of DiscoveryClient
2025-10-29T01:55:37.298-05:00  INFO 17424 --- [mesa-service] [restartedMain] org.cibertec.MesaServiceApplication      : Starting MesaServiceApplication using Java 21.0.8 with PID 17424 (C:\Users\ronca\OneDrive\Escritorio\Dev\DAW2\mesa-service\target\classes started by Arturo in C:\Users\ronca\OneDrive\Escritorio\Dev\DAW2\mesa-service)
2025-10-29T01:55:37.298-05:00  INFO 17424 --- [mesa-service] [restartedMain] org.cibertec.MesaServiceApplication      : No active profile set, falling back to 1 default profile: "default"
2025-10-29T01:55:37.302-05:00  INFO 17424 --- [mesa-service] [restartedMain] o.s.c.c.c.ConfigServerConfigDataLoader   : Fetching config from server at : http://localhost:8888
2025-10-29T01:55:37.302-05:00  INFO 17424 --- [mesa-service] [restartedMain] o.s.c.c.c.ConfigServerConfigDataLoader   : Located environment: name=mesa-service, profiles=[default], label=null, version=null, state=null
2025-10-29T01:55:38.029-05:00  INFO 17424 --- [mesa-service] [restartedMain] .s.d.r.c.RepositoryConfigurationDelegate : Bootstrapping Spring Data JPA repositories in DEFAULT mode.
2025-10-29T01:55:38.048-05:00  INFO 17424 --- [mesa-service] [restartedMain] .s.d.r.c.RepositoryConfigurationDelegate : Finished Spring Data repository scanning in 17 ms. Found 2 JPA repository interfaces.
2025-10-29T01:55:38.230-05:00  INFO 17424 --- [mesa-service] [restartedMain] o.s.cloud.context.scope.GenericScope     : BeanFactory id=823c8160-9f4f-31dd-b49f-a9354c025533
2025-10-29T01:55:38.385-05:00  INFO 17424 --- [mesa-service] [restartedMain] o.s.b.w.embedded.tomcat.TomcatWebServer  : Tomcat initialized with port 0 (http)
2025-10-29T01:55:38.386-05:00  INFO 17424 --- [mesa-service] [restartedMain] o.apache.catalina.core.StandardService   : Starting service [Tomcat]
2025-10-29T01:55:38.387-05:00  INFO 17424 --- [mesa-service] [restartedMain] o.apache.catalina.core.StandardEngine    : Starting Servlet engine: [Apache Tomcat/10.1.46]
2025-10-29T01:55:38.448-05:00  INFO 17424 --- [mesa-service] [restartedMain] o.a.c.c.C.[Tomcat].[localhost].[/]       : Initializing Spring embedded WebApplicationContext
2025-10-29T01:55:38.449-05:00  INFO 17424 --- [mesa-service] [restartedMain] w.s.c.ServletWebServerApplicationContext : Root WebApplicationContext: initialization completed in 1147 ms
2025-10-29T01:55:38.608-05:00  INFO 17424 --- [mesa-service] [restartedMain] com.zaxxer.hikari.HikariDataSource       : HikariPool-8 - Starting...
2025-10-29T01:55:38.622-05:00  INFO 17424 --- [mesa-service] [restartedMain] com.zaxxer.hikari.pool.HikariPool        : HikariPool-8 - Added connection com.mysql.cj.jdbc.ConnectionImpl@62559d16
2025-10-29T01:55:38.623-05:00  INFO 17424 --- [mesa-service] [restartedMain] com.zaxxer.hikari.HikariDataSource       : HikariPool-8 - Start completed.
2025-10-29T01:55:38.624-05:00  INFO 17424 --- [mesa-service] [restartedMain] o.hibernate.jpa.internal.util.LogHelper  : HHH000204: Processing PersistenceUnitInfo [name: default]
2025-10-29T01:55:38.630-05:00  INFO 17424 --- [mesa-service] [restartedMain] o.h.c.internal.RegionFactoryInitiator    : HHH000026: Second-level cache disabled
2025-10-29T01:55:38.646-05:00  INFO 17424 --- [mesa-service] [restartedMain] o.s.o.j.p.SpringPersistenceUnitInfo      : No LoadTimeWeaver setup: ignoring JPA class transformer
2025-10-29T01:55:38.650-05:00  INFO 17424 --- [mesa-service] [restartedMain] org.hibernate.orm.connections.pooling    : HHH10001005: Database info:
	Database JDBC URL [Connecting through datasource 'HikariDataSource (HikariPool-8)']
	Database driver: undefined/unknown
	Database version: 8.0.34
	Autocommit mode: undefined/unknown
	Isolation level: undefined/unknown
	Minimum pool size: undefined/unknown
	Maximum pool size: undefined/unknown
2025-10-29T01:55:38.828-05:00  INFO 17424 --- [mesa-service] [restartedMain] o.h.e.t.j.p.i.JtaPlatformInitiator       : HHH000489: No JTA platform available (set 'hibernate.transaction.jta.platform' to enable JTA platform integration)
2025-10-29T01:55:38.828-05:00  INFO 17424 --- [mesa-service] [restartedMain] j.LocalContainerEntityManagerFactoryBean : Initialized JPA EntityManagerFactory for persistence unit 'default'
2025-10-29T01:55:38.982-05:00  WARN 17424 --- [mesa-service] [restartedMain] JpaBaseConfiguration$JpaWebConfiguration : spring.jpa.open-in-view is enabled by default. Therefore, database queries may be performed during view rendering. Explicitly configure spring.jpa.open-in-view to disable this warning
2025-10-29T01:55:39.389-05:00  INFO 17424 --- [mesa-service] [restartedMain] o.s.b.a.e.web.EndpointLinksResolver      : Exposing 18 endpoints beneath base path '/actuator'
2025-10-29T01:55:39.693-05:00  WARN 17424 --- [mesa-service] [restartedMain] o.s.b.d.a.OptionalLiveReloadServer       : Unable to start LiveReload server
2025-10-29T01:55:39.712-05:00  INFO 17424 --- [mesa-service] [restartedMain] DiscoveryClientOptionalArgsConfiguration : Eureka HTTP Client uses RestTemplate.
2025-10-29T01:55:39.737-05:00  WARN 17424 --- [mesa-service] [restartedMain] iguration$LoadBalancerCaffeineWarnLogger : Spring Cloud LoadBalancer is currently working with the default cache. While this cache implementation is useful for development and tests, it's recommended to use Caffeine cache in production.You can switch to using Caffeine cache, by adding it and org.springframework.cache.caffeine.CaffeineCacheManager to the classpath.
2025-10-29T01:55:39.788-05:00  INFO 17424 --- [mesa-service] [restartedMain] o.s.b.w.embedded.tomcat.TomcatWebServer  : Tomcat started on port 50784 (http) with context path '/'
2025-10-29T01:55:39.788-05:00  INFO 17424 --- [mesa-service] [restartedMain] .s.c.n.e.s.EurekaAutoServiceRegistration : Updating port to 50784
2025-10-29T01:55:39.790-05:00  INFO 17424 --- [mesa-service] [restartedMain] o.s.c.n.eureka.InstanceInfoFactory       : Setting initial instance status as: STARTING
2025-10-29T01:55:39.792-05:00  INFO 17424 --- [mesa-service] [restartedMain] com.netflix.discovery.DiscoveryClient    : Initializing Eureka in region us-east-1
2025-10-29T01:55:39.792-05:00  INFO 17424 --- [mesa-service] [restartedMain] c.n.d.s.r.aws.ConfigClusterResolver      : Resolving eureka endpoints via configuration
2025-10-29T01:55:39.792-05:00  INFO 17424 --- [mesa-service] [restartedMain] com.netflix.discovery.DiscoveryClient    : Disable delta property : false
2025-10-29T01:55:39.792-05:00  INFO 17424 --- [mesa-service] [restartedMain] com.netflix.discovery.DiscoveryClient    : Single vip registry refresh property : null
2025-10-29T01:55:39.792-05:00  INFO 17424 --- [mesa-service] [restartedMain] com.netflix.discovery.DiscoveryClient    : Force full registry fetch : false
2025-10-29T01:55:39.792-05:00  INFO 17424 --- [mesa-service] [restartedMain] com.netflix.discovery.DiscoveryClient    : Application is null : false
2025-10-29T01:55:39.792-05:00  INFO 17424 --- [mesa-service] [restartedMain] com.netflix.discovery.DiscoveryClient    : Registered Applications size is zero : true
2025-10-29T01:55:39.792-05:00  INFO 17424 --- [mesa-service] [restartedMain] com.netflix.discovery.DiscoveryClient    : Application version is -1: true
2025-10-29T01:55:39.792-05:00  INFO 17424 --- [mesa-service] [restartedMain] com.netflix.discovery.DiscoveryClient    : Getting all instance registry info from the eureka server
2025-10-29T01:55:39.816-05:00  INFO 17424 --- [mesa-service] [restartedMain] com.netflix.discovery.DiscoveryClient    : The response status is 200
2025-10-29T01:55:39.817-05:00  INFO 17424 --- [mesa-service] [restartedMain] com.netflix.discovery.DiscoveryClient    : Starting heartbeat executor: renew interval is: 30
2025-10-29T01:55:39.817-05:00  INFO 17424 --- [mesa-service] [restartedMain] c.n.discovery.InstanceInfoReplicator     : InstanceInfoReplicator onDemand update allowed rate per min is 4
2025-10-29T01:55:39.818-05:00  INFO 17424 --- [mesa-service] [restartedMain] com.netflix.discovery.DiscoveryClient    : Discovery Client initialized at timestamp 1761720939818 with initial instances count: 6
2025-10-29T01:55:39.820-05:00  INFO 17424 --- [mesa-service] [restartedMain] o.s.c.n.e.s.EurekaServiceRegistry        : Registering application MESA-SERVICE with eureka with status UP
2025-10-29T01:55:39.820-05:00  INFO 17424 --- [mesa-service] [restartedMain] com.netflix.discovery.DiscoveryClient    : Saw local status change event StatusChangeEvent [timestamp=1761720939820, current=UP, previous=STARTING]
2025-10-29T01:55:39.820-05:00  INFO 17424 --- [mesa-service] [DiscoveryClient-InstanceInfoReplicator-%d] com.netflix.discovery.DiscoveryClient    : DiscoveryClient_MESA-SERVICE/mesa-service:eca1f5862cbc169627f8b4e007c900ec: registering service...
2025-10-29T01:55:39.832-05:00  INFO 17424 --- [mesa-service] [DiscoveryClient-InstanceInfoReplicator-%d] com.netflix.discovery.DiscoveryClient    : DiscoveryClient_MESA-SERVICE/mesa-service:eca1f5862cbc169627f8b4e007c900ec - registration status: 204
2025-10-29T01:55:39.837-05:00  INFO 17424 --- [mesa-service] [restartedMain] org.cibertec.MesaServiceApplication      : Started MesaServiceApplication in 2.658 seconds (process running for 615.805)
2025-10-29T01:55:39.839-05:00  INFO 17424 --- [mesa-service] [restartedMain] .ConditionEvaluationDeltaLoggingListener : Condition evaluation unchanged
2025-10-29T01:55:59.639-05:00  INFO 17424 --- [mesa-service] [RMI TCP Connection(27)-127.0.0.1] inMXBeanRegistrar$SpringApplicationAdmin : Application shutdown requested.
2025-10-29T01:55:59.640-05:00  INFO 17424 --- [mesa-service] [RMI TCP Connection(27)-127.0.0.1] o.s.c.n.e.s.EurekaServiceRegistry        : Unregistering application MESA-SERVICE with eureka with status DOWN
2025-10-29T01:55:59.640-05:00  INFO 17424 --- [mesa-service] [RMI TCP Connection(27)-127.0.0.1] com.netflix.discovery.DiscoveryClient    : Saw local status change event StatusChangeEvent [timestamp=1761720959640, current=DOWN, previous=UP]
2025-10-29T01:55:59.640-05:00  INFO 17424 --- [mesa-service] [DiscoveryClient-InstanceInfoReplicator-%d] com.netflix.discovery.DiscoveryClient    : DiscoveryClient_MESA-SERVICE/mesa-service:eca1f5862cbc169627f8b4e007c900ec: registering service...
2025-10-29T01:55:59.642-05:00  INFO 17424 --- [mesa-service] [RMI TCP Connection(27)-127.0.0.1] o.s.b.w.e.tomcat.GracefulShutdown        : Commencing graceful shutdown. Waiting for active requests to complete
2025-10-29T01:55:59.651-05:00  INFO 17424 --- [mesa-service] [tomcat-shutdown] o.s.b.w.e.tomcat.GracefulShutdown        : Graceful shutdown complete
2025-10-29T01:55:59.658-05:00  INFO 17424 --- [mesa-service] [RMI TCP Connection(27)-127.0.0.1] j.LocalContainerEntityManagerFactoryBean : Closing JPA EntityManagerFactory for persistence unit 'default'
2025-10-29T01:55:59.659-05:00  INFO 17424 --- [mesa-service] [RMI TCP Connection(27)-127.0.0.1] com.zaxxer.hikari.HikariDataSource       : HikariPool-8 - Shutdown initiated...
2025-10-29T01:55:59.660-05:00  INFO 17424 --- [mesa-service] [DiscoveryClient-InstanceInfoReplicator-%d] com.netflix.discovery.DiscoveryClient    : DiscoveryClient_MESA-SERVICE/mesa-service:eca1f5862cbc169627f8b4e007c900ec - registration status: 204
2025-10-29T01:55:59.667-05:00  INFO 17424 --- [mesa-service] [RMI TCP Connection(27)-127.0.0.1] com.zaxxer.hikari.HikariDataSource       : HikariPool-8 - Shutdown completed.
2025-10-29T01:55:59.668-05:00  INFO 17424 --- [mesa-service] [RMI TCP Connection(27)-127.0.0.1] com.netflix.discovery.DiscoveryClient    : Shutting down DiscoveryClient ...
2025-10-29T01:56:02.669-05:00  INFO 17424 --- [mesa-service] [RMI TCP Connection(27)-127.0.0.1] com.netflix.discovery.DiscoveryClient    : Unregistering ...
2025-10-29T01:56:02.688-05:00  INFO 17424 --- [mesa-service] [RMI TCP Connection(27)-127.0.0.1] com.netflix.discovery.DiscoveryClient    : DiscoveryClient_MESA-SERVICE/mesa-service:eca1f5862cbc169627f8b4e007c900ec - deregister  status: 200
2025-10-29T01:56:02.689-05:00  INFO 17424 --- [mesa-service] [RMI TCP Connection(27)-127.0.0.1] com.netflix.discovery.DiscoveryClient    : Completed shut down of DiscoveryClient
2025-10-29T01:56:13.094-05:00  INFO 18704 --- [mesa-service] [restartedMain] org.cibertec.MesaServiceApplication      : Starting MesaServiceApplication using Java 21.0.8 with PID 18704 (C:\Users\ronca\OneDrive\Escritorio\Dev\DAW2\mesa-service\target\classes started by Arturo in C:\Users\ronca\OneDrive\Escritorio\Dev\DAW2\mesa-service)
2025-10-29T01:56:13.098-05:00  INFO 18704 --- [mesa-service] [restartedMain] org.cibertec.MesaServiceApplication      : No active profile set, falling back to 1 default profile: "default"
2025-10-29T01:56:13.188-05:00  INFO 18704 --- [mesa-service] [restartedMain] o.s.c.c.c.ConfigServerConfigDataLoader   : Fetching config from server at : http://localhost:8888
2025-10-29T01:56:13.188-05:00  INFO 18704 --- [mesa-service] [restartedMain] o.s.c.c.c.ConfigServerConfigDataLoader   : Located environment: name=mesa-service, profiles=[default], label=null, version=null, state=null
2025-10-29T01:56:13.192-05:00  INFO 18704 --- [mesa-service] [restartedMain] .e.DevToolsPropertyDefaultsPostProcessor : Devtools property defaults active! Set 'spring.devtools.add-properties' to 'false' to disable
2025-10-29T01:56:13.194-05:00  INFO 18704 --- [mesa-service] [restartedMain] .e.DevToolsPropertyDefaultsPostProcessor : For additional web related logging consider setting the 'logging.level.web' property to 'DEBUG'
2025-10-29T01:56:15.770-05:00  INFO 18704 --- [mesa-service] [restartedMain] .s.d.r.c.RepositoryConfigurationDelegate : Bootstrapping Spring Data JPA repositories in DEFAULT mode.
2025-10-29T01:56:16.058-05:00  INFO 18704 --- [mesa-service] [restartedMain] .s.d.r.c.RepositoryConfigurationDelegate : Finished Spring Data repository scanning in 269 ms. Found 2 JPA repository interfaces.
2025-10-29T01:56:16.721-05:00  INFO 18704 --- [mesa-service] [restartedMain] o.s.cloud.context.scope.GenericScope     : BeanFactory id=823c8160-9f4f-31dd-b49f-a9354c025533
2025-10-29T01:56:18.364-05:00  INFO 18704 --- [mesa-service] [restartedMain] o.s.b.w.embedded.tomcat.TomcatWebServer  : Tomcat initialized with port 0 (http)
2025-10-29T01:56:18.392-05:00  INFO 18704 --- [mesa-service] [restartedMain] o.apache.catalina.core.StandardService   : Starting service [Tomcat]
2025-10-29T01:56:18.393-05:00  INFO 18704 --- [mesa-service] [restartedMain] o.apache.catalina.core.StandardEngine    : Starting Servlet engine: [Apache Tomcat/10.1.46]
2025-10-29T01:56:18.515-05:00  INFO 18704 --- [mesa-service] [restartedMain] o.a.c.c.C.[Tomcat].[localhost].[/]       : Initializing Spring embedded WebApplicationContext
2025-10-29T01:56:18.517-05:00  INFO 18704 --- [mesa-service] [restartedMain] w.s.c.ServletWebServerApplicationContext : Root WebApplicationContext: initialization completed in 5322 ms
2025-10-29T01:56:19.104-05:00  INFO 18704 --- [mesa-service] [restartedMain] com.zaxxer.hikari.HikariDataSource       : HikariPool-1 - Starting...
2025-10-29T01:56:19.797-05:00  INFO 18704 --- [mesa-service] [restartedMain] com.zaxxer.hikari.pool.HikariPool        : HikariPool-1 - Added connection com.mysql.cj.jdbc.ConnectionImpl@52575293
2025-10-29T01:56:19.801-05:00  INFO 18704 --- [mesa-service] [restartedMain] com.zaxxer.hikari.HikariDataSource       : HikariPool-1 - Start completed.
2025-10-29T01:56:19.926-05:00  INFO 18704 --- [mesa-service] [restartedMain] o.hibernate.jpa.internal.util.LogHelper  : HHH000204: Processing PersistenceUnitInfo [name: default]
2025-10-29T01:56:20.158-05:00  INFO 18704 --- [mesa-service] [restartedMain] org.hibernate.Version                    : HHH000412: Hibernate ORM core version 6.6.29.Final
2025-10-29T01:56:20.300-05:00  INFO 18704 --- [mesa-service] [restartedMain] o.h.c.internal.RegionFactoryInitiator    : HHH000026: Second-level cache disabled
2025-10-29T01:56:21.082-05:00  INFO 18704 --- [mesa-service] [restartedMain] o.s.o.j.p.SpringPersistenceUnitInfo      : No LoadTimeWeaver setup: ignoring JPA class transformer
2025-10-29T01:56:21.398-05:00  INFO 18704 --- [mesa-service] [restartedMain] org.hibernate.orm.connections.pooling    : HHH10001005: Database info:
	Database JDBC URL [Connecting through datasource 'HikariDataSource (HikariPool-1)']
	Database driver: undefined/unknown
	Database version: 8.0.34
	Autocommit mode: undefined/unknown
	Isolation level: undefined/unknown
	Minimum pool size: undefined/unknown
	Maximum pool size: undefined/unknown
2025-10-29T01:56:23.918-05:00  INFO 18704 --- [mesa-service] [restartedMain] o.h.e.t.j.p.i.JtaPlatformInitiator       : HHH000489: No JTA platform available (set 'hibernate.transaction.jta.platform' to enable JTA platform integration)
2025-10-29T01:56:23.928-05:00  INFO 18704 --- [mesa-service] [restartedMain] j.LocalContainerEntityManagerFactoryBean : Initialized JPA EntityManagerFactory for persistence unit 'default'
2025-10-29T01:56:24.977-05:00  WARN 18704 --- [mesa-service] [restartedMain] JpaBaseConfiguration$JpaWebConfiguration : spring.jpa.open-in-view is enabled by default. Therefore, database queries may be performed during view rendering. Explicitly configure spring.jpa.open-in-view to disable this warning
2025-10-29T01:56:26.346-05:00  INFO 18704 --- [mesa-service] [restartedMain] o.s.b.a.e.web.EndpointLinksResolver      : Exposing 18 endpoints beneath base path '/actuator'
2025-10-29T01:56:27.651-05:00  WARN 18704 --- [mesa-service] [restartedMain] o.s.b.d.a.OptionalLiveReloadServer       : Unable to start LiveReload server
2025-10-29T01:56:27.703-05:00  INFO 18704 --- [mesa-service] [restartedMain] DiscoveryClientOptionalArgsConfiguration : Eureka HTTP Client uses RestTemplate.
2025-10-29T01:56:27.840-05:00  WARN 18704 --- [mesa-service] [restartedMain] iguration$LoadBalancerCaffeineWarnLogger : Spring Cloud LoadBalancer is currently working with the default cache. While this cache implementation is useful for development and tests, it's recommended to use Caffeine cache in production.You can switch to using Caffeine cache, by adding it and org.springframework.cache.caffeine.CaffeineCacheManager to the classpath.
2025-10-29T01:56:28.118-05:00  INFO 18704 --- [mesa-service] [restartedMain] o.s.b.w.embedded.tomcat.TomcatWebServer  : Tomcat started on port 59968 (http) with context path '/'
2025-10-29T01:56:28.122-05:00  INFO 18704 --- [mesa-service] [restartedMain] .s.c.n.e.s.EurekaAutoServiceRegistration : Updating port to 59968
2025-10-29T01:56:28.136-05:00  INFO 18704 --- [mesa-service] [restartedMain] o.s.c.n.eureka.InstanceInfoFactory       : Setting initial instance status as: STARTING
2025-10-29T01:56:28.195-05:00  INFO 18704 --- [mesa-service] [restartedMain] com.netflix.discovery.DiscoveryClient    : Initializing Eureka in region us-east-1
2025-10-29T01:56:28.205-05:00  INFO 18704 --- [mesa-service] [restartedMain] c.n.d.s.r.aws.ConfigClusterResolver      : Resolving eureka endpoints via configuration
2025-10-29T01:56:28.235-05:00  INFO 18704 --- [mesa-service] [restartedMain] com.netflix.discovery.DiscoveryClient    : Disable delta property : false
2025-10-29T01:56:28.237-05:00  INFO 18704 --- [mesa-service] [restartedMain] com.netflix.discovery.DiscoveryClient    : Single vip registry refresh property : null
2025-10-29T01:56:28.237-05:00  INFO 18704 --- [mesa-service] [restartedMain] com.netflix.discovery.DiscoveryClient    : Force full registry fetch : false
2025-10-29T01:56:28.237-05:00  INFO 18704 --- [mesa-service] [restartedMain] com.netflix.discovery.DiscoveryClient    : Application is null : false
2025-10-29T01:56:28.237-05:00  INFO 18704 --- [mesa-service] [restartedMain] com.netflix.discovery.DiscoveryClient    : Registered Applications size is zero : true
2025-10-29T01:56:28.237-05:00  INFO 18704 --- [mesa-service] [restartedMain] com.netflix.discovery.DiscoveryClient    : Application version is -1: true
2025-10-29T01:56:28.238-05:00  INFO 18704 --- [mesa-service] [restartedMain] com.netflix.discovery.DiscoveryClient    : Getting all instance registry info from the eureka server
2025-10-29T01:56:28.743-05:00  INFO 18704 --- [mesa-service] [restartedMain] com.netflix.discovery.DiscoveryClient    : The response status is 200
2025-10-29T01:56:28.747-05:00  INFO 18704 --- [mesa-service] [restartedMain] com.netflix.discovery.DiscoveryClient    : Starting heartbeat executor: renew interval is: 30
2025-10-29T01:56:28.752-05:00  INFO 18704 --- [mesa-service] [restartedMain] c.n.discovery.InstanceInfoReplicator     : InstanceInfoReplicator onDemand update allowed rate per min is 4
2025-10-29T01:56:28.754-05:00  INFO 18704 --- [mesa-service] [restartedMain] com.netflix.discovery.DiscoveryClient    : Discovery Client initialized at timestamp 1761720988754 with initial instances count: 6
2025-10-29T01:56:28.760-05:00  INFO 18704 --- [mesa-service] [restartedMain] o.s.c.n.e.s.EurekaServiceRegistry        : Registering application MESA-SERVICE with eureka with status UP
2025-10-29T01:56:28.760-05:00  INFO 18704 --- [mesa-service] [restartedMain] com.netflix.discovery.DiscoveryClient    : Saw local status change event StatusChangeEvent [timestamp=1761720988760, current=UP, previous=STARTING]
2025-10-29T01:56:28.764-05:00  INFO 18704 --- [mesa-service] [DiscoveryClient-InstanceInfoReplicator-%d] com.netflix.discovery.DiscoveryClient    : DiscoveryClient_MESA-SERVICE/mesa-service:b2c0cb46ff604ea8dbabae94595316d1: registering service...
2025-10-29T01:56:28.799-05:00  INFO 18704 --- [mesa-service] [restartedMain] org.cibertec.MesaServiceApplication      : Started MesaServiceApplication in 17.821 seconds (process running for 19.847)
2025-10-29T01:56:28.858-05:00  INFO 18704 --- [mesa-service] [DiscoveryClient-InstanceInfoReplicator-%d] com.netflix.discovery.DiscoveryClient    : DiscoveryClient_MESA-SERVICE/mesa-service:b2c0cb46ff604ea8dbabae94595316d1 - registration status: 204
2025-10-29T01:56:29.193-05:00  INFO 18704 --- [mesa-service] [RMI TCP Connection(5)-127.0.0.1] o.a.c.c.C.[Tomcat].[localhost].[/]       : Initializing Spring DispatcherServlet 'dispatcherServlet'
2025-10-29T01:56:29.194-05:00  INFO 18704 --- [mesa-service] [RMI TCP Connection(5)-127.0.0.1] o.s.web.servlet.DispatcherServlet        : Initializing Servlet 'dispatcherServlet'
2025-10-29T01:56:29.197-05:00  INFO 18704 --- [mesa-service] [RMI TCP Connection(5)-127.0.0.1] o.s.web.servlet.DispatcherServlet        : Completed initialization in 3 ms
2025-10-29T02:01:28.247-05:00  INFO 18704 --- [mesa-service] [AsyncResolver-bootstrap-executor-%d] c.n.d.s.r.aws.ConfigClusterResolver      : Resolving eureka endpoints via configuration
2025-10-29T02:02:16.857-05:00  INFO 18704 --- [mesa-service] [RMI TCP Connection(18)-127.0.0.1] inMXBeanRegistrar$SpringApplicationAdmin : Application shutdown requested.
2025-10-29T02:02:16.861-05:00  INFO 18704 --- [mesa-service] [RMI TCP Connection(18)-127.0.0.1] o.s.c.n.e.s.EurekaServiceRegistry        : Unregistering application MESA-SERVICE with eureka with status DOWN
2025-10-29T02:02:16.861-05:00  INFO 18704 --- [mesa-service] [RMI TCP Connection(18)-127.0.0.1] com.netflix.discovery.DiscoveryClient    : Saw local status change event StatusChangeEvent [timestamp=1761721336861, current=DOWN, previous=UP]
2025-10-29T02:02:16.861-05:00  INFO 18704 --- [mesa-service] [DiscoveryClient-InstanceInfoReplicator-%d] com.netflix.discovery.DiscoveryClient    : DiscoveryClient_MESA-SERVICE/mesa-service:b2c0cb46ff604ea8dbabae94595316d1: registering service...
2025-10-29T02:02:16.873-05:00  INFO 18704 --- [mesa-service] [RMI TCP Connection(18)-127.0.0.1] o.s.b.w.e.tomcat.GracefulShutdown        : Commencing graceful shutdown. Waiting for active requests to complete
2025-10-29T02:02:16.884-05:00  INFO 18704 --- [mesa-service] [DiscoveryClient-InstanceInfoReplicator-%d] com.netflix.discovery.DiscoveryClient    : DiscoveryClient_MESA-SERVICE/mesa-service:b2c0cb46ff604ea8dbabae94595316d1 - registration status: 204
2025-10-29T02:02:16.890-05:00  INFO 18704 --- [mesa-service] [tomcat-shutdown] o.s.b.w.e.tomcat.GracefulShutdown        : Graceful shutdown complete
2025-10-29T02:02:16.915-05:00  INFO 18704 --- [mesa-service] [RMI TCP Connection(18)-127.0.0.1] j.LocalContainerEntityManagerFactoryBean : Closing JPA EntityManagerFactory for persistence unit 'default'
2025-10-29T02:02:16.921-05:00  INFO 18704 --- [mesa-service] [RMI TCP Connection(18)-127.0.0.1] com.zaxxer.hikari.HikariDataSource       : HikariPool-1 - Shutdown initiated...
2025-10-29T02:02:16.935-05:00  INFO 18704 --- [mesa-service] [RMI TCP Connection(18)-127.0.0.1] com.zaxxer.hikari.HikariDataSource       : HikariPool-1 - Shutdown completed.
2025-10-29T02:02:16.936-05:00  INFO 18704 --- [mesa-service] [RMI TCP Connection(18)-127.0.0.1] com.netflix.discovery.DiscoveryClient    : Shutting down DiscoveryClient ...
2025-10-29T02:02:19.945-05:00  INFO 18704 --- [mesa-service] [RMI TCP Connection(18)-127.0.0.1] com.netflix.discovery.DiscoveryClient    : Unregistering ...
2025-10-29T02:02:19.962-05:00  INFO 18704 --- [mesa-service] [RMI TCP Connection(18)-127.0.0.1] com.netflix.discovery.DiscoveryClient    : DiscoveryClient_MESA-SERVICE/mesa-service:b2c0cb46ff604ea8dbabae94595316d1 - deregister  status: 200
2025-10-29T02:02:19.963-05:00  INFO 18704 --- [mesa-service] [RMI TCP Connection(18)-127.0.0.1] com.netflix.discovery.DiscoveryClient    : Completed shut down of DiscoveryClient
2025-10-29T02:02:28.924-05:00  INFO 29168 --- [mesa-service] [restartedMain] org.cibertec.MesaServiceApplication      : Starting MesaServiceApplication using Java 21.0.8 with PID 29168 (C:\Users\ronca\OneDrive\Escritorio\Dev\DAW2\mesa-service\target\classes started by Arturo in C:\Users\ronca\OneDrive\Escritorio\Dev\DAW2\mesa-service)
2025-10-29T02:02:28.928-05:00  INFO 29168 --- [mesa-service] [restartedMain] org.cibertec.MesaServiceApplication      : No active profile set, falling back to 1 default profile: "default"
2025-10-29T02:02:29.002-05:00  INFO 29168 --- [mesa-service] [restartedMain] o.s.c.c.c.ConfigServerConfigDataLoader   : Fetching config from server at : http://localhost:8888
2025-10-29T02:02:29.002-05:00  INFO 29168 --- [mesa-service] [restartedMain] o.s.c.c.c.ConfigServerConfigDataLoader   : Located environment: name=mesa-service, profiles=[default], label=null, version=null, state=null
2025-10-29T02:02:29.005-05:00  INFO 29168 --- [mesa-service] [restartedMain] .e.DevToolsPropertyDefaultsPostProcessor : Devtools property defaults active! Set 'spring.devtools.add-properties' to 'false' to disable
2025-10-29T02:02:29.005-05:00  INFO 29168 --- [mesa-service] [restartedMain] .e.DevToolsPropertyDefaultsPostProcessor : For additional web related logging consider setting the 'logging.level.web' property to 'DEBUG'
2025-10-29T02:02:31.420-05:00  INFO 29168 --- [mesa-service] [restartedMain] .s.d.r.c.RepositoryConfigurationDelegate : Bootstrapping Spring Data JPA repositories in DEFAULT mode.
2025-10-29T02:02:31.682-05:00  INFO 29168 --- [mesa-service] [restartedMain] .s.d.r.c.RepositoryConfigurationDelegate : Finished Spring Data repository scanning in 238 ms. Found 2 JPA repository interfaces.
2025-10-29T02:02:32.241-05:00  INFO 29168 --- [mesa-service] [restartedMain] o.s.cloud.context.scope.GenericScope     : BeanFactory id=823c8160-9f4f-31dd-b49f-a9354c025533
2025-10-29T02:02:33.241-05:00  INFO 29168 --- [mesa-service] [restartedMain] o.s.b.w.embedded.tomcat.TomcatWebServer  : Tomcat initialized with port 0 (http)
2025-10-29T02:02:33.267-05:00  INFO 29168 --- [mesa-service] [restartedMain] o.apache.catalina.core.StandardService   : Starting service [Tomcat]
2025-10-29T02:02:33.268-05:00  INFO 29168 --- [mesa-service] [restartedMain] o.apache.catalina.core.StandardEngine    : Starting Servlet engine: [Apache Tomcat/10.1.46]
2025-10-29T02:02:33.390-05:00  INFO 29168 --- [mesa-service] [restartedMain] o.a.c.c.C.[Tomcat].[localhost].[/]       : Initializing Spring embedded WebApplicationContext
2025-10-29T02:02:33.390-05:00  INFO 29168 --- [mesa-service] [restartedMain] w.s.c.ServletWebServerApplicationContext : Root WebApplicationContext: initialization completed in 4384 ms
2025-10-29T02:02:33.928-05:00  INFO 29168 --- [mesa-service] [restartedMain] com.zaxxer.hikari.HikariDataSource       : HikariPool-1 - Starting...
2025-10-29T02:02:34.565-05:00  INFO 29168 --- [mesa-service] [restartedMain] com.zaxxer.hikari.pool.HikariPool        : HikariPool-1 - Added connection com.mysql.cj.jdbc.ConnectionImpl@64e9300a
2025-10-29T02:02:34.568-05:00  INFO 29168 --- [mesa-service] [restartedMain] com.zaxxer.hikari.HikariDataSource       : HikariPool-1 - Start completed.
2025-10-29T02:02:34.692-05:00  INFO 29168 --- [mesa-service] [restartedMain] o.hibernate.jpa.internal.util.LogHelper  : HHH000204: Processing PersistenceUnitInfo [name: default]
2025-10-29T02:02:34.855-05:00  INFO 29168 --- [mesa-service] [restartedMain] org.hibernate.Version                    : HHH000412: Hibernate ORM core version 6.6.29.Final
2025-10-29T02:02:34.968-05:00  INFO 29168 --- [mesa-service] [restartedMain] o.h.c.internal.RegionFactoryInitiator    : HHH000026: Second-level cache disabled
2025-10-29T02:02:35.698-05:00  INFO 29168 --- [mesa-service] [restartedMain] o.s.o.j.p.SpringPersistenceUnitInfo      : No LoadTimeWeaver setup: ignoring JPA class transformer
2025-10-29T02:02:35.916-05:00  INFO 29168 --- [mesa-service] [restartedMain] org.hibernate.orm.connections.pooling    : HHH10001005: Database info:
	Database JDBC URL [Connecting through datasource 'HikariDataSource (HikariPool-1)']
	Database driver: undefined/unknown
	Database version: 8.0.34
	Autocommit mode: undefined/unknown
	Isolation level: undefined/unknown
	Minimum pool size: undefined/unknown
	Maximum pool size: undefined/unknown
2025-10-29T02:02:38.143-05:00  INFO 29168 --- [mesa-service] [restartedMain] o.h.e.t.j.p.i.JtaPlatformInitiator       : HHH000489: No JTA platform available (set 'hibernate.transaction.jta.platform' to enable JTA platform integration)
2025-10-29T02:02:38.150-05:00  INFO 29168 --- [mesa-service] [restartedMain] j.LocalContainerEntityManagerFactoryBean : Initialized JPA EntityManagerFactory for persistence unit 'default'
2025-10-29T02:02:38.987-05:00  WARN 29168 --- [mesa-service] [restartedMain] JpaBaseConfiguration$JpaWebConfiguration : spring.jpa.open-in-view is enabled by default. Therefore, database queries may be performed during view rendering. Explicitly configure spring.jpa.open-in-view to disable this warning
2025-10-29T02:02:40.221-05:00  INFO 29168 --- [mesa-service] [restartedMain] o.s.b.a.e.web.EndpointLinksResolver      : Exposing 18 endpoints beneath base path '/actuator'
2025-10-29T02:02:41.090-05:00  WARN 29168 --- [mesa-service] [restartedMain] o.s.b.d.a.OptionalLiveReloadServer       : Unable to start LiveReload server
2025-10-29T02:02:41.125-05:00  INFO 29168 --- [mesa-service] [restartedMain] DiscoveryClientOptionalArgsConfiguration : Eureka HTTP Client uses RestTemplate.
2025-10-29T02:02:41.230-05:00  WARN 29168 --- [mesa-service] [restartedMain] iguration$LoadBalancerCaffeineWarnLogger : Spring Cloud LoadBalancer is currently working with the default cache. While this cache implementation is useful for development and tests, it's recommended to use Caffeine cache in production.You can switch to using Caffeine cache, by adding it and org.springframework.cache.caffeine.CaffeineCacheManager to the classpath.
2025-10-29T02:02:41.441-05:00  INFO 29168 --- [mesa-service] [restartedMain] o.s.b.w.embedded.tomcat.TomcatWebServer  : Tomcat started on port 57127 (http) with context path '/'
2025-10-29T02:02:41.443-05:00  INFO 29168 --- [mesa-service] [restartedMain] .s.c.n.e.s.EurekaAutoServiceRegistration : Updating port to 57127
2025-10-29T02:02:41.454-05:00  INFO 29168 --- [mesa-service] [restartedMain] o.s.c.n.eureka.InstanceInfoFactory       : Setting initial instance status as: STARTING
2025-10-29T02:02:41.514-05:00  INFO 29168 --- [mesa-service] [restartedMain] com.netflix.discovery.DiscoveryClient    : Initializing Eureka in region us-east-1
2025-10-29T02:02:41.522-05:00  INFO 29168 --- [mesa-service] [restartedMain] c.n.d.s.r.aws.ConfigClusterResolver      : Resolving eureka endpoints via configuration
2025-10-29T02:02:41.538-05:00  INFO 29168 --- [mesa-service] [restartedMain] com.netflix.discovery.DiscoveryClient    : Disable delta property : false
2025-10-29T02:02:41.539-05:00  INFO 29168 --- [mesa-service] [restartedMain] com.netflix.discovery.DiscoveryClient    : Single vip registry refresh property : null
2025-10-29T02:02:41.539-05:00  INFO 29168 --- [mesa-service] [restartedMain] com.netflix.discovery.DiscoveryClient    : Force full registry fetch : false
2025-10-29T02:02:41.539-05:00  INFO 29168 --- [mesa-service] [restartedMain] com.netflix.discovery.DiscoveryClient    : Application is null : false
2025-10-29T02:02:41.539-05:00  INFO 29168 --- [mesa-service] [restartedMain] com.netflix.discovery.DiscoveryClient    : Registered Applications size is zero : true
2025-10-29T02:02:41.539-05:00  INFO 29168 --- [mesa-service] [restartedMain] com.netflix.discovery.DiscoveryClient    : Application version is -1: true
2025-10-29T02:02:41.541-05:00  INFO 29168 --- [mesa-service] [restartedMain] com.netflix.discovery.DiscoveryClient    : Getting all instance registry info from the eureka server
2025-10-29T02:02:41.907-05:00  INFO 29168 --- [mesa-service] [restartedMain] com.netflix.discovery.DiscoveryClient    : The response status is 200
2025-10-29T02:02:41.910-05:00  INFO 29168 --- [mesa-service] [restartedMain] com.netflix.discovery.DiscoveryClient    : Starting heartbeat executor: renew interval is: 30
2025-10-29T02:02:41.913-05:00  INFO 29168 --- [mesa-service] [restartedMain] c.n.discovery.InstanceInfoReplicator     : InstanceInfoReplicator onDemand update allowed rate per min is 4
2025-10-29T02:02:41.916-05:00  INFO 29168 --- [mesa-service] [restartedMain] com.netflix.discovery.DiscoveryClient    : Discovery Client initialized at timestamp 1761721361915 with initial instances count: 2
2025-10-29T02:02:41.921-05:00  INFO 29168 --- [mesa-service] [restartedMain] o.s.c.n.e.s.EurekaServiceRegistry        : Registering application MESA-SERVICE with eureka with status UP
2025-10-29T02:02:41.922-05:00  INFO 29168 --- [mesa-service] [restartedMain] com.netflix.discovery.DiscoveryClient    : Saw local status change event StatusChangeEvent [timestamp=1761721361922, current=UP, previous=STARTING]
2025-10-29T02:02:41.925-05:00  INFO 29168 --- [mesa-service] [DiscoveryClient-InstanceInfoReplicator-%d] com.netflix.discovery.DiscoveryClient    : DiscoveryClient_MESA-SERVICE/mesa-service:46bee3d561d08214f1dd8fa5efac6e54: registering service...
2025-10-29T02:02:41.960-05:00  INFO 29168 --- [mesa-service] [restartedMain] org.cibertec.MesaServiceApplication      : Started MesaServiceApplication in 14.681 seconds (process running for 16.607)
2025-10-29T02:02:41.996-05:00  INFO 29168 --- [mesa-service] [DiscoveryClient-InstanceInfoReplicator-%d] com.netflix.discovery.DiscoveryClient    : DiscoveryClient_MESA-SERVICE/mesa-service:46bee3d561d08214f1dd8fa5efac6e54 - registration status: 204
2025-10-29T02:02:42.600-05:00  INFO 29168 --- [mesa-service] [RMI TCP Connection(5)-127.0.0.1] o.a.c.c.C.[Tomcat].[localhost].[/]       : Initializing Spring DispatcherServlet 'dispatcherServlet'
2025-10-29T02:02:42.600-05:00  INFO 29168 --- [mesa-service] [RMI TCP Connection(5)-127.0.0.1] o.s.web.servlet.DispatcherServlet        : Initializing Servlet 'dispatcherServlet'
2025-10-29T02:02:42.603-05:00  INFO 29168 --- [mesa-service] [RMI TCP Connection(5)-127.0.0.1] o.s.web.servlet.DispatcherServlet        : Completed initialization in 3 ms
2025-10-29T02:06:27.672-05:00  INFO 29168 --- [mesa-service] [File Watcher] rtingClassPathChangeChangedEventListener : Restarting due to 1 class path change (0 additions, 0 deletions, 1 modification)
2025-10-29T02:06:27.675-05:00  INFO 29168 --- [mesa-service] [Thread-1] o.s.c.n.e.s.EurekaServiceRegistry        : Unregistering application MESA-SERVICE with eureka with status DOWN
2025-10-29T02:06:27.676-05:00  INFO 29168 --- [mesa-service] [Thread-1] com.netflix.discovery.DiscoveryClient    : Saw local status change event StatusChangeEvent [timestamp=1761721587676, current=DOWN, previous=UP]
2025-10-29T02:06:27.676-05:00  INFO 29168 --- [mesa-service] [DiscoveryClient-InstanceInfoReplicator-%d] com.netflix.discovery.DiscoveryClient    : DiscoveryClient_MESA-SERVICE/mesa-service:46bee3d561d08214f1dd8fa5efac6e54: registering service...
2025-10-29T02:06:27.680-05:00  INFO 29168 --- [mesa-service] [Thread-1] o.s.b.w.e.tomcat.GracefulShutdown        : Commencing graceful shutdown. Waiting for active requests to complete
2025-10-29T02:06:27.686-05:00  INFO 29168 --- [mesa-service] [DiscoveryClient-InstanceInfoReplicator-%d] com.netflix.discovery.DiscoveryClient    : DiscoveryClient_MESA-SERVICE/mesa-service:46bee3d561d08214f1dd8fa5efac6e54 - registration status: 204
2025-10-29T02:06:27.690-05:00  INFO 29168 --- [mesa-service] [tomcat-shutdown] o.s.b.w.e.tomcat.GracefulShutdown        : Graceful shutdown complete
2025-10-29T02:06:27.712-05:00  INFO 29168 --- [mesa-service] [Thread-1] j.LocalContainerEntityManagerFactoryBean : Closing JPA EntityManagerFactory for persistence unit 'default'
2025-10-29T02:06:27.717-05:00  INFO 29168 --- [mesa-service] [Thread-1] com.zaxxer.hikari.HikariDataSource       : HikariPool-1 - Shutdown initiated...
2025-10-29T02:06:27.732-05:00  INFO 29168 --- [mesa-service] [Thread-1] com.zaxxer.hikari.HikariDataSource       : HikariPool-1 - Shutdown completed.
2025-10-29T02:06:27.733-05:00  INFO 29168 --- [mesa-service] [Thread-1] com.netflix.discovery.DiscoveryClient    : Shutting down DiscoveryClient ...
2025-10-29T02:06:30.738-05:00  INFO 29168 --- [mesa-service] [Thread-1] com.netflix.discovery.DiscoveryClient    : Unregistering ...
2025-10-29T02:06:30.755-05:00  INFO 29168 --- [mesa-service] [Thread-1] com.netflix.discovery.DiscoveryClient    : DiscoveryClient_MESA-SERVICE/mesa-service:46bee3d561d08214f1dd8fa5efac6e54 - deregister  status: 200
2025-10-29T02:06:30.755-05:00  INFO 29168 --- [mesa-service] [Thread-1] com.netflix.discovery.DiscoveryClient    : Completed shut down of DiscoveryClient
2025-10-29T02:06:30.999-05:00  INFO 29168 --- [mesa-service] [restartedMain] org.cibertec.MesaServiceApplication      : Starting MesaServiceApplication using Java 21.0.8 with PID 29168 (C:\Users\ronca\OneDrive\Escritorio\Dev\DAW2\mesa-service\target\classes started by Arturo in C:\Users\ronca\OneDrive\Escritorio\Dev\DAW2\mesa-service)
2025-10-29T02:06:31.000-05:00  INFO 29168 --- [mesa-service] [restartedMain] org.cibertec.MesaServiceApplication      : No active profile set, falling back to 1 default profile: "default"
2025-10-29T02:06:31.007-05:00  INFO 29168 --- [mesa-service] [restartedMain] o.s.c.c.c.ConfigServerConfigDataLoader   : Fetching config from server at : http://localhost:8888
2025-10-29T02:06:31.007-05:00  INFO 29168 --- [mesa-service] [restartedMain] o.s.c.c.c.ConfigServerConfigDataLoader   : Located environment: name=mesa-service, profiles=[default], label=null, version=null, state=null
2025-10-29T02:06:31.828-05:00  INFO 29168 --- [mesa-service] [restartedMain] .s.d.r.c.RepositoryConfigurationDelegate : Bootstrapping Spring Data JPA repositories in DEFAULT mode.
2025-10-29T02:06:31.851-05:00  INFO 29168 --- [mesa-service] [restartedMain] .s.d.r.c.RepositoryConfigurationDelegate : Finished Spring Data repository scanning in 20 ms. Found 2 JPA repository interfaces.
2025-10-29T02:06:32.026-05:00  INFO 29168 --- [mesa-service] [restartedMain] o.s.cloud.context.scope.GenericScope     : BeanFactory id=823c8160-9f4f-31dd-b49f-a9354c025533
2025-10-29T02:06:32.160-05:00  INFO 29168 --- [mesa-service] [restartedMain] o.s.b.w.embedded.tomcat.TomcatWebServer  : Tomcat initialized with port 0 (http)
2025-10-29T02:06:32.161-05:00  INFO 29168 --- [mesa-service] [restartedMain] o.apache.catalina.core.StandardService   : Starting service [Tomcat]
2025-10-29T02:06:32.161-05:00  INFO 29168 --- [mesa-service] [restartedMain] o.apache.catalina.core.StandardEngine    : Starting Servlet engine: [Apache Tomcat/10.1.46]
2025-10-29T02:06:32.219-05:00  INFO 29168 --- [mesa-service] [restartedMain] o.a.c.c.C.[Tomcat].[localhost].[/]       : Initializing Spring embedded WebApplicationContext
2025-10-29T02:06:32.219-05:00  INFO 29168 --- [mesa-service] [restartedMain] w.s.c.ServletWebServerApplicationContext : Root WebApplicationContext: initialization completed in 1212 ms
2025-10-29T02:06:32.374-05:00  INFO 29168 --- [mesa-service] [restartedMain] com.zaxxer.hikari.HikariDataSource       : HikariPool-2 - Starting...
2025-10-29T02:06:32.396-05:00  INFO 29168 --- [mesa-service] [restartedMain] com.zaxxer.hikari.pool.HikariPool        : HikariPool-2 - Added connection com.mysql.cj.jdbc.ConnectionImpl@529a1c09
2025-10-29T02:06:32.397-05:00  INFO 29168 --- [mesa-service] [restartedMain] com.zaxxer.hikari.HikariDataSource       : HikariPool-2 - Start completed.
2025-10-29T02:06:32.398-05:00  INFO 29168 --- [mesa-service] [restartedMain] o.hibernate.jpa.internal.util.LogHelper  : HHH000204: Processing PersistenceUnitInfo [name: default]
2025-10-29T02:06:32.405-05:00  INFO 29168 --- [mesa-service] [restartedMain] o.h.c.internal.RegionFactoryInitiator    : HHH000026: Second-level cache disabled
2025-10-29T02:06:32.430-05:00  INFO 29168 --- [mesa-service] [restartedMain] o.s.o.j.p.SpringPersistenceUnitInfo      : No LoadTimeWeaver setup: ignoring JPA class transformer
2025-10-29T02:06:32.435-05:00  INFO 29168 --- [mesa-service] [restartedMain] org.hibernate.orm.connections.pooling    : HHH10001005: Database info:
	Database JDBC URL [Connecting through datasource 'HikariDataSource (HikariPool-2)']
	Database driver: undefined/unknown
	Database version: 8.0.34
	Autocommit mode: undefined/unknown
	Isolation level: undefined/unknown
	Minimum pool size: undefined/unknown
	Maximum pool size: undefined/unknown
2025-10-29T02:06:32.715-05:00  INFO 29168 --- [mesa-service] [restartedMain] o.h.e.t.j.p.i.JtaPlatformInitiator       : HHH000489: No JTA platform available (set 'hibernate.transaction.jta.platform' to enable JTA platform integration)
2025-10-29T02:06:32.715-05:00  INFO 29168 --- [mesa-service] [restartedMain] j.LocalContainerEntityManagerFactoryBean : Initialized JPA EntityManagerFactory for persistence unit 'default'
2025-10-29T02:06:32.888-05:00  WARN 29168 --- [mesa-service] [restartedMain] JpaBaseConfiguration$JpaWebConfiguration : spring.jpa.open-in-view is enabled by default. Therefore, database queries may be performed during view rendering. Explicitly configure spring.jpa.open-in-view to disable this warning
2025-10-29T02:06:33.323-05:00  INFO 29168 --- [mesa-service] [restartedMain] o.s.b.a.e.web.EndpointLinksResolver      : Exposing 18 endpoints beneath base path '/actuator'
2025-10-29T02:06:33.595-05:00  WARN 29168 --- [mesa-service] [restartedMain] o.s.b.d.a.OptionalLiveReloadServer       : Unable to start LiveReload server
2025-10-29T02:06:33.627-05:00  INFO 29168 --- [mesa-service] [restartedMain] DiscoveryClientOptionalArgsConfiguration : Eureka HTTP Client uses RestTemplate.
2025-10-29T02:06:33.659-05:00  WARN 29168 --- [mesa-service] [restartedMain] iguration$LoadBalancerCaffeineWarnLogger : Spring Cloud LoadBalancer is currently working with the default cache. While this cache implementation is useful for development and tests, it's recommended to use Caffeine cache in production.You can switch to using Caffeine cache, by adding it and org.springframework.cache.caffeine.CaffeineCacheManager to the classpath.
2025-10-29T02:06:33.740-05:00  INFO 29168 --- [mesa-service] [restartedMain] o.s.b.w.embedded.tomcat.TomcatWebServer  : Tomcat started on port 65441 (http) with context path '/'
2025-10-29T02:06:33.743-05:00  INFO 29168 --- [mesa-service] [restartedMain] .s.c.n.e.s.EurekaAutoServiceRegistration : Updating port to 65441
2025-10-29T02:06:33.747-05:00  INFO 29168 --- [mesa-service] [restartedMain] o.s.c.n.eureka.InstanceInfoFactory       : Setting initial instance status as: STARTING
2025-10-29T02:06:33.754-05:00  INFO 29168 --- [mesa-service] [restartedMain] com.netflix.discovery.DiscoveryClient    : Initializing Eureka in region us-east-1
2025-10-29T02:06:33.754-05:00  INFO 29168 --- [mesa-service] [restartedMain] c.n.d.s.r.aws.ConfigClusterResolver      : Resolving eureka endpoints via configuration
2025-10-29T02:06:33.755-05:00  INFO 29168 --- [mesa-service] [restartedMain] com.netflix.discovery.DiscoveryClient    : Disable delta property : false
2025-10-29T02:06:33.755-05:00  INFO 29168 --- [mesa-service] [restartedMain] com.netflix.discovery.DiscoveryClient    : Single vip registry refresh property : null
2025-10-29T02:06:33.756-05:00  INFO 29168 --- [mesa-service] [restartedMain] com.netflix.discovery.DiscoveryClient    : Force full registry fetch : false
2025-10-29T02:06:33.757-05:00  INFO 29168 --- [mesa-service] [restartedMain] com.netflix.discovery.DiscoveryClient    : Application is null : false
2025-10-29T02:06:33.757-05:00  INFO 29168 --- [mesa-service] [restartedMain] com.netflix.discovery.DiscoveryClient    : Registered Applications size is zero : true
2025-10-29T02:06:33.758-05:00  INFO 29168 --- [mesa-service] [restartedMain] com.netflix.discovery.DiscoveryClient    : Application version is -1: true
2025-10-29T02:06:33.758-05:00  INFO 29168 --- [mesa-service] [restartedMain] com.netflix.discovery.DiscoveryClient    : Getting all instance registry info from the eureka server
2025-10-29T02:06:33.841-05:00  INFO 29168 --- [mesa-service] [restartedMain] com.netflix.discovery.DiscoveryClient    : The response status is 200
2025-10-29T02:06:33.843-05:00  INFO 29168 --- [mesa-service] [restartedMain] com.netflix.discovery.DiscoveryClient    : Starting heartbeat executor: renew interval is: 30
2025-10-29T02:06:33.844-05:00  INFO 29168 --- [mesa-service] [restartedMain] c.n.discovery.InstanceInfoReplicator     : InstanceInfoReplicator onDemand update allowed rate per min is 4
2025-10-29T02:06:33.844-05:00  INFO 29168 --- [mesa-service] [restartedMain] com.netflix.discovery.DiscoveryClient    : Discovery Client initialized at timestamp 1761721593844 with initial instances count: 6
2025-10-29T02:06:33.849-05:00  INFO 29168 --- [mesa-service] [restartedMain] o.s.c.n.e.s.EurekaServiceRegistry        : Registering application MESA-SERVICE with eureka with status UP
2025-10-29T02:06:33.849-05:00  INFO 29168 --- [mesa-service] [restartedMain] com.netflix.discovery.DiscoveryClient    : Saw local status change event StatusChangeEvent [timestamp=1761721593849, current=UP, previous=STARTING]
2025-10-29T02:06:33.850-05:00  INFO 29168 --- [mesa-service] [DiscoveryClient-InstanceInfoReplicator-%d] com.netflix.discovery.DiscoveryClient    : DiscoveryClient_MESA-SERVICE/mesa-service:0ebb8c04f62becd5405643228aefec48: registering service...
2025-10-29T02:06:33.868-05:00  INFO 29168 --- [mesa-service] [DiscoveryClient-InstanceInfoReplicator-%d] com.netflix.discovery.DiscoveryClient    : DiscoveryClient_MESA-SERVICE/mesa-service:0ebb8c04f62becd5405643228aefec48 - registration status: 204
2025-10-29T02:06:33.873-05:00  INFO 29168 --- [mesa-service] [restartedMain] org.cibertec.MesaServiceApplication      : Started MesaServiceApplication in 3.026 seconds (process running for 248.519)
2025-10-29T02:06:33.877-05:00  INFO 29168 --- [mesa-service] [restartedMain] .ConditionEvaluationDeltaLoggingListener : Condition evaluation unchanged
2025-10-29T02:06:35.050-05:00  INFO 29168 --- [mesa-service] [File Watcher] rtingClassPathChangeChangedEventListener : Restarting due to 1 class path change (0 additions, 0 deletions, 1 modification)
2025-10-29T02:06:35.052-05:00  INFO 29168 --- [mesa-service] [Thread-7] o.s.c.n.e.s.EurekaServiceRegistry        : Unregistering application MESA-SERVICE with eureka with status DOWN
2025-10-29T02:06:35.052-05:00  INFO 29168 --- [mesa-service] [Thread-7] com.netflix.discovery.DiscoveryClient    : Saw local status change event StatusChangeEvent [timestamp=1761721595052, current=DOWN, previous=UP]
2025-10-29T02:06:35.053-05:00  INFO 29168 --- [mesa-service] [DiscoveryClient-InstanceInfoReplicator-%d] com.netflix.discovery.DiscoveryClient    : DiscoveryClient_MESA-SERVICE/mesa-service:0ebb8c04f62becd5405643228aefec48: registering service...
2025-10-29T02:06:35.054-05:00  INFO 29168 --- [mesa-service] [Thread-7] o.s.b.w.e.tomcat.GracefulShutdown        : Commencing graceful shutdown. Waiting for active requests to complete
2025-10-29T02:06:35.056-05:00  INFO 29168 --- [mesa-service] [DiscoveryClient-InstanceInfoReplicator-%d] com.netflix.discovery.DiscoveryClient    : DiscoveryClient_MESA-SERVICE/mesa-service:0ebb8c04f62becd5405643228aefec48 - registration status: 204
2025-10-29T02:06:35.062-05:00  INFO 29168 --- [mesa-service] [tomcat-shutdown] o.s.b.w.e.tomcat.GracefulShutdown        : Graceful shutdown complete
2025-10-29T02:06:35.067-05:00  INFO 29168 --- [mesa-service] [Thread-7] j.LocalContainerEntityManagerFactoryBean : Closing JPA EntityManagerFactory for persistence unit 'default'
2025-10-29T02:06:35.068-05:00  INFO 29168 --- [mesa-service] [Thread-7] com.zaxxer.hikari.HikariDataSource       : HikariPool-2 - Shutdown initiated...
2025-10-29T02:06:35.076-05:00  INFO 29168 --- [mesa-service] [Thread-7] com.zaxxer.hikari.HikariDataSource       : HikariPool-2 - Shutdown completed.
2025-10-29T02:06:35.077-05:00  INFO 29168 --- [mesa-service] [Thread-7] com.netflix.discovery.DiscoveryClient    : Shutting down DiscoveryClient ...
2025-10-29T02:06:38.082-05:00  INFO 29168 --- [mesa-service] [Thread-7] com.netflix.discovery.DiscoveryClient    : Unregistering ...
2025-10-29T02:06:38.100-05:00  INFO 29168 --- [mesa-service] [Thread-7] com.netflix.discovery.DiscoveryClient    : DiscoveryClient_MESA-SERVICE/mesa-service:0ebb8c04f62becd5405643228aefec48 - deregister  status: 200
2025-10-29T02:06:38.100-05:00  INFO 29168 --- [mesa-service] [Thread-7] com.netflix.discovery.DiscoveryClient    : Completed shut down of DiscoveryClient
2025-10-29T02:06:38.320-05:00  INFO 29168 --- [mesa-service] [restartedMain] org.cibertec.MesaServiceApplication      : Starting MesaServiceApplication using Java 21.0.8 with PID 29168 (C:\Users\ronca\OneDrive\Escritorio\Dev\DAW2\mesa-service\target\classes started by Arturo in C:\Users\ronca\OneDrive\Escritorio\Dev\DAW2\mesa-service)
2025-10-29T02:06:38.320-05:00  INFO 29168 --- [mesa-service] [restartedMain] org.cibertec.MesaServiceApplication      : No active profile set, falling back to 1 default profile: "default"
2025-10-29T02:06:38.323-05:00  INFO 29168 --- [mesa-service] [restartedMain] o.s.c.c.c.ConfigServerConfigDataLoader   : Fetching config from server at : http://localhost:8888
2025-10-29T02:06:38.323-05:00  INFO 29168 --- [mesa-service] [restartedMain] o.s.c.c.c.ConfigServerConfigDataLoader   : Located environment: name=mesa-service, profiles=[default], label=null, version=null, state=null
2025-10-29T02:06:39.011-05:00  INFO 29168 --- [mesa-service] [restartedMain] .s.d.r.c.RepositoryConfigurationDelegate : Bootstrapping Spring Data JPA repositories in DEFAULT mode.
2025-10-29T02:06:39.037-05:00  INFO 29168 --- [mesa-service] [restartedMain] .s.d.r.c.RepositoryConfigurationDelegate : Finished Spring Data repository scanning in 23 ms. Found 2 JPA repository interfaces.
2025-10-29T02:06:39.233-05:00  INFO 29168 --- [mesa-service] [restartedMain] o.s.cloud.context.scope.GenericScope     : BeanFactory id=823c8160-9f4f-31dd-b49f-a9354c025533
2025-10-29T02:06:39.386-05:00  INFO 29168 --- [mesa-service] [restartedMain] o.s.b.w.embedded.tomcat.TomcatWebServer  : Tomcat initialized with port 0 (http)
2025-10-29T02:06:39.387-05:00  INFO 29168 --- [mesa-service] [restartedMain] o.apache.catalina.core.StandardService   : Starting service [Tomcat]
2025-10-29T02:06:39.388-05:00  INFO 29168 --- [mesa-service] [restartedMain] o.apache.catalina.core.StandardEngine    : Starting Servlet engine: [Apache Tomcat/10.1.46]
2025-10-29T02:06:39.447-05:00  INFO 29168 --- [mesa-service] [restartedMain] o.a.c.c.C.[Tomcat].[localhost].[/]       : Initializing Spring embedded WebApplicationContext
2025-10-29T02:06:39.447-05:00  INFO 29168 --- [mesa-service] [restartedMain] w.s.c.ServletWebServerApplicationContext : Root WebApplicationContext: initialization completed in 1124 ms
2025-10-29T02:06:39.595-05:00  INFO 29168 --- [mesa-service] [restartedMain] com.zaxxer.hikari.HikariDataSource       : HikariPool-3 - Starting...
2025-10-29T02:06:39.614-05:00  INFO 29168 --- [mesa-service] [restartedMain] com.zaxxer.hikari.pool.HikariPool        : HikariPool-3 - Added connection com.mysql.cj.jdbc.ConnectionImpl@1e66378f
2025-10-29T02:06:39.614-05:00  INFO 29168 --- [mesa-service] [restartedMain] com.zaxxer.hikari.HikariDataSource       : HikariPool-3 - Start completed.
2025-10-29T02:06:39.615-05:00  INFO 29168 --- [mesa-service] [restartedMain] o.hibernate.jpa.internal.util.LogHelper  : HHH000204: Processing PersistenceUnitInfo [name: default]
2025-10-29T02:06:39.622-05:00  INFO 29168 --- [mesa-service] [restartedMain] o.h.c.internal.RegionFactoryInitiator    : HHH000026: Second-level cache disabled
2025-10-29T02:06:39.640-05:00  INFO 29168 --- [mesa-service] [restartedMain] o.s.o.j.p.SpringPersistenceUnitInfo      : No LoadTimeWeaver setup: ignoring JPA class transformer
2025-10-29T02:06:39.645-05:00  INFO 29168 --- [mesa-service] [restartedMain] org.hibernate.orm.connections.pooling    : HHH10001005: Database info:
	Database JDBC URL [Connecting through datasource 'HikariDataSource (HikariPool-3)']
	Database driver: undefined/unknown
	Database version: 8.0.34
	Autocommit mode: undefined/unknown
	Isolation level: undefined/unknown
	Minimum pool size: undefined/unknown
	Maximum pool size: undefined/unknown
2025-10-29T02:06:39.961-05:00  INFO 29168 --- [mesa-service] [restartedMain] o.h.e.t.j.p.i.JtaPlatformInitiator       : HHH000489: No JTA platform available (set 'hibernate.transaction.jta.platform' to enable JTA platform integration)
2025-10-29T02:06:39.961-05:00  INFO 29168 --- [mesa-service] [restartedMain] j.LocalContainerEntityManagerFactoryBean : Initialized JPA EntityManagerFactory for persistence unit 'default'
2025-10-29T02:06:40.141-05:00  WARN 29168 --- [mesa-service] [restartedMain] JpaBaseConfiguration$JpaWebConfiguration : spring.jpa.open-in-view is enabled by default. Therefore, database queries may be performed during view rendering. Explicitly configure spring.jpa.open-in-view to disable this warning
2025-10-29T02:06:40.685-05:00  INFO 29168 --- [mesa-service] [restartedMain] o.s.b.a.e.web.EndpointLinksResolver      : Exposing 18 endpoints beneath base path '/actuator'
2025-10-29T02:06:40.994-05:00  WARN 29168 --- [mesa-service] [restartedMain] o.s.b.d.a.OptionalLiveReloadServer       : Unable to start LiveReload server
2025-10-29T02:06:41.026-05:00  INFO 29168 --- [mesa-service] [restartedMain] DiscoveryClientOptionalArgsConfiguration : Eureka HTTP Client uses RestTemplate.
2025-10-29T02:06:41.057-05:00  WARN 29168 --- [mesa-service] [restartedMain] iguration$LoadBalancerCaffeineWarnLogger : Spring Cloud LoadBalancer is currently working with the default cache. While this cache implementation is useful for development and tests, it's recommended to use Caffeine cache in production.You can switch to using Caffeine cache, by adding it and org.springframework.cache.caffeine.CaffeineCacheManager to the classpath.
2025-10-29T02:06:41.133-05:00  INFO 29168 --- [mesa-service] [restartedMain] o.s.b.w.embedded.tomcat.TomcatWebServer  : Tomcat started on port 65507 (http) with context path '/'
2025-10-29T02:06:41.134-05:00  INFO 29168 --- [mesa-service] [restartedMain] .s.c.n.e.s.EurekaAutoServiceRegistration : Updating port to 65507
2025-10-29T02:06:41.136-05:00  INFO 29168 --- [mesa-service] [restartedMain] o.s.c.n.eureka.InstanceInfoFactory       : Setting initial instance status as: STARTING
2025-10-29T02:06:41.139-05:00  INFO 29168 --- [mesa-service] [restartedMain] com.netflix.discovery.DiscoveryClient    : Initializing Eureka in region us-east-1
2025-10-29T02:06:41.139-05:00  INFO 29168 --- [mesa-service] [restartedMain] c.n.d.s.r.aws.ConfigClusterResolver      : Resolving eureka endpoints via configuration
2025-10-29T02:06:41.140-05:00  INFO 29168 --- [mesa-service] [restartedMain] com.netflix.discovery.DiscoveryClient    : Disable delta property : false
2025-10-29T02:06:41.140-05:00  INFO 29168 --- [mesa-service] [restartedMain] com.netflix.discovery.DiscoveryClient    : Single vip registry refresh property : null
2025-10-29T02:06:41.140-05:00  INFO 29168 --- [mesa-service] [restartedMain] com.netflix.discovery.DiscoveryClient    : Force full registry fetch : false
2025-10-29T02:06:41.140-05:00  INFO 29168 --- [mesa-service] [restartedMain] com.netflix.discovery.DiscoveryClient    : Application is null : false
2025-10-29T02:06:41.140-05:00  INFO 29168 --- [mesa-service] [restartedMain] com.netflix.discovery.DiscoveryClient    : Registered Applications size is zero : true
2025-10-29T02:06:41.140-05:00  INFO 29168 --- [mesa-service] [restartedMain] com.netflix.discovery.DiscoveryClient    : Application version is -1: true
2025-10-29T02:06:41.140-05:00  INFO 29168 --- [mesa-service] [restartedMain] com.netflix.discovery.DiscoveryClient    : Getting all instance registry info from the eureka server
2025-10-29T02:06:41.170-05:00  INFO 29168 --- [mesa-service] [restartedMain] com.netflix.discovery.DiscoveryClient    : The response status is 200
2025-10-29T02:06:41.171-05:00  INFO 29168 --- [mesa-service] [restartedMain] com.netflix.discovery.DiscoveryClient    : Starting heartbeat executor: renew interval is: 30
2025-10-29T02:06:41.171-05:00  INFO 29168 --- [mesa-service] [restartedMain] c.n.discovery.InstanceInfoReplicator     : InstanceInfoReplicator onDemand update allowed rate per min is 4
2025-10-29T02:06:41.171-05:00  INFO 29168 --- [mesa-service] [restartedMain] com.netflix.discovery.DiscoveryClient    : Discovery Client initialized at timestamp 1761721601171 with initial instances count: 6
2025-10-29T02:06:41.174-05:00  INFO 29168 --- [mesa-service] [restartedMain] o.s.c.n.e.s.EurekaServiceRegistry        : Registering application MESA-SERVICE with eureka with status UP
2025-10-29T02:06:41.174-05:00  INFO 29168 --- [mesa-service] [restartedMain] com.netflix.discovery.DiscoveryClient    : Saw local status change event StatusChangeEvent [timestamp=1761721601174, current=UP, previous=STARTING]
2025-10-29T02:06:41.174-05:00  INFO 29168 --- [mesa-service] [DiscoveryClient-InstanceInfoReplicator-%d] com.netflix.discovery.DiscoveryClient    : DiscoveryClient_MESA-SERVICE/mesa-service:1e62e2d120f349faea0442bdf07399ae: registering service...
2025-10-29T02:06:41.186-05:00  INFO 29168 --- [mesa-service] [DiscoveryClient-InstanceInfoReplicator-%d] com.netflix.discovery.DiscoveryClient    : DiscoveryClient_MESA-SERVICE/mesa-service:1e62e2d120f349faea0442bdf07399ae - registration status: 204
2025-10-29T02:06:41.191-05:00  INFO 29168 --- [mesa-service] [restartedMain] org.cibertec.MesaServiceApplication      : Started MesaServiceApplication in 2.989 seconds (process running for 255.837)
2025-10-29T02:06:41.194-05:00  INFO 29168 --- [mesa-service] [restartedMain] .ConditionEvaluationDeltaLoggingListener : Condition evaluation unchanged
2025-10-29T02:07:15.335-05:00  INFO 29168 --- [mesa-service] [File Watcher] rtingClassPathChangeChangedEventListener : Restarting due to 1 class path change (0 additions, 0 deletions, 1 modification)
2025-10-29T02:07:15.336-05:00  INFO 29168 --- [mesa-service] [Thread-13] o.s.c.n.e.s.EurekaServiceRegistry        : Unregistering application MESA-SERVICE with eureka with status DOWN
2025-10-29T02:07:15.336-05:00  INFO 29168 --- [mesa-service] [Thread-13] com.netflix.discovery.DiscoveryClient    : Saw local status change event StatusChangeEvent [timestamp=1761721635336, current=DOWN, previous=UP]
2025-10-29T02:07:15.336-05:00  INFO 29168 --- [mesa-service] [DiscoveryClient-InstanceInfoReplicator-%d] com.netflix.discovery.DiscoveryClient    : DiscoveryClient_MESA-SERVICE/mesa-service:1e62e2d120f349faea0442bdf07399ae: registering service...
2025-10-29T02:07:15.337-05:00  INFO 29168 --- [mesa-service] [Thread-13] o.s.b.w.e.tomcat.GracefulShutdown        : Commencing graceful shutdown. Waiting for active requests to complete
2025-10-29T02:07:15.345-05:00  INFO 29168 --- [mesa-service] [tomcat-shutdown] o.s.b.w.e.tomcat.GracefulShutdown        : Graceful shutdown complete
2025-10-29T02:07:15.349-05:00  INFO 29168 --- [mesa-service] [Thread-13] j.LocalContainerEntityManagerFactoryBean : Closing JPA EntityManagerFactory for persistence unit 'default'
2025-10-29T02:07:15.350-05:00  INFO 29168 --- [mesa-service] [DiscoveryClient-InstanceInfoReplicator-%d] com.netflix.discovery.DiscoveryClient    : DiscoveryClient_MESA-SERVICE/mesa-service:1e62e2d120f349faea0442bdf07399ae - registration status: 204
2025-10-29T02:07:15.350-05:00  INFO 29168 --- [mesa-service] [Thread-13] com.zaxxer.hikari.HikariDataSource       : HikariPool-3 - Shutdown initiated...
2025-10-29T02:07:15.357-05:00  INFO 29168 --- [mesa-service] [Thread-13] com.zaxxer.hikari.HikariDataSource       : HikariPool-3 - Shutdown completed.
2025-10-29T02:07:15.358-05:00  INFO 29168 --- [mesa-service] [Thread-13] com.netflix.discovery.DiscoveryClient    : Shutting down DiscoveryClient ...
2025-10-29T02:07:18.371-05:00  INFO 29168 --- [mesa-service] [Thread-13] com.netflix.discovery.DiscoveryClient    : Unregistering ...
2025-10-29T02:07:18.390-05:00  INFO 29168 --- [mesa-service] [Thread-13] com.netflix.discovery.DiscoveryClient    : DiscoveryClient_MESA-SERVICE/mesa-service:1e62e2d120f349faea0442bdf07399ae - deregister  status: 200
2025-10-29T02:07:18.390-05:00  INFO 29168 --- [mesa-service] [Thread-13] com.netflix.discovery.DiscoveryClient    : Completed shut down of DiscoveryClient
2025-10-29T02:07:18.568-05:00  INFO 29168 --- [mesa-service] [restartedMain] org.cibertec.MesaServiceApplication      : Starting MesaServiceApplication using Java 21.0.8 with PID 29168 (C:\Users\ronca\OneDrive\Escritorio\Dev\DAW2\mesa-service\target\classes started by Arturo in C:\Users\ronca\OneDrive\Escritorio\Dev\DAW2\mesa-service)
2025-10-29T02:07:18.569-05:00  INFO 29168 --- [mesa-service] [restartedMain] org.cibertec.MesaServiceApplication      : No active profile set, falling back to 1 default profile: "default"
2025-10-29T02:07:18.572-05:00  INFO 29168 --- [mesa-service] [restartedMain] o.s.c.c.c.ConfigServerConfigDataLoader   : Fetching config from server at : http://localhost:8888
2025-10-29T02:07:18.573-05:00  INFO 29168 --- [mesa-service] [restartedMain] o.s.c.c.c.ConfigServerConfigDataLoader   : Located environment: name=mesa-service, profiles=[default], label=null, version=null, state=null
2025-10-29T02:07:19.289-05:00  INFO 29168 --- [mesa-service] [restartedMain] .s.d.r.c.RepositoryConfigurationDelegate : Bootstrapping Spring Data JPA repositories in DEFAULT mode.
2025-10-29T02:07:19.311-05:00  INFO 29168 --- [mesa-service] [restartedMain] .s.d.r.c.RepositoryConfigurationDelegate : Finished Spring Data repository scanning in 19 ms. Found 2 JPA repository interfaces.
2025-10-29T02:07:19.481-05:00  INFO 29168 --- [mesa-service] [restartedMain] o.s.cloud.context.scope.GenericScope     : BeanFactory id=823c8160-9f4f-31dd-b49f-a9354c025533
2025-10-29T02:07:19.600-05:00  INFO 29168 --- [mesa-service] [restartedMain] o.s.b.w.embedded.tomcat.TomcatWebServer  : Tomcat initialized with port 0 (http)
2025-10-29T02:07:19.602-05:00  INFO 29168 --- [mesa-service] [restartedMain] o.apache.catalina.core.StandardService   : Starting service [Tomcat]
2025-10-29T02:07:19.603-05:00  INFO 29168 --- [mesa-service] [restartedMain] o.apache.catalina.core.StandardEngine    : Starting Servlet engine: [Apache Tomcat/10.1.46]
2025-10-29T02:07:19.665-05:00  INFO 29168 --- [mesa-service] [restartedMain] o.a.c.c.C.[Tomcat].[localhost].[/]       : Initializing Spring embedded WebApplicationContext
2025-10-29T02:07:19.665-05:00  INFO 29168 --- [mesa-service] [restartedMain] w.s.c.ServletWebServerApplicationContext : Root WebApplicationContext: initialization completed in 1092 ms
2025-10-29T02:07:19.807-05:00  INFO 29168 --- [mesa-service] [restartedMain] com.zaxxer.hikari.HikariDataSource       : HikariPool-4 - Starting...
2025-10-29T02:07:19.826-05:00  INFO 29168 --- [mesa-service] [restartedMain] com.zaxxer.hikari.pool.HikariPool        : HikariPool-4 - Added connection com.mysql.cj.jdbc.ConnectionImpl@2b333d41
2025-10-29T02:07:19.827-05:00  INFO 29168 --- [mesa-service] [restartedMain] com.zaxxer.hikari.HikariDataSource       : HikariPool-4 - Start completed.
2025-10-29T02:07:19.828-05:00  INFO 29168 --- [mesa-service] [restartedMain] o.hibernate.jpa.internal.util.LogHelper  : HHH000204: Processing PersistenceUnitInfo [name: default]
2025-10-29T02:07:19.834-05:00  INFO 29168 --- [mesa-service] [restartedMain] o.h.c.internal.RegionFactoryInitiator    : HHH000026: Second-level cache disabled
2025-10-29T02:07:19.851-05:00  INFO 29168 --- [mesa-service] [restartedMain] o.s.o.j.p.SpringPersistenceUnitInfo      : No LoadTimeWeaver setup: ignoring JPA class transformer
2025-10-29T02:07:19.855-05:00  INFO 29168 --- [mesa-service] [restartedMain] org.hibernate.orm.connections.pooling    : HHH10001005: Database info:
	Database JDBC URL [Connecting through datasource 'HikariDataSource (HikariPool-4)']
	Database driver: undefined/unknown
	Database version: 8.0.34
	Autocommit mode: undefined/unknown
	Isolation level: undefined/unknown
	Minimum pool size: undefined/unknown
	Maximum pool size: undefined/unknown
2025-10-29T02:07:20.037-05:00  INFO 29168 --- [mesa-service] [restartedMain] o.h.e.t.j.p.i.JtaPlatformInitiator       : HHH000489: No JTA platform available (set 'hibernate.transaction.jta.platform' to enable JTA platform integration)
2025-10-29T02:07:20.038-05:00  INFO 29168 --- [mesa-service] [restartedMain] j.LocalContainerEntityManagerFactoryBean : Initialized JPA EntityManagerFactory for persistence unit 'default'
2025-10-29T02:07:20.183-05:00  WARN 29168 --- [mesa-service] [restartedMain] JpaBaseConfiguration$JpaWebConfiguration : spring.jpa.open-in-view is enabled by default. Therefore, database queries may be performed during view rendering. Explicitly configure spring.jpa.open-in-view to disable this warning
2025-10-29T02:07:20.612-05:00  INFO 29168 --- [mesa-service] [restartedMain] o.s.b.a.e.web.EndpointLinksResolver      : Exposing 18 endpoints beneath base path '/actuator'
2025-10-29T02:07:20.901-05:00  WARN 29168 --- [mesa-service] [restartedMain] o.s.b.d.a.OptionalLiveReloadServer       : Unable to start LiveReload server
2025-10-29T02:07:20.938-05:00  INFO 29168 --- [mesa-service] [restartedMain] DiscoveryClientOptionalArgsConfiguration : Eureka HTTP Client uses RestTemplate.
2025-10-29T02:07:20.979-05:00  WARN 29168 --- [mesa-service] [restartedMain] iguration$LoadBalancerCaffeineWarnLogger : Spring Cloud LoadBalancer is currently working with the default cache. While this cache implementation is useful for development and tests, it's recommended to use Caffeine cache in production.You can switch to using Caffeine cache, by adding it and org.springframework.cache.caffeine.CaffeineCacheManager to the classpath.
2025-10-29T02:07:21.027-05:00  INFO 29168 --- [mesa-service] [restartedMain] o.s.b.w.embedded.tomcat.TomcatWebServer  : Tomcat started on port 49217 (http) with context path '/'
2025-10-29T02:07:21.028-05:00  INFO 29168 --- [mesa-service] [restartedMain] .s.c.n.e.s.EurekaAutoServiceRegistration : Updating port to 49217
2025-10-29T02:07:21.029-05:00  INFO 29168 --- [mesa-service] [restartedMain] o.s.c.n.eureka.InstanceInfoFactory       : Setting initial instance status as: STARTING
2025-10-29T02:07:21.031-05:00  INFO 29168 --- [mesa-service] [restartedMain] com.netflix.discovery.DiscoveryClient    : Initializing Eureka in region us-east-1
2025-10-29T02:07:21.031-05:00  INFO 29168 --- [mesa-service] [restartedMain] c.n.d.s.r.aws.ConfigClusterResolver      : Resolving eureka endpoints via configuration
2025-10-29T02:07:21.032-05:00  INFO 29168 --- [mesa-service] [restartedMain] com.netflix.discovery.DiscoveryClient    : Disable delta property : false
2025-10-29T02:07:21.032-05:00  INFO 29168 --- [mesa-service] [restartedMain] com.netflix.discovery.DiscoveryClient    : Single vip registry refresh property : null
2025-10-29T02:07:21.032-05:00  INFO 29168 --- [mesa-service] [restartedMain] com.netflix.discovery.DiscoveryClient    : Force full registry fetch : false
2025-10-29T02:07:21.032-05:00  INFO 29168 --- [mesa-service] [restartedMain] com.netflix.discovery.DiscoveryClient    : Application is null : false
2025-10-29T02:07:21.032-05:00  INFO 29168 --- [mesa-service] [restartedMain] com.netflix.discovery.DiscoveryClient    : Registered Applications size is zero : true
2025-10-29T02:07:21.032-05:00  INFO 29168 --- [mesa-service] [restartedMain] com.netflix.discovery.DiscoveryClient    : Application version is -1: true
2025-10-29T02:07:21.032-05:00  INFO 29168 --- [mesa-service] [restartedMain] com.netflix.discovery.DiscoveryClient    : Getting all instance registry info from the eureka server
2025-10-29T02:07:21.059-05:00  INFO 29168 --- [mesa-service] [restartedMain] com.netflix.discovery.DiscoveryClient    : The response status is 200
2025-10-29T02:07:21.060-05:00  INFO 29168 --- [mesa-service] [restartedMain] com.netflix.discovery.DiscoveryClient    : Starting heartbeat executor: renew interval is: 30
2025-10-29T02:07:21.060-05:00  INFO 29168 --- [mesa-service] [restartedMain] c.n.discovery.InstanceInfoReplicator     : InstanceInfoReplicator onDemand update allowed rate per min is 4
2025-10-29T02:07:21.060-05:00  INFO 29168 --- [mesa-service] [restartedMain] com.netflix.discovery.DiscoveryClient    : Discovery Client initialized at timestamp 1761721641060 with initial instances count: 6
2025-10-29T02:07:21.063-05:00  INFO 29168 --- [mesa-service] [restartedMain] o.s.c.n.e.s.EurekaServiceRegistry        : Registering application MESA-SERVICE with eureka with status UP
2025-10-29T02:07:21.063-05:00  INFO 29168 --- [mesa-service] [restartedMain] com.netflix.discovery.DiscoveryClient    : Saw local status change event StatusChangeEvent [timestamp=1761721641063, current=UP, previous=STARTING]
2025-10-29T02:07:21.063-05:00  INFO 29168 --- [mesa-service] [DiscoveryClient-InstanceInfoReplicator-%d] com.netflix.discovery.DiscoveryClient    : DiscoveryClient_MESA-SERVICE/mesa-service:1dbe6d8e7b3fa517db2e2c4bc6d2b25f: registering service...
2025-10-29T02:07:21.074-05:00  INFO 29168 --- [mesa-service] [DiscoveryClient-InstanceInfoReplicator-%d] com.netflix.discovery.DiscoveryClient    : DiscoveryClient_MESA-SERVICE/mesa-service:1dbe6d8e7b3fa517db2e2c4bc6d2b25f - registration status: 204
2025-10-29T02:07:21.080-05:00  INFO 29168 --- [mesa-service] [restartedMain] org.cibertec.MesaServiceApplication      : Started MesaServiceApplication in 2.605 seconds (process running for 295.725)
2025-10-29T02:07:21.082-05:00  INFO 29168 --- [mesa-service] [restartedMain] .ConditionEvaluationDeltaLoggingListener : Condition evaluation unchanged
2025-10-29T02:09:25.765-05:00  INFO 29168 --- [mesa-service] [File Watcher] rtingClassPathChangeChangedEventListener : Restarting due to 1 class path change (0 additions, 0 deletions, 1 modification)
2025-10-29T02:09:25.766-05:00  INFO 29168 --- [mesa-service] [Thread-19] o.s.c.n.e.s.EurekaServiceRegistry        : Unregistering application MESA-SERVICE with eureka with status DOWN
2025-10-29T02:09:25.766-05:00  INFO 29168 --- [mesa-service] [Thread-19] com.netflix.discovery.DiscoveryClient    : Saw local status change event StatusChangeEvent [timestamp=1761721765766, current=DOWN, previous=UP]
2025-10-29T02:09:25.766-05:00  INFO 29168 --- [mesa-service] [DiscoveryClient-InstanceInfoReplicator-%d] com.netflix.discovery.DiscoveryClient    : DiscoveryClient_MESA-SERVICE/mesa-service:1dbe6d8e7b3fa517db2e2c4bc6d2b25f: registering service...
2025-10-29T02:09:25.768-05:00  INFO 29168 --- [mesa-service] [Thread-19] o.s.b.w.e.tomcat.GracefulShutdown        : Commencing graceful shutdown. Waiting for active requests to complete
2025-10-29T02:09:25.773-05:00  INFO 29168 --- [mesa-service] [DiscoveryClient-InstanceInfoReplicator-%d] com.netflix.discovery.DiscoveryClient    : DiscoveryClient_MESA-SERVICE/mesa-service:1dbe6d8e7b3fa517db2e2c4bc6d2b25f - registration status: 204
2025-10-29T02:09:25.776-05:00  INFO 29168 --- [mesa-service] [tomcat-shutdown] o.s.b.w.e.tomcat.GracefulShutdown        : Graceful shutdown complete
2025-10-29T02:09:25.781-05:00  INFO 29168 --- [mesa-service] [Thread-19] j.LocalContainerEntityManagerFactoryBean : Closing JPA EntityManagerFactory for persistence unit 'default'
2025-10-29T02:09:25.781-05:00  INFO 29168 --- [mesa-service] [Thread-19] com.zaxxer.hikari.HikariDataSource       : HikariPool-4 - Shutdown initiated...
2025-10-29T02:09:25.789-05:00  INFO 29168 --- [mesa-service] [Thread-19] com.zaxxer.hikari.HikariDataSource       : HikariPool-4 - Shutdown completed.
2025-10-29T02:09:25.789-05:00  INFO 29168 --- [mesa-service] [Thread-19] com.netflix.discovery.DiscoveryClient    : Shutting down DiscoveryClient ...
2025-10-29T02:09:28.799-05:00  INFO 29168 --- [mesa-service] [Thread-19] com.netflix.discovery.DiscoveryClient    : Unregistering ...
2025-10-29T02:09:28.815-05:00  INFO 29168 --- [mesa-service] [Thread-19] com.netflix.discovery.DiscoveryClient    : DiscoveryClient_MESA-SERVICE/mesa-service:1dbe6d8e7b3fa517db2e2c4bc6d2b25f - deregister  status: 200
2025-10-29T02:09:28.816-05:00  INFO 29168 --- [mesa-service] [Thread-19] com.netflix.discovery.DiscoveryClient    : Completed shut down of DiscoveryClient
2025-10-29T02:09:28.989-05:00  INFO 29168 --- [mesa-service] [restartedMain] org.cibertec.MesaServiceApplication      : Starting MesaServiceApplication using Java 21.0.8 with PID 29168 (C:\Users\ronca\OneDrive\Escritorio\Dev\DAW2\mesa-service\target\classes started by Arturo in C:\Users\ronca\OneDrive\Escritorio\Dev\DAW2\mesa-service)
2025-10-29T02:09:28.990-05:00  INFO 29168 --- [mesa-service] [restartedMain] org.cibertec.MesaServiceApplication      : No active profile set, falling back to 1 default profile: "default"
2025-10-29T02:09:28.992-05:00  INFO 29168 --- [mesa-service] [restartedMain] o.s.c.c.c.ConfigServerConfigDataLoader   : Fetching config from server at : http://localhost:8888
2025-10-29T02:09:28.992-05:00  INFO 29168 --- [mesa-service] [restartedMain] o.s.c.c.c.ConfigServerConfigDataLoader   : Located environment: name=mesa-service, profiles=[default], label=null, version=null, state=null
2025-10-29T02:09:29.660-05:00  INFO 29168 --- [mesa-service] [restartedMain] .s.d.r.c.RepositoryConfigurationDelegate : Bootstrapping Spring Data JPA repositories in DEFAULT mode.
2025-10-29T02:09:29.686-05:00  INFO 29168 --- [mesa-service] [restartedMain] .s.d.r.c.RepositoryConfigurationDelegate : Finished Spring Data repository scanning in 23 ms. Found 2 JPA repository interfaces.
2025-10-29T02:09:29.880-05:00  INFO 29168 --- [mesa-service] [restartedMain] o.s.cloud.context.scope.GenericScope     : BeanFactory id=823c8160-9f4f-31dd-b49f-a9354c025533
2025-10-29T02:09:30.015-05:00  INFO 29168 --- [mesa-service] [restartedMain] o.s.b.w.embedded.tomcat.TomcatWebServer  : Tomcat initialized with port 0 (http)
2025-10-29T02:09:30.016-05:00  INFO 29168 --- [mesa-service] [restartedMain] o.apache.catalina.core.StandardService   : Starting service [Tomcat]
2025-10-29T02:09:30.016-05:00  INFO 29168 --- [mesa-service] [restartedMain] o.apache.catalina.core.StandardEngine    : Starting Servlet engine: [Apache Tomcat/10.1.46]
2025-10-29T02:09:30.073-05:00  INFO 29168 --- [mesa-service] [restartedMain] o.a.c.c.C.[Tomcat].[localhost].[/]       : Initializing Spring embedded WebApplicationContext
2025-10-29T02:09:30.073-05:00  INFO 29168 --- [mesa-service] [restartedMain] w.s.c.ServletWebServerApplicationContext : Root WebApplicationContext: initialization completed in 1081 ms
2025-10-29T02:09:30.259-05:00  INFO 29168 --- [mesa-service] [restartedMain] com.zaxxer.hikari.HikariDataSource       : HikariPool-5 - Starting...
2025-10-29T02:09:30.281-05:00  INFO 29168 --- [mesa-service] [restartedMain] com.zaxxer.hikari.pool.HikariPool        : HikariPool-5 - Added connection com.mysql.cj.jdbc.ConnectionImpl@37f24f20
2025-10-29T02:09:30.281-05:00  INFO 29168 --- [mesa-service] [restartedMain] com.zaxxer.hikari.HikariDataSource       : HikariPool-5 - Start completed.
2025-10-29T02:09:30.283-05:00  INFO 29168 --- [mesa-service] [restartedMain] o.hibernate.jpa.internal.util.LogHelper  : HHH000204: Processing PersistenceUnitInfo [name: default]
2025-10-29T02:09:30.290-05:00  INFO 29168 --- [mesa-service] [restartedMain] o.h.c.internal.RegionFactoryInitiator    : HHH000026: Second-level cache disabled
2025-10-29T02:09:30.313-05:00  INFO 29168 --- [mesa-service] [restartedMain] o.s.o.j.p.SpringPersistenceUnitInfo      : No LoadTimeWeaver setup: ignoring JPA class transformer
2025-10-29T02:09:30.316-05:00  INFO 29168 --- [mesa-service] [restartedMain] org.hibernate.orm.connections.pooling    : HHH10001005: Database info:
	Database JDBC URL [Connecting through datasource 'HikariDataSource (HikariPool-5)']
	Database driver: undefined/unknown
	Database version: 8.0.34
	Autocommit mode: undefined/unknown
	Isolation level: undefined/unknown
	Minimum pool size: undefined/unknown
	Maximum pool size: undefined/unknown
2025-10-29T02:09:30.528-05:00  INFO 29168 --- [mesa-service] [restartedMain] o.h.e.t.j.p.i.JtaPlatformInitiator       : HHH000489: No JTA platform available (set 'hibernate.transaction.jta.platform' to enable JTA platform integration)
2025-10-29T02:09:30.529-05:00  INFO 29168 --- [mesa-service] [restartedMain] j.LocalContainerEntityManagerFactoryBean : Initialized JPA EntityManagerFactory for persistence unit 'default'
2025-10-29T02:09:30.681-05:00  WARN 29168 --- [mesa-service] [restartedMain] JpaBaseConfiguration$JpaWebConfiguration : spring.jpa.open-in-view is enabled by default. Therefore, database queries may be performed during view rendering. Explicitly configure spring.jpa.open-in-view to disable this warning
2025-10-29T02:09:31.039-05:00  INFO 29168 --- [mesa-service] [restartedMain] o.s.b.a.e.web.EndpointLinksResolver      : Exposing 18 endpoints beneath base path '/actuator'
2025-10-29T02:09:31.301-05:00  WARN 29168 --- [mesa-service] [restartedMain] o.s.b.d.a.OptionalLiveReloadServer       : Unable to start LiveReload server
2025-10-29T02:09:31.328-05:00  INFO 29168 --- [mesa-service] [restartedMain] DiscoveryClientOptionalArgsConfiguration : Eureka HTTP Client uses RestTemplate.
2025-10-29T02:09:31.360-05:00  WARN 29168 --- [mesa-service] [restartedMain] iguration$LoadBalancerCaffeineWarnLogger : Spring Cloud LoadBalancer is currently working with the default cache. While this cache implementation is useful for development and tests, it's recommended to use Caffeine cache in production.You can switch to using Caffeine cache, by adding it and org.springframework.cache.caffeine.CaffeineCacheManager to the classpath.
2025-10-29T02:09:31.410-05:00  INFO 29168 --- [mesa-service] [restartedMain] o.s.b.w.embedded.tomcat.TomcatWebServer  : Tomcat started on port 51093 (http) with context path '/'
2025-10-29T02:09:31.412-05:00  INFO 29168 --- [mesa-service] [restartedMain] .s.c.n.e.s.EurekaAutoServiceRegistration : Updating port to 51093
2025-10-29T02:09:31.413-05:00  INFO 29168 --- [mesa-service] [restartedMain] o.s.c.n.eureka.InstanceInfoFactory       : Setting initial instance status as: STARTING
2025-10-29T02:09:31.419-05:00  INFO 29168 --- [mesa-service] [restartedMain] com.netflix.discovery.DiscoveryClient    : Initializing Eureka in region us-east-1
2025-10-29T02:09:31.419-05:00  INFO 29168 --- [mesa-service] [restartedMain] c.n.d.s.r.aws.ConfigClusterResolver      : Resolving eureka endpoints via configuration
2025-10-29T02:09:31.419-05:00  INFO 29168 --- [mesa-service] [restartedMain] com.netflix.discovery.DiscoveryClient    : Disable delta property : false
2025-10-29T02:09:31.419-05:00  INFO 29168 --- [mesa-service] [restartedMain] com.netflix.discovery.DiscoveryClient    : Single vip registry refresh property : null
2025-10-29T02:09:31.420-05:00  INFO 29168 --- [mesa-service] [restartedMain] com.netflix.discovery.DiscoveryClient    : Force full registry fetch : false
2025-10-29T02:09:31.420-05:00  INFO 29168 --- [mesa-service] [restartedMain] com.netflix.discovery.DiscoveryClient    : Application is null : false
2025-10-29T02:09:31.420-05:00  INFO 29168 --- [mesa-service] [restartedMain] com.netflix.discovery.DiscoveryClient    : Registered Applications size is zero : true
2025-10-29T02:09:31.420-05:00  INFO 29168 --- [mesa-service] [restartedMain] com.netflix.discovery.DiscoveryClient    : Application version is -1: true
2025-10-29T02:09:31.420-05:00  INFO 29168 --- [mesa-service] [restartedMain] com.netflix.discovery.DiscoveryClient    : Getting all instance registry info from the eureka server
2025-10-29T02:09:31.475-05:00  INFO 29168 --- [mesa-service] [restartedMain] com.netflix.discovery.DiscoveryClient    : The response status is 200
2025-10-29T02:09:31.476-05:00  INFO 29168 --- [mesa-service] [restartedMain] com.netflix.discovery.DiscoveryClient    : Starting heartbeat executor: renew interval is: 30
2025-10-29T02:09:31.477-05:00  INFO 29168 --- [mesa-service] [restartedMain] c.n.discovery.InstanceInfoReplicator     : InstanceInfoReplicator onDemand update allowed rate per min is 4
2025-10-29T02:09:31.477-05:00  INFO 29168 --- [mesa-service] [restartedMain] com.netflix.discovery.DiscoveryClient    : Discovery Client initialized at timestamp 1761721771477 with initial instances count: 2
2025-10-29T02:09:31.482-05:00  INFO 29168 --- [mesa-service] [restartedMain] o.s.c.n.e.s.EurekaServiceRegistry        : Registering application MESA-SERVICE with eureka with status UP
2025-10-29T02:09:31.482-05:00  INFO 29168 --- [mesa-service] [restartedMain] com.netflix.discovery.DiscoveryClient    : Saw local status change event StatusChangeEvent [timestamp=1761721771482, current=UP, previous=STARTING]
2025-10-29T02:09:31.482-05:00  INFO 29168 --- [mesa-service] [DiscoveryClient-InstanceInfoReplicator-%d] com.netflix.discovery.DiscoveryClient    : DiscoveryClient_MESA-SERVICE/mesa-service:129829f9cb165e6199ad720a62d7e0f6: registering service...
2025-10-29T02:09:31.496-05:00  INFO 29168 --- [mesa-service] [DiscoveryClient-InstanceInfoReplicator-%d] com.netflix.discovery.DiscoveryClient    : DiscoveryClient_MESA-SERVICE/mesa-service:129829f9cb165e6199ad720a62d7e0f6 - registration status: 204
2025-10-29T02:09:31.502-05:00  INFO 29168 --- [mesa-service] [restartedMain] org.cibertec.MesaServiceApplication      : Started MesaServiceApplication in 2.617 seconds (process running for 426.148)
2025-10-29T02:09:31.506-05:00  INFO 29168 --- [mesa-service] [restartedMain] .ConditionEvaluationDeltaLoggingListener : Condition evaluation unchanged
2025-10-29T02:09:35.862-05:00  INFO 29168 --- [mesa-service] [File Watcher] rtingClassPathChangeChangedEventListener : Restarting due to 1 class path change (0 additions, 0 deletions, 1 modification)
2025-10-29T02:09:35.864-05:00  INFO 29168 --- [mesa-service] [Thread-25] o.s.c.n.e.s.EurekaServiceRegistry        : Unregistering application MESA-SERVICE with eureka with status DOWN
2025-10-29T02:09:35.864-05:00  INFO 29168 --- [mesa-service] [Thread-25] com.netflix.discovery.DiscoveryClient    : Saw local status change event StatusChangeEvent [timestamp=1761721775864, current=DOWN, previous=UP]
2025-10-29T02:09:35.864-05:00  INFO 29168 --- [mesa-service] [DiscoveryClient-InstanceInfoReplicator-%d] com.netflix.discovery.DiscoveryClient    : DiscoveryClient_MESA-SERVICE/mesa-service:129829f9cb165e6199ad720a62d7e0f6: registering service...
2025-10-29T02:09:35.865-05:00  INFO 29168 --- [mesa-service] [Thread-25] o.s.b.w.e.tomcat.GracefulShutdown        : Commencing graceful shutdown. Waiting for active requests to complete
2025-10-29T02:09:35.873-05:00  INFO 29168 --- [mesa-service] [tomcat-shutdown] o.s.b.w.e.tomcat.GracefulShutdown        : Graceful shutdown complete
2025-10-29T02:09:35.878-05:00  INFO 29168 --- [mesa-service] [DiscoveryClient-InstanceInfoReplicator-%d] com.netflix.discovery.DiscoveryClient    : DiscoveryClient_MESA-SERVICE/mesa-service:129829f9cb165e6199ad720a62d7e0f6 - registration status: 204
2025-10-29T02:09:35.880-05:00  INFO 29168 --- [mesa-service] [Thread-25] j.LocalContainerEntityManagerFactoryBean : Closing JPA EntityManagerFactory for persistence unit 'default'
2025-10-29T02:09:35.881-05:00  INFO 29168 --- [mesa-service] [Thread-25] com.zaxxer.hikari.HikariDataSource       : HikariPool-5 - Shutdown initiated...
2025-10-29T02:09:35.888-05:00  INFO 29168 --- [mesa-service] [Thread-25] com.zaxxer.hikari.HikariDataSource       : HikariPool-5 - Shutdown completed.
2025-10-29T02:09:35.889-05:00  INFO 29168 --- [mesa-service] [Thread-25] com.netflix.discovery.DiscoveryClient    : Shutting down DiscoveryClient ...
2025-10-29T02:09:38.900-05:00  INFO 29168 --- [mesa-service] [Thread-25] com.netflix.discovery.DiscoveryClient    : Unregistering ...
2025-10-29T02:09:38.918-05:00  INFO 29168 --- [mesa-service] [Thread-25] com.netflix.discovery.DiscoveryClient    : DiscoveryClient_MESA-SERVICE/mesa-service:129829f9cb165e6199ad720a62d7e0f6 - deregister  status: 200
2025-10-29T02:09:38.918-05:00  INFO 29168 --- [mesa-service] [Thread-25] com.netflix.discovery.DiscoveryClient    : Completed shut down of DiscoveryClient
2025-10-29T02:09:39.125-05:00  INFO 29168 --- [mesa-service] [restartedMain] org.cibertec.MesaServiceApplication      : Starting MesaServiceApplication using Java 21.0.8 with PID 29168 (C:\Users\ronca\OneDrive\Escritorio\Dev\DAW2\mesa-service\target\classes started by Arturo in C:\Users\ronca\OneDrive\Escritorio\Dev\DAW2\mesa-service)
2025-10-29T02:09:39.125-05:00  INFO 29168 --- [mesa-service] [restartedMain] org.cibertec.MesaServiceApplication      : No active profile set, falling back to 1 default profile: "default"
2025-10-29T02:09:39.127-05:00  INFO 29168 --- [mesa-service] [restartedMain] o.s.c.c.c.ConfigServerConfigDataLoader   : Fetching config from server at : http://localhost:8888
2025-10-29T02:09:39.127-05:00  INFO 29168 --- [mesa-service] [restartedMain] o.s.c.c.c.ConfigServerConfigDataLoader   : Located environment: name=mesa-service, profiles=[default], label=null, version=null, state=null
2025-10-29T02:09:39.794-05:00  INFO 29168 --- [mesa-service] [restartedMain] .s.d.r.c.RepositoryConfigurationDelegate : Bootstrapping Spring Data JPA repositories in DEFAULT mode.
2025-10-29T02:09:39.811-05:00  INFO 29168 --- [mesa-service] [restartedMain] .s.d.r.c.RepositoryConfigurationDelegate : Finished Spring Data repository scanning in 16 ms. Found 2 JPA repository interfaces.
2025-10-29T02:09:39.998-05:00  INFO 29168 --- [mesa-service] [restartedMain] o.s.cloud.context.scope.GenericScope     : BeanFactory id=823c8160-9f4f-31dd-b49f-a9354c025533
2025-10-29T02:09:40.142-05:00  INFO 29168 --- [mesa-service] [restartedMain] o.s.b.w.embedded.tomcat.TomcatWebServer  : Tomcat initialized with port 0 (http)
2025-10-29T02:09:40.143-05:00  INFO 29168 --- [mesa-service] [restartedMain] o.apache.catalina.core.StandardService   : Starting service [Tomcat]
2025-10-29T02:09:40.143-05:00  INFO 29168 --- [mesa-service] [restartedMain] o.apache.catalina.core.StandardEngine    : Starting Servlet engine: [Apache Tomcat/10.1.46]
2025-10-29T02:09:40.205-05:00  INFO 29168 --- [mesa-service] [restartedMain] o.a.c.c.C.[Tomcat].[localhost].[/]       : Initializing Spring embedded WebApplicationContext
2025-10-29T02:09:40.205-05:00  INFO 29168 --- [mesa-service] [restartedMain] w.s.c.ServletWebServerApplicationContext : Root WebApplicationContext: initialization completed in 1078 ms
2025-10-29T02:09:40.335-05:00  INFO 29168 --- [mesa-service] [restartedMain] com.zaxxer.hikari.HikariDataSource       : HikariPool-6 - Starting...
2025-10-29T02:09:40.355-05:00  INFO 29168 --- [mesa-service] [restartedMain] com.zaxxer.hikari.pool.HikariPool        : HikariPool-6 - Added connection com.mysql.cj.jdbc.ConnectionImpl@5c43479c
2025-10-29T02:09:40.355-05:00  INFO 29168 --- [mesa-service] [restartedMain] com.zaxxer.hikari.HikariDataSource       : HikariPool-6 - Start completed.
2025-10-29T02:09:40.357-05:00  INFO 29168 --- [mesa-service] [restartedMain] o.hibernate.jpa.internal.util.LogHelper  : HHH000204: Processing PersistenceUnitInfo [name: default]
2025-10-29T02:09:40.364-05:00  INFO 29168 --- [mesa-service] [restartedMain] o.h.c.internal.RegionFactoryInitiator    : HHH000026: Second-level cache disabled
2025-10-29T02:09:40.383-05:00  INFO 29168 --- [mesa-service] [restartedMain] o.s.o.j.p.SpringPersistenceUnitInfo      : No LoadTimeWeaver setup: ignoring JPA class transformer
2025-10-29T02:09:40.389-05:00  INFO 29168 --- [mesa-service] [restartedMain] org.hibernate.orm.connections.pooling    : HHH10001005: Database info:
	Database JDBC URL [Connecting through datasource 'HikariDataSource (HikariPool-6)']
	Database driver: undefined/unknown
	Database version: 8.0.34
	Autocommit mode: undefined/unknown
	Isolation level: undefined/unknown
	Minimum pool size: undefined/unknown
	Maximum pool size: undefined/unknown
2025-10-29T02:09:40.561-05:00  INFO 29168 --- [mesa-service] [restartedMain] o.h.e.t.j.p.i.JtaPlatformInitiator       : HHH000489: No JTA platform available (set 'hibernate.transaction.jta.platform' to enable JTA platform integration)
2025-10-29T02:09:40.561-05:00  INFO 29168 --- [mesa-service] [restartedMain] j.LocalContainerEntityManagerFactoryBean : Initialized JPA EntityManagerFactory for persistence unit 'default'
2025-10-29T02:09:40.695-05:00  WARN 29168 --- [mesa-service] [restartedMain] JpaBaseConfiguration$JpaWebConfiguration : spring.jpa.open-in-view is enabled by default. Therefore, database queries may be performed during view rendering. Explicitly configure spring.jpa.open-in-view to disable this warning
2025-10-29T02:09:41.016-05:00  INFO 29168 --- [mesa-service] [restartedMain] o.s.b.a.e.web.EndpointLinksResolver      : Exposing 18 endpoints beneath base path '/actuator'
2025-10-29T02:09:41.235-05:00  WARN 29168 --- [mesa-service] [restartedMain] o.s.b.d.a.OptionalLiveReloadServer       : Unable to start LiveReload server
2025-10-29T02:09:41.260-05:00  INFO 29168 --- [mesa-service] [restartedMain] DiscoveryClientOptionalArgsConfiguration : Eureka HTTP Client uses RestTemplate.
2025-10-29T02:09:41.280-05:00  WARN 29168 --- [mesa-service] [restartedMain] iguration$LoadBalancerCaffeineWarnLogger : Spring Cloud LoadBalancer is currently working with the default cache. While this cache implementation is useful for development and tests, it's recommended to use Caffeine cache in production.You can switch to using Caffeine cache, by adding it and org.springframework.cache.caffeine.CaffeineCacheManager to the classpath.
2025-10-29T02:09:41.318-05:00  INFO 29168 --- [mesa-service] [restartedMain] o.s.b.w.embedded.tomcat.TomcatWebServer  : Tomcat started on port 51189 (http) with context path '/'
2025-10-29T02:09:41.318-05:00  INFO 29168 --- [mesa-service] [restartedMain] .s.c.n.e.s.EurekaAutoServiceRegistration : Updating port to 51189
2025-10-29T02:09:41.320-05:00  INFO 29168 --- [mesa-service] [restartedMain] o.s.c.n.eureka.InstanceInfoFactory       : Setting initial instance status as: STARTING
2025-10-29T02:09:41.323-05:00  INFO 29168 --- [mesa-service] [restartedMain] com.netflix.discovery.DiscoveryClient    : Initializing Eureka in region us-east-1
2025-10-29T02:09:41.323-05:00  INFO 29168 --- [mesa-service] [restartedMain] c.n.d.s.r.aws.ConfigClusterResolver      : Resolving eureka endpoints via configuration
2025-10-29T02:09:41.324-05:00  INFO 29168 --- [mesa-service] [restartedMain] com.netflix.discovery.DiscoveryClient    : Disable delta property : false
2025-10-29T02:09:41.324-05:00  INFO 29168 --- [mesa-service] [restartedMain] com.netflix.discovery.DiscoveryClient    : Single vip registry refresh property : null
2025-10-29T02:09:41.324-05:00  INFO 29168 --- [mesa-service] [restartedMain] com.netflix.discovery.DiscoveryClient    : Force full registry fetch : false
2025-10-29T02:09:41.324-05:00  INFO 29168 --- [mesa-service] [restartedMain] com.netflix.discovery.DiscoveryClient    : Application is null : false
2025-10-29T02:09:41.324-05:00  INFO 29168 --- [mesa-service] [restartedMain] com.netflix.discovery.DiscoveryClient    : Registered Applications size is zero : true
2025-10-29T02:09:41.324-05:00  INFO 29168 --- [mesa-service] [restartedMain] com.netflix.discovery.DiscoveryClient    : Application version is -1: true
2025-10-29T02:09:41.324-05:00  INFO 29168 --- [mesa-service] [restartedMain] com.netflix.discovery.DiscoveryClient    : Getting all instance registry info from the eureka server
2025-10-29T02:09:41.345-05:00  INFO 29168 --- [mesa-service] [restartedMain] com.netflix.discovery.DiscoveryClient    : The response status is 200
2025-10-29T02:09:41.346-05:00  INFO 29168 --- [mesa-service] [restartedMain] com.netflix.discovery.DiscoveryClient    : Starting heartbeat executor: renew interval is: 30
2025-10-29T02:09:41.346-05:00  INFO 29168 --- [mesa-service] [restartedMain] c.n.discovery.InstanceInfoReplicator     : InstanceInfoReplicator onDemand update allowed rate per min is 4
2025-10-29T02:09:41.346-05:00  INFO 29168 --- [mesa-service] [restartedMain] com.netflix.discovery.DiscoveryClient    : Discovery Client initialized at timestamp 1761721781346 with initial instances count: 2
2025-10-29T02:09:41.348-05:00  INFO 29168 --- [mesa-service] [restartedMain] o.s.c.n.e.s.EurekaServiceRegistry        : Registering application MESA-SERVICE with eureka with status UP
2025-10-29T02:09:41.348-05:00  INFO 29168 --- [mesa-service] [restartedMain] com.netflix.discovery.DiscoveryClient    : Saw local status change event StatusChangeEvent [timestamp=1761721781348, current=UP, previous=STARTING]
2025-10-29T02:09:41.348-05:00  INFO 29168 --- [mesa-service] [DiscoveryClient-InstanceInfoReplicator-%d] com.netflix.discovery.DiscoveryClient    : DiscoveryClient_MESA-SERVICE/mesa-service:caddc613d0629abd9bd0367a68972bf0: registering service...
2025-10-29T02:09:41.357-05:00  INFO 29168 --- [mesa-service] [DiscoveryClient-InstanceInfoReplicator-%d] com.netflix.discovery.DiscoveryClient    : DiscoveryClient_MESA-SERVICE/mesa-service:caddc613d0629abd9bd0367a68972bf0 - registration status: 204
2025-10-29T02:09:41.364-05:00  INFO 29168 --- [mesa-service] [restartedMain] org.cibertec.MesaServiceApplication      : Started MesaServiceApplication in 2.346 seconds (process running for 436.01)
2025-10-29T02:09:41.366-05:00  INFO 29168 --- [mesa-service] [restartedMain] .ConditionEvaluationDeltaLoggingListener : Condition evaluation unchanged
2025-10-29T02:09:46.388-05:00  INFO 29168 --- [mesa-service] [RMI TCP Connection(28)-127.0.0.1] inMXBeanRegistrar$SpringApplicationAdmin : Application shutdown requested.
2025-10-29T02:09:46.390-05:00  INFO 29168 --- [mesa-service] [RMI TCP Connection(28)-127.0.0.1] o.s.c.n.e.s.EurekaServiceRegistry        : Unregistering application MESA-SERVICE with eureka with status DOWN
2025-10-29T02:09:46.390-05:00  INFO 29168 --- [mesa-service] [RMI TCP Connection(28)-127.0.0.1] com.netflix.discovery.DiscoveryClient    : Saw local status change event StatusChangeEvent [timestamp=1761721786390, current=DOWN, previous=UP]
2025-10-29T02:09:46.392-05:00  INFO 29168 --- [mesa-service] [DiscoveryClient-InstanceInfoReplicator-%d] com.netflix.discovery.DiscoveryClient    : DiscoveryClient_MESA-SERVICE/mesa-service:caddc613d0629abd9bd0367a68972bf0: registering service...
2025-10-29T02:09:46.392-05:00  INFO 29168 --- [mesa-service] [RMI TCP Connection(28)-127.0.0.1] o.s.b.w.e.tomcat.GracefulShutdown        : Commencing graceful shutdown. Waiting for active requests to complete
2025-10-29T02:09:46.403-05:00  INFO 29168 --- [mesa-service] [DiscoveryClient-InstanceInfoReplicator-%d] com.netflix.discovery.DiscoveryClient    : DiscoveryClient_MESA-SERVICE/mesa-service:caddc613d0629abd9bd0367a68972bf0 - registration status: 204
2025-10-29T02:09:46.408-05:00  INFO 29168 --- [mesa-service] [tomcat-shutdown] o.s.b.w.e.tomcat.GracefulShutdown        : Graceful shutdown complete
2025-10-29T02:09:46.419-05:00  INFO 29168 --- [mesa-service] [RMI TCP Connection(28)-127.0.0.1] j.LocalContainerEntityManagerFactoryBean : Closing JPA EntityManagerFactory for persistence unit 'default'
2025-10-29T02:09:46.420-05:00  INFO 29168 --- [mesa-service] [RMI TCP Connection(28)-127.0.0.1] com.zaxxer.hikari.HikariDataSource       : HikariPool-6 - Shutdown initiated...
2025-10-29T02:09:46.435-05:00  INFO 29168 --- [mesa-service] [RMI TCP Connection(28)-127.0.0.1] com.zaxxer.hikari.HikariDataSource       : HikariPool-6 - Shutdown completed.
2025-10-29T02:09:46.435-05:00  INFO 29168 --- [mesa-service] [RMI TCP Connection(28)-127.0.0.1] com.netflix.discovery.DiscoveryClient    : Shutting down DiscoveryClient ...
2025-10-29T02:09:49.439-05:00  INFO 29168 --- [mesa-service] [RMI TCP Connection(28)-127.0.0.1] com.netflix.discovery.DiscoveryClient    : Unregistering ...
2025-10-29T02:09:49.454-05:00  INFO 29168 --- [mesa-service] [RMI TCP Connection(28)-127.0.0.1] c.n.d.s.t.d.RedirectingEurekaHttpClient  : Request execution error. endpoint=DefaultEndpoint{ serviceUrl='http://localhost:8761/eureka/} exception=I/O error on DELETE request for "http://localhost:8761/eureka/apps/MESA-SERVICE/mesa-service:caddc613d0629abd9bd0367a68972bf0": Connect to http://localhost:8761 [localhost/127.0.0.1, localhost/0:0:0:0:0:0:0:1] failed: Connection refused: getsockopt stacktrace=org.springframework.web.client.ResourceAccessException: I/O error on DELETE request for "http://localhost:8761/eureka/apps/MESA-SERVICE/mesa-service:caddc613d0629abd9bd0367a68972bf0": Connect to http://localhost:8761 [localhost/127.0.0.1, localhost/0:0:0:0:0:0:0:1] failed: Connection refused: getsockopt
	at org.springframework.web.client.RestTemplate.createResourceAccessException(RestTemplate.java:926)
	at org.springframework.web.client.RestTemplate.doExecute(RestTemplate.java:906)
	at org.springframework.web.client.RestTemplate.execute(RestTemplate.java:841)
	at org.springframework.web.client.RestTemplate.exchange(RestTemplate.java:702)
	at org.springframework.cloud.netflix.eureka.http.RestTemplateEurekaHttpClient.cancel(RestTemplateEurekaHttpClient.java:100)
	at com.netflix.discovery.shared.transport.decorator.EurekaHttpClientDecorator$2.execute(EurekaHttpClientDecorator.java:74)
	at com.netflix.discovery.shared.transport.decorator.RedirectingEurekaHttpClient.execute(RedirectingEurekaHttpClient.java:91)
	at com.netflix.discovery.shared.transport.decorator.EurekaHttpClientDecorator.cancel(EurekaHttpClientDecorator.java:71)
	at com.netflix.discovery.shared.transport.decorator.EurekaHttpClientDecorator$2.execute(EurekaHttpClientDecorator.java:74)
	at com.netflix.discovery.shared.transport.decorator.RetryableEurekaHttpClient.execute(RetryableEurekaHttpClient.java:120)
	at com.netflix.discovery.shared.transport.decorator.EurekaHttpClientDecorator.cancel(EurekaHttpClientDecorator.java:71)
	at com.netflix.discovery.shared.transport.decorator.EurekaHttpClientDecorator$2.execute(EurekaHttpClientDecorator.java:74)
	at com.netflix.discovery.shared.transport.decorator.SessionedEurekaHttpClient.execute(SessionedEurekaHttpClient.java:76)
	at com.netflix.discovery.shared.transport.decorator.EurekaHttpClientDecorator.cancel(EurekaHttpClientDecorator.java:71)
	at com.netflix.discovery.DiscoveryClient.unregister(DiscoveryClient.java:919)
	at com.netflix.discovery.DiscoveryClient.shutdown(DiscoveryClient.java:900)
	at java.base/jdk.internal.reflect.DirectMethodHandleAccessor.invoke(DirectMethodHandleAccessor.java:103)
	at java.base/java.lang.reflect.Method.invoke(Method.java:580)
	at org.springframework.beans.factory.annotation.InitDestroyAnnotationBeanPostProcessor$LifecycleMethod.invoke(InitDestroyAnnotationBeanPostProcessor.java:457)
	at org.springframework.beans.factory.annotation.InitDestroyAnnotationBeanPostProcessor$LifecycleMetadata.invokeDestroyMethods(InitDestroyAnnotationBeanPostProcessor.java:415)
	at org.springframework.beans.factory.annotation.InitDestroyAnnotationBeanPostProcessor.postProcessBeforeDestruction(InitDestroyAnnotationBeanPostProcessor.java:239)
	at org.springframework.beans.factory.support.DisposableBeanAdapter.destroy(DisposableBeanAdapter.java:203)
	at org.springframework.beans.factory.support.DisposableBeanAdapter.run(DisposableBeanAdapter.java:196)
	at org.springframework.cloud.context.scope.GenericScope$BeanLifecycleWrapper.destroy(GenericScope.java:389)
	at org.springframework.cloud.context.scope.GenericScope.destroy(GenericScope.java:136)
	at org.springframework.beans.factory.support.DisposableBeanAdapter.destroy(DisposableBeanAdapter.java:212)
	at org.springframework.beans.factory.support.DefaultSingletonBeanRegistry.destroyBean(DefaultSingletonBeanRegistry.java:798)
	at org.springframework.beans.factory.support.DefaultSingletonBeanRegistry.destroySingleton(DefaultSingletonBeanRegistry.java:748)
	at org.springframework.beans.factory.support.DefaultListableBeanFactory.destroySingleton(DefaultListableBeanFactory.java:1489)
	at org.springframework.beans.factory.support.DefaultSingletonBeanRegistry.destroySingletons(DefaultSingletonBeanRegistry.java:707)
	at org.springframework.beans.factory.support.DefaultListableBeanFactory.destroySingletons(DefaultListableBeanFactory.java:1482)
	at org.springframework.context.support.AbstractApplicationContext.destroyBeans(AbstractApplicationContext.java:1219)
	at org.springframework.context.support.AbstractApplicationContext.doClose(AbstractApplicationContext.java:1180)
	at org.springframework.boot.web.servlet.context.ServletWebServerApplicationContext.doClose(ServletWebServerApplicationContext.java:179)
	at org.springframework.context.support.AbstractApplicationContext.close(AbstractApplicationContext.java:1126)
	at org.springframework.boot.admin.SpringApplicationAdminMXBeanRegistrar$SpringApplicationAdmin.shutdown(SpringApplicationAdminMXBeanRegistrar.java:160)
	at java.base/jdk.internal.reflect.DirectMethodHandleAccessor.invoke(DirectMethodHandleAccessor.java:103)
	at java.base/java.lang.reflect.Method.invoke(Method.java:580)
	at sun.reflect.misc.Trampoline.invoke(MethodUtil.java:64)
	at java.base/jdk.internal.reflect.DirectMethodHandleAccessor.invoke(DirectMethodHandleAccessor.java:103)
	at java.base/java.lang.reflect.Method.invoke(Method.java:580)
	at java.base/sun.reflect.misc.MethodUtil.invoke(MethodUtil.java:97)
	at java.management/com.sun.jmx.mbeanserver.ConvertingMethod.invokeWithOpenReturn(ConvertingMethod.java:193)
	at java.management/com.sun.jmx.mbeanserver.ConvertingMethod.invokeWithOpenReturn(ConvertingMethod.java:175)
	at java.management/com.sun.jmx.mbeanserver.MXBeanIntrospector.invokeM2(MXBeanIntrospector.java:115)
	at java.management/com.sun.jmx.mbeanserver.MXBeanIntrospector.invokeM2(MXBeanIntrospector.java:52)
	at java.management/com.sun.jmx.mbeanserver.MBeanIntrospector.invokeM(MBeanIntrospector.java:236)
	at java.management/com.sun.jmx.mbeanserver.PerInterface.invoke(PerInterface.java:138)
	at java.management/com.sun.jmx.mbeanserver.MBeanSupport.invoke(MBeanSupport.java:252)
	at java.management/com.sun.jmx.interceptor.DefaultMBeanServerInterceptor.invoke(DefaultMBeanServerInterceptor.java:803)
	at java.management/com.sun.jmx.mbeanserver.JmxMBeanServer.invoke(JmxMBeanServer.java:802)
	at java.management.rmi/javax.management.remote.rmi.RMIConnectionImpl.doOperation(RMIConnectionImpl.java:1472)
	at java.management.rmi/javax.management.remote.rmi.RMIConnectionImpl$PrivilegedOperation.run(RMIConnectionImpl.java:1310)
	at java.management.rmi/javax.management.remote.rmi.RMIConnectionImpl.doPrivilegedOperation(RMIConnectionImpl.java:1405)
	at java.management.rmi/javax.management.remote.rmi.RMIConnectionImpl.invoke(RMIConnectionImpl.java:829)
	at java.base/jdk.internal.reflect.DirectMethodHandleAccessor.invoke(DirectMethodHandleAccessor.java:103)
	at java.base/java.lang.reflect.Method.invoke(Method.java:580)
	at java.rmi/sun.rmi.server.UnicastServerRef.dispatch(UnicastServerRef.java:360)
	at java.rmi/sun.rmi.transport.Transport$1.run(Transport.java:200)
	at java.rmi/sun.rmi.transport.Transport$1.run(Transport.java:197)
	at java.base/java.security.AccessController.doPrivileged(AccessController.java:714)
	at java.rmi/sun.rmi.transport.Transport.serviceCall(Transport.java:196)
	at java.rmi/sun.rmi.transport.tcp.TCPTransport.handleMessages(TCPTransport.java:598)
	at java.rmi/sun.rmi.transport.tcp.TCPTransport$ConnectionHandler.run0(TCPTransport.java:844)
	at java.rmi/sun.rmi.transport.tcp.TCPTransport$ConnectionHandler.lambda$run$0(TCPTransport.java:721)
	at java.base/java.security.AccessController.doPrivileged(AccessController.java:400)
	at java.rmi/sun.rmi.transport.tcp.TCPTransport$ConnectionHandler.run(TCPTransport.java:720)
	at java.base/java.util.concurrent.ThreadPoolExecutor.runWorker(ThreadPoolExecutor.java:1144)
	at java.base/java.util.concurrent.ThreadPoolExecutor$Worker.run(ThreadPoolExecutor.java:642)
	at java.base/java.lang.Thread.run(Thread.java:1583)
Caused by: org.apache.hc.client5.http.HttpHostConnectException: Connect to http://localhost:8761 [localhost/127.0.0.1, localhost/0:0:0:0:0:0:0:1] failed: Connection refused: getsockopt
	at java.base/sun.nio.ch.Net.pollConnect(Native Method)
	at java.base/sun.nio.ch.Net.pollConnectNow(Net.java:682)
	at java.base/sun.nio.ch.NioSocketImpl.timedFinishConnect(NioSocketImpl.java:542)
	at java.base/sun.nio.ch.NioSocketImpl.connect(NioSocketImpl.java:592)
	at java.base/java.net.SocksSocketImpl.connect(SocksSocketImpl.java:327)
	at java.base/java.net.Socket.connect(Socket.java:751)
	at org.apache.hc.client5.http.impl.io.DefaultHttpClientConnectionOperator.connect(DefaultHttpClientConnectionOperator.java:216)
	at org.apache.hc.client5.http.impl.io.PoolingHttpClientConnectionManager.connect(PoolingHttpClientConnectionManager.java:490)
	at org.apache.hc.client5.http.impl.classic.InternalExecRuntime.connectEndpoint(InternalExecRuntime.java:164)
	at org.apache.hc.client5.http.impl.classic.InternalExecRuntime.connectEndpoint(InternalExecRuntime.java:174)
	at org.apache.hc.client5.http.impl.classic.ConnectExec.execute(ConnectExec.java:144)
	at org.apache.hc.client5.http.impl.classic.ExecChainElement.execute(ExecChainElement.java:51)
	at org.apache.hc.client5.http.impl.classic.ProtocolExec.execute(ProtocolExec.java:192)
	at org.apache.hc.client5.http.impl.classic.ExecChainElement.execute(ExecChainElement.java:51)
	at org.apache.hc.client5.http.impl.classic.ContentCompressionExec.execute(ContentCompressionExec.java:150)
	at org.apache.hc.client5.http.impl.classic.ExecChainElement.execute(ExecChainElement.java:51)
	at org.apache.hc.client5.http.impl.classic.HttpRequestRetryExec.execute(HttpRequestRetryExec.java:113)
	at org.apache.hc.client5.http.impl.classic.ExecChainElement.execute(ExecChainElement.java:51)
	at org.apache.hc.client5.http.impl.classic.RedirectExec.execute(RedirectExec.java:110)
	at org.apache.hc.client5.http.impl.classic.ExecChainElement.execute(ExecChainElement.java:51)
	at org.apache.hc.client5.http.impl.classic.InternalHttpClient.doExecute(InternalHttpClient.java:183)
	at org.apache.hc.client5.http.impl.classic.CloseableHttpClient.execute(CloseableHttpClient.java:87)
	at org.apache.hc.client5.http.impl.classic.CloseableHttpClient.execute(CloseableHttpClient.java:55)
	at org.apache.hc.client5.http.classic.HttpClient.executeOpen(HttpClient.java:183)
	at org.springframework.http.client.HttpComponentsClientHttpRequest.executeInternal(HttpComponentsClientHttpRequest.java:99)
	at org.springframework.http.client.AbstractStreamingClientHttpRequest.executeInternal(AbstractStreamingClientHttpRequest.java:71)
	at org.springframework.http.client.AbstractClientHttpRequest.execute(AbstractClientHttpRequest.java:81)
	at org.springframework.http.client.InterceptingClientHttpRequest$InterceptingRequestExecution.execute(InterceptingClientHttpRequest.java:117)
	at org.springframework.cloud.netflix.eureka.http.RestTemplateTransportClientFactory.lambda$restTemplate$3(RestTemplateTransportClientFactory.java:141)
	at org.springframework.http.client.InterceptingClientHttpRequest$InterceptingRequestExecution.execute(InterceptingClientHttpRequest.java:88)
	at org.springframework.http.client.InterceptingClientHttpRequest.executeInternal(InterceptingClientHttpRequest.java:72)
	at org.springframework.http.client.AbstractBufferingClientHttpRequest.executeInternal(AbstractBufferingClientHttpRequest.java:48)
	at org.springframework.http.client.AbstractClientHttpRequest.execute(AbstractClientHttpRequest.java:81)
	at org.springframework.web.client.RestTemplate.doExecute(RestTemplate.java:900)
	... 68 more

2025-10-29T02:09:49.454-05:00  WARN 29168 --- [mesa-service] [RMI TCP Connection(28)-127.0.0.1] c.n.d.s.t.d.RetryableEurekaHttpClient    : Request execution failed with message: I/O error on DELETE request for "http://localhost:8761/eureka/apps/MESA-SERVICE/mesa-service:caddc613d0629abd9bd0367a68972bf0": Connect to http://localhost:8761 [localhost/127.0.0.1, localhost/0:0:0:0:0:0:0:1] failed: Connection refused: getsockopt
2025-10-29T02:09:49.463-05:00  INFO 29168 --- [mesa-service] [RMI TCP Connection(28)-127.0.0.1] c.n.d.s.t.d.RedirectingEurekaHttpClient  : Request execution error. endpoint=DefaultEndpoint{ serviceUrl='http://localhost:8761/eureka/}, exception=I/O error on DELETE request for "http://localhost:8761/eureka/apps/MESA-SERVICE/mesa-service:caddc613d0629abd9bd0367a68972bf0": Connect to http://localhost:8761 [localhost/127.0.0.1, localhost/0:0:0:0:0:0:0:1] failed: Connection refused: getsockopt stacktrace=org.springframework.web.client.ResourceAccessException: I/O error on DELETE request for "http://localhost:8761/eureka/apps/MESA-SERVICE/mesa-service:caddc613d0629abd9bd0367a68972bf0": Connect to http://localhost:8761 [localhost/127.0.0.1, localhost/0:0:0:0:0:0:0:1] failed: Connection refused: getsockopt
	at org.springframework.web.client.RestTemplate.createResourceAccessException(RestTemplate.java:926)
	at org.springframework.web.client.RestTemplate.doExecute(RestTemplate.java:906)
	at org.springframework.web.client.RestTemplate.execute(RestTemplate.java:841)
	at org.springframework.web.client.RestTemplate.exchange(RestTemplate.java:702)
	at org.springframework.cloud.netflix.eureka.http.RestTemplateEurekaHttpClient.cancel(RestTemplateEurekaHttpClient.java:100)
	at com.netflix.discovery.shared.transport.decorator.EurekaHttpClientDecorator$2.execute(EurekaHttpClientDecorator.java:74)
	at com.netflix.discovery.shared.transport.decorator.RedirectingEurekaHttpClient.executeOnNewServer(RedirectingEurekaHttpClient.java:121)
	at com.netflix.discovery.shared.transport.decorator.RedirectingEurekaHttpClient.execute(RedirectingEurekaHttpClient.java:80)
	at com.netflix.discovery.shared.transport.decorator.EurekaHttpClientDecorator.cancel(EurekaHttpClientDecorator.java:71)
	at com.netflix.discovery.shared.transport.decorator.EurekaHttpClientDecorator$2.execute(EurekaHttpClientDecorator.java:74)
	at com.netflix.discovery.shared.transport.decorator.RetryableEurekaHttpClient.execute(RetryableEurekaHttpClient.java:120)
	at com.netflix.discovery.shared.transport.decorator.EurekaHttpClientDecorator.cancel(EurekaHttpClientDecorator.java:71)
	at com.netflix.discovery.shared.transport.decorator.EurekaHttpClientDecorator$2.execute(EurekaHttpClientDecorator.java:74)
	at com.netflix.discovery.shared.transport.decorator.SessionedEurekaHttpClient.execute(SessionedEurekaHttpClient.java:76)
	at com.netflix.discovery.shared.transport.decorator.EurekaHttpClientDecorator.cancel(EurekaHttpClientDecorator.java:71)
	at com.netflix.discovery.DiscoveryClient.unregister(DiscoveryClient.java:919)
	at com.netflix.discovery.DiscoveryClient.shutdown(DiscoveryClient.java:900)
	at java.base/jdk.internal.reflect.DirectMethodHandleAccessor.invoke(DirectMethodHandleAccessor.java:103)
	at java.base/java.lang.reflect.Method.invoke(Method.java:580)
	at org.springframework.beans.factory.annotation.InitDestroyAnnotationBeanPostProcessor$LifecycleMethod.invoke(InitDestroyAnnotationBeanPostProcessor.java:457)
	at org.springframework.beans.factory.annotation.InitDestroyAnnotationBeanPostProcessor$LifecycleMetadata.invokeDestroyMethods(InitDestroyAnnotationBeanPostProcessor.java:415)
	at org.springframework.beans.factory.annotation.InitDestroyAnnotationBeanPostProcessor.postProcessBeforeDestruction(InitDestroyAnnotationBeanPostProcessor.java:239)
	at org.springframework.beans.factory.support.DisposableBeanAdapter.destroy(DisposableBeanAdapter.java:203)
	at org.springframework.beans.factory.support.DisposableBeanAdapter.run(DisposableBeanAdapter.java:196)
	at org.springframework.cloud.context.scope.GenericScope$BeanLifecycleWrapper.destroy(GenericScope.java:389)
	at org.springframework.cloud.context.scope.GenericScope.destroy(GenericScope.java:136)
	at org.springframework.beans.factory.support.DisposableBeanAdapter.destroy(DisposableBeanAdapter.java:212)
	at org.springframework.beans.factory.support.DefaultSingletonBeanRegistry.destroyBean(DefaultSingletonBeanRegistry.java:798)
	at org.springframework.beans.factory.support.DefaultSingletonBeanRegistry.destroySingleton(DefaultSingletonBeanRegistry.java:748)
	at org.springframework.beans.factory.support.DefaultListableBeanFactory.destroySingleton(DefaultListableBeanFactory.java:1489)
	at org.springframework.beans.factory.support.DefaultSingletonBeanRegistry.destroySingletons(DefaultSingletonBeanRegistry.java:707)
	at org.springframework.beans.factory.support.DefaultListableBeanFactory.destroySingletons(DefaultListableBeanFactory.java:1482)
	at org.springframework.context.support.AbstractApplicationContext.destroyBeans(AbstractApplicationContext.java:1219)
	at org.springframework.context.support.AbstractApplicationContext.doClose(AbstractApplicationContext.java:1180)
	at org.springframework.boot.web.servlet.context.ServletWebServerApplicationContext.doClose(ServletWebServerApplicationContext.java:179)
	at org.springframework.context.support.AbstractApplicationContext.close(AbstractApplicationContext.java:1126)
	at org.springframework.boot.admin.SpringApplicationAdminMXBeanRegistrar$SpringApplicationAdmin.shutdown(SpringApplicationAdminMXBeanRegistrar.java:160)
	at java.base/jdk.internal.reflect.DirectMethodHandleAccessor.invoke(DirectMethodHandleAccessor.java:103)
	at java.base/java.lang.reflect.Method.invoke(Method.java:580)
	at sun.reflect.misc.Trampoline.invoke(MethodUtil.java:64)
	at java.base/jdk.internal.reflect.DirectMethodHandleAccessor.invoke(DirectMethodHandleAccessor.java:103)
	at java.base/java.lang.reflect.Method.invoke(Method.java:580)
	at java.base/sun.reflect.misc.MethodUtil.invoke(MethodUtil.java:97)
	at java.management/com.sun.jmx.mbeanserver.ConvertingMethod.invokeWithOpenReturn(ConvertingMethod.java:193)
	at java.management/com.sun.jmx.mbeanserver.ConvertingMethod.invokeWithOpenReturn(ConvertingMethod.java:175)
	at java.management/com.sun.jmx.mbeanserver.MXBeanIntrospector.invokeM2(MXBeanIntrospector.java:115)
	at java.management/com.sun.jmx.mbeanserver.MXBeanIntrospector.invokeM2(MXBeanIntrospector.java:52)
	at java.management/com.sun.jmx.mbeanserver.MBeanIntrospector.invokeM(MBeanIntrospector.java:236)
	at java.management/com.sun.jmx.mbeanserver.PerInterface.invoke(PerInterface.java:138)
	at java.management/com.sun.jmx.mbeanserver.MBeanSupport.invoke(MBeanSupport.java:252)
	at java.management/com.sun.jmx.interceptor.DefaultMBeanServerInterceptor.invoke(DefaultMBeanServerInterceptor.java:803)
	at java.management/com.sun.jmx.mbeanserver.JmxMBeanServer.invoke(JmxMBeanServer.java:802)
	at java.management.rmi/javax.management.remote.rmi.RMIConnectionImpl.doOperation(RMIConnectionImpl.java:1472)
	at java.management.rmi/javax.management.remote.rmi.RMIConnectionImpl$PrivilegedOperation.run(RMIConnectionImpl.java:1310)
	at java.management.rmi/javax.management.remote.rmi.RMIConnectionImpl.doPrivilegedOperation(RMIConnectionImpl.java:1405)
	at java.management.rmi/javax.management.remote.rmi.RMIConnectionImpl.invoke(RMIConnectionImpl.java:829)
	at java.base/jdk.internal.reflect.DirectMethodHandleAccessor.invoke(DirectMethodHandleAccessor.java:103)
	at java.base/java.lang.reflect.Method.invoke(Method.java:580)
	at java.rmi/sun.rmi.server.UnicastServerRef.dispatch(UnicastServerRef.java:360)
	at java.rmi/sun.rmi.transport.Transport$1.run(Transport.java:200)
	at java.rmi/sun.rmi.transport.Transport$1.run(Transport.java:197)
	at java.base/java.security.AccessController.doPrivileged(AccessController.java:714)
	at java.rmi/sun.rmi.transport.Transport.serviceCall(Transport.java:196)
	at java.rmi/sun.rmi.transport.tcp.TCPTransport.handleMessages(TCPTransport.java:598)
	at java.rmi/sun.rmi.transport.tcp.TCPTransport$ConnectionHandler.run0(TCPTransport.java:844)
	at java.rmi/sun.rmi.transport.tcp.TCPTransport$ConnectionHandler.lambda$run$0(TCPTransport.java:721)
	at java.base/java.security.AccessController.doPrivileged(AccessController.java:400)
	at java.rmi/sun.rmi.transport.tcp.TCPTransport$ConnectionHandler.run(TCPTransport.java:720)
	at java.base/java.util.concurrent.ThreadPoolExecutor.runWorker(ThreadPoolExecutor.java:1144)
	at java.base/java.util.concurrent.ThreadPoolExecutor$Worker.run(ThreadPoolExecutor.java:642)
	at java.base/java.lang.Thread.run(Thread.java:1583)
Caused by: org.apache.hc.client5.http.HttpHostConnectException: Connect to http://localhost:8761 [localhost/127.0.0.1, localhost/0:0:0:0:0:0:0:1] failed: Connection refused: getsockopt
	at java.base/sun.nio.ch.Net.pollConnect(Native Method)
	at java.base/sun.nio.ch.Net.pollConnectNow(Net.java:682)
	at java.base/sun.nio.ch.NioSocketImpl.timedFinishConnect(NioSocketImpl.java:542)
	at java.base/sun.nio.ch.NioSocketImpl.connect(NioSocketImpl.java:592)
	at java.base/java.net.SocksSocketImpl.connect(SocksSocketImpl.java:327)
	at java.base/java.net.Socket.connect(Socket.java:751)
	at org.apache.hc.client5.http.impl.io.DefaultHttpClientConnectionOperator.connect(DefaultHttpClientConnectionOperator.java:216)
	at org.apache.hc.client5.http.impl.io.PoolingHttpClientConnectionManager.connect(PoolingHttpClientConnectionManager.java:490)
	at org.apache.hc.client5.http.impl.classic.InternalExecRuntime.connectEndpoint(InternalExecRuntime.java:164)
	at org.apache.hc.client5.http.impl.classic.InternalExecRuntime.connectEndpoint(InternalExecRuntime.java:174)
	at org.apache.hc.client5.http.impl.classic.ConnectExec.execute(ConnectExec.java:144)
	at org.apache.hc.client5.http.impl.classic.ExecChainElement.execute(ExecChainElement.java:51)
	at org.apache.hc.client5.http.impl.classic.ProtocolExec.execute(ProtocolExec.java:192)
	at org.apache.hc.client5.http.impl.classic.ExecChainElement.execute(ExecChainElement.java:51)
	at org.apache.hc.client5.http.impl.classic.ContentCompressionExec.execute(ContentCompressionExec.java:150)
	at org.apache.hc.client5.http.impl.classic.ExecChainElement.execute(ExecChainElement.java:51)
	at org.apache.hc.client5.http.impl.classic.HttpRequestRetryExec.execute(HttpRequestRetryExec.java:113)
	at org.apache.hc.client5.http.impl.classic.ExecChainElement.execute(ExecChainElement.java:51)
	at org.apache.hc.client5.http.impl.classic.RedirectExec.execute(RedirectExec.java:110)
	at org.apache.hc.client5.http.impl.classic.ExecChainElement.execute(ExecChainElement.java:51)
	at org.apache.hc.client5.http.impl.classic.InternalHttpClient.doExecute(InternalHttpClient.java:183)
	at org.apache.hc.client5.http.impl.classic.CloseableHttpClient.execute(CloseableHttpClient.java:87)
	at org.apache.hc.client5.http.impl.classic.CloseableHttpClient.execute(CloseableHttpClient.java:55)
	at org.apache.hc.client5.http.classic.HttpClient.executeOpen(HttpClient.java:183)
	at org.springframework.http.client.HttpComponentsClientHttpRequest.executeInternal(HttpComponentsClientHttpRequest.java:99)
	at org.springframework.http.client.AbstractStreamingClientHttpRequest.executeInternal(AbstractStreamingClientHttpRequest.java:71)
	at org.springframework.http.client.AbstractClientHttpRequest.execute(AbstractClientHttpRequest.java:81)
	at org.springframework.http.client.InterceptingClientHttpRequest$InterceptingRequestExecution.execute(InterceptingClientHttpRequest.java:117)
	at org.springframework.cloud.netflix.eureka.http.RestTemplateTransportClientFactory.lambda$restTemplate$3(RestTemplateTransportClientFactory.java:141)
	at org.springframework.http.client.InterceptingClientHttpRequest$InterceptingRequestExecution.execute(InterceptingClientHttpRequest.java:88)
	at org.springframework.http.client.InterceptingClientHttpRequest.executeInternal(InterceptingClientHttpRequest.java:72)
	at org.springframework.http.client.AbstractBufferingClientHttpRequest.executeInternal(AbstractBufferingClientHttpRequest.java:48)
	at org.springframework.http.client.AbstractClientHttpRequest.execute(AbstractClientHttpRequest.java:81)
	at org.springframework.web.client.RestTemplate.doExecute(RestTemplate.java:900)
	... 69 more

2025-10-29T02:09:49.464-05:00  WARN 29168 --- [mesa-service] [RMI TCP Connection(28)-127.0.0.1] c.n.d.s.t.d.RetryableEurekaHttpClient    : Request execution failed with message: I/O error on DELETE request for "http://localhost:8761/eureka/apps/MESA-SERVICE/mesa-service:caddc613d0629abd9bd0367a68972bf0": Connect to http://localhost:8761 [localhost/127.0.0.1, localhost/0:0:0:0:0:0:0:1] failed: Connection refused: getsockopt
2025-10-29T02:09:49.464-05:00 ERROR 29168 --- [mesa-service] [RMI TCP Connection(28)-127.0.0.1] com.netflix.discovery.DiscoveryClient    : DiscoveryClient_MESA-SERVICE/mesa-service:caddc613d0629abd9bd0367a68972bf0 - de-registration failedCannot execute request on any known server

com.netflix.discovery.shared.transport.TransportException: Cannot execute request on any known server
	at com.netflix.discovery.shared.transport.decorator.RetryableEurekaHttpClient.execute(RetryableEurekaHttpClient.java:112) ~[eureka-client-2.0.4.jar:2.0.4]
	at com.netflix.discovery.shared.transport.decorator.EurekaHttpClientDecorator.cancel(EurekaHttpClientDecorator.java:71) ~[eureka-client-2.0.4.jar:2.0.4]
	at com.netflix.discovery.shared.transport.decorator.EurekaHttpClientDecorator$2.execute(EurekaHttpClientDecorator.java:74) ~[eureka-client-2.0.4.jar:2.0.4]
	at com.netflix.discovery.shared.transport.decorator.SessionedEurekaHttpClient.execute(SessionedEurekaHttpClient.java:76) ~[eureka-client-2.0.4.jar:2.0.4]
	at com.netflix.discovery.shared.transport.decorator.EurekaHttpClientDecorator.cancel(EurekaHttpClientDecorator.java:71) ~[eureka-client-2.0.4.jar:2.0.4]
	at com.netflix.discovery.DiscoveryClient.unregister(DiscoveryClient.java:919) ~[eureka-client-2.0.4.jar:2.0.4]
	at com.netflix.discovery.DiscoveryClient.shutdown(DiscoveryClient.java:900) ~[eureka-client-2.0.4.jar:2.0.4]
	at java.base/jdk.internal.reflect.DirectMethodHandleAccessor.invoke(DirectMethodHandleAccessor.java:103) ~[na:na]
	at java.base/java.lang.reflect.Method.invoke(Method.java:580) ~[na:na]
	at org.springframework.beans.factory.annotation.InitDestroyAnnotationBeanPostProcessor$LifecycleMethod.invoke(InitDestroyAnnotationBeanPostProcessor.java:457) ~[spring-beans-6.2.11.jar:6.2.11]
	at org.springframework.beans.factory.annotation.InitDestroyAnnotationBeanPostProcessor$LifecycleMetadata.invokeDestroyMethods(InitDestroyAnnotationBeanPostProcessor.java:415) ~[spring-beans-6.2.11.jar:6.2.11]
	at org.springframework.beans.factory.annotation.InitDestroyAnnotationBeanPostProcessor.postProcessBeforeDestruction(InitDestroyAnnotationBeanPostProcessor.java:239) ~[spring-beans-6.2.11.jar:6.2.11]
	at org.springframework.beans.factory.support.DisposableBeanAdapter.destroy(DisposableBeanAdapter.java:203) ~[spring-beans-6.2.11.jar:6.2.11]
	at org.springframework.beans.factory.support.DisposableBeanAdapter.run(DisposableBeanAdapter.java:196) ~[spring-beans-6.2.11.jar:6.2.11]
	at org.springframework.cloud.context.scope.GenericScope$BeanLifecycleWrapper.destroy(GenericScope.java:389) ~[spring-cloud-context-4.2.0.jar:4.2.0]
	at org.springframework.cloud.context.scope.GenericScope.destroy(GenericScope.java:136) ~[spring-cloud-context-4.2.0.jar:4.2.0]
	at org.springframework.beans.factory.support.DisposableBeanAdapter.destroy(DisposableBeanAdapter.java:212) ~[spring-beans-6.2.11.jar:6.2.11]
	at org.springframework.beans.factory.support.DefaultSingletonBeanRegistry.destroyBean(DefaultSingletonBeanRegistry.java:798) ~[spring-beans-6.2.11.jar:6.2.11]
	at org.springframework.beans.factory.support.DefaultSingletonBeanRegistry.destroySingleton(DefaultSingletonBeanRegistry.java:748) ~[spring-beans-6.2.11.jar:6.2.11]
	at org.springframework.beans.factory.support.DefaultListableBeanFactory.destroySingleton(DefaultListableBeanFactory.java:1489) ~[spring-beans-6.2.11.jar:6.2.11]
	at org.springframework.beans.factory.support.DefaultSingletonBeanRegistry.destroySingletons(DefaultSingletonBeanRegistry.java:707) ~[spring-beans-6.2.11.jar:6.2.11]
	at org.springframework.beans.factory.support.DefaultListableBeanFactory.destroySingletons(DefaultListableBeanFactory.java:1482) ~[spring-beans-6.2.11.jar:6.2.11]
	at org.springframework.context.support.AbstractApplicationContext.destroyBeans(AbstractApplicationContext.java:1219) ~[spring-context-6.2.11.jar:6.2.11]
	at org.springframework.context.support.AbstractApplicationContext.doClose(AbstractApplicationContext.java:1180) ~[spring-context-6.2.11.jar:6.2.11]
	at org.springframework.boot.web.servlet.context.ServletWebServerApplicationContext.doClose(ServletWebServerApplicationContext.java:179) ~[spring-boot-3.4.10.jar:3.4.10]
	at org.springframework.context.support.AbstractApplicationContext.close(AbstractApplicationContext.java:1126) ~[spring-context-6.2.11.jar:6.2.11]
	at org.springframework.boot.admin.SpringApplicationAdminMXBeanRegistrar$SpringApplicationAdmin.shutdown(SpringApplicationAdminMXBeanRegistrar.java:160) ~[spring-boot-3.4.10.jar:3.4.10]
	at java.base/jdk.internal.reflect.DirectMethodHandleAccessor.invoke(DirectMethodHandleAccessor.java:103) ~[na:na]
	at java.base/java.lang.reflect.Method.invoke(Method.java:580) ~[na:na]
	at sun.reflect.misc.Trampoline.invoke(MethodUtil.java:64) ~[na:na]
	at java.base/jdk.internal.reflect.DirectMethodHandleAccessor.invoke(DirectMethodHandleAccessor.java:103) ~[na:na]
	at java.base/java.lang.reflect.Method.invoke(Method.java:580) ~[na:na]
	at java.base/sun.reflect.misc.MethodUtil.invoke(MethodUtil.java:97) ~[na:na]
	at java.management/com.sun.jmx.mbeanserver.ConvertingMethod.invokeWithOpenReturn(ConvertingMethod.java:193) ~[na:na]
	at java.management/com.sun.jmx.mbeanserver.ConvertingMethod.invokeWithOpenReturn(ConvertingMethod.java:175) ~[na:na]
	at java.management/com.sun.jmx.mbeanserver.MXBeanIntrospector.invokeM2(MXBeanIntrospector.java:115) ~[na:na]
	at java.management/com.sun.jmx.mbeanserver.MXBeanIntrospector.invokeM2(MXBeanIntrospector.java:52) ~[na:na]
	at java.management/com.sun.jmx.mbeanserver.MBeanIntrospector.invokeM(MBeanIntrospector.java:236) ~[na:na]
	at java.management/com.sun.jmx.mbeanserver.PerInterface.invoke(PerInterface.java:138) ~[na:na]
	at java.management/com.sun.jmx.mbeanserver.MBeanSupport.invoke(MBeanSupport.java:252) ~[na:na]
	at java.management/com.sun.jmx.interceptor.DefaultMBeanServerInterceptor.invoke(DefaultMBeanServerInterceptor.java:803) ~[na:na]
	at java.management/com.sun.jmx.mbeanserver.JmxMBeanServer.invoke(JmxMBeanServer.java:802) ~[na:na]
	at java.management.rmi/javax.management.remote.rmi.RMIConnectionImpl.doOperation(RMIConnectionImpl.java:1472) ~[na:na]
	at java.management.rmi/javax.management.remote.rmi.RMIConnectionImpl$PrivilegedOperation.run(RMIConnectionImpl.java:1310) ~[na:na]
	at java.management.rmi/javax.management.remote.rmi.RMIConnectionImpl.doPrivilegedOperation(RMIConnectionImpl.java:1405) ~[na:na]
	at java.management.rmi/javax.management.remote.rmi.RMIConnectionImpl.invoke(RMIConnectionImpl.java:829) ~[na:na]
	at java.base/jdk.internal.reflect.DirectMethodHandleAccessor.invoke(DirectMethodHandleAccessor.java:103) ~[na:na]
	at java.base/java.lang.reflect.Method.invoke(Method.java:580) ~[na:na]
	at java.rmi/sun.rmi.server.UnicastServerRef.dispatch(UnicastServerRef.java:360) ~[na:na]
	at java.rmi/sun.rmi.transport.Transport$1.run(Transport.java:200) ~[na:na]
	at java.rmi/sun.rmi.transport.Transport$1.run(Transport.java:197) ~[na:na]
	at java.base/java.security.AccessController.doPrivileged(AccessController.java:714) ~[na:na]
	at java.rmi/sun.rmi.transport.Transport.serviceCall(Transport.java:196) ~[na:na]
	at java.rmi/sun.rmi.transport.tcp.TCPTransport.handleMessages(TCPTransport.java:598) ~[na:na]
	at java.rmi/sun.rmi.transport.tcp.TCPTransport$ConnectionHandler.run0(TCPTransport.java:844) ~[na:na]
	at java.rmi/sun.rmi.transport.tcp.TCPTransport$ConnectionHandler.lambda$run$0(TCPTransport.java:721) ~[na:na]
	at java.base/java.security.AccessController.doPrivileged(AccessController.java:400) ~[na:na]
	at java.rmi/sun.rmi.transport.tcp.TCPTransport$ConnectionHandler.run(TCPTransport.java:720) ~[na:na]
	at java.base/java.util.concurrent.ThreadPoolExecutor.runWorker(ThreadPoolExecutor.java:1144) ~[na:na]
	at java.base/java.util.concurrent.ThreadPoolExecutor$Worker.run(ThreadPoolExecutor.java:642) ~[na:na]
	at java.base/java.lang.Thread.run(Thread.java:1583) ~[na:na]

2025-10-29T02:09:49.474-05:00  INFO 29168 --- [mesa-service] [RMI TCP Connection(28)-127.0.0.1] com.netflix.discovery.DiscoveryClient    : Completed shut down of DiscoveryClient
2025-10-29T02:12:57.609-05:00  INFO 10340 --- [mesa-service] [restartedMain] org.cibertec.MesaServiceApplication      : Starting MesaServiceApplication using Java 21.0.8 with PID 10340 (C:\Users\ronca\OneDrive\Escritorio\Dev\DAW2\mesa-service\target\classes started by Arturo in C:\Users\ronca\OneDrive\Escritorio\Dev\DAW2\mesa-service)
2025-10-29T02:12:57.614-05:00  INFO 10340 --- [mesa-service] [restartedMain] org.cibertec.MesaServiceApplication      : No active profile set, falling back to 1 default profile: "default"
2025-10-29T02:12:57.705-05:00  INFO 10340 --- [mesa-service] [restartedMain] o.s.c.c.c.ConfigServerConfigDataLoader   : Fetching config from server at : http://localhost:8888
2025-10-29T02:12:57.705-05:00  INFO 10340 --- [mesa-service] [restartedMain] o.s.c.c.c.ConfigServerConfigDataLoader   : Located environment: name=mesa-service, profiles=[default], label=null, version=null, state=null
2025-10-29T02:12:57.709-05:00  INFO 10340 --- [mesa-service] [restartedMain] .e.DevToolsPropertyDefaultsPostProcessor : Devtools property defaults active! Set 'spring.devtools.add-properties' to 'false' to disable
2025-10-29T02:12:57.709-05:00  INFO 10340 --- [mesa-service] [restartedMain] .e.DevToolsPropertyDefaultsPostProcessor : For additional web related logging consider setting the 'logging.level.web' property to 'DEBUG'
2025-10-29T02:13:00.498-05:00  INFO 10340 --- [mesa-service] [restartedMain] .s.d.r.c.RepositoryConfigurationDelegate : Bootstrapping Spring Data JPA repositories in DEFAULT mode.
2025-10-29T02:13:00.846-05:00  INFO 10340 --- [mesa-service] [restartedMain] .s.d.r.c.RepositoryConfigurationDelegate : Finished Spring Data repository scanning in 315 ms. Found 2 JPA repository interfaces.
2025-10-29T02:13:01.618-05:00  INFO 10340 --- [mesa-service] [restartedMain] o.s.cloud.context.scope.GenericScope     : BeanFactory id=823c8160-9f4f-31dd-b49f-a9354c025533
2025-10-29T02:13:02.746-05:00  INFO 10340 --- [mesa-service] [restartedMain] o.s.b.w.embedded.tomcat.TomcatWebServer  : Tomcat initialized with port 0 (http)
2025-10-29T02:13:02.779-05:00  INFO 10340 --- [mesa-service] [restartedMain] o.apache.catalina.core.StandardService   : Starting service [Tomcat]
2025-10-29T02:13:02.780-05:00  INFO 10340 --- [mesa-service] [restartedMain] o.apache.catalina.core.StandardEngine    : Starting Servlet engine: [Apache Tomcat/10.1.46]
2025-10-29T02:13:02.912-05:00  INFO 10340 --- [mesa-service] [restartedMain] o.a.c.c.C.[Tomcat].[localhost].[/]       : Initializing Spring embedded WebApplicationContext
2025-10-29T02:13:02.912-05:00  INFO 10340 --- [mesa-service] [restartedMain] w.s.c.ServletWebServerApplicationContext : Root WebApplicationContext: initialization completed in 5202 ms
2025-10-29T02:13:03.760-05:00  INFO 10340 --- [mesa-service] [restartedMain] com.zaxxer.hikari.HikariDataSource       : HikariPool-1 - Starting...
2025-10-29T02:13:04.622-05:00  INFO 10340 --- [mesa-service] [restartedMain] com.zaxxer.hikari.pool.HikariPool        : HikariPool-1 - Added connection com.mysql.cj.jdbc.ConnectionImpl@5f79cac7
2025-10-29T02:13:04.627-05:00  INFO 10340 --- [mesa-service] [restartedMain] com.zaxxer.hikari.HikariDataSource       : HikariPool-1 - Start completed.
2025-10-29T02:13:04.770-05:00  INFO 10340 --- [mesa-service] [restartedMain] o.hibernate.jpa.internal.util.LogHelper  : HHH000204: Processing PersistenceUnitInfo [name: default]
2025-10-29T02:13:04.946-05:00  INFO 10340 --- [mesa-service] [restartedMain] org.hibernate.Version                    : HHH000412: Hibernate ORM core version 6.6.29.Final
2025-10-29T02:13:05.068-05:00  INFO 10340 --- [mesa-service] [restartedMain] o.h.c.internal.RegionFactoryInitiator    : HHH000026: Second-level cache disabled
2025-10-29T02:13:05.887-05:00  INFO 10340 --- [mesa-service] [restartedMain] o.s.o.j.p.SpringPersistenceUnitInfo      : No LoadTimeWeaver setup: ignoring JPA class transformer
2025-10-29T02:13:06.129-05:00  INFO 10340 --- [mesa-service] [restartedMain] org.hibernate.orm.connections.pooling    : HHH10001005: Database info:
	Database JDBC URL [Connecting through datasource 'HikariDataSource (HikariPool-1)']
	Database driver: undefined/unknown
	Database version: 8.0.34
	Autocommit mode: undefined/unknown
	Isolation level: undefined/unknown
	Minimum pool size: undefined/unknown
	Maximum pool size: undefined/unknown
2025-10-29T02:13:08.417-05:00  INFO 10340 --- [mesa-service] [restartedMain] o.h.e.t.j.p.i.JtaPlatformInitiator       : HHH000489: No JTA platform available (set 'hibernate.transaction.jta.platform' to enable JTA platform integration)
2025-10-29T02:13:08.423-05:00  INFO 10340 --- [mesa-service] [restartedMain] j.LocalContainerEntityManagerFactoryBean : Initialized JPA EntityManagerFactory for persistence unit 'default'
2025-10-29T02:13:09.138-05:00  WARN 10340 --- [mesa-service] [restartedMain] JpaBaseConfiguration$JpaWebConfiguration : spring.jpa.open-in-view is enabled by default. Therefore, database queries may be performed during view rendering. Explicitly configure spring.jpa.open-in-view to disable this warning
2025-10-29T02:13:10.128-05:00  INFO 10340 --- [mesa-service] [restartedMain] o.s.b.a.e.web.EndpointLinksResolver      : Exposing 18 endpoints beneath base path '/actuator'
2025-10-29T02:13:10.894-05:00  WARN 10340 --- [mesa-service] [restartedMain] o.s.b.d.a.OptionalLiveReloadServer       : Unable to start LiveReload server
2025-10-29T02:13:10.930-05:00  INFO 10340 --- [mesa-service] [restartedMain] DiscoveryClientOptionalArgsConfiguration : Eureka HTTP Client uses RestTemplate.
2025-10-29T02:13:11.003-05:00  WARN 10340 --- [mesa-service] [restartedMain] iguration$LoadBalancerCaffeineWarnLogger : Spring Cloud LoadBalancer is currently working with the default cache. While this cache implementation is useful for development and tests, it's recommended to use Caffeine cache in production.You can switch to using Caffeine cache, by adding it and org.springframework.cache.caffeine.CaffeineCacheManager to the classpath.
2025-10-29T02:13:11.185-05:00  INFO 10340 --- [mesa-service] [restartedMain] o.s.b.w.embedded.tomcat.TomcatWebServer  : Tomcat started on port 53237 (http) with context path '/'
2025-10-29T02:13:11.188-05:00  INFO 10340 --- [mesa-service] [restartedMain] .s.c.n.e.s.EurekaAutoServiceRegistration : Updating port to 53237
2025-10-29T02:13:11.197-05:00  INFO 10340 --- [mesa-service] [restartedMain] o.s.c.n.eureka.InstanceInfoFactory       : Setting initial instance status as: STARTING
2025-10-29T02:13:11.241-05:00  INFO 10340 --- [mesa-service] [restartedMain] com.netflix.discovery.DiscoveryClient    : Initializing Eureka in region us-east-1
2025-10-29T02:13:11.249-05:00  INFO 10340 --- [mesa-service] [restartedMain] c.n.d.s.r.aws.ConfigClusterResolver      : Resolving eureka endpoints via configuration
2025-10-29T02:13:11.274-05:00  INFO 10340 --- [mesa-service] [restartedMain] com.netflix.discovery.DiscoveryClient    : Disable delta property : false
2025-10-29T02:13:11.274-05:00  INFO 10340 --- [mesa-service] [restartedMain] com.netflix.discovery.DiscoveryClient    : Single vip registry refresh property : null
2025-10-29T02:13:11.274-05:00  INFO 10340 --- [mesa-service] [restartedMain] com.netflix.discovery.DiscoveryClient    : Force full registry fetch : false
2025-10-29T02:13:11.274-05:00  INFO 10340 --- [mesa-service] [restartedMain] com.netflix.discovery.DiscoveryClient    : Application is null : false
2025-10-29T02:13:11.274-05:00  INFO 10340 --- [mesa-service] [restartedMain] com.netflix.discovery.DiscoveryClient    : Registered Applications size is zero : true
2025-10-29T02:13:11.274-05:00  INFO 10340 --- [mesa-service] [restartedMain] com.netflix.discovery.DiscoveryClient    : Application version is -1: true
2025-10-29T02:13:11.276-05:00  INFO 10340 --- [mesa-service] [restartedMain] com.netflix.discovery.DiscoveryClient    : Getting all instance registry info from the eureka server
2025-10-29T02:13:11.690-05:00  INFO 10340 --- [mesa-service] [restartedMain] com.netflix.discovery.DiscoveryClient    : The response status is 200
2025-10-29T02:13:11.693-05:00  INFO 10340 --- [mesa-service] [restartedMain] com.netflix.discovery.DiscoveryClient    : Starting heartbeat executor: renew interval is: 30
2025-10-29T02:13:11.697-05:00  INFO 10340 --- [mesa-service] [restartedMain] c.n.discovery.InstanceInfoReplicator     : InstanceInfoReplicator onDemand update allowed rate per min is 4
2025-10-29T02:13:11.700-05:00  INFO 10340 --- [mesa-service] [restartedMain] com.netflix.discovery.DiscoveryClient    : Discovery Client initialized at timestamp 1761721991699 with initial instances count: 0
2025-10-29T02:13:11.705-05:00  INFO 10340 --- [mesa-service] [restartedMain] o.s.c.n.e.s.EurekaServiceRegistry        : Registering application MESA-SERVICE with eureka with status UP
2025-10-29T02:13:11.706-05:00  INFO 10340 --- [mesa-service] [restartedMain] com.netflix.discovery.DiscoveryClient    : Saw local status change event StatusChangeEvent [timestamp=1761721991706, current=UP, previous=STARTING]
2025-10-29T02:13:11.708-05:00  INFO 10340 --- [mesa-service] [DiscoveryClient-InstanceInfoReplicator-%d] com.netflix.discovery.DiscoveryClient    : DiscoveryClient_MESA-SERVICE/mesa-service:679e1903d1e8bfce8282fb9ada5ccb7e: registering service...
2025-10-29T02:13:11.744-05:00  INFO 10340 --- [mesa-service] [restartedMain] org.cibertec.MesaServiceApplication      : Started MesaServiceApplication in 16.823 seconds (process running for 19.536)
2025-10-29T02:13:11.919-05:00  INFO 10340 --- [mesa-service] [DiscoveryClient-InstanceInfoReplicator-%d] com.netflix.discovery.DiscoveryClient    : DiscoveryClient_MESA-SERVICE/mesa-service:679e1903d1e8bfce8282fb9ada5ccb7e - registration status: 204
2025-10-29T02:13:12.227-05:00  INFO 10340 --- [mesa-service] [RMI TCP Connection(6)-127.0.0.1] o.a.c.c.C.[Tomcat].[localhost].[/]       : Initializing Spring DispatcherServlet 'dispatcherServlet'
2025-10-29T02:13:12.227-05:00  INFO 10340 --- [mesa-service] [RMI TCP Connection(6)-127.0.0.1] o.s.web.servlet.DispatcherServlet        : Initializing Servlet 'dispatcherServlet'
2025-10-29T02:13:12.229-05:00  INFO 10340 --- [mesa-service] [RMI TCP Connection(6)-127.0.0.1] o.s.web.servlet.DispatcherServlet        : Completed initialization in 2 ms
2025-10-29T02:13:41.706-05:00  INFO 10340 --- [mesa-service] [DiscoveryClient-CacheRefreshExecutor-%d] com.netflix.discovery.DiscoveryClient    : Disable delta property : false
2025-10-29T02:13:41.707-05:00  INFO 10340 --- [mesa-service] [DiscoveryClient-CacheRefreshExecutor-%d] com.netflix.discovery.DiscoveryClient    : Single vip registry refresh property : null
2025-10-29T02:13:41.707-05:00  INFO 10340 --- [mesa-service] [DiscoveryClient-CacheRefreshExecutor-%d] com.netflix.discovery.DiscoveryClient    : Force full registry fetch : false
2025-10-29T02:13:41.707-05:00  INFO 10340 --- [mesa-service] [DiscoveryClient-CacheRefreshExecutor-%d] com.netflix.discovery.DiscoveryClient    : Application is null : false
2025-10-29T02:13:41.708-05:00  INFO 10340 --- [mesa-service] [DiscoveryClient-CacheRefreshExecutor-%d] com.netflix.discovery.DiscoveryClient    : Registered Applications size is zero : true
2025-10-29T02:13:41.708-05:00  INFO 10340 --- [mesa-service] [DiscoveryClient-CacheRefreshExecutor-%d] com.netflix.discovery.DiscoveryClient    : Application version is -1: false
2025-10-29T02:13:41.708-05:00  INFO 10340 --- [mesa-service] [DiscoveryClient-CacheRefreshExecutor-%d] com.netflix.discovery.DiscoveryClient    : Getting all instance registry info from the eureka server
2025-10-29T02:13:41.749-05:00  INFO 10340 --- [mesa-service] [DiscoveryClient-CacheRefreshExecutor-%d] com.netflix.discovery.DiscoveryClient    : The response status is 200
2025-10-29T02:18:11.292-05:00  INFO 10340 --- [mesa-service] [AsyncResolver-bootstrap-executor-%d] c.n.d.s.r.aws.ConfigClusterResolver      : Resolving eureka endpoints via configuration
2025-10-29T02:23:11.296-05:00  INFO 10340 --- [mesa-service] [AsyncResolver-bootstrap-executor-%d] c.n.d.s.r.aws.ConfigClusterResolver      : Resolving eureka endpoints via configuration
2025-10-29T02:28:11.306-05:00  INFO 10340 --- [mesa-service] [AsyncResolver-bootstrap-executor-%d] c.n.d.s.r.aws.ConfigClusterResolver      : Resolving eureka endpoints via configuration
2025-10-29T02:28:28.939-05:00  INFO 10340 --- [mesa-service] [File Watcher] rtingClassPathChangeChangedEventListener : Restarting due to 1 class path change (0 additions, 0 deletions, 1 modification)
2025-10-29T02:28:28.943-05:00  INFO 10340 --- [mesa-service] [Thread-1] o.s.c.n.e.s.EurekaServiceRegistry        : Unregistering application MESA-SERVICE with eureka with status DOWN
2025-10-29T02:28:28.943-05:00  INFO 10340 --- [mesa-service] [Thread-1] com.netflix.discovery.DiscoveryClient    : Saw local status change event StatusChangeEvent [timestamp=1761722908943, current=DOWN, previous=UP]
2025-10-29T02:28:28.944-05:00  INFO 10340 --- [mesa-service] [DiscoveryClient-InstanceInfoReplicator-%d] com.netflix.discovery.DiscoveryClient    : DiscoveryClient_MESA-SERVICE/mesa-service:679e1903d1e8bfce8282fb9ada5ccb7e: registering service...
2025-10-29T02:28:28.947-05:00  INFO 10340 --- [mesa-service] [Thread-1] o.s.b.w.e.tomcat.GracefulShutdown        : Commencing graceful shutdown. Waiting for active requests to complete
2025-10-29T02:28:28.959-05:00  INFO 10340 --- [mesa-service] [tomcat-shutdown] o.s.b.w.e.tomcat.GracefulShutdown        : Graceful shutdown complete
2025-10-29T02:28:28.966-05:00  INFO 10340 --- [mesa-service] [DiscoveryClient-InstanceInfoReplicator-%d] com.netflix.discovery.DiscoveryClient    : DiscoveryClient_MESA-SERVICE/mesa-service:679e1903d1e8bfce8282fb9ada5ccb7e - registration status: 204
2025-10-29T02:28:28.978-05:00  INFO 10340 --- [mesa-service] [Thread-1] j.LocalContainerEntityManagerFactoryBean : Closing JPA EntityManagerFactory for persistence unit 'default'
2025-10-29T02:28:28.984-05:00  INFO 10340 --- [mesa-service] [Thread-1] com.zaxxer.hikari.HikariDataSource       : HikariPool-1 - Shutdown initiated...
2025-10-29T02:28:28.996-05:00  INFO 10340 --- [mesa-service] [Thread-1] com.zaxxer.hikari.HikariDataSource       : HikariPool-1 - Shutdown completed.
2025-10-29T02:28:28.997-05:00  INFO 10340 --- [mesa-service] [Thread-1] com.netflix.discovery.DiscoveryClient    : Shutting down DiscoveryClient ...
2025-10-29T02:28:32.010-05:00  INFO 10340 --- [mesa-service] [Thread-1] com.netflix.discovery.DiscoveryClient    : Unregistering ...
2025-10-29T02:28:32.028-05:00  INFO 10340 --- [mesa-service] [Thread-1] com.netflix.discovery.DiscoveryClient    : DiscoveryClient_MESA-SERVICE/mesa-service:679e1903d1e8bfce8282fb9ada5ccb7e - deregister  status: 200
2025-10-29T02:28:32.029-05:00  INFO 10340 --- [mesa-service] [Thread-1] com.netflix.discovery.DiscoveryClient    : Completed shut down of DiscoveryClient
2025-10-29T02:28:32.262-05:00  INFO 10340 --- [mesa-service] [restartedMain] org.cibertec.MesaServiceApplication      : Starting MesaServiceApplication using Java 21.0.8 with PID 10340 (C:\Users\ronca\OneDrive\Escritorio\Dev\DAW2\mesa-service\target\classes started by Arturo in C:\Users\ronca\OneDrive\Escritorio\Dev\DAW2\mesa-service)
2025-10-29T02:28:32.262-05:00  INFO 10340 --- [mesa-service] [restartedMain] org.cibertec.MesaServiceApplication      : No active profile set, falling back to 1 default profile: "default"
2025-10-29T02:28:32.266-05:00  INFO 10340 --- [mesa-service] [restartedMain] o.s.c.c.c.ConfigServerConfigDataLoader   : Fetching config from server at : http://localhost:8888
2025-10-29T02:28:32.266-05:00  INFO 10340 --- [mesa-service] [restartedMain] o.s.c.c.c.ConfigServerConfigDataLoader   : Located environment: name=mesa-service, profiles=[default], label=null, version=null, state=null
2025-10-29T02:28:33.326-05:00  INFO 10340 --- [mesa-service] [restartedMain] .s.d.r.c.RepositoryConfigurationDelegate : Bootstrapping Spring Data JPA repositories in DEFAULT mode.
2025-10-29T02:28:33.350-05:00  INFO 10340 --- [mesa-service] [restartedMain] .s.d.r.c.RepositoryConfigurationDelegate : Finished Spring Data repository scanning in 21 ms. Found 2 JPA repository interfaces.
2025-10-29T02:28:33.595-05:00  INFO 10340 --- [mesa-service] [restartedMain] o.s.cloud.context.scope.GenericScope     : BeanFactory id=823c8160-9f4f-31dd-b49f-a9354c025533
2025-10-29T02:28:33.770-05:00  INFO 10340 --- [mesa-service] [restartedMain] o.s.b.w.embedded.tomcat.TomcatWebServer  : Tomcat initialized with port 0 (http)
2025-10-29T02:28:33.773-05:00  INFO 10340 --- [mesa-service] [restartedMain] o.apache.catalina.core.StandardService   : Starting service [Tomcat]
2025-10-29T02:28:33.774-05:00  INFO 10340 --- [mesa-service] [restartedMain] o.apache.catalina.core.StandardEngine    : Starting Servlet engine: [Apache Tomcat/10.1.46]
2025-10-29T02:28:33.844-05:00  INFO 10340 --- [mesa-service] [restartedMain] o.a.c.c.C.[Tomcat].[localhost].[/]       : Initializing Spring embedded WebApplicationContext
2025-10-29T02:28:33.844-05:00  INFO 10340 --- [mesa-service] [restartedMain] w.s.c.ServletWebServerApplicationContext : Root WebApplicationContext: initialization completed in 1578 ms
2025-10-29T02:28:34.080-05:00  INFO 10340 --- [mesa-service] [restartedMain] com.zaxxer.hikari.HikariDataSource       : HikariPool-2 - Starting...
2025-10-29T02:28:34.119-05:00  INFO 10340 --- [mesa-service] [restartedMain] com.zaxxer.hikari.pool.HikariPool        : HikariPool-2 - Added connection com.mysql.cj.jdbc.ConnectionImpl@53041aef
2025-10-29T02:28:34.120-05:00  INFO 10340 --- [mesa-service] [restartedMain] com.zaxxer.hikari.HikariDataSource       : HikariPool-2 - Start completed.
2025-10-29T02:28:34.123-05:00  INFO 10340 --- [mesa-service] [restartedMain] o.hibernate.jpa.internal.util.LogHelper  : HHH000204: Processing PersistenceUnitInfo [name: default]
2025-10-29T02:28:34.133-05:00  INFO 10340 --- [mesa-service] [restartedMain] o.h.c.internal.RegionFactoryInitiator    : HHH000026: Second-level cache disabled
2025-10-29T02:28:34.157-05:00  INFO 10340 --- [mesa-service] [restartedMain] o.s.o.j.p.SpringPersistenceUnitInfo      : No LoadTimeWeaver setup: ignoring JPA class transformer
2025-10-29T02:28:34.163-05:00  INFO 10340 --- [mesa-service] [restartedMain] org.hibernate.orm.connections.pooling    : HHH10001005: Database info:
	Database JDBC URL [Connecting through datasource 'HikariDataSource (HikariPool-2)']
	Database driver: undefined/unknown
	Database version: 8.0.34
	Autocommit mode: undefined/unknown
	Isolation level: undefined/unknown
	Minimum pool size: undefined/unknown
	Maximum pool size: undefined/unknown
2025-10-29T02:28:34.375-05:00  INFO 10340 --- [mesa-service] [restartedMain] o.h.e.t.j.p.i.JtaPlatformInitiator       : HHH000489: No JTA platform available (set 'hibernate.transaction.jta.platform' to enable JTA platform integration)
2025-10-29T02:28:34.376-05:00  INFO 10340 --- [mesa-service] [restartedMain] j.LocalContainerEntityManagerFactoryBean : Initialized JPA EntityManagerFactory for persistence unit 'default'
2025-10-29T02:28:34.579-05:00  WARN 10340 --- [mesa-service] [restartedMain] JpaBaseConfiguration$JpaWebConfiguration : spring.jpa.open-in-view is enabled by default. Therefore, database queries may be performed during view rendering. Explicitly configure spring.jpa.open-in-view to disable this warning
2025-10-29T02:28:35.084-05:00  INFO 10340 --- [mesa-service] [restartedMain] o.s.b.a.e.web.EndpointLinksResolver      : Exposing 18 endpoints beneath base path '/actuator'
2025-10-29T02:28:35.438-05:00  WARN 10340 --- [mesa-service] [restartedMain] o.s.b.d.a.OptionalLiveReloadServer       : Unable to start LiveReload server
2025-10-29T02:28:35.472-05:00  INFO 10340 --- [mesa-service] [restartedMain] DiscoveryClientOptionalArgsConfiguration : Eureka HTTP Client uses RestTemplate.
2025-10-29T02:28:35.511-05:00  WARN 10340 --- [mesa-service] [restartedMain] iguration$LoadBalancerCaffeineWarnLogger : Spring Cloud LoadBalancer is currently working with the default cache. While this cache implementation is useful for development and tests, it's recommended to use Caffeine cache in production.You can switch to using Caffeine cache, by adding it and org.springframework.cache.caffeine.CaffeineCacheManager to the classpath.
2025-10-29T02:28:35.579-05:00  INFO 10340 --- [mesa-service] [restartedMain] o.s.b.w.embedded.tomcat.TomcatWebServer  : Tomcat started on port 53151 (http) with context path '/'
2025-10-29T02:28:35.580-05:00  INFO 10340 --- [mesa-service] [restartedMain] .s.c.n.e.s.EurekaAutoServiceRegistration : Updating port to 53151
2025-10-29T02:28:35.582-05:00  INFO 10340 --- [mesa-service] [restartedMain] o.s.c.n.eureka.InstanceInfoFactory       : Setting initial instance status as: STARTING
2025-10-29T02:28:35.590-05:00  INFO 10340 --- [mesa-service] [restartedMain] com.netflix.discovery.DiscoveryClient    : Initializing Eureka in region us-east-1
2025-10-29T02:28:35.590-05:00  INFO 10340 --- [mesa-service] [restartedMain] c.n.d.s.r.aws.ConfigClusterResolver      : Resolving eureka endpoints via configuration
2025-10-29T02:28:35.591-05:00  INFO 10340 --- [mesa-service] [restartedMain] com.netflix.discovery.DiscoveryClient    : Disable delta property : false
2025-10-29T02:28:35.591-05:00  INFO 10340 --- [mesa-service] [restartedMain] com.netflix.discovery.DiscoveryClient    : Single vip registry refresh property : null
2025-10-29T02:28:35.591-05:00  INFO 10340 --- [mesa-service] [restartedMain] com.netflix.discovery.DiscoveryClient    : Force full registry fetch : false
2025-10-29T02:28:35.591-05:00  INFO 10340 --- [mesa-service] [restartedMain] com.netflix.discovery.DiscoveryClient    : Application is null : false
2025-10-29T02:28:35.591-05:00  INFO 10340 --- [mesa-service] [restartedMain] com.netflix.discovery.DiscoveryClient    : Registered Applications size is zero : true
2025-10-29T02:28:35.591-05:00  INFO 10340 --- [mesa-service] [restartedMain] com.netflix.discovery.DiscoveryClient    : Application version is -1: true
2025-10-29T02:28:35.591-05:00  INFO 10340 --- [mesa-service] [restartedMain] com.netflix.discovery.DiscoveryClient    : Getting all instance registry info from the eureka server
2025-10-29T02:28:35.645-05:00  INFO 10340 --- [mesa-service] [restartedMain] com.netflix.discovery.DiscoveryClient    : The response status is 200
2025-10-29T02:28:35.646-05:00  INFO 10340 --- [mesa-service] [restartedMain] com.netflix.discovery.DiscoveryClient    : Starting heartbeat executor: renew interval is: 30
2025-10-29T02:28:35.646-05:00  INFO 10340 --- [mesa-service] [restartedMain] c.n.discovery.InstanceInfoReplicator     : InstanceInfoReplicator onDemand update allowed rate per min is 4
2025-10-29T02:28:35.647-05:00  INFO 10340 --- [mesa-service] [restartedMain] com.netflix.discovery.DiscoveryClient    : Discovery Client initialized at timestamp 1761722915647 with initial instances count: 6
2025-10-29T02:28:35.650-05:00  INFO 10340 --- [mesa-service] [restartedMain] o.s.c.n.e.s.EurekaServiceRegistry        : Registering application MESA-SERVICE with eureka with status UP
2025-10-29T02:28:35.650-05:00  INFO 10340 --- [mesa-service] [restartedMain] com.netflix.discovery.DiscoveryClient    : Saw local status change event StatusChangeEvent [timestamp=1761722915650, current=UP, previous=STARTING]
2025-10-29T02:28:35.650-05:00  INFO 10340 --- [mesa-service] [DiscoveryClient-InstanceInfoReplicator-%d] com.netflix.discovery.DiscoveryClient    : DiscoveryClient_MESA-SERVICE/mesa-service:491b9fc8830257becbe7134cb140b39e: registering service...
2025-10-29T02:28:35.666-05:00  INFO 10340 --- [mesa-service] [DiscoveryClient-InstanceInfoReplicator-%d] com.netflix.discovery.DiscoveryClient    : DiscoveryClient_MESA-SERVICE/mesa-service:491b9fc8830257becbe7134cb140b39e - registration status: 204
2025-10-29T02:28:35.671-05:00  INFO 10340 --- [mesa-service] [restartedMain] org.cibertec.MesaServiceApplication      : Started MesaServiceApplication in 3.547 seconds (process running for 943.462)
2025-10-29T02:28:35.674-05:00  INFO 10340 --- [mesa-service] [restartedMain] .ConditionEvaluationDeltaLoggingListener : Condition evaluation unchanged
2025-10-29T02:28:36.863-05:00  INFO 10340 --- [mesa-service] [File Watcher] rtingClassPathChangeChangedEventListener : Restarting due to 1 class path change (0 additions, 0 deletions, 1 modification)
2025-10-29T02:28:36.864-05:00  INFO 10340 --- [mesa-service] [Thread-7] o.s.c.n.e.s.EurekaServiceRegistry        : Unregistering application MESA-SERVICE with eureka with status DOWN
2025-10-29T02:28:36.864-05:00  INFO 10340 --- [mesa-service] [Thread-7] com.netflix.discovery.DiscoveryClient    : Saw local status change event StatusChangeEvent [timestamp=1761722916864, current=DOWN, previous=UP]
2025-10-29T02:28:36.865-05:00  INFO 10340 --- [mesa-service] [DiscoveryClient-InstanceInfoReplicator-%d] com.netflix.discovery.DiscoveryClient    : DiscoveryClient_MESA-SERVICE/mesa-service:491b9fc8830257becbe7134cb140b39e: registering service...
2025-10-29T02:28:36.865-05:00  INFO 10340 --- [mesa-service] [Thread-7] o.s.b.w.e.tomcat.GracefulShutdown        : Commencing graceful shutdown. Waiting for active requests to complete
2025-10-29T02:28:36.868-05:00  INFO 10340 --- [mesa-service] [DiscoveryClient-InstanceInfoReplicator-%d] com.netflix.discovery.DiscoveryClient    : DiscoveryClient_MESA-SERVICE/mesa-service:491b9fc8830257becbe7134cb140b39e - registration status: 204
2025-10-29T02:28:36.873-05:00  INFO 10340 --- [mesa-service] [tomcat-shutdown] o.s.b.w.e.tomcat.GracefulShutdown        : Graceful shutdown complete
2025-10-29T02:28:36.878-05:00  INFO 10340 --- [mesa-service] [Thread-7] j.LocalContainerEntityManagerFactoryBean : Closing JPA EntityManagerFactory for persistence unit 'default'
2025-10-29T02:28:36.879-05:00  INFO 10340 --- [mesa-service] [Thread-7] com.zaxxer.hikari.HikariDataSource       : HikariPool-2 - Shutdown initiated...
2025-10-29T02:28:36.885-05:00  INFO 10340 --- [mesa-service] [Thread-7] com.zaxxer.hikari.HikariDataSource       : HikariPool-2 - Shutdown completed.
2025-10-29T02:28:36.886-05:00  INFO 10340 --- [mesa-service] [Thread-7] com.netflix.discovery.DiscoveryClient    : Shutting down DiscoveryClient ...
2025-10-29T02:28:39.900-05:00  INFO 10340 --- [mesa-service] [Thread-7] com.netflix.discovery.DiscoveryClient    : Unregistering ...
2025-10-29T02:28:39.918-05:00  INFO 10340 --- [mesa-service] [Thread-7] com.netflix.discovery.DiscoveryClient    : DiscoveryClient_MESA-SERVICE/mesa-service:491b9fc8830257becbe7134cb140b39e - deregister  status: 200
2025-10-29T02:28:39.919-05:00  INFO 10340 --- [mesa-service] [Thread-7] com.netflix.discovery.DiscoveryClient    : Completed shut down of DiscoveryClient
2025-10-29T02:28:40.089-05:00  INFO 10340 --- [mesa-service] [restartedMain] org.cibertec.MesaServiceApplication      : Starting MesaServiceApplication using Java 21.0.8 with PID 10340 (C:\Users\ronca\OneDrive\Escritorio\Dev\DAW2\mesa-service\target\classes started by Arturo in C:\Users\ronca\OneDrive\Escritorio\Dev\DAW2\mesa-service)
2025-10-29T02:28:40.090-05:00  INFO 10340 --- [mesa-service] [restartedMain] org.cibertec.MesaServiceApplication      : No active profile set, falling back to 1 default profile: "default"
2025-10-29T02:28:40.092-05:00  INFO 10340 --- [mesa-service] [restartedMain] o.s.c.c.c.ConfigServerConfigDataLoader   : Fetching config from server at : http://localhost:8888
2025-10-29T02:28:40.092-05:00  INFO 10340 --- [mesa-service] [restartedMain] o.s.c.c.c.ConfigServerConfigDataLoader   : Located environment: name=mesa-service, profiles=[default], label=null, version=null, state=null
2025-10-29T02:28:40.895-05:00  INFO 10340 --- [mesa-service] [restartedMain] .s.d.r.c.RepositoryConfigurationDelegate : Bootstrapping Spring Data JPA repositories in DEFAULT mode.
2025-10-29T02:28:40.914-05:00  INFO 10340 --- [mesa-service] [restartedMain] .s.d.r.c.RepositoryConfigurationDelegate : Finished Spring Data repository scanning in 17 ms. Found 2 JPA repository interfaces.
2025-10-29T02:28:41.087-05:00  INFO 10340 --- [mesa-service] [restartedMain] o.s.cloud.context.scope.GenericScope     : BeanFactory id=823c8160-9f4f-31dd-b49f-a9354c025533
2025-10-29T02:28:41.228-05:00  INFO 10340 --- [mesa-service] [restartedMain] o.s.b.w.embedded.tomcat.TomcatWebServer  : Tomcat initialized with port 0 (http)
2025-10-29T02:28:41.229-05:00  INFO 10340 --- [mesa-service] [restartedMain] o.apache.catalina.core.StandardService   : Starting service [Tomcat]
2025-10-29T02:28:41.229-05:00  INFO 10340 --- [mesa-service] [restartedMain] o.apache.catalina.core.StandardEngine    : Starting Servlet engine: [Apache Tomcat/10.1.46]
2025-10-29T02:28:41.282-05:00  INFO 10340 --- [mesa-service] [restartedMain] o.a.c.c.C.[Tomcat].[localhost].[/]       : Initializing Spring embedded WebApplicationContext
2025-10-29T02:28:41.282-05:00  INFO 10340 --- [mesa-service] [restartedMain] w.s.c.ServletWebServerApplicationContext : Root WebApplicationContext: initialization completed in 1189 ms
2025-10-29T02:28:41.417-05:00  INFO 10340 --- [mesa-service] [restartedMain] com.zaxxer.hikari.HikariDataSource       : HikariPool-3 - Starting...
2025-10-29T02:28:41.436-05:00  INFO 10340 --- [mesa-service] [restartedMain] com.zaxxer.hikari.pool.HikariPool        : HikariPool-3 - Added connection com.mysql.cj.jdbc.ConnectionImpl@1fc64726
2025-10-29T02:28:41.436-05:00  INFO 10340 --- [mesa-service] [restartedMain] com.zaxxer.hikari.HikariDataSource       : HikariPool-3 - Start completed.
2025-10-29T02:28:41.438-05:00  INFO 10340 --- [mesa-service] [restartedMain] o.hibernate.jpa.internal.util.LogHelper  : HHH000204: Processing PersistenceUnitInfo [name: default]
2025-10-29T02:28:41.444-05:00  INFO 10340 --- [mesa-service] [restartedMain] o.h.c.internal.RegionFactoryInitiator    : HHH000026: Second-level cache disabled
2025-10-29T02:28:41.469-05:00  INFO 10340 --- [mesa-service] [restartedMain] o.s.o.j.p.SpringPersistenceUnitInfo      : No LoadTimeWeaver setup: ignoring JPA class transformer
2025-10-29T02:28:41.473-05:00  INFO 10340 --- [mesa-service] [restartedMain] org.hibernate.orm.connections.pooling    : HHH10001005: Database info:
	Database JDBC URL [Connecting through datasource 'HikariDataSource (HikariPool-3)']
	Database driver: undefined/unknown
	Database version: 8.0.34
	Autocommit mode: undefined/unknown
	Isolation level: undefined/unknown
	Minimum pool size: undefined/unknown
	Maximum pool size: undefined/unknown
2025-10-29T02:28:41.674-05:00  INFO 10340 --- [mesa-service] [restartedMain] o.h.e.t.j.p.i.JtaPlatformInitiator       : HHH000489: No JTA platform available (set 'hibernate.transaction.jta.platform' to enable JTA platform integration)
2025-10-29T02:28:41.676-05:00  INFO 10340 --- [mesa-service] [restartedMain] j.LocalContainerEntityManagerFactoryBean : Initialized JPA EntityManagerFactory for persistence unit 'default'
2025-10-29T02:28:41.824-05:00  WARN 10340 --- [mesa-service] [restartedMain] JpaBaseConfiguration$JpaWebConfiguration : spring.jpa.open-in-view is enabled by default. Therefore, database queries may be performed during view rendering. Explicitly configure spring.jpa.open-in-view to disable this warning
2025-10-29T02:28:42.348-05:00  INFO 10340 --- [mesa-service] [restartedMain] o.s.b.a.e.web.EndpointLinksResolver      : Exposing 18 endpoints beneath base path '/actuator'
2025-10-29T02:28:42.641-05:00  WARN 10340 --- [mesa-service] [restartedMain] o.s.b.d.a.OptionalLiveReloadServer       : Unable to start LiveReload server
2025-10-29T02:28:42.675-05:00  INFO 10340 --- [mesa-service] [restartedMain] DiscoveryClientOptionalArgsConfiguration : Eureka HTTP Client uses RestTemplate.
2025-10-29T02:28:42.707-05:00  WARN 10340 --- [mesa-service] [restartedMain] iguration$LoadBalancerCaffeineWarnLogger : Spring Cloud LoadBalancer is currently working with the default cache. While this cache implementation is useful for development and tests, it's recommended to use Caffeine cache in production.You can switch to using Caffeine cache, by adding it and org.springframework.cache.caffeine.CaffeineCacheManager to the classpath.
2025-10-29T02:28:42.770-05:00  INFO 10340 --- [mesa-service] [restartedMain] o.s.b.w.embedded.tomcat.TomcatWebServer  : Tomcat started on port 53231 (http) with context path '/'
2025-10-29T02:28:42.770-05:00  INFO 10340 --- [mesa-service] [restartedMain] .s.c.n.e.s.EurekaAutoServiceRegistration : Updating port to 53231
2025-10-29T02:28:42.772-05:00  INFO 10340 --- [mesa-service] [restartedMain] o.s.c.n.eureka.InstanceInfoFactory       : Setting initial instance status as: STARTING
2025-10-29T02:28:42.776-05:00  INFO 10340 --- [mesa-service] [restartedMain] com.netflix.discovery.DiscoveryClient    : Initializing Eureka in region us-east-1
2025-10-29T02:28:42.776-05:00  INFO 10340 --- [mesa-service] [restartedMain] c.n.d.s.r.aws.ConfigClusterResolver      : Resolving eureka endpoints via configuration
2025-10-29T02:28:42.777-05:00  INFO 10340 --- [mesa-service] [restartedMain] com.netflix.discovery.DiscoveryClient    : Disable delta property : false
2025-10-29T02:28:42.777-05:00  INFO 10340 --- [mesa-service] [restartedMain] com.netflix.discovery.DiscoveryClient    : Single vip registry refresh property : null
2025-10-29T02:28:42.777-05:00  INFO 10340 --- [mesa-service] [restartedMain] com.netflix.discovery.DiscoveryClient    : Force full registry fetch : false
2025-10-29T02:28:42.777-05:00  INFO 10340 --- [mesa-service] [restartedMain] com.netflix.discovery.DiscoveryClient    : Application is null : false
2025-10-29T02:28:42.777-05:00  INFO 10340 --- [mesa-service] [restartedMain] com.netflix.discovery.DiscoveryClient    : Registered Applications size is zero : true
2025-10-29T02:28:42.777-05:00  INFO 10340 --- [mesa-service] [restartedMain] com.netflix.discovery.DiscoveryClient    : Application version is -1: true
2025-10-29T02:28:42.777-05:00  INFO 10340 --- [mesa-service] [restartedMain] com.netflix.discovery.DiscoveryClient    : Getting all instance registry info from the eureka server
2025-10-29T02:28:42.811-05:00  INFO 10340 --- [mesa-service] [restartedMain] com.netflix.discovery.DiscoveryClient    : The response status is 200
2025-10-29T02:28:42.812-05:00  INFO 10340 --- [mesa-service] [restartedMain] com.netflix.discovery.DiscoveryClient    : Starting heartbeat executor: renew interval is: 30
2025-10-29T02:28:42.812-05:00  INFO 10340 --- [mesa-service] [restartedMain] c.n.discovery.InstanceInfoReplicator     : InstanceInfoReplicator onDemand update allowed rate per min is 4
2025-10-29T02:28:42.812-05:00  INFO 10340 --- [mesa-service] [restartedMain] com.netflix.discovery.DiscoveryClient    : Discovery Client initialized at timestamp 1761722922812 with initial instances count: 6
2025-10-29T02:28:42.816-05:00  INFO 10340 --- [mesa-service] [restartedMain] o.s.c.n.e.s.EurekaServiceRegistry        : Registering application MESA-SERVICE with eureka with status UP
2025-10-29T02:28:42.817-05:00  INFO 10340 --- [mesa-service] [restartedMain] com.netflix.discovery.DiscoveryClient    : Saw local status change event StatusChangeEvent [timestamp=1761722922817, current=UP, previous=STARTING]
2025-10-29T02:28:42.817-05:00  INFO 10340 --- [mesa-service] [DiscoveryClient-InstanceInfoReplicator-%d] com.netflix.discovery.DiscoveryClient    : DiscoveryClient_MESA-SERVICE/mesa-service:1733a10416cd0fc4859493f1990232ee: registering service...
2025-10-29T02:28:42.832-05:00  INFO 10340 --- [mesa-service] [DiscoveryClient-InstanceInfoReplicator-%d] com.netflix.discovery.DiscoveryClient    : DiscoveryClient_MESA-SERVICE/mesa-service:1733a10416cd0fc4859493f1990232ee - registration status: 204
2025-10-29T02:28:42.839-05:00  INFO 10340 --- [mesa-service] [restartedMain] org.cibertec.MesaServiceApplication      : Started MesaServiceApplication in 2.84 seconds (process running for 950.63)
2025-10-29T02:28:42.841-05:00  INFO 10340 --- [mesa-service] [restartedMain] .ConditionEvaluationDeltaLoggingListener : Condition evaluation unchanged
2025-10-29T02:33:42.790-05:00  INFO 10340 --- [mesa-service] [AsyncResolver-bootstrap-executor-%d] c.n.d.s.r.aws.ConfigClusterResolver      : Resolving eureka endpoints via configuration
2025-10-29T02:38:42.798-05:00  INFO 10340 --- [mesa-service] [AsyncResolver-bootstrap-executor-%d] c.n.d.s.r.aws.ConfigClusterResolver      : Resolving eureka endpoints via configuration
2025-10-29T02:43:42.809-05:00  INFO 10340 --- [mesa-service] [AsyncResolver-bootstrap-executor-%d] c.n.d.s.r.aws.ConfigClusterResolver      : Resolving eureka endpoints via configuration
2025-10-29T02:44:16.922-05:00  INFO 10340 --- [mesa-service] [RMI TCP Connection(48)-127.0.0.1] inMXBeanRegistrar$SpringApplicationAdmin : Application shutdown requested.
2025-10-29T02:44:16.924-05:00  INFO 10340 --- [mesa-service] [RMI TCP Connection(48)-127.0.0.1] o.s.c.n.e.s.EurekaServiceRegistry        : Unregistering application MESA-SERVICE with eureka with status DOWN
2025-10-29T02:44:16.925-05:00  INFO 10340 --- [mesa-service] [RMI TCP Connection(48)-127.0.0.1] com.netflix.discovery.DiscoveryClient    : Saw local status change event StatusChangeEvent [timestamp=1761723856925, current=DOWN, previous=UP]
2025-10-29T02:44:16.925-05:00  INFO 10340 --- [mesa-service] [DiscoveryClient-InstanceInfoReplicator-%d] com.netflix.discovery.DiscoveryClient    : DiscoveryClient_MESA-SERVICE/mesa-service:1733a10416cd0fc4859493f1990232ee: registering service...
2025-10-29T02:44:16.926-05:00  INFO 10340 --- [mesa-service] [RMI TCP Connection(48)-127.0.0.1] o.s.b.w.e.tomcat.GracefulShutdown        : Commencing graceful shutdown. Waiting for active requests to complete
2025-10-29T02:44:16.939-05:00  INFO 10340 --- [mesa-service] [DiscoveryClient-InstanceInfoReplicator-%d] com.netflix.discovery.DiscoveryClient    : DiscoveryClient_MESA-SERVICE/mesa-service:1733a10416cd0fc4859493f1990232ee - registration status: 204
2025-10-29T02:44:16.942-05:00  INFO 10340 --- [mesa-service] [tomcat-shutdown] o.s.b.w.e.tomcat.GracefulShutdown        : Graceful shutdown complete
2025-10-29T02:44:16.959-05:00  INFO 10340 --- [mesa-service] [RMI TCP Connection(48)-127.0.0.1] j.LocalContainerEntityManagerFactoryBean : Closing JPA EntityManagerFactory for persistence unit 'default'
2025-10-29T02:44:16.960-05:00  INFO 10340 --- [mesa-service] [RMI TCP Connection(48)-127.0.0.1] com.zaxxer.hikari.HikariDataSource       : HikariPool-3 - Shutdown initiated...
2025-10-29T02:44:16.967-05:00  INFO 10340 --- [mesa-service] [RMI TCP Connection(48)-127.0.0.1] com.zaxxer.hikari.HikariDataSource       : HikariPool-3 - Shutdown completed.
2025-10-29T02:44:16.968-05:00  INFO 10340 --- [mesa-service] [RMI TCP Connection(48)-127.0.0.1] com.netflix.discovery.DiscoveryClient    : Shutting down DiscoveryClient ...
2025-10-29T02:44:19.970-05:00  INFO 10340 --- [mesa-service] [RMI TCP Connection(48)-127.0.0.1] com.netflix.discovery.DiscoveryClient    : Unregistering ...
2025-10-29T02:44:19.976-05:00  INFO 10340 --- [mesa-service] [RMI TCP Connection(48)-127.0.0.1] com.netflix.discovery.DiscoveryClient    : DiscoveryClient_MESA-SERVICE/mesa-service:1733a10416cd0fc4859493f1990232ee - deregister  status: 200
2025-10-29T02:44:19.977-05:00  INFO 10340 --- [mesa-service] [RMI TCP Connection(48)-127.0.0.1] com.netflix.discovery.DiscoveryClient    : Completed shut down of DiscoveryClient
2025-10-29T02:44:31.010-05:00  INFO 19784 --- [mesa-service] [restartedMain] org.cibertec.MesaServiceApplication      : Starting MesaServiceApplication using Java 21.0.8 with PID 19784 (C:\Users\ronca\OneDrive\Escritorio\Dev\DAW2\mesa-service\target\classes started by Arturo in C:\Users\ronca\OneDrive\Escritorio\Dev\DAW2\mesa-service)
2025-10-29T02:44:31.015-05:00  INFO 19784 --- [mesa-service] [restartedMain] org.cibertec.MesaServiceApplication      : No active profile set, falling back to 1 default profile: "default"
2025-10-29T02:44:31.117-05:00  INFO 19784 --- [mesa-service] [restartedMain] o.s.c.c.c.ConfigServerConfigDataLoader   : Fetching config from server at : http://localhost:8888
2025-10-29T02:44:31.117-05:00  INFO 19784 --- [mesa-service] [restartedMain] o.s.c.c.c.ConfigServerConfigDataLoader   : Located environment: name=mesa-service, profiles=[default], label=null, version=null, state=null
2025-10-29T02:44:31.122-05:00  INFO 19784 --- [mesa-service] [restartedMain] .e.DevToolsPropertyDefaultsPostProcessor : Devtools property defaults active! Set 'spring.devtools.add-properties' to 'false' to disable
2025-10-29T02:44:31.122-05:00  INFO 19784 --- [mesa-service] [restartedMain] .e.DevToolsPropertyDefaultsPostProcessor : For additional web related logging consider setting the 'logging.level.web' property to 'DEBUG'
2025-10-29T02:44:33.662-05:00  INFO 19784 --- [mesa-service] [restartedMain] .s.d.r.c.RepositoryConfigurationDelegate : Bootstrapping Spring Data JPA repositories in DEFAULT mode.
2025-10-29T02:44:33.936-05:00  INFO 19784 --- [mesa-service] [restartedMain] .s.d.r.c.RepositoryConfigurationDelegate : Finished Spring Data repository scanning in 252 ms. Found 2 JPA repository interfaces.
2025-10-29T02:44:34.586-05:00  INFO 19784 --- [mesa-service] [restartedMain] o.s.cloud.context.scope.GenericScope     : BeanFactory id=823c8160-9f4f-31dd-b49f-a9354c025533
2025-10-29T02:44:35.950-05:00  INFO 19784 --- [mesa-service] [restartedMain] o.s.b.w.embedded.tomcat.TomcatWebServer  : Tomcat initialized with port 0 (http)
2025-10-29T02:44:35.989-05:00  INFO 19784 --- [mesa-service] [restartedMain] o.apache.catalina.core.StandardService   : Starting service [Tomcat]
2025-10-29T02:44:35.991-05:00  INFO 19784 --- [mesa-service] [restartedMain] o.apache.catalina.core.StandardEngine    : Starting Servlet engine: [Apache Tomcat/10.1.46]
2025-10-29T02:44:36.178-05:00  INFO 19784 --- [mesa-service] [restartedMain] o.a.c.c.C.[Tomcat].[localhost].[/]       : Initializing Spring embedded WebApplicationContext
2025-10-29T02:44:36.179-05:00  INFO 19784 --- [mesa-service] [restartedMain] w.s.c.ServletWebServerApplicationContext : Root WebApplicationContext: initialization completed in 5057 ms
2025-10-29T02:44:37.069-05:00  INFO 19784 --- [mesa-service] [restartedMain] com.zaxxer.hikari.HikariDataSource       : HikariPool-1 - Starting...
2025-10-29T02:44:37.920-05:00  INFO 19784 --- [mesa-service] [restartedMain] com.zaxxer.hikari.pool.HikariPool        : HikariPool-1 - Added connection com.mysql.cj.jdbc.ConnectionImpl@74820acd
2025-10-29T02:44:37.927-05:00  INFO 19784 --- [mesa-service] [restartedMain] com.zaxxer.hikari.HikariDataSource       : HikariPool-1 - Start completed.
2025-10-29T02:44:38.088-05:00  INFO 19784 --- [mesa-service] [restartedMain] o.hibernate.jpa.internal.util.LogHelper  : HHH000204: Processing PersistenceUnitInfo [name: default]
2025-10-29T02:44:38.302-05:00  INFO 19784 --- [mesa-service] [restartedMain] org.hibernate.Version                    : HHH000412: Hibernate ORM core version 6.6.29.Final
2025-10-29T02:44:38.444-05:00  INFO 19784 --- [mesa-service] [restartedMain] o.h.c.internal.RegionFactoryInitiator    : HHH000026: Second-level cache disabled
2025-10-29T02:44:39.384-05:00  INFO 19784 --- [mesa-service] [restartedMain] o.s.o.j.p.SpringPersistenceUnitInfo      : No LoadTimeWeaver setup: ignoring JPA class transformer
2025-10-29T02:44:39.678-05:00  INFO 19784 --- [mesa-service] [restartedMain] org.hibernate.orm.connections.pooling    : HHH10001005: Database info:
	Database JDBC URL [Connecting through datasource 'HikariDataSource (HikariPool-1)']
	Database driver: undefined/unknown
	Database version: 8.0.34
	Autocommit mode: undefined/unknown
	Isolation level: undefined/unknown
	Minimum pool size: undefined/unknown
	Maximum pool size: undefined/unknown
2025-10-29T02:44:42.198-05:00  INFO 19784 --- [mesa-service] [restartedMain] o.h.e.t.j.p.i.JtaPlatformInitiator       : HHH000489: No JTA platform available (set 'hibernate.transaction.jta.platform' to enable JTA platform integration)
2025-10-29T02:44:42.208-05:00  INFO 19784 --- [mesa-service] [restartedMain] j.LocalContainerEntityManagerFactoryBean : Initialized JPA EntityManagerFactory for persistence unit 'default'
2025-10-29T02:44:43.046-05:00  WARN 19784 --- [mesa-service] [restartedMain] JpaBaseConfiguration$JpaWebConfiguration : spring.jpa.open-in-view is enabled by default. Therefore, database queries may be performed during view rendering. Explicitly configure spring.jpa.open-in-view to disable this warning
2025-10-29T02:44:44.187-05:00  INFO 19784 --- [mesa-service] [restartedMain] o.s.b.a.e.web.EndpointLinksResolver      : Exposing 18 endpoints beneath base path '/actuator'
2025-10-29T02:44:45.269-05:00  WARN 19784 --- [mesa-service] [restartedMain] o.s.b.d.a.OptionalLiveReloadServer       : Unable to start LiveReload server
2025-10-29T02:44:45.313-05:00  INFO 19784 --- [mesa-service] [restartedMain] DiscoveryClientOptionalArgsConfiguration : Eureka HTTP Client uses RestTemplate.
2025-10-29T02:44:45.409-05:00  WARN 19784 --- [mesa-service] [restartedMain] iguration$LoadBalancerCaffeineWarnLogger : Spring Cloud LoadBalancer is currently working with the default cache. While this cache implementation is useful for development and tests, it's recommended to use Caffeine cache in production.You can switch to using Caffeine cache, by adding it and org.springframework.cache.caffeine.CaffeineCacheManager to the classpath.
2025-10-29T02:44:45.652-05:00  INFO 19784 --- [mesa-service] [restartedMain] o.s.b.w.embedded.tomcat.TomcatWebServer  : Tomcat started on port 51275 (http) with context path '/'
2025-10-29T02:44:45.656-05:00  INFO 19784 --- [mesa-service] [restartedMain] .s.c.n.e.s.EurekaAutoServiceRegistration : Updating port to 51275
2025-10-29T02:44:45.670-05:00  INFO 19784 --- [mesa-service] [restartedMain] o.s.c.n.eureka.InstanceInfoFactory       : Setting initial instance status as: STARTING
2025-10-29T02:44:45.728-05:00  INFO 19784 --- [mesa-service] [restartedMain] com.netflix.discovery.DiscoveryClient    : Initializing Eureka in region us-east-1
2025-10-29T02:44:45.739-05:00  INFO 19784 --- [mesa-service] [restartedMain] c.n.d.s.r.aws.ConfigClusterResolver      : Resolving eureka endpoints via configuration
2025-10-29T02:44:45.771-05:00  INFO 19784 --- [mesa-service] [restartedMain] com.netflix.discovery.DiscoveryClient    : Disable delta property : false
2025-10-29T02:44:45.771-05:00  INFO 19784 --- [mesa-service] [restartedMain] com.netflix.discovery.DiscoveryClient    : Single vip registry refresh property : null
2025-10-29T02:44:45.772-05:00  INFO 19784 --- [mesa-service] [restartedMain] com.netflix.discovery.DiscoveryClient    : Force full registry fetch : false
2025-10-29T02:44:45.772-05:00  INFO 19784 --- [mesa-service] [restartedMain] com.netflix.discovery.DiscoveryClient    : Application is null : false
2025-10-29T02:44:45.772-05:00  INFO 19784 --- [mesa-service] [restartedMain] com.netflix.discovery.DiscoveryClient    : Registered Applications size is zero : true
2025-10-29T02:44:45.772-05:00  INFO 19784 --- [mesa-service] [restartedMain] com.netflix.discovery.DiscoveryClient    : Application version is -1: true
2025-10-29T02:44:45.772-05:00  INFO 19784 --- [mesa-service] [restartedMain] com.netflix.discovery.DiscoveryClient    : Getting all instance registry info from the eureka server
2025-10-29T02:44:46.314-05:00  INFO 19784 --- [mesa-service] [restartedMain] com.netflix.discovery.DiscoveryClient    : The response status is 200
2025-10-29T02:44:46.318-05:00  INFO 19784 --- [mesa-service] [restartedMain] com.netflix.discovery.DiscoveryClient    : Starting heartbeat executor: renew interval is: 30
2025-10-29T02:44:46.322-05:00  INFO 19784 --- [mesa-service] [restartedMain] c.n.discovery.InstanceInfoReplicator     : InstanceInfoReplicator onDemand update allowed rate per min is 4
2025-10-29T02:44:46.325-05:00  INFO 19784 --- [mesa-service] [restartedMain] com.netflix.discovery.DiscoveryClient    : Discovery Client initialized at timestamp 1761723886325 with initial instances count: 1
2025-10-29T02:44:46.332-05:00  INFO 19784 --- [mesa-service] [restartedMain] o.s.c.n.e.s.EurekaServiceRegistry        : Registering application MESA-SERVICE with eureka with status UP
2025-10-29T02:44:46.333-05:00  INFO 19784 --- [mesa-service] [restartedMain] com.netflix.discovery.DiscoveryClient    : Saw local status change event StatusChangeEvent [timestamp=1761723886333, current=UP, previous=STARTING]
2025-10-29T02:44:46.335-05:00  INFO 19784 --- [mesa-service] [DiscoveryClient-InstanceInfoReplicator-%d] com.netflix.discovery.DiscoveryClient    : DiscoveryClient_MESA-SERVICE/mesa-service:ad31da07bc4063aad6d2a0d438589c40: registering service...
2025-10-29T02:44:46.362-05:00  INFO 19784 --- [mesa-service] [restartedMain] org.cibertec.MesaServiceApplication      : Started MesaServiceApplication in 17.588 seconds (process running for 19.919)
2025-10-29T02:44:46.405-05:00  INFO 19784 --- [mesa-service] [DiscoveryClient-InstanceInfoReplicator-%d] com.netflix.discovery.DiscoveryClient    : DiscoveryClient_MESA-SERVICE/mesa-service:ad31da07bc4063aad6d2a0d438589c40 - registration status: 204
2025-10-29T02:44:46.675-05:00  INFO 19784 --- [mesa-service] [RMI TCP Connection(5)-127.0.0.1] o.a.c.c.C.[Tomcat].[localhost].[/]       : Initializing Spring DispatcherServlet 'dispatcherServlet'
2025-10-29T02:44:46.675-05:00  INFO 19784 --- [mesa-service] [RMI TCP Connection(5)-127.0.0.1] o.s.web.servlet.DispatcherServlet        : Initializing Servlet 'dispatcherServlet'
2025-10-29T02:44:46.677-05:00  INFO 19784 --- [mesa-service] [RMI TCP Connection(5)-127.0.0.1] o.s.web.servlet.DispatcherServlet        : Completed initialization in 2 ms
2025-10-29T02:49:45.778-05:00  INFO 19784 --- [mesa-service] [AsyncResolver-bootstrap-executor-%d] c.n.d.s.r.aws.ConfigClusterResolver      : Resolving eureka endpoints via configuration
2025-10-29T02:54:45.789-05:00  INFO 19784 --- [mesa-service] [AsyncResolver-bootstrap-executor-%d] c.n.d.s.r.aws.ConfigClusterResolver      : Resolving eureka endpoints via configuration
2025-10-29T02:59:45.794-05:00  INFO 19784 --- [mesa-service] [AsyncResolver-bootstrap-executor-%d] c.n.d.s.r.aws.ConfigClusterResolver      : Resolving eureka endpoints via configuration
2025-10-29T03:04:45.799-05:00  INFO 19784 --- [mesa-service] [AsyncResolver-bootstrap-executor-%d] c.n.d.s.r.aws.ConfigClusterResolver      : Resolving eureka endpoints via configuration
2025-10-29T03:07:19.462-05:00  INFO 19784 --- [mesa-service] [File Watcher] rtingClassPathChangeChangedEventListener : Restarting due to 12 class path changes (0 additions, 4 deletions, 8 modifications)
2025-10-29T03:07:19.467-05:00  INFO 19784 --- [mesa-service] [Thread-1] o.s.c.n.e.s.EurekaServiceRegistry        : Unregistering application MESA-SERVICE with eureka with status DOWN
2025-10-29T03:07:19.467-05:00  INFO 19784 --- [mesa-service] [Thread-1] com.netflix.discovery.DiscoveryClient    : Saw local status change event StatusChangeEvent [timestamp=1761725239467, current=DOWN, previous=UP]
2025-10-29T03:07:19.467-05:00  INFO 19784 --- [mesa-service] [DiscoveryClient-InstanceInfoReplicator-%d] com.netflix.discovery.DiscoveryClient    : DiscoveryClient_MESA-SERVICE/mesa-service:ad31da07bc4063aad6d2a0d438589c40: registering service...
2025-10-29T03:07:19.472-05:00  INFO 19784 --- [mesa-service] [Thread-1] o.s.b.w.e.tomcat.GracefulShutdown        : Commencing graceful shutdown. Waiting for active requests to complete
2025-10-29T03:07:19.484-05:00  INFO 19784 --- [mesa-service] [tomcat-shutdown] o.s.b.w.e.tomcat.GracefulShutdown        : Graceful shutdown complete
2025-10-29T03:07:19.486-05:00  INFO 19784 --- [mesa-service] [DiscoveryClient-InstanceInfoReplicator-%d] com.netflix.discovery.DiscoveryClient    : DiscoveryClient_MESA-SERVICE/mesa-service:ad31da07bc4063aad6d2a0d438589c40 - registration status: 204
2025-10-29T03:07:19.512-05:00  INFO 19784 --- [mesa-service] [Thread-1] j.LocalContainerEntityManagerFactoryBean : Closing JPA EntityManagerFactory for persistence unit 'default'
2025-10-29T03:07:19.521-05:00  INFO 19784 --- [mesa-service] [Thread-1] com.zaxxer.hikari.HikariDataSource       : HikariPool-1 - Shutdown initiated...
2025-10-29T03:07:19.550-05:00  INFO 19784 --- [mesa-service] [Thread-1] com.zaxxer.hikari.HikariDataSource       : HikariPool-1 - Shutdown completed.
2025-10-29T03:07:19.551-05:00  INFO 19784 --- [mesa-service] [Thread-1] com.netflix.discovery.DiscoveryClient    : Shutting down DiscoveryClient ...
2025-10-29T03:07:22.558-05:00  INFO 19784 --- [mesa-service] [Thread-1] com.netflix.discovery.DiscoveryClient    : Unregistering ...
2025-10-29T03:07:22.575-05:00  INFO 19784 --- [mesa-service] [Thread-1] com.netflix.discovery.DiscoveryClient    : DiscoveryClient_MESA-SERVICE/mesa-service:ad31da07bc4063aad6d2a0d438589c40 - deregister  status: 200
2025-10-29T03:07:22.575-05:00  INFO 19784 --- [mesa-service] [Thread-1] com.netflix.discovery.DiscoveryClient    : Completed shut down of DiscoveryClient
2025-10-29T03:07:22.814-05:00  INFO 19784 --- [mesa-service] [restartedMain] org.cibertec.MesaServiceApplication      : Starting MesaServiceApplication using Java 21.0.8 with PID 19784 (C:\Users\ronca\OneDrive\Escritorio\Dev\DAW2\mesa-service\target\classes started by Arturo in C:\Users\ronca\OneDrive\Escritorio\Dev\DAW2\mesa-service)
2025-10-29T03:07:22.815-05:00  INFO 19784 --- [mesa-service] [restartedMain] org.cibertec.MesaServiceApplication      : No active profile set, falling back to 1 default profile: "default"
2025-10-29T03:07:22.819-05:00  INFO 19784 --- [mesa-service] [restartedMain] o.s.c.c.c.ConfigServerConfigDataLoader   : Fetching config from server at : http://localhost:8888
2025-10-29T03:07:22.819-05:00  INFO 19784 --- [mesa-service] [restartedMain] o.s.c.c.c.ConfigServerConfigDataLoader   : Located environment: name=mesa-service, profiles=[default], label=null, version=null, state=null
2025-10-29T03:07:23.822-05:00  INFO 19784 --- [mesa-service] [restartedMain] .s.d.r.c.RepositoryConfigurationDelegate : Bootstrapping Spring Data JPA repositories in DEFAULT mode.
2025-10-29T03:07:23.845-05:00  INFO 19784 --- [mesa-service] [restartedMain] .s.d.r.c.RepositoryConfigurationDelegate : Finished Spring Data repository scanning in 20 ms. Found 2 JPA repository interfaces.
2025-10-29T03:07:24.035-05:00  INFO 19784 --- [mesa-service] [restartedMain] o.s.cloud.context.scope.GenericScope     : BeanFactory id=823c8160-9f4f-31dd-b49f-a9354c025533
2025-10-29T03:07:24.202-05:00  INFO 19784 --- [mesa-service] [restartedMain] o.s.b.w.embedded.tomcat.TomcatWebServer  : Tomcat initialized with port 0 (http)
2025-10-29T03:07:24.207-05:00  INFO 19784 --- [mesa-service] [restartedMain] o.apache.catalina.core.StandardService   : Starting service [Tomcat]
2025-10-29T03:07:24.207-05:00  INFO 19784 --- [mesa-service] [restartedMain] o.apache.catalina.core.StandardEngine    : Starting Servlet engine: [Apache Tomcat/10.1.46]
2025-10-29T03:07:24.268-05:00  INFO 19784 --- [mesa-service] [restartedMain] o.a.c.c.C.[Tomcat].[localhost].[/]       : Initializing Spring embedded WebApplicationContext
2025-10-29T03:07:24.268-05:00  INFO 19784 --- [mesa-service] [restartedMain] w.s.c.ServletWebServerApplicationContext : Root WebApplicationContext: initialization completed in 1448 ms
2025-10-29T03:07:24.480-05:00  INFO 19784 --- [mesa-service] [restartedMain] com.zaxxer.hikari.HikariDataSource       : HikariPool-2 - Starting...
2025-10-29T03:07:24.534-05:00  INFO 19784 --- [mesa-service] [restartedMain] com.zaxxer.hikari.pool.HikariPool        : HikariPool-2 - Added connection com.mysql.cj.jdbc.ConnectionImpl@69fcbb96
2025-10-29T03:07:24.535-05:00  INFO 19784 --- [mesa-service] [restartedMain] com.zaxxer.hikari.HikariDataSource       : HikariPool-2 - Start completed.
2025-10-29T03:07:24.539-05:00  INFO 19784 --- [mesa-service] [restartedMain] o.hibernate.jpa.internal.util.LogHelper  : HHH000204: Processing PersistenceUnitInfo [name: default]
2025-10-29T03:07:24.551-05:00  INFO 19784 --- [mesa-service] [restartedMain] o.h.c.internal.RegionFactoryInitiator    : HHH000026: Second-level cache disabled
2025-10-29T03:07:24.590-05:00  INFO 19784 --- [mesa-service] [restartedMain] o.s.o.j.p.SpringPersistenceUnitInfo      : No LoadTimeWeaver setup: ignoring JPA class transformer
2025-10-29T03:07:24.598-05:00  INFO 19784 --- [mesa-service] [restartedMain] org.hibernate.orm.connections.pooling    : HHH10001005: Database info:
	Database JDBC URL [Connecting through datasource 'HikariDataSource (HikariPool-2)']
	Database driver: undefined/unknown
	Database version: 8.0.34
	Autocommit mode: undefined/unknown
	Isolation level: undefined/unknown
	Minimum pool size: undefined/unknown
	Maximum pool size: undefined/unknown
2025-10-29T03:07:24.897-05:00  INFO 19784 --- [mesa-service] [restartedMain] o.h.e.t.j.p.i.JtaPlatformInitiator       : HHH000489: No JTA platform available (set 'hibernate.transaction.jta.platform' to enable JTA platform integration)
2025-10-29T03:07:24.898-05:00  INFO 19784 --- [mesa-service] [restartedMain] j.LocalContainerEntityManagerFactoryBean : Initialized JPA EntityManagerFactory for persistence unit 'default'
2025-10-29T03:07:25.055-05:00  WARN 19784 --- [mesa-service] [restartedMain] JpaBaseConfiguration$JpaWebConfiguration : spring.jpa.open-in-view is enabled by default. Therefore, database queries may be performed during view rendering. Explicitly configure spring.jpa.open-in-view to disable this warning
2025-10-29T03:07:25.461-05:00  INFO 19784 --- [mesa-service] [restartedMain] o.s.b.a.e.web.EndpointLinksResolver      : Exposing 18 endpoints beneath base path '/actuator'
2025-10-29T03:07:25.708-05:00  WARN 19784 --- [mesa-service] [restartedMain] o.s.b.d.a.OptionalLiveReloadServer       : Unable to start LiveReload server
2025-10-29T03:07:25.728-05:00  INFO 19784 --- [mesa-service] [restartedMain] DiscoveryClientOptionalArgsConfiguration : Eureka HTTP Client uses RestTemplate.
2025-10-29T03:07:25.760-05:00  WARN 19784 --- [mesa-service] [restartedMain] iguration$LoadBalancerCaffeineWarnLogger : Spring Cloud LoadBalancer is currently working with the default cache. While this cache implementation is useful for development and tests, it's recommended to use Caffeine cache in production.You can switch to using Caffeine cache, by adding it and org.springframework.cache.caffeine.CaffeineCacheManager to the classpath.
2025-10-29T03:07:25.813-05:00  INFO 19784 --- [mesa-service] [restartedMain] o.s.b.w.embedded.tomcat.TomcatWebServer  : Tomcat started on port 65473 (http) with context path '/'
2025-10-29T03:07:25.814-05:00  INFO 19784 --- [mesa-service] [restartedMain] .s.c.n.e.s.EurekaAutoServiceRegistration : Updating port to 65473
2025-10-29T03:07:25.815-05:00  INFO 19784 --- [mesa-service] [restartedMain] o.s.c.n.eureka.InstanceInfoFactory       : Setting initial instance status as: STARTING
2025-10-29T03:07:25.820-05:00  INFO 19784 --- [mesa-service] [restartedMain] com.netflix.discovery.DiscoveryClient    : Initializing Eureka in region us-east-1
2025-10-29T03:07:25.820-05:00  INFO 19784 --- [mesa-service] [restartedMain] c.n.d.s.r.aws.ConfigClusterResolver      : Resolving eureka endpoints via configuration
2025-10-29T03:07:25.822-05:00  INFO 19784 --- [mesa-service] [restartedMain] com.netflix.discovery.DiscoveryClient    : Disable delta property : false
2025-10-29T03:07:25.822-05:00  INFO 19784 --- [mesa-service] [restartedMain] com.netflix.discovery.DiscoveryClient    : Single vip registry refresh property : null
2025-10-29T03:07:25.822-05:00  INFO 19784 --- [mesa-service] [restartedMain] com.netflix.discovery.DiscoveryClient    : Force full registry fetch : false
2025-10-29T03:07:25.822-05:00  INFO 19784 --- [mesa-service] [restartedMain] com.netflix.discovery.DiscoveryClient    : Application is null : false
2025-10-29T03:07:25.822-05:00  INFO 19784 --- [mesa-service] [restartedMain] com.netflix.discovery.DiscoveryClient    : Registered Applications size is zero : true
2025-10-29T03:07:25.822-05:00  INFO 19784 --- [mesa-service] [restartedMain] com.netflix.discovery.DiscoveryClient    : Application version is -1: true
2025-10-29T03:07:25.822-05:00  INFO 19784 --- [mesa-service] [restartedMain] com.netflix.discovery.DiscoveryClient    : Getting all instance registry info from the eureka server
2025-10-29T03:07:25.864-05:00  INFO 19784 --- [mesa-service] [restartedMain] com.netflix.discovery.DiscoveryClient    : The response status is 200
2025-10-29T03:07:25.865-05:00  INFO 19784 --- [mesa-service] [restartedMain] com.netflix.discovery.DiscoveryClient    : Starting heartbeat executor: renew interval is: 30
2025-10-29T03:07:25.865-05:00  INFO 19784 --- [mesa-service] [restartedMain] c.n.discovery.InstanceInfoReplicator     : InstanceInfoReplicator onDemand update allowed rate per min is 4
2025-10-29T03:07:25.866-05:00  INFO 19784 --- [mesa-service] [restartedMain] com.netflix.discovery.DiscoveryClient    : Discovery Client initialized at timestamp 1761725245866 with initial instances count: 6
2025-10-29T03:07:25.868-05:00  INFO 19784 --- [mesa-service] [restartedMain] o.s.c.n.e.s.EurekaServiceRegistry        : Registering application MESA-SERVICE with eureka with status UP
2025-10-29T03:07:25.869-05:00  INFO 19784 --- [mesa-service] [restartedMain] com.netflix.discovery.DiscoveryClient    : Saw local status change event StatusChangeEvent [timestamp=1761725245869, current=UP, previous=STARTING]
2025-10-29T03:07:25.869-05:00  INFO 19784 --- [mesa-service] [DiscoveryClient-InstanceInfoReplicator-%d] com.netflix.discovery.DiscoveryClient    : DiscoveryClient_MESA-SERVICE/mesa-service:b26b2f251e3ed7810aa8bbb1cd8034fc: registering service...
2025-10-29T03:07:25.884-05:00  INFO 19784 --- [mesa-service] [DiscoveryClient-InstanceInfoReplicator-%d] com.netflix.discovery.DiscoveryClient    : DiscoveryClient_MESA-SERVICE/mesa-service:b26b2f251e3ed7810aa8bbb1cd8034fc - registration status: 204
2025-10-29T03:07:25.888-05:00  INFO 19784 --- [mesa-service] [restartedMain] org.cibertec.MesaServiceApplication      : Started MesaServiceApplication in 3.211 seconds (process running for 1379.445)
2025-10-29T03:07:25.892-05:00  INFO 19784 --- [mesa-service] [restartedMain] .ConditionEvaluationDeltaLoggingListener : Condition evaluation unchanged
2025-10-29T03:07:27.183-05:00  INFO 19784 --- [mesa-service] [File Watcher] rtingClassPathChangeChangedEventListener : Restarting due to 4 class path changes (4 additions, 0 deletions, 0 modifications)
2025-10-29T03:07:27.185-05:00  INFO 19784 --- [mesa-service] [Thread-7] o.s.c.n.e.s.EurekaServiceRegistry        : Unregistering application MESA-SERVICE with eureka with status DOWN
2025-10-29T03:07:27.186-05:00  INFO 19784 --- [mesa-service] [Thread-7] com.netflix.discovery.DiscoveryClient    : Saw local status change event StatusChangeEvent [timestamp=1761725247186, current=DOWN, previous=UP]
2025-10-29T03:07:27.186-05:00  INFO 19784 --- [mesa-service] [DiscoveryClient-InstanceInfoReplicator-%d] com.netflix.discovery.DiscoveryClient    : DiscoveryClient_MESA-SERVICE/mesa-service:b26b2f251e3ed7810aa8bbb1cd8034fc: registering service...
2025-10-29T03:07:27.187-05:00  INFO 19784 --- [mesa-service] [Thread-7] o.s.b.w.e.tomcat.GracefulShutdown        : Commencing graceful shutdown. Waiting for active requests to complete
2025-10-29T03:07:27.190-05:00  INFO 19784 --- [mesa-service] [DiscoveryClient-InstanceInfoReplicator-%d] com.netflix.discovery.DiscoveryClient    : DiscoveryClient_MESA-SERVICE/mesa-service:b26b2f251e3ed7810aa8bbb1cd8034fc - registration status: 204
2025-10-29T03:07:27.197-05:00  INFO 19784 --- [mesa-service] [tomcat-shutdown] o.s.b.w.e.tomcat.GracefulShutdown        : Graceful shutdown complete
2025-10-29T03:07:27.204-05:00  INFO 19784 --- [mesa-service] [Thread-7] j.LocalContainerEntityManagerFactoryBean : Closing JPA EntityManagerFactory for persistence unit 'default'
2025-10-29T03:07:27.205-05:00  INFO 19784 --- [mesa-service] [Thread-7] com.zaxxer.hikari.HikariDataSource       : HikariPool-2 - Shutdown initiated...
2025-10-29T03:07:27.215-05:00  INFO 19784 --- [mesa-service] [Thread-7] com.zaxxer.hikari.HikariDataSource       : HikariPool-2 - Shutdown completed.
2025-10-29T03:07:27.216-05:00  INFO 19784 --- [mesa-service] [Thread-7] com.netflix.discovery.DiscoveryClient    : Shutting down DiscoveryClient ...
2025-10-29T03:07:30.219-05:00  INFO 19784 --- [mesa-service] [Thread-7] com.netflix.discovery.DiscoveryClient    : Unregistering ...
2025-10-29T03:07:30.237-05:00  INFO 19784 --- [mesa-service] [Thread-7] com.netflix.discovery.DiscoveryClient    : DiscoveryClient_MESA-SERVICE/mesa-service:b26b2f251e3ed7810aa8bbb1cd8034fc - deregister  status: 200
2025-10-29T03:07:30.237-05:00  INFO 19784 --- [mesa-service] [Thread-7] com.netflix.discovery.DiscoveryClient    : Completed shut down of DiscoveryClient
2025-10-29T03:07:30.624-05:00  INFO 19784 --- [mesa-service] [restartedMain] org.cibertec.MesaServiceApplication      : Starting MesaServiceApplication using Java 21.0.8 with PID 19784 (C:\Users\ronca\OneDrive\Escritorio\Dev\DAW2\mesa-service\target\classes started by Arturo in C:\Users\ronca\OneDrive\Escritorio\Dev\DAW2\mesa-service)
2025-10-29T03:07:30.625-05:00  INFO 19784 --- [mesa-service] [restartedMain] org.cibertec.MesaServiceApplication      : No active profile set, falling back to 1 default profile: "default"
2025-10-29T03:07:30.630-05:00  INFO 19784 --- [mesa-service] [restartedMain] o.s.c.c.c.ConfigServerConfigDataLoader   : Fetching config from server at : http://localhost:8888
2025-10-29T03:07:30.630-05:00  INFO 19784 --- [mesa-service] [restartedMain] o.s.c.c.c.ConfigServerConfigDataLoader   : Located environment: name=mesa-service, profiles=[default], label=null, version=null, state=null
2025-10-29T03:07:31.478-05:00  INFO 19784 --- [mesa-service] [restartedMain] .s.d.r.c.RepositoryConfigurationDelegate : Bootstrapping Spring Data JPA repositories in DEFAULT mode.
2025-10-29T03:07:31.500-05:00  INFO 19784 --- [mesa-service] [restartedMain] .s.d.r.c.RepositoryConfigurationDelegate : Finished Spring Data repository scanning in 18 ms. Found 2 JPA repository interfaces.
2025-10-29T03:07:31.682-05:00  INFO 19784 --- [mesa-service] [restartedMain] o.s.cloud.context.scope.GenericScope     : BeanFactory id=823c8160-9f4f-31dd-b49f-a9354c025533
2025-10-29T03:07:31.835-05:00  INFO 19784 --- [mesa-service] [restartedMain] o.s.b.w.embedded.tomcat.TomcatWebServer  : Tomcat initialized with port 0 (http)
2025-10-29T03:07:31.836-05:00  INFO 19784 --- [mesa-service] [restartedMain] o.apache.catalina.core.StandardService   : Starting service [Tomcat]
2025-10-29T03:07:31.836-05:00  INFO 19784 --- [mesa-service] [restartedMain] o.apache.catalina.core.StandardEngine    : Starting Servlet engine: [Apache Tomcat/10.1.46]
2025-10-29T03:07:31.898-05:00  INFO 19784 --- [mesa-service] [restartedMain] o.a.c.c.C.[Tomcat].[localhost].[/]       : Initializing Spring embedded WebApplicationContext
2025-10-29T03:07:31.898-05:00  INFO 19784 --- [mesa-service] [restartedMain] w.s.c.ServletWebServerApplicationContext : Root WebApplicationContext: initialization completed in 1268 ms
2025-10-29T03:07:32.080-05:00  INFO 19784 --- [mesa-service] [restartedMain] com.zaxxer.hikari.HikariDataSource       : HikariPool-3 - Starting...
2025-10-29T03:07:32.101-05:00  INFO 19784 --- [mesa-service] [restartedMain] com.zaxxer.hikari.pool.HikariPool        : HikariPool-3 - Added connection com.mysql.cj.jdbc.ConnectionImpl@5804c984
2025-10-29T03:07:32.102-05:00  INFO 19784 --- [mesa-service] [restartedMain] com.zaxxer.hikari.HikariDataSource       : HikariPool-3 - Start completed.
2025-10-29T03:07:32.103-05:00  INFO 19784 --- [mesa-service] [restartedMain] o.hibernate.jpa.internal.util.LogHelper  : HHH000204: Processing PersistenceUnitInfo [name: default]
2025-10-29T03:07:32.110-05:00  INFO 19784 --- [mesa-service] [restartedMain] o.h.c.internal.RegionFactoryInitiator    : HHH000026: Second-level cache disabled
2025-10-29T03:07:32.136-05:00  INFO 19784 --- [mesa-service] [restartedMain] o.s.o.j.p.SpringPersistenceUnitInfo      : No LoadTimeWeaver setup: ignoring JPA class transformer
2025-10-29T03:07:32.140-05:00  INFO 19784 --- [mesa-service] [restartedMain] org.hibernate.orm.connections.pooling    : HHH10001005: Database info:
	Database JDBC URL [Connecting through datasource 'HikariDataSource (HikariPool-3)']
	Database driver: undefined/unknown
	Database version: 8.0.34
	Autocommit mode: undefined/unknown
	Isolation level: undefined/unknown
	Minimum pool size: undefined/unknown
	Maximum pool size: undefined/unknown
2025-10-29T03:07:32.349-05:00  INFO 19784 --- [mesa-service] [restartedMain] o.h.e.t.j.p.i.JtaPlatformInitiator       : HHH000489: No JTA platform available (set 'hibernate.transaction.jta.platform' to enable JTA platform integration)
2025-10-29T03:07:32.350-05:00  INFO 19784 --- [mesa-service] [restartedMain] j.LocalContainerEntityManagerFactoryBean : Initialized JPA EntityManagerFactory for persistence unit 'default'
2025-10-29T03:07:32.484-05:00  WARN 19784 --- [mesa-service] [restartedMain] JpaBaseConfiguration$JpaWebConfiguration : spring.jpa.open-in-view is enabled by default. Therefore, database queries may be performed during view rendering. Explicitly configure spring.jpa.open-in-view to disable this warning
2025-10-29T03:07:32.843-05:00  INFO 19784 --- [mesa-service] [restartedMain] o.s.b.a.e.web.EndpointLinksResolver      : Exposing 18 endpoints beneath base path '/actuator'
2025-10-29T03:07:33.071-05:00  WARN 19784 --- [mesa-service] [restartedMain] o.s.b.d.a.OptionalLiveReloadServer       : Unable to start LiveReload server
2025-10-29T03:07:33.090-05:00  INFO 19784 --- [mesa-service] [restartedMain] DiscoveryClientOptionalArgsConfiguration : Eureka HTTP Client uses RestTemplate.
2025-10-29T03:07:33.113-05:00  WARN 19784 --- [mesa-service] [restartedMain] iguration$LoadBalancerCaffeineWarnLogger : Spring Cloud LoadBalancer is currently working with the default cache. While this cache implementation is useful for development and tests, it's recommended to use Caffeine cache in production.You can switch to using Caffeine cache, by adding it and org.springframework.cache.caffeine.CaffeineCacheManager to the classpath.
2025-10-29T03:07:33.169-05:00  INFO 19784 --- [mesa-service] [restartedMain] o.s.b.w.embedded.tomcat.TomcatWebServer  : Tomcat started on port 65495 (http) with context path '/'
2025-10-29T03:07:33.170-05:00  INFO 19784 --- [mesa-service] [restartedMain] .s.c.n.e.s.EurekaAutoServiceRegistration : Updating port to 65495
2025-10-29T03:07:33.172-05:00  INFO 19784 --- [mesa-service] [restartedMain] o.s.c.n.eureka.InstanceInfoFactory       : Setting initial instance status as: STARTING
2025-10-29T03:07:33.177-05:00  INFO 19784 --- [mesa-service] [restartedMain] com.netflix.discovery.DiscoveryClient    : Initializing Eureka in region us-east-1
2025-10-29T03:07:33.178-05:00  INFO 19784 --- [mesa-service] [restartedMain] c.n.d.s.r.aws.ConfigClusterResolver      : Resolving eureka endpoints via configuration
2025-10-29T03:07:33.179-05:00  INFO 19784 --- [mesa-service] [restartedMain] com.netflix.discovery.DiscoveryClient    : Disable delta property : false
2025-10-29T03:07:33.179-05:00  INFO 19784 --- [mesa-service] [restartedMain] com.netflix.discovery.DiscoveryClient    : Single vip registry refresh property : null
2025-10-29T03:07:33.179-05:00  INFO 19784 --- [mesa-service] [restartedMain] com.netflix.discovery.DiscoveryClient    : Force full registry fetch : false
2025-10-29T03:07:33.179-05:00  INFO 19784 --- [mesa-service] [restartedMain] com.netflix.discovery.DiscoveryClient    : Application is null : false
2025-10-29T03:07:33.179-05:00  INFO 19784 --- [mesa-service] [restartedMain] com.netflix.discovery.DiscoveryClient    : Registered Applications size is zero : true
2025-10-29T03:07:33.179-05:00  INFO 19784 --- [mesa-service] [restartedMain] com.netflix.discovery.DiscoveryClient    : Application version is -1: true
2025-10-29T03:07:33.180-05:00  INFO 19784 --- [mesa-service] [restartedMain] com.netflix.discovery.DiscoveryClient    : Getting all instance registry info from the eureka server
2025-10-29T03:07:33.208-05:00  INFO 19784 --- [mesa-service] [restartedMain] com.netflix.discovery.DiscoveryClient    : The response status is 200
2025-10-29T03:07:33.209-05:00  INFO 19784 --- [mesa-service] [restartedMain] com.netflix.discovery.DiscoveryClient    : Starting heartbeat executor: renew interval is: 30
2025-10-29T03:07:33.209-05:00  INFO 19784 --- [mesa-service] [restartedMain] c.n.discovery.InstanceInfoReplicator     : InstanceInfoReplicator onDemand update allowed rate per min is 4
2025-10-29T03:07:33.210-05:00  INFO 19784 --- [mesa-service] [restartedMain] com.netflix.discovery.DiscoveryClient    : Discovery Client initialized at timestamp 1761725253210 with initial instances count: 5
2025-10-29T03:07:33.212-05:00  INFO 19784 --- [mesa-service] [restartedMain] o.s.c.n.e.s.EurekaServiceRegistry        : Registering application MESA-SERVICE with eureka with status UP
2025-10-29T03:07:33.212-05:00  INFO 19784 --- [mesa-service] [restartedMain] com.netflix.discovery.DiscoveryClient    : Saw local status change event StatusChangeEvent [timestamp=1761725253212, current=UP, previous=STARTING]
2025-10-29T03:07:33.212-05:00  INFO 19784 --- [mesa-service] [DiscoveryClient-InstanceInfoReplicator-%d] com.netflix.discovery.DiscoveryClient    : DiscoveryClient_MESA-SERVICE/mesa-service:efc6e8ddb1e61e244c3954d05aabd3d1: registering service...
2025-10-29T03:07:33.227-05:00  INFO 19784 --- [mesa-service] [DiscoveryClient-InstanceInfoReplicator-%d] com.netflix.discovery.DiscoveryClient    : DiscoveryClient_MESA-SERVICE/mesa-service:efc6e8ddb1e61e244c3954d05aabd3d1 - registration status: 204
2025-10-29T03:07:33.232-05:00  INFO 19784 --- [mesa-service] [restartedMain] org.cibertec.MesaServiceApplication      : Started MesaServiceApplication in 2.88 seconds (process running for 1386.789)
2025-10-29T03:07:33.235-05:00  INFO 19784 --- [mesa-service] [restartedMain] .ConditionEvaluationDeltaLoggingListener : Condition evaluation unchanged
2025-10-29T03:11:27.711-05:00  INFO 19784 --- [mesa-service] [File Watcher] rtingClassPathChangeChangedEventListener : Restarting due to 12 class path changes (0 additions, 0 deletions, 12 modifications)
2025-10-29T03:11:27.711-05:00  INFO 19784 --- [mesa-service] [Thread-13] o.s.c.n.e.s.EurekaServiceRegistry        : Unregistering application MESA-SERVICE with eureka with status DOWN
2025-10-29T03:11:27.712-05:00  INFO 19784 --- [mesa-service] [Thread-13] com.netflix.discovery.DiscoveryClient    : Saw local status change event StatusChangeEvent [timestamp=1761725487712, current=DOWN, previous=UP]
2025-10-29T03:11:27.712-05:00  INFO 19784 --- [mesa-service] [DiscoveryClient-InstanceInfoReplicator-%d] com.netflix.discovery.DiscoveryClient    : DiscoveryClient_MESA-SERVICE/mesa-service:efc6e8ddb1e61e244c3954d05aabd3d1: registering service...
2025-10-29T03:11:27.712-05:00  INFO 19784 --- [mesa-service] [Thread-13] o.s.b.w.e.tomcat.GracefulShutdown        : Commencing graceful shutdown. Waiting for active requests to complete
2025-10-29T03:11:27.720-05:00  INFO 19784 --- [mesa-service] [tomcat-shutdown] o.s.b.w.e.tomcat.GracefulShutdown        : Graceful shutdown complete
2025-10-29T03:11:27.726-05:00  INFO 19784 --- [mesa-service] [DiscoveryClient-InstanceInfoReplicator-%d] com.netflix.discovery.DiscoveryClient    : DiscoveryClient_MESA-SERVICE/mesa-service:efc6e8ddb1e61e244c3954d05aabd3d1 - registration status: 204
2025-10-29T03:11:27.727-05:00  INFO 19784 --- [mesa-service] [Thread-13] j.LocalContainerEntityManagerFactoryBean : Closing JPA EntityManagerFactory for persistence unit 'default'
2025-10-29T03:11:27.728-05:00  INFO 19784 --- [mesa-service] [Thread-13] com.zaxxer.hikari.HikariDataSource       : HikariPool-3 - Shutdown initiated...
2025-10-29T03:11:27.736-05:00  INFO 19784 --- [mesa-service] [Thread-13] com.zaxxer.hikari.HikariDataSource       : HikariPool-3 - Shutdown completed.
2025-10-29T03:11:27.737-05:00  INFO 19784 --- [mesa-service] [Thread-13] com.netflix.discovery.DiscoveryClient    : Shutting down DiscoveryClient ...
2025-10-29T03:11:30.748-05:00  INFO 19784 --- [mesa-service] [Thread-13] com.netflix.discovery.DiscoveryClient    : Unregistering ...
2025-10-29T03:11:30.765-05:00  INFO 19784 --- [mesa-service] [Thread-13] com.netflix.discovery.DiscoveryClient    : DiscoveryClient_MESA-SERVICE/mesa-service:efc6e8ddb1e61e244c3954d05aabd3d1 - deregister  status: 200
2025-10-29T03:11:30.766-05:00  INFO 19784 --- [mesa-service] [Thread-13] com.netflix.discovery.DiscoveryClient    : Completed shut down of DiscoveryClient
2025-10-29T03:11:30.933-05:00  INFO 19784 --- [mesa-service] [restartedMain] org.cibertec.MesaServiceApplication      : Starting MesaServiceApplication using Java 21.0.8 with PID 19784 (C:\Users\ronca\OneDrive\Escritorio\Dev\DAW2\mesa-service\target\classes started by Arturo in C:\Users\ronca\OneDrive\Escritorio\Dev\DAW2\mesa-service)
2025-10-29T03:11:30.933-05:00  INFO 19784 --- [mesa-service] [restartedMain] org.cibertec.MesaServiceApplication      : No active profile set, falling back to 1 default profile: "default"
2025-10-29T03:11:30.935-05:00  INFO 19784 --- [mesa-service] [restartedMain] o.s.c.c.c.ConfigServerConfigDataLoader   : Fetching config from server at : http://localhost:8888
2025-10-29T03:11:30.936-05:00  INFO 19784 --- [mesa-service] [restartedMain] o.s.c.c.c.ConfigServerConfigDataLoader   : Located environment: name=mesa-service, profiles=[default], label=null, version=null, state=null
2025-10-29T03:11:31.637-05:00  INFO 19784 --- [mesa-service] [restartedMain] .s.d.r.c.RepositoryConfigurationDelegate : Bootstrapping Spring Data JPA repositories in DEFAULT mode.
2025-10-29T03:11:31.656-05:00  INFO 19784 --- [mesa-service] [restartedMain] .s.d.r.c.RepositoryConfigurationDelegate : Finished Spring Data repository scanning in 17 ms. Found 2 JPA repository interfaces.
2025-10-29T03:11:31.796-05:00  INFO 19784 --- [mesa-service] [restartedMain] o.s.cloud.context.scope.GenericScope     : BeanFactory id=823c8160-9f4f-31dd-b49f-a9354c025533
2025-10-29T03:11:31.928-05:00  INFO 19784 --- [mesa-service] [restartedMain] o.s.b.w.embedded.tomcat.TomcatWebServer  : Tomcat initialized with port 0 (http)
2025-10-29T03:11:31.932-05:00  INFO 19784 --- [mesa-service] [restartedMain] o.apache.catalina.core.StandardService   : Starting service [Tomcat]
2025-10-29T03:11:31.932-05:00  INFO 19784 --- [mesa-service] [restartedMain] o.apache.catalina.core.StandardEngine    : Starting Servlet engine: [Apache Tomcat/10.1.46]
2025-10-29T03:11:31.983-05:00  INFO 19784 --- [mesa-service] [restartedMain] o.a.c.c.C.[Tomcat].[localhost].[/]       : Initializing Spring embedded WebApplicationContext
2025-10-29T03:11:31.983-05:00  INFO 19784 --- [mesa-service] [restartedMain] w.s.c.ServletWebServerApplicationContext : Root WebApplicationContext: initialization completed in 1047 ms
2025-10-29T03:11:32.127-05:00  INFO 19784 --- [mesa-service] [restartedMain] com.zaxxer.hikari.HikariDataSource       : HikariPool-4 - Starting...
2025-10-29T03:11:32.145-05:00  INFO 19784 --- [mesa-service] [restartedMain] com.zaxxer.hikari.pool.HikariPool        : HikariPool-4 - Added connection com.mysql.cj.jdbc.ConnectionImpl@407f787e
2025-10-29T03:11:32.145-05:00  INFO 19784 --- [mesa-service] [restartedMain] com.zaxxer.hikari.HikariDataSource       : HikariPool-4 - Start completed.
2025-10-29T03:11:32.147-05:00  INFO 19784 --- [mesa-service] [restartedMain] o.hibernate.jpa.internal.util.LogHelper  : HHH000204: Processing PersistenceUnitInfo [name: default]
2025-10-29T03:11:32.153-05:00  INFO 19784 --- [mesa-service] [restartedMain] o.h.c.internal.RegionFactoryInitiator    : HHH000026: Second-level cache disabled
2025-10-29T03:11:32.168-05:00  INFO 19784 --- [mesa-service] [restartedMain] o.s.o.j.p.SpringPersistenceUnitInfo      : No LoadTimeWeaver setup: ignoring JPA class transformer
2025-10-29T03:11:32.171-05:00  INFO 19784 --- [mesa-service] [restartedMain] org.hibernate.orm.connections.pooling    : HHH10001005: Database info:
	Database JDBC URL [Connecting through datasource 'HikariDataSource (HikariPool-4)']
	Database driver: undefined/unknown
	Database version: 8.0.34
	Autocommit mode: undefined/unknown
	Isolation level: undefined/unknown
	Minimum pool size: undefined/unknown
	Maximum pool size: undefined/unknown
2025-10-29T03:11:32.299-05:00  INFO 19784 --- [mesa-service] [restartedMain] o.h.e.t.j.p.i.JtaPlatformInitiator       : HHH000489: No JTA platform available (set 'hibernate.transaction.jta.platform' to enable JTA platform integration)
2025-10-29T03:11:32.299-05:00  INFO 19784 --- [mesa-service] [restartedMain] j.LocalContainerEntityManagerFactoryBean : Initialized JPA EntityManagerFactory for persistence unit 'default'
2025-10-29T03:11:32.413-05:00  WARN 19784 --- [mesa-service] [restartedMain] JpaBaseConfiguration$JpaWebConfiguration : spring.jpa.open-in-view is enabled by default. Therefore, database queries may be performed during view rendering. Explicitly configure spring.jpa.open-in-view to disable this warning
2025-10-29T03:11:32.715-05:00  INFO 19784 --- [mesa-service] [restartedMain] o.s.b.a.e.web.EndpointLinksResolver      : Exposing 18 endpoints beneath base path '/actuator'
2025-10-29T03:11:32.933-05:00  WARN 19784 --- [mesa-service] [restartedMain] o.s.b.d.a.OptionalLiveReloadServer       : Unable to start LiveReload server
2025-10-29T03:11:32.953-05:00  INFO 19784 --- [mesa-service] [restartedMain] DiscoveryClientOptionalArgsConfiguration : Eureka HTTP Client uses RestTemplate.
2025-10-29T03:11:32.987-05:00  WARN 19784 --- [mesa-service] [restartedMain] iguration$LoadBalancerCaffeineWarnLogger : Spring Cloud LoadBalancer is currently working with the default cache. While this cache implementation is useful for development and tests, it's recommended to use Caffeine cache in production.You can switch to using Caffeine cache, by adding it and org.springframework.cache.caffeine.CaffeineCacheManager to the classpath.
2025-10-29T03:11:33.033-05:00  INFO 19784 --- [mesa-service] [restartedMain] o.s.b.w.embedded.tomcat.TomcatWebServer  : Tomcat started on port 50174 (http) with context path '/'
2025-10-29T03:11:33.034-05:00  INFO 19784 --- [mesa-service] [restartedMain] .s.c.n.e.s.EurekaAutoServiceRegistration : Updating port to 50174
2025-10-29T03:11:33.035-05:00  INFO 19784 --- [mesa-service] [restartedMain] o.s.c.n.eureka.InstanceInfoFactory       : Setting initial instance status as: STARTING
2025-10-29T03:11:33.040-05:00  INFO 19784 --- [mesa-service] [restartedMain] com.netflix.discovery.DiscoveryClient    : Initializing Eureka in region us-east-1
2025-10-29T03:11:33.040-05:00  INFO 19784 --- [mesa-service] [restartedMain] c.n.d.s.r.aws.ConfigClusterResolver      : Resolving eureka endpoints via configuration
2025-10-29T03:11:33.041-05:00  INFO 19784 --- [mesa-service] [restartedMain] com.netflix.discovery.DiscoveryClient    : Disable delta property : false
2025-10-29T03:11:33.041-05:00  INFO 19784 --- [mesa-service] [restartedMain] com.netflix.discovery.DiscoveryClient    : Single vip registry refresh property : null
2025-10-29T03:11:33.041-05:00  INFO 19784 --- [mesa-service] [restartedMain] com.netflix.discovery.DiscoveryClient    : Force full registry fetch : false
2025-10-29T03:11:33.041-05:00  INFO 19784 --- [mesa-service] [restartedMain] com.netflix.discovery.DiscoveryClient    : Application is null : false
2025-10-29T03:11:33.041-05:00  INFO 19784 --- [mesa-service] [restartedMain] com.netflix.discovery.DiscoveryClient    : Registered Applications size is zero : true
2025-10-29T03:11:33.041-05:00  INFO 19784 --- [mesa-service] [restartedMain] com.netflix.discovery.DiscoveryClient    : Application version is -1: true
2025-10-29T03:11:33.042-05:00  INFO 19784 --- [mesa-service] [restartedMain] com.netflix.discovery.DiscoveryClient    : Getting all instance registry info from the eureka server
2025-10-29T03:11:33.075-05:00  INFO 19784 --- [mesa-service] [restartedMain] com.netflix.discovery.DiscoveryClient    : The response status is 200
2025-10-29T03:11:33.076-05:00  INFO 19784 --- [mesa-service] [restartedMain] com.netflix.discovery.DiscoveryClient    : Starting heartbeat executor: renew interval is: 30
2025-10-29T03:11:33.076-05:00  INFO 19784 --- [mesa-service] [restartedMain] c.n.discovery.InstanceInfoReplicator     : InstanceInfoReplicator onDemand update allowed rate per min is 4
2025-10-29T03:11:33.077-05:00  INFO 19784 --- [mesa-service] [restartedMain] com.netflix.discovery.DiscoveryClient    : Discovery Client initialized at timestamp 1761725493077 with initial instances count: 6
2025-10-29T03:11:33.079-05:00  INFO 19784 --- [mesa-service] [restartedMain] o.s.c.n.e.s.EurekaServiceRegistry        : Registering application MESA-SERVICE with eureka with status UP
2025-10-29T03:11:33.080-05:00  INFO 19784 --- [mesa-service] [restartedMain] com.netflix.discovery.DiscoveryClient    : Saw local status change event StatusChangeEvent [timestamp=1761725493080, current=UP, previous=STARTING]
2025-10-29T03:11:33.080-05:00  INFO 19784 --- [mesa-service] [DiscoveryClient-InstanceInfoReplicator-%d] com.netflix.discovery.DiscoveryClient    : DiscoveryClient_MESA-SERVICE/mesa-service:a83790a87e7db26d05b31ce19886311d: registering service...
2025-10-29T03:11:33.094-05:00  INFO 19784 --- [mesa-service] [DiscoveryClient-InstanceInfoReplicator-%d] com.netflix.discovery.DiscoveryClient    : DiscoveryClient_MESA-SERVICE/mesa-service:a83790a87e7db26d05b31ce19886311d - registration status: 204
2025-10-29T03:11:33.096-05:00  INFO 19784 --- [mesa-service] [restartedMain] org.cibertec.MesaServiceApplication      : Started MesaServiceApplication in 2.256 seconds (process running for 1626.653)
2025-10-29T03:11:33.098-05:00  INFO 19784 --- [mesa-service] [restartedMain] .ConditionEvaluationDeltaLoggingListener : Condition evaluation unchanged
2025-10-29T03:16:33.045-05:00  INFO 19784 --- [mesa-service] [AsyncResolver-bootstrap-executor-%d] c.n.d.s.r.aws.ConfigClusterResolver      : Resolving eureka endpoints via configuration
2025-10-29T03:20:01.920-05:00  INFO 19784 --- [mesa-service] [RMI TCP Connection(58)-127.0.0.1] inMXBeanRegistrar$SpringApplicationAdmin : Application shutdown requested.
2025-10-29T03:20:01.921-05:00  INFO 19784 --- [mesa-service] [RMI TCP Connection(58)-127.0.0.1] o.s.c.n.e.s.EurekaServiceRegistry        : Unregistering application MESA-SERVICE with eureka with status DOWN
2025-10-29T03:20:01.921-05:00  INFO 19784 --- [mesa-service] [RMI TCP Connection(58)-127.0.0.1] com.netflix.discovery.DiscoveryClient    : Saw local status change event StatusChangeEvent [timestamp=1761726001921, current=DOWN, previous=UP]
2025-10-29T03:20:01.921-05:00  INFO 19784 --- [mesa-service] [DiscoveryClient-InstanceInfoReplicator-%d] com.netflix.discovery.DiscoveryClient    : DiscoveryClient_MESA-SERVICE/mesa-service:a83790a87e7db26d05b31ce19886311d: registering service...
2025-10-29T03:20:01.922-05:00  INFO 19784 --- [mesa-service] [RMI TCP Connection(58)-127.0.0.1] o.s.b.w.e.tomcat.GracefulShutdown        : Commencing graceful shutdown. Waiting for active requests to complete
2025-10-29T03:20:01.930-05:00  INFO 19784 --- [mesa-service] [tomcat-shutdown] o.s.b.w.e.tomcat.GracefulShutdown        : Graceful shutdown complete
2025-10-29T03:20:01.934-05:00  INFO 19784 --- [mesa-service] [DiscoveryClient-InstanceInfoReplicator-%d] c.n.d.s.t.d.RedirectingEurekaHttpClient  : Request execution error. endpoint=DefaultEndpoint{ serviceUrl='http://localhost:8761/eureka/} exception=I/O error on POST request for "http://localhost:8761/eureka/apps/MESA-SERVICE": Connect to http://localhost:8761 [localhost/127.0.0.1, localhost/0:0:0:0:0:0:0:1] failed: Connection refused: getsockopt stacktrace=org.springframework.web.client.ResourceAccessException: I/O error on POST request for "http://localhost:8761/eureka/apps/MESA-SERVICE": Connect to http://localhost:8761 [localhost/127.0.0.1, localhost/0:0:0:0:0:0:0:1] failed: Connection refused: getsockopt
	at org.springframework.web.client.RestTemplate.createResourceAccessException(RestTemplate.java:926)
	at org.springframework.web.client.RestTemplate.doExecute(RestTemplate.java:906)
	at org.springframework.web.client.RestTemplate.execute(RestTemplate.java:841)
	at org.springframework.web.client.RestTemplate.exchange(RestTemplate.java:702)
	at org.springframework.cloud.netflix.eureka.http.RestTemplateEurekaHttpClient.register(RestTemplateEurekaHttpClient.java:87)
	at com.netflix.discovery.shared.transport.decorator.EurekaHttpClientDecorator$1.execute(EurekaHttpClientDecorator.java:59)
	at com.netflix.discovery.shared.transport.decorator.RedirectingEurekaHttpClient.execute(RedirectingEurekaHttpClient.java:91)
	at com.netflix.discovery.shared.transport.decorator.EurekaHttpClientDecorator.register(EurekaHttpClientDecorator.java:56)
	at com.netflix.discovery.shared.transport.decorator.EurekaHttpClientDecorator$1.execute(EurekaHttpClientDecorator.java:59)
	at com.netflix.discovery.shared.transport.decorator.RetryableEurekaHttpClient.execute(RetryableEurekaHttpClient.java:120)
	at com.netflix.discovery.shared.transport.decorator.EurekaHttpClientDecorator.register(EurekaHttpClientDecorator.java:56)
	at com.netflix.discovery.shared.transport.decorator.EurekaHttpClientDecorator$1.execute(EurekaHttpClientDecorator.java:59)
	at com.netflix.discovery.shared.transport.decorator.SessionedEurekaHttpClient.execute(SessionedEurekaHttpClient.java:76)
	at com.netflix.discovery.shared.transport.decorator.EurekaHttpClientDecorator.register(EurekaHttpClientDecorator.java:56)
	at com.netflix.discovery.DiscoveryClient.register(DiscoveryClient.java:828)
	at com.netflix.discovery.InstanceInfoReplicator.run(InstanceInfoReplicator.java:125)
	at com.netflix.discovery.InstanceInfoReplicator$2.run(InstanceInfoReplicator.java:105)
	at java.base/java.util.concurrent.Executors$RunnableAdapter.call(Executors.java:572)
	at java.base/java.util.concurrent.FutureTask.run(FutureTask.java:317)
	at java.base/java.util.concurrent.ScheduledThreadPoolExecutor$ScheduledFutureTask.run(ScheduledThreadPoolExecutor.java:304)
	at java.base/java.util.concurrent.ThreadPoolExecutor.runWorker(ThreadPoolExecutor.java:1144)
	at java.base/java.util.concurrent.ThreadPoolExecutor$Worker.run(ThreadPoolExecutor.java:642)
	at java.base/java.lang.Thread.run(Thread.java:1583)
Caused by: org.apache.hc.client5.http.HttpHostConnectException: Connect to http://localhost:8761 [localhost/127.0.0.1, localhost/0:0:0:0:0:0:0:1] failed: Connection refused: getsockopt
	at java.base/sun.nio.ch.Net.pollConnect(Native Method)
	at java.base/sun.nio.ch.Net.pollConnectNow(Net.java:682)
	at java.base/sun.nio.ch.NioSocketImpl.timedFinishConnect(NioSocketImpl.java:542)
	at java.base/sun.nio.ch.NioSocketImpl.connect(NioSocketImpl.java:592)
	at java.base/java.net.SocksSocketImpl.connect(SocksSocketImpl.java:327)
	at java.base/java.net.Socket.connect(Socket.java:751)
	at org.apache.hc.client5.http.impl.io.DefaultHttpClientConnectionOperator.connect(DefaultHttpClientConnectionOperator.java:216)
	at org.apache.hc.client5.http.impl.io.PoolingHttpClientConnectionManager.connect(PoolingHttpClientConnectionManager.java:490)
	at org.apache.hc.client5.http.impl.classic.InternalExecRuntime.connectEndpoint(InternalExecRuntime.java:164)
	at org.apache.hc.client5.http.impl.classic.InternalExecRuntime.connectEndpoint(InternalExecRuntime.java:174)
	at org.apache.hc.client5.http.impl.classic.ConnectExec.execute(ConnectExec.java:144)
	at org.apache.hc.client5.http.impl.classic.ExecChainElement.execute(ExecChainElement.java:51)
	at org.apache.hc.client5.http.impl.classic.ProtocolExec.execute(ProtocolExec.java:192)
	at org.apache.hc.client5.http.impl.classic.ExecChainElement.execute(ExecChainElement.java:51)
	at org.apache.hc.client5.http.impl.classic.ContentCompressionExec.execute(ContentCompressionExec.java:150)
	at org.apache.hc.client5.http.impl.classic.ExecChainElement.execute(ExecChainElement.java:51)
	at org.apache.hc.client5.http.impl.classic.HttpRequestRetryExec.execute(HttpRequestRetryExec.java:113)
	at org.apache.hc.client5.http.impl.classic.ExecChainElement.execute(ExecChainElement.java:51)
	at org.apache.hc.client5.http.impl.classic.RedirectExec.execute(RedirectExec.java:110)
	at org.apache.hc.client5.http.impl.classic.ExecChainElement.execute(ExecChainElement.java:51)
	at org.apache.hc.client5.http.impl.classic.InternalHttpClient.doExecute(InternalHttpClient.java:183)
	at org.apache.hc.client5.http.impl.classic.CloseableHttpClient.execute(CloseableHttpClient.java:87)
	at org.apache.hc.client5.http.impl.classic.CloseableHttpClient.execute(CloseableHttpClient.java:55)
	at org.apache.hc.client5.http.classic.HttpClient.executeOpen(HttpClient.java:183)
	at org.springframework.http.client.HttpComponentsClientHttpRequest.executeInternal(HttpComponentsClientHttpRequest.java:99)
	at org.springframework.http.client.AbstractStreamingClientHttpRequest.executeInternal(AbstractStreamingClientHttpRequest.java:71)
	at org.springframework.http.client.AbstractClientHttpRequest.execute(AbstractClientHttpRequest.java:81)
	at org.springframework.http.client.InterceptingClientHttpRequest$InterceptingRequestExecution.execute(InterceptingClientHttpRequest.java:117)
	at org.springframework.cloud.netflix.eureka.http.RestTemplateTransportClientFactory.lambda$restTemplate$3(RestTemplateTransportClientFactory.java:141)
	at org.springframework.http.client.InterceptingClientHttpRequest$InterceptingRequestExecution.execute(InterceptingClientHttpRequest.java:88)
	at org.springframework.http.client.InterceptingClientHttpRequest.executeInternal(InterceptingClientHttpRequest.java:72)
	at org.springframework.http.client.AbstractBufferingClientHttpRequest.executeInternal(AbstractBufferingClientHttpRequest.java:48)
	at org.springframework.http.client.AbstractClientHttpRequest.execute(AbstractClientHttpRequest.java:81)
	at org.springframework.web.client.RestTemplate.doExecute(RestTemplate.java:900)
	... 21 more

2025-10-29T03:20:01.935-05:00  WARN 19784 --- [mesa-service] [DiscoveryClient-InstanceInfoReplicator-%d] c.n.d.s.t.d.RetryableEurekaHttpClient    : Request execution failed with message: I/O error on POST request for "http://localhost:8761/eureka/apps/MESA-SERVICE": Connect to http://localhost:8761 [localhost/127.0.0.1, localhost/0:0:0:0:0:0:0:1] failed: Connection refused: getsockopt
2025-10-29T03:20:01.935-05:00  INFO 19784 --- [mesa-service] [RMI TCP Connection(58)-127.0.0.1] j.LocalContainerEntityManagerFactoryBean : Closing JPA EntityManagerFactory for persistence unit 'default'
2025-10-29T03:20:01.935-05:00  INFO 19784 --- [mesa-service] [RMI TCP Connection(58)-127.0.0.1] com.zaxxer.hikari.HikariDataSource       : HikariPool-4 - Shutdown initiated...
2025-10-29T03:20:01.943-05:00  INFO 19784 --- [mesa-service] [RMI TCP Connection(58)-127.0.0.1] com.zaxxer.hikari.HikariDataSource       : HikariPool-4 - Shutdown completed.
2025-10-29T03:20:01.944-05:00  INFO 19784 --- [mesa-service] [DiscoveryClient-InstanceInfoReplicator-%d] c.n.d.s.t.d.RedirectingEurekaHttpClient  : Request execution error. endpoint=DefaultEndpoint{ serviceUrl='http://localhost:8761/eureka/}, exception=I/O error on POST request for "http://localhost:8761/eureka/apps/MESA-SERVICE": Connect to http://localhost:8761 [localhost/127.0.0.1, localhost/0:0:0:0:0:0:0:1] failed: Connection refused: getsockopt stacktrace=org.springframework.web.client.ResourceAccessException: I/O error on POST request for "http://localhost:8761/eureka/apps/MESA-SERVICE": Connect to http://localhost:8761 [localhost/127.0.0.1, localhost/0:0:0:0:0:0:0:1] failed: Connection refused: getsockopt
	at org.springframework.web.client.RestTemplate.createResourceAccessException(RestTemplate.java:926)
	at org.springframework.web.client.RestTemplate.doExecute(RestTemplate.java:906)
	at org.springframework.web.client.RestTemplate.execute(RestTemplate.java:841)
	at org.springframework.web.client.RestTemplate.exchange(RestTemplate.java:702)
	at org.springframework.cloud.netflix.eureka.http.RestTemplateEurekaHttpClient.register(RestTemplateEurekaHttpClient.java:87)
	at com.netflix.discovery.shared.transport.decorator.EurekaHttpClientDecorator$1.execute(EurekaHttpClientDecorator.java:59)
	at com.netflix.discovery.shared.transport.decorator.RedirectingEurekaHttpClient.executeOnNewServer(RedirectingEurekaHttpClient.java:121)
	at com.netflix.discovery.shared.transport.decorator.RedirectingEurekaHttpClient.execute(RedirectingEurekaHttpClient.java:80)
	at com.netflix.discovery.shared.transport.decorator.EurekaHttpClientDecorator.register(EurekaHttpClientDecorator.java:56)
	at com.netflix.discovery.shared.transport.decorator.EurekaHttpClientDecorator$1.execute(EurekaHttpClientDecorator.java:59)
	at com.netflix.discovery.shared.transport.decorator.RetryableEurekaHttpClient.execute(RetryableEurekaHttpClient.java:120)
	at com.netflix.discovery.shared.transport.decorator.EurekaHttpClientDecorator.register(EurekaHttpClientDecorator.java:56)
	at com.netflix.discovery.shared.transport.decorator.EurekaHttpClientDecorator$1.execute(EurekaHttpClientDecorator.java:59)
	at com.netflix.discovery.shared.transport.decorator.SessionedEurekaHttpClient.execute(SessionedEurekaHttpClient.java:76)
	at com.netflix.discovery.shared.transport.decorator.EurekaHttpClientDecorator.register(EurekaHttpClientDecorator.java:56)
	at com.netflix.discovery.DiscoveryClient.register(DiscoveryClient.java:828)
	at com.netflix.discovery.InstanceInfoReplicator.run(InstanceInfoReplicator.java:125)
	at com.netflix.discovery.InstanceInfoReplicator$2.run(InstanceInfoReplicator.java:105)
	at java.base/java.util.concurrent.Executors$RunnableAdapter.call(Executors.java:572)
	at java.base/java.util.concurrent.FutureTask.run(FutureTask.java:317)
	at java.base/java.util.concurrent.ScheduledThreadPoolExecutor$ScheduledFutureTask.run(ScheduledThreadPoolExecutor.java:304)
	at java.base/java.util.concurrent.ThreadPoolExecutor.runWorker(ThreadPoolExecutor.java:1144)
	at java.base/java.util.concurrent.ThreadPoolExecutor$Worker.run(ThreadPoolExecutor.java:642)
	at java.base/java.lang.Thread.run(Thread.java:1583)
Caused by: org.apache.hc.client5.http.HttpHostConnectException: Connect to http://localhost:8761 [localhost/127.0.0.1, localhost/0:0:0:0:0:0:0:1] failed: Connection refused: getsockopt
	at java.base/sun.nio.ch.Net.pollConnect(Native Method)
	at java.base/sun.nio.ch.Net.pollConnectNow(Net.java:682)
	at java.base/sun.nio.ch.NioSocketImpl.timedFinishConnect(NioSocketImpl.java:542)
	at java.base/sun.nio.ch.NioSocketImpl.connect(NioSocketImpl.java:592)
	at java.base/java.net.SocksSocketImpl.connect(SocksSocketImpl.java:327)
	at java.base/java.net.Socket.connect(Socket.java:751)
	at org.apache.hc.client5.http.impl.io.DefaultHttpClientConnectionOperator.connect(DefaultHttpClientConnectionOperator.java:216)
	at org.apache.hc.client5.http.impl.io.PoolingHttpClientConnectionManager.connect(PoolingHttpClientConnectionManager.java:490)
	at org.apache.hc.client5.http.impl.classic.InternalExecRuntime.connectEndpoint(InternalExecRuntime.java:164)
	at org.apache.hc.client5.http.impl.classic.InternalExecRuntime.connectEndpoint(InternalExecRuntime.java:174)
	at org.apache.hc.client5.http.impl.classic.ConnectExec.execute(ConnectExec.java:144)
	at org.apache.hc.client5.http.impl.classic.ExecChainElement.execute(ExecChainElement.java:51)
	at org.apache.hc.client5.http.impl.classic.ProtocolExec.execute(ProtocolExec.java:192)
	at org.apache.hc.client5.http.impl.classic.ExecChainElement.execute(ExecChainElement.java:51)
	at org.apache.hc.client5.http.impl.classic.ContentCompressionExec.execute(ContentCompressionExec.java:150)
	at org.apache.hc.client5.http.impl.classic.ExecChainElement.execute(ExecChainElement.java:51)
	at org.apache.hc.client5.http.impl.classic.HttpRequestRetryExec.execute(HttpRequestRetryExec.java:113)
	at org.apache.hc.client5.http.impl.classic.ExecChainElement.execute(ExecChainElement.java:51)
	at org.apache.hc.client5.http.impl.classic.RedirectExec.execute(RedirectExec.java:110)
	at org.apache.hc.client5.http.impl.classic.ExecChainElement.execute(ExecChainElement.java:51)
	at org.apache.hc.client5.http.impl.classic.InternalHttpClient.doExecute(InternalHttpClient.java:183)
	at org.apache.hc.client5.http.impl.classic.CloseableHttpClient.execute(CloseableHttpClient.java:87)
	at org.apache.hc.client5.http.impl.classic.CloseableHttpClient.execute(CloseableHttpClient.java:55)
	at org.apache.hc.client5.http.classic.HttpClient.executeOpen(HttpClient.java:183)
	at org.springframework.http.client.HttpComponentsClientHttpRequest.executeInternal(HttpComponentsClientHttpRequest.java:99)
	at org.springframework.http.client.AbstractStreamingClientHttpRequest.executeInternal(AbstractStreamingClientHttpRequest.java:71)
	at org.springframework.http.client.AbstractClientHttpRequest.execute(AbstractClientHttpRequest.java:81)
	at org.springframework.http.client.InterceptingClientHttpRequest$InterceptingRequestExecution.execute(InterceptingClientHttpRequest.java:117)
	at org.springframework.cloud.netflix.eureka.http.RestTemplateTransportClientFactory.lambda$restTemplate$3(RestTemplateTransportClientFactory.java:141)
	at org.springframework.http.client.InterceptingClientHttpRequest$InterceptingRequestExecution.execute(InterceptingClientHttpRequest.java:88)
	at org.springframework.http.client.InterceptingClientHttpRequest.executeInternal(InterceptingClientHttpRequest.java:72)
	at org.springframework.http.client.AbstractBufferingClientHttpRequest.executeInternal(AbstractBufferingClientHttpRequest.java:48)
	at org.springframework.http.client.AbstractClientHttpRequest.execute(AbstractClientHttpRequest.java:81)
	at org.springframework.web.client.RestTemplate.doExecute(RestTemplate.java:900)
	... 22 more

2025-10-29T03:20:01.944-05:00  WARN 19784 --- [mesa-service] [DiscoveryClient-InstanceInfoReplicator-%d] c.n.d.s.t.d.RetryableEurekaHttpClient    : Request execution failed with message: I/O error on POST request for "http://localhost:8761/eureka/apps/MESA-SERVICE": Connect to http://localhost:8761 [localhost/127.0.0.1, localhost/0:0:0:0:0:0:0:1] failed: Connection refused: getsockopt
2025-10-29T03:20:01.944-05:00  INFO 19784 --- [mesa-service] [RMI TCP Connection(58)-127.0.0.1] com.netflix.discovery.DiscoveryClient    : Shutting down DiscoveryClient ...
2025-10-29T03:20:01.944-05:00  WARN 19784 --- [mesa-service] [DiscoveryClient-InstanceInfoReplicator-%d] com.netflix.discovery.DiscoveryClient    : DiscoveryClient_MESA-SERVICE/mesa-service:a83790a87e7db26d05b31ce19886311d - registration failed Cannot execute request on any known server

com.netflix.discovery.shared.transport.TransportException: Cannot execute request on any known server
	at com.netflix.discovery.shared.transport.decorator.RetryableEurekaHttpClient.execute(RetryableEurekaHttpClient.java:112) ~[eureka-client-2.0.4.jar:2.0.4]
	at com.netflix.discovery.shared.transport.decorator.EurekaHttpClientDecorator.register(EurekaHttpClientDecorator.java:56) ~[eureka-client-2.0.4.jar:2.0.4]
	at com.netflix.discovery.shared.transport.decorator.EurekaHttpClientDecorator$1.execute(EurekaHttpClientDecorator.java:59) ~[eureka-client-2.0.4.jar:2.0.4]
	at com.netflix.discovery.shared.transport.decorator.SessionedEurekaHttpClient.execute(SessionedEurekaHttpClient.java:76) ~[eureka-client-2.0.4.jar:2.0.4]
	at com.netflix.discovery.shared.transport.decorator.EurekaHttpClientDecorator.register(EurekaHttpClientDecorator.java:56) ~[eureka-client-2.0.4.jar:2.0.4]
	at com.netflix.discovery.DiscoveryClient.register(DiscoveryClient.java:828) ~[eureka-client-2.0.4.jar:2.0.4]
	at com.netflix.discovery.InstanceInfoReplicator.run(InstanceInfoReplicator.java:125) ~[eureka-client-2.0.4.jar:2.0.4]
	at com.netflix.discovery.InstanceInfoReplicator$2.run(InstanceInfoReplicator.java:105) ~[eureka-client-2.0.4.jar:2.0.4]
	at java.base/java.util.concurrent.Executors$RunnableAdapter.call(Executors.java:572) ~[na:na]
	at java.base/java.util.concurrent.FutureTask.run(FutureTask.java:317) ~[na:na]
	at java.base/java.util.concurrent.ScheduledThreadPoolExecutor$ScheduledFutureTask.run(ScheduledThreadPoolExecutor.java:304) ~[na:na]
	at java.base/java.util.concurrent.ThreadPoolExecutor.runWorker(ThreadPoolExecutor.java:1144) ~[na:na]
	at java.base/java.util.concurrent.ThreadPoolExecutor$Worker.run(ThreadPoolExecutor.java:642) ~[na:na]
	at java.base/java.lang.Thread.run(Thread.java:1583) ~[na:na]

2025-10-29T03:20:01.952-05:00  WARN 19784 --- [mesa-service] [DiscoveryClient-InstanceInfoReplicator-%d] c.n.discovery.InstanceInfoReplicator     : There was a problem with the instance info replicator

com.netflix.discovery.shared.transport.TransportException: Cannot execute request on any known server
	at com.netflix.discovery.shared.transport.decorator.RetryableEurekaHttpClient.execute(RetryableEurekaHttpClient.java:112) ~[eureka-client-2.0.4.jar:2.0.4]
	at com.netflix.discovery.shared.transport.decorator.EurekaHttpClientDecorator.register(EurekaHttpClientDecorator.java:56) ~[eureka-client-2.0.4.jar:2.0.4]
	at com.netflix.discovery.shared.transport.decorator.EurekaHttpClientDecorator$1.execute(EurekaHttpClientDecorator.java:59) ~[eureka-client-2.0.4.jar:2.0.4]
	at com.netflix.discovery.shared.transport.decorator.SessionedEurekaHttpClient.execute(SessionedEurekaHttpClient.java:76) ~[eureka-client-2.0.4.jar:2.0.4]
	at com.netflix.discovery.shared.transport.decorator.EurekaHttpClientDecorator.register(EurekaHttpClientDecorator.java:56) ~[eureka-client-2.0.4.jar:2.0.4]
	at com.netflix.discovery.DiscoveryClient.register(DiscoveryClient.java:828) ~[eureka-client-2.0.4.jar:2.0.4]
	at com.netflix.discovery.InstanceInfoReplicator.run(InstanceInfoReplicator.java:125) ~[eureka-client-2.0.4.jar:2.0.4]
	at com.netflix.discovery.InstanceInfoReplicator$2.run(InstanceInfoReplicator.java:105) ~[eureka-client-2.0.4.jar:2.0.4]
	at java.base/java.util.concurrent.Executors$RunnableAdapter.call(Executors.java:572) ~[na:na]
	at java.base/java.util.concurrent.FutureTask.run(FutureTask.java:317) ~[na:na]
	at java.base/java.util.concurrent.ScheduledThreadPoolExecutor$ScheduledFutureTask.run(ScheduledThreadPoolExecutor.java:304) ~[na:na]
	at java.base/java.util.concurrent.ThreadPoolExecutor.runWorker(ThreadPoolExecutor.java:1144) ~[na:na]
	at java.base/java.util.concurrent.ThreadPoolExecutor$Worker.run(ThreadPoolExecutor.java:642) ~[na:na]
	at java.base/java.lang.Thread.run(Thread.java:1583) ~[na:na]

2025-10-29T03:20:01.955-05:00  INFO 19784 --- [mesa-service] [RMI TCP Connection(58)-127.0.0.1] com.netflix.discovery.DiscoveryClient    : Unregistering ...
2025-10-29T03:20:01.961-05:00  INFO 19784 --- [mesa-service] [RMI TCP Connection(58)-127.0.0.1] c.n.d.s.t.d.RedirectingEurekaHttpClient  : Request execution error. endpoint=DefaultEndpoint{ serviceUrl='http://localhost:8761/eureka/}, exception=I/O error on DELETE request for "http://localhost:8761/eureka/apps/MESA-SERVICE/mesa-service:a83790a87e7db26d05b31ce19886311d": Connect to http://localhost:8761 [localhost/127.0.0.1, localhost/0:0:0:0:0:0:0:1] failed: Connection refused: getsockopt stacktrace=org.springframework.web.client.ResourceAccessException: I/O error on DELETE request for "http://localhost:8761/eureka/apps/MESA-SERVICE/mesa-service:a83790a87e7db26d05b31ce19886311d": Connect to http://localhost:8761 [localhost/127.0.0.1, localhost/0:0:0:0:0:0:0:1] failed: Connection refused: getsockopt
	at org.springframework.web.client.RestTemplate.createResourceAccessException(RestTemplate.java:926)
	at org.springframework.web.client.RestTemplate.doExecute(RestTemplate.java:906)
	at org.springframework.web.client.RestTemplate.execute(RestTemplate.java:841)
	at org.springframework.web.client.RestTemplate.exchange(RestTemplate.java:702)
	at org.springframework.cloud.netflix.eureka.http.RestTemplateEurekaHttpClient.cancel(RestTemplateEurekaHttpClient.java:100)
	at com.netflix.discovery.shared.transport.decorator.EurekaHttpClientDecorator$2.execute(EurekaHttpClientDecorator.java:74)
	at com.netflix.discovery.shared.transport.decorator.RedirectingEurekaHttpClient.executeOnNewServer(RedirectingEurekaHttpClient.java:121)
	at com.netflix.discovery.shared.transport.decorator.RedirectingEurekaHttpClient.execute(RedirectingEurekaHttpClient.java:80)
	at com.netflix.discovery.shared.transport.decorator.EurekaHttpClientDecorator.cancel(EurekaHttpClientDecorator.java:71)
	at com.netflix.discovery.shared.transport.decorator.EurekaHttpClientDecorator$2.execute(EurekaHttpClientDecorator.java:74)
	at com.netflix.discovery.shared.transport.decorator.RetryableEurekaHttpClient.execute(RetryableEurekaHttpClient.java:120)
	at com.netflix.discovery.shared.transport.decorator.EurekaHttpClientDecorator.cancel(EurekaHttpClientDecorator.java:71)
	at com.netflix.discovery.shared.transport.decorator.EurekaHttpClientDecorator$2.execute(EurekaHttpClientDecorator.java:74)
	at com.netflix.discovery.shared.transport.decorator.SessionedEurekaHttpClient.execute(SessionedEurekaHttpClient.java:76)
	at com.netflix.discovery.shared.transport.decorator.EurekaHttpClientDecorator.cancel(EurekaHttpClientDecorator.java:71)
	at com.netflix.discovery.DiscoveryClient.unregister(DiscoveryClient.java:919)
	at com.netflix.discovery.DiscoveryClient.shutdown(DiscoveryClient.java:900)
	at java.base/jdk.internal.reflect.DirectMethodHandleAccessor.invoke(DirectMethodHandleAccessor.java:103)
	at java.base/java.lang.reflect.Method.invoke(Method.java:580)
	at org.springframework.beans.factory.annotation.InitDestroyAnnotationBeanPostProcessor$LifecycleMethod.invoke(InitDestroyAnnotationBeanPostProcessor.java:457)
	at org.springframework.beans.factory.annotation.InitDestroyAnnotationBeanPostProcessor$LifecycleMetadata.invokeDestroyMethods(InitDestroyAnnotationBeanPostProcessor.java:415)
	at org.springframework.beans.factory.annotation.InitDestroyAnnotationBeanPostProcessor.postProcessBeforeDestruction(InitDestroyAnnotationBeanPostProcessor.java:239)
	at org.springframework.beans.factory.support.DisposableBeanAdapter.destroy(DisposableBeanAdapter.java:203)
	at org.springframework.beans.factory.support.DisposableBeanAdapter.run(DisposableBeanAdapter.java:196)
	at org.springframework.cloud.context.scope.GenericScope$BeanLifecycleWrapper.destroy(GenericScope.java:389)
	at org.springframework.cloud.context.scope.GenericScope.destroy(GenericScope.java:136)
	at org.springframework.beans.factory.support.DisposableBeanAdapter.destroy(DisposableBeanAdapter.java:212)
	at org.springframework.beans.factory.support.DefaultSingletonBeanRegistry.destroyBean(DefaultSingletonBeanRegistry.java:798)
	at org.springframework.beans.factory.support.DefaultSingletonBeanRegistry.destroySingleton(DefaultSingletonBeanRegistry.java:748)
	at org.springframework.beans.factory.support.DefaultListableBeanFactory.destroySingleton(DefaultListableBeanFactory.java:1489)
	at org.springframework.beans.factory.support.DefaultSingletonBeanRegistry.destroySingletons(DefaultSingletonBeanRegistry.java:707)
	at org.springframework.beans.factory.support.DefaultListableBeanFactory.destroySingletons(DefaultListableBeanFactory.java:1482)
	at org.springframework.context.support.AbstractApplicationContext.destroyBeans(AbstractApplicationContext.java:1219)
	at org.springframework.context.support.AbstractApplicationContext.doClose(AbstractApplicationContext.java:1180)
	at org.springframework.boot.web.servlet.context.ServletWebServerApplicationContext.doClose(ServletWebServerApplicationContext.java:179)
	at org.springframework.context.support.AbstractApplicationContext.close(AbstractApplicationContext.java:1126)
	at org.springframework.boot.admin.SpringApplicationAdminMXBeanRegistrar$SpringApplicationAdmin.shutdown(SpringApplicationAdminMXBeanRegistrar.java:160)
	at java.base/jdk.internal.reflect.DirectMethodHandleAccessor.invoke(DirectMethodHandleAccessor.java:103)
	at java.base/java.lang.reflect.Method.invoke(Method.java:580)
	at sun.reflect.misc.Trampoline.invoke(MethodUtil.java:64)
	at java.base/jdk.internal.reflect.DirectMethodHandleAccessor.invoke(DirectMethodHandleAccessor.java:103)
	at java.base/java.lang.reflect.Method.invoke(Method.java:580)
	at java.base/sun.reflect.misc.MethodUtil.invoke(MethodUtil.java:97)
	at java.management/com.sun.jmx.mbeanserver.ConvertingMethod.invokeWithOpenReturn(ConvertingMethod.java:193)
	at java.management/com.sun.jmx.mbeanserver.ConvertingMethod.invokeWithOpenReturn(ConvertingMethod.java:175)
	at java.management/com.sun.jmx.mbeanserver.MXBeanIntrospector.invokeM2(MXBeanIntrospector.java:115)
	at java.management/com.sun.jmx.mbeanserver.MXBeanIntrospector.invokeM2(MXBeanIntrospector.java:52)
	at java.management/com.sun.jmx.mbeanserver.MBeanIntrospector.invokeM(MBeanIntrospector.java:236)
	at java.management/com.sun.jmx.mbeanserver.PerInterface.invoke(PerInterface.java:138)
	at java.management/com.sun.jmx.mbeanserver.MBeanSupport.invoke(MBeanSupport.java:252)
	at java.management/com.sun.jmx.interceptor.DefaultMBeanServerInterceptor.invoke(DefaultMBeanServerInterceptor.java:803)
	at java.management/com.sun.jmx.mbeanserver.JmxMBeanServer.invoke(JmxMBeanServer.java:802)
	at java.management.rmi/javax.management.remote.rmi.RMIConnectionImpl.doOperation(RMIConnectionImpl.java:1472)
	at java.management.rmi/javax.management.remote.rmi.RMIConnectionImpl$PrivilegedOperation.run(RMIConnectionImpl.java:1310)
	at java.management.rmi/javax.management.remote.rmi.RMIConnectionImpl.doPrivilegedOperation(RMIConnectionImpl.java:1405)
	at java.management.rmi/javax.management.remote.rmi.RMIConnectionImpl.invoke(RMIConnectionImpl.java:829)
	at java.base/jdk.internal.reflect.DirectMethodHandleAccessor.invoke(DirectMethodHandleAccessor.java:103)
	at java.base/java.lang.reflect.Method.invoke(Method.java:580)
	at java.rmi/sun.rmi.server.UnicastServerRef.dispatch(UnicastServerRef.java:360)
	at java.rmi/sun.rmi.transport.Transport$1.run(Transport.java:200)
	at java.rmi/sun.rmi.transport.Transport$1.run(Transport.java:197)
	at java.base/java.security.AccessController.doPrivileged(AccessController.java:714)
	at java.rmi/sun.rmi.transport.Transport.serviceCall(Transport.java:196)
	at java.rmi/sun.rmi.transport.tcp.TCPTransport.handleMessages(TCPTransport.java:598)
	at java.rmi/sun.rmi.transport.tcp.TCPTransport$ConnectionHandler.run0(TCPTransport.java:844)
	at java.rmi/sun.rmi.transport.tcp.TCPTransport$ConnectionHandler.lambda$run$0(TCPTransport.java:721)
	at java.base/java.security.AccessController.doPrivileged(AccessController.java:400)
	at java.rmi/sun.rmi.transport.tcp.TCPTransport$ConnectionHandler.run(TCPTransport.java:720)
	at java.base/java.util.concurrent.ThreadPoolExecutor.runWorker(ThreadPoolExecutor.java:1144)
	at java.base/java.util.concurrent.ThreadPoolExecutor$Worker.run(ThreadPoolExecutor.java:642)
	at java.base/java.lang.Thread.run(Thread.java:1583)
Caused by: org.apache.hc.client5.http.HttpHostConnectException: Connect to http://localhost:8761 [localhost/127.0.0.1, localhost/0:0:0:0:0:0:0:1] failed: Connection refused: getsockopt
	at java.base/sun.nio.ch.Net.pollConnect(Native Method)
	at java.base/sun.nio.ch.Net.pollConnectNow(Net.java:682)
	at java.base/sun.nio.ch.NioSocketImpl.timedFinishConnect(NioSocketImpl.java:542)
	at java.base/sun.nio.ch.NioSocketImpl.connect(NioSocketImpl.java:592)
	at java.base/java.net.SocksSocketImpl.connect(SocksSocketImpl.java:327)
	at java.base/java.net.Socket.connect(Socket.java:751)
	at org.apache.hc.client5.http.impl.io.DefaultHttpClientConnectionOperator.connect(DefaultHttpClientConnectionOperator.java:216)
	at org.apache.hc.client5.http.impl.io.PoolingHttpClientConnectionManager.connect(PoolingHttpClientConnectionManager.java:490)
	at org.apache.hc.client5.http.impl.classic.InternalExecRuntime.connectEndpoint(InternalExecRuntime.java:164)
	at org.apache.hc.client5.http.impl.classic.InternalExecRuntime.connectEndpoint(InternalExecRuntime.java:174)
	at org.apache.hc.client5.http.impl.classic.ConnectExec.execute(ConnectExec.java:144)
	at org.apache.hc.client5.http.impl.classic.ExecChainElement.execute(ExecChainElement.java:51)
	at org.apache.hc.client5.http.impl.classic.ProtocolExec.execute(ProtocolExec.java:192)
	at org.apache.hc.client5.http.impl.classic.ExecChainElement.execute(ExecChainElement.java:51)
	at org.apache.hc.client5.http.impl.classic.ContentCompressionExec.execute(ContentCompressionExec.java:150)
	at org.apache.hc.client5.http.impl.classic.ExecChainElement.execute(ExecChainElement.java:51)
	at org.apache.hc.client5.http.impl.classic.HttpRequestRetryExec.execute(HttpRequestRetryExec.java:113)
	at org.apache.hc.client5.http.impl.classic.ExecChainElement.execute(ExecChainElement.java:51)
	at org.apache.hc.client5.http.impl.classic.RedirectExec.execute(RedirectExec.java:110)
	at org.apache.hc.client5.http.impl.classic.ExecChainElement.execute(ExecChainElement.java:51)
	at org.apache.hc.client5.http.impl.classic.InternalHttpClient.doExecute(InternalHttpClient.java:183)
	at org.apache.hc.client5.http.impl.classic.CloseableHttpClient.execute(CloseableHttpClient.java:87)
	at org.apache.hc.client5.http.impl.classic.CloseableHttpClient.execute(CloseableHttpClient.java:55)
	at org.apache.hc.client5.http.classic.HttpClient.executeOpen(HttpClient.java:183)
	at org.springframework.http.client.HttpComponentsClientHttpRequest.executeInternal(HttpComponentsClientHttpRequest.java:99)
	at org.springframework.http.client.AbstractStreamingClientHttpRequest.executeInternal(AbstractStreamingClientHttpRequest.java:71)
	at org.springframework.http.client.AbstractClientHttpRequest.execute(AbstractClientHttpRequest.java:81)
	at org.springframework.http.client.InterceptingClientHttpRequest$InterceptingRequestExecution.execute(InterceptingClientHttpRequest.java:117)
	at org.springframework.cloud.netflix.eureka.http.RestTemplateTransportClientFactory.lambda$restTemplate$3(RestTemplateTransportClientFactory.java:141)
	at org.springframework.http.client.InterceptingClientHttpRequest$InterceptingRequestExecution.execute(InterceptingClientHttpRequest.java:88)
	at org.springframework.http.client.InterceptingClientHttpRequest.executeInternal(InterceptingClientHttpRequest.java:72)
	at org.springframework.http.client.AbstractBufferingClientHttpRequest.executeInternal(AbstractBufferingClientHttpRequest.java:48)
	at org.springframework.http.client.AbstractClientHttpRequest.execute(AbstractClientHttpRequest.java:81)
	at org.springframework.web.client.RestTemplate.doExecute(RestTemplate.java:900)
	... 69 more

2025-10-29T03:20:01.961-05:00  WARN 19784 --- [mesa-service] [RMI TCP Connection(58)-127.0.0.1] c.n.d.s.t.d.RetryableEurekaHttpClient    : Request execution failed with message: I/O error on DELETE request for "http://localhost:8761/eureka/apps/MESA-SERVICE/mesa-service:a83790a87e7db26d05b31ce19886311d": Connect to http://localhost:8761 [localhost/127.0.0.1, localhost/0:0:0:0:0:0:0:1] failed: Connection refused: getsockopt
2025-10-29T03:20:01.961-05:00 ERROR 19784 --- [mesa-service] [RMI TCP Connection(58)-127.0.0.1] com.netflix.discovery.DiscoveryClient    : DiscoveryClient_MESA-SERVICE/mesa-service:a83790a87e7db26d05b31ce19886311d - de-registration failedCannot execute request on any known server

com.netflix.discovery.shared.transport.TransportException: Cannot execute request on any known server
	at com.netflix.discovery.shared.transport.decorator.RetryableEurekaHttpClient.execute(RetryableEurekaHttpClient.java:112) ~[eureka-client-2.0.4.jar:2.0.4]
	at com.netflix.discovery.shared.transport.decorator.EurekaHttpClientDecorator.cancel(EurekaHttpClientDecorator.java:71) ~[eureka-client-2.0.4.jar:2.0.4]
	at com.netflix.discovery.shared.transport.decorator.EurekaHttpClientDecorator$2.execute(EurekaHttpClientDecorator.java:74) ~[eureka-client-2.0.4.jar:2.0.4]
	at com.netflix.discovery.shared.transport.decorator.SessionedEurekaHttpClient.execute(SessionedEurekaHttpClient.java:76) ~[eureka-client-2.0.4.jar:2.0.4]
	at com.netflix.discovery.shared.transport.decorator.EurekaHttpClientDecorator.cancel(EurekaHttpClientDecorator.java:71) ~[eureka-client-2.0.4.jar:2.0.4]
	at com.netflix.discovery.DiscoveryClient.unregister(DiscoveryClient.java:919) ~[eureka-client-2.0.4.jar:2.0.4]
	at com.netflix.discovery.DiscoveryClient.shutdown(DiscoveryClient.java:900) ~[eureka-client-2.0.4.jar:2.0.4]
	at java.base/jdk.internal.reflect.DirectMethodHandleAccessor.invoke(DirectMethodHandleAccessor.java:103) ~[na:na]
	at java.base/java.lang.reflect.Method.invoke(Method.java:580) ~[na:na]
	at org.springframework.beans.factory.annotation.InitDestroyAnnotationBeanPostProcessor$LifecycleMethod.invoke(InitDestroyAnnotationBeanPostProcessor.java:457) ~[spring-beans-6.2.11.jar:6.2.11]
	at org.springframework.beans.factory.annotation.InitDestroyAnnotationBeanPostProcessor$LifecycleMetadata.invokeDestroyMethods(InitDestroyAnnotationBeanPostProcessor.java:415) ~[spring-beans-6.2.11.jar:6.2.11]
	at org.springframework.beans.factory.annotation.InitDestroyAnnotationBeanPostProcessor.postProcessBeforeDestruction(InitDestroyAnnotationBeanPostProcessor.java:239) ~[spring-beans-6.2.11.jar:6.2.11]
	at org.springframework.beans.factory.support.DisposableBeanAdapter.destroy(DisposableBeanAdapter.java:203) ~[spring-beans-6.2.11.jar:6.2.11]
	at org.springframework.beans.factory.support.DisposableBeanAdapter.run(DisposableBeanAdapter.java:196) ~[spring-beans-6.2.11.jar:6.2.11]
	at org.springframework.cloud.context.scope.GenericScope$BeanLifecycleWrapper.destroy(GenericScope.java:389) ~[spring-cloud-context-4.2.0.jar:4.2.0]
	at org.springframework.cloud.context.scope.GenericScope.destroy(GenericScope.java:136) ~[spring-cloud-context-4.2.0.jar:4.2.0]
	at org.springframework.beans.factory.support.DisposableBeanAdapter.destroy(DisposableBeanAdapter.java:212) ~[spring-beans-6.2.11.jar:6.2.11]
	at org.springframework.beans.factory.support.DefaultSingletonBeanRegistry.destroyBean(DefaultSingletonBeanRegistry.java:798) ~[spring-beans-6.2.11.jar:6.2.11]
	at org.springframework.beans.factory.support.DefaultSingletonBeanRegistry.destroySingleton(DefaultSingletonBeanRegistry.java:748) ~[spring-beans-6.2.11.jar:6.2.11]
	at org.springframework.beans.factory.support.DefaultListableBeanFactory.destroySingleton(DefaultListableBeanFactory.java:1489) ~[spring-beans-6.2.11.jar:6.2.11]
	at org.springframework.beans.factory.support.DefaultSingletonBeanRegistry.destroySingletons(DefaultSingletonBeanRegistry.java:707) ~[spring-beans-6.2.11.jar:6.2.11]
	at org.springframework.beans.factory.support.DefaultListableBeanFactory.destroySingletons(DefaultListableBeanFactory.java:1482) ~[spring-beans-6.2.11.jar:6.2.11]
	at org.springframework.context.support.AbstractApplicationContext.destroyBeans(AbstractApplicationContext.java:1219) ~[spring-context-6.2.11.jar:6.2.11]
	at org.springframework.context.support.AbstractApplicationContext.doClose(AbstractApplicationContext.java:1180) ~[spring-context-6.2.11.jar:6.2.11]
	at org.springframework.boot.web.servlet.context.ServletWebServerApplicationContext.doClose(ServletWebServerApplicationContext.java:179) ~[spring-boot-3.4.10.jar:3.4.10]
	at org.springframework.context.support.AbstractApplicationContext.close(AbstractApplicationContext.java:1126) ~[spring-context-6.2.11.jar:6.2.11]
	at org.springframework.boot.admin.SpringApplicationAdminMXBeanRegistrar$SpringApplicationAdmin.shutdown(SpringApplicationAdminMXBeanRegistrar.java:160) ~[spring-boot-3.4.10.jar:3.4.10]
	at java.base/jdk.internal.reflect.DirectMethodHandleAccessor.invoke(DirectMethodHandleAccessor.java:103) ~[na:na]
	at java.base/java.lang.reflect.Method.invoke(Method.java:580) ~[na:na]
	at sun.reflect.misc.Trampoline.invoke(MethodUtil.java:64) ~[na:na]
	at java.base/jdk.internal.reflect.DirectMethodHandleAccessor.invoke(DirectMethodHandleAccessor.java:103) ~[na:na]
	at java.base/java.lang.reflect.Method.invoke(Method.java:580) ~[na:na]
	at java.base/sun.reflect.misc.MethodUtil.invoke(MethodUtil.java:97) ~[na:na]
	at java.management/com.sun.jmx.mbeanserver.ConvertingMethod.invokeWithOpenReturn(ConvertingMethod.java:193) ~[na:na]
	at java.management/com.sun.jmx.mbeanserver.ConvertingMethod.invokeWithOpenReturn(ConvertingMethod.java:175) ~[na:na]
	at java.management/com.sun.jmx.mbeanserver.MXBeanIntrospector.invokeM2(MXBeanIntrospector.java:115) ~[na:na]
	at java.management/com.sun.jmx.mbeanserver.MXBeanIntrospector.invokeM2(MXBeanIntrospector.java:52) ~[na:na]
	at java.management/com.sun.jmx.mbeanserver.MBeanIntrospector.invokeM(MBeanIntrospector.java:236) ~[na:na]
	at java.management/com.sun.jmx.mbeanserver.PerInterface.invoke(PerInterface.java:138) ~[na:na]
	at java.management/com.sun.jmx.mbeanserver.MBeanSupport.invoke(MBeanSupport.java:252) ~[na:na]
	at java.management/com.sun.jmx.interceptor.DefaultMBeanServerInterceptor.invoke(DefaultMBeanServerInterceptor.java:803) ~[na:na]
	at java.management/com.sun.jmx.mbeanserver.JmxMBeanServer.invoke(JmxMBeanServer.java:802) ~[na:na]
	at java.management.rmi/javax.management.remote.rmi.RMIConnectionImpl.doOperation(RMIConnectionImpl.java:1472) ~[na:na]
	at java.management.rmi/javax.management.remote.rmi.RMIConnectionImpl$PrivilegedOperation.run(RMIConnectionImpl.java:1310) ~[na:na]
	at java.management.rmi/javax.management.remote.rmi.RMIConnectionImpl.doPrivilegedOperation(RMIConnectionImpl.java:1405) ~[na:na]
	at java.management.rmi/javax.management.remote.rmi.RMIConnectionImpl.invoke(RMIConnectionImpl.java:829) ~[na:na]
	at java.base/jdk.internal.reflect.DirectMethodHandleAccessor.invoke(DirectMethodHandleAccessor.java:103) ~[na:na]
	at java.base/java.lang.reflect.Method.invoke(Method.java:580) ~[na:na]
	at java.rmi/sun.rmi.server.UnicastServerRef.dispatch(UnicastServerRef.java:360) ~[na:na]
	at java.rmi/sun.rmi.transport.Transport$1.run(Transport.java:200) ~[na:na]
	at java.rmi/sun.rmi.transport.Transport$1.run(Transport.java:197) ~[na:na]
	at java.base/java.security.AccessController.doPrivileged(AccessController.java:714) ~[na:na]
	at java.rmi/sun.rmi.transport.Transport.serviceCall(Transport.java:196) ~[na:na]
	at java.rmi/sun.rmi.transport.tcp.TCPTransport.handleMessages(TCPTransport.java:598) ~[na:na]
	at java.rmi/sun.rmi.transport.tcp.TCPTransport$ConnectionHandler.run0(TCPTransport.java:844) ~[na:na]
	at java.rmi/sun.rmi.transport.tcp.TCPTransport$ConnectionHandler.lambda$run$0(TCPTransport.java:721) ~[na:na]
	at java.base/java.security.AccessController.doPrivileged(AccessController.java:400) ~[na:na]
	at java.rmi/sun.rmi.transport.tcp.TCPTransport$ConnectionHandler.run(TCPTransport.java:720) ~[na:na]
	at java.base/java.util.concurrent.ThreadPoolExecutor.runWorker(ThreadPoolExecutor.java:1144) ~[na:na]
	at java.base/java.util.concurrent.ThreadPoolExecutor$Worker.run(ThreadPoolExecutor.java:642) ~[na:na]
	at java.base/java.lang.Thread.run(Thread.java:1583) ~[na:na]

2025-10-29T03:20:01.962-05:00  INFO 19784 --- [mesa-service] [RMI TCP Connection(58)-127.0.0.1] com.netflix.discovery.DiscoveryClient    : Completed shut down of DiscoveryClient
2025-10-29T13:12:39.794-05:00  INFO 23784 --- [mesa-service] [restartedMain] org.cibertec.MesaServiceApplication      : Starting MesaServiceApplication using Java 21.0.8 with PID 23784 (C:\Users\ronca\OneDrive\Escritorio\Dev\DAW2\mesa-service\target\classes started by Arturo in C:\Users\ronca\OneDrive\Escritorio\Dev\DAW2\mesa-service)
2025-10-29T13:12:39.799-05:00  INFO 23784 --- [mesa-service] [restartedMain] org.cibertec.MesaServiceApplication      : No active profile set, falling back to 1 default profile: "default"
2025-10-29T13:12:39.926-05:00  INFO 23784 --- [mesa-service] [restartedMain] o.s.c.c.c.ConfigServerConfigDataLoader   : Fetching config from server at : http://localhost:8888
2025-10-29T13:12:39.926-05:00  INFO 23784 --- [mesa-service] [restartedMain] o.s.c.c.c.ConfigServerConfigDataLoader   : Located environment: name=mesa-service, profiles=[default], label=null, version=null, state=null
2025-10-29T13:12:39.933-05:00  INFO 23784 --- [mesa-service] [restartedMain] .e.DevToolsPropertyDefaultsPostProcessor : Devtools property defaults active! Set 'spring.devtools.add-properties' to 'false' to disable
2025-10-29T13:12:39.934-05:00  INFO 23784 --- [mesa-service] [restartedMain] .e.DevToolsPropertyDefaultsPostProcessor : For additional web related logging consider setting the 'logging.level.web' property to 'DEBUG'
2025-10-29T13:12:41.983-05:00  INFO 23784 --- [mesa-service] [restartedMain] .s.d.r.c.RepositoryConfigurationDelegate : Bootstrapping Spring Data JPA repositories in DEFAULT mode.
2025-10-29T13:12:42.224-05:00  INFO 23784 --- [mesa-service] [restartedMain] .s.d.r.c.RepositoryConfigurationDelegate : Finished Spring Data repository scanning in 223 ms. Found 2 JPA repository interfaces.
2025-10-29T13:12:42.713-05:00  INFO 23784 --- [mesa-service] [restartedMain] o.s.cloud.context.scope.GenericScope     : BeanFactory id=0d282325-9752-3700-83d5-34df560d72a5
2025-10-29T13:12:43.505-05:00  INFO 23784 --- [mesa-service] [restartedMain] o.s.b.w.embedded.tomcat.TomcatWebServer  : Tomcat initialized with port 0 (http)
2025-10-29T13:12:43.530-05:00  INFO 23784 --- [mesa-service] [restartedMain] o.apache.catalina.core.StandardService   : Starting service [Tomcat]
2025-10-29T13:12:43.532-05:00  INFO 23784 --- [mesa-service] [restartedMain] o.apache.catalina.core.StandardEngine    : Starting Servlet engine: [Apache Tomcat/10.1.46]
2025-10-29T13:12:43.630-05:00  INFO 23784 --- [mesa-service] [restartedMain] o.a.c.c.C.[Tomcat].[localhost].[/]       : Initializing Spring embedded WebApplicationContext
2025-10-29T13:12:43.630-05:00  INFO 23784 --- [mesa-service] [restartedMain] w.s.c.ServletWebServerApplicationContext : Root WebApplicationContext: initialization completed in 3692 ms
2025-10-29T13:12:44.061-05:00  INFO 23784 --- [mesa-service] [restartedMain] com.zaxxer.hikari.HikariDataSource       : HikariPool-1 - Starting...
2025-10-29T13:12:44.626-05:00  INFO 23784 --- [mesa-service] [restartedMain] com.zaxxer.hikari.pool.HikariPool        : HikariPool-1 - Added connection com.mysql.cj.jdbc.ConnectionImpl@6cab69
2025-10-29T13:12:44.630-05:00  INFO 23784 --- [mesa-service] [restartedMain] com.zaxxer.hikari.HikariDataSource       : HikariPool-1 - Start completed.
2025-10-29T13:12:44.746-05:00  INFO 23784 --- [mesa-service] [restartedMain] o.hibernate.jpa.internal.util.LogHelper  : HHH000204: Processing PersistenceUnitInfo [name: default]
2025-10-29T13:12:44.913-05:00  INFO 23784 --- [mesa-service] [restartedMain] org.hibernate.Version                    : HHH000412: Hibernate ORM core version 6.6.29.Final
2025-10-29T13:12:45.008-05:00  INFO 23784 --- [mesa-service] [restartedMain] o.h.c.internal.RegionFactoryInitiator    : HHH000026: Second-level cache disabled
2025-10-29T13:12:45.610-05:00  INFO 23784 --- [mesa-service] [restartedMain] o.s.o.j.p.SpringPersistenceUnitInfo      : No LoadTimeWeaver setup: ignoring JPA class transformer
2025-10-29T13:12:45.809-05:00  INFO 23784 --- [mesa-service] [restartedMain] org.hibernate.orm.connections.pooling    : HHH10001005: Database info:
	Database JDBC URL [Connecting through datasource 'HikariDataSource (HikariPool-1)']
	Database driver: undefined/unknown
	Database version: 8.0.34
	Autocommit mode: undefined/unknown
	Isolation level: undefined/unknown
	Minimum pool size: undefined/unknown
	Maximum pool size: undefined/unknown
2025-10-29T13:12:47.997-05:00  INFO 23784 --- [mesa-service] [restartedMain] o.h.e.t.j.p.i.JtaPlatformInitiator       : HHH000489: No JTA platform available (set 'hibernate.transaction.jta.platform' to enable JTA platform integration)
2025-10-29T13:12:48.002-05:00  INFO 23784 --- [mesa-service] [restartedMain] j.LocalContainerEntityManagerFactoryBean : Initialized JPA EntityManagerFactory for persistence unit 'default'
2025-10-29T13:12:48.653-05:00  WARN 23784 --- [mesa-service] [restartedMain] JpaBaseConfiguration$JpaWebConfiguration : spring.jpa.open-in-view is enabled by default. Therefore, database queries may be performed during view rendering. Explicitly configure spring.jpa.open-in-view to disable this warning
2025-10-29T13:12:49.903-05:00  INFO 23784 --- [mesa-service] [restartedMain] o.s.b.a.e.web.EndpointLinksResolver      : Exposing 18 endpoints beneath base path '/actuator'
2025-10-29T13:12:50.759-05:00  WARN 23784 --- [mesa-service] [restartedMain] o.s.b.d.a.OptionalLiveReloadServer       : Unable to start LiveReload server
2025-10-29T13:12:50.794-05:00  INFO 23784 --- [mesa-service] [restartedMain] DiscoveryClientOptionalArgsConfiguration : Eureka HTTP Client uses RestTemplate.
2025-10-29T13:12:50.853-05:00  WARN 23784 --- [mesa-service] [restartedMain] iguration$LoadBalancerCaffeineWarnLogger : Spring Cloud LoadBalancer is currently working with the default cache. While this cache implementation is useful for development and tests, it's recommended to use Caffeine cache in production.You can switch to using Caffeine cache, by adding it and org.springframework.cache.caffeine.CaffeineCacheManager to the classpath.
2025-10-29T13:12:51.102-05:00  INFO 23784 --- [mesa-service] [restartedMain] o.s.b.w.embedded.tomcat.TomcatWebServer  : Tomcat started on port 57606 (http) with context path '/'
2025-10-29T13:12:51.105-05:00  INFO 23784 --- [mesa-service] [restartedMain] .s.c.n.e.s.EurekaAutoServiceRegistration : Updating port to 57606
2025-10-29T13:12:51.114-05:00  INFO 23784 --- [mesa-service] [restartedMain] o.s.c.n.eureka.InstanceInfoFactory       : Setting initial instance status as: STARTING
2025-10-29T13:12:51.157-05:00  INFO 23784 --- [mesa-service] [restartedMain] com.netflix.discovery.DiscoveryClient    : Initializing Eureka in region us-east-1
2025-10-29T13:12:51.164-05:00  INFO 23784 --- [mesa-service] [restartedMain] c.n.d.s.r.aws.ConfigClusterResolver      : Resolving eureka endpoints via configuration
2025-10-29T13:12:51.184-05:00  INFO 23784 --- [mesa-service] [restartedMain] com.netflix.discovery.DiscoveryClient    : Disable delta property : false
2025-10-29T13:12:51.184-05:00  INFO 23784 --- [mesa-service] [restartedMain] com.netflix.discovery.DiscoveryClient    : Single vip registry refresh property : null
2025-10-29T13:12:51.184-05:00  INFO 23784 --- [mesa-service] [restartedMain] com.netflix.discovery.DiscoveryClient    : Force full registry fetch : false
2025-10-29T13:12:51.184-05:00  INFO 23784 --- [mesa-service] [restartedMain] com.netflix.discovery.DiscoveryClient    : Application is null : false
2025-10-29T13:12:51.184-05:00  INFO 23784 --- [mesa-service] [restartedMain] com.netflix.discovery.DiscoveryClient    : Registered Applications size is zero : true
2025-10-29T13:12:51.184-05:00  INFO 23784 --- [mesa-service] [restartedMain] com.netflix.discovery.DiscoveryClient    : Application version is -1: true
2025-10-29T13:12:51.185-05:00  INFO 23784 --- [mesa-service] [restartedMain] com.netflix.discovery.DiscoveryClient    : Getting all instance registry info from the eureka server
2025-10-29T13:12:51.535-05:00  INFO 23784 --- [mesa-service] [restartedMain] com.netflix.discovery.DiscoveryClient    : The response status is 200
2025-10-29T13:12:51.537-05:00  INFO 23784 --- [mesa-service] [restartedMain] com.netflix.discovery.DiscoveryClient    : Starting heartbeat executor: renew interval is: 30
2025-10-29T13:12:51.541-05:00  INFO 23784 --- [mesa-service] [restartedMain] c.n.discovery.InstanceInfoReplicator     : InstanceInfoReplicator onDemand update allowed rate per min is 4
2025-10-29T13:12:51.543-05:00  INFO 23784 --- [mesa-service] [restartedMain] com.netflix.discovery.DiscoveryClient    : Discovery Client initialized at timestamp 1761761571543 with initial instances count: 3
2025-10-29T13:12:51.550-05:00  INFO 23784 --- [mesa-service] [restartedMain] o.s.c.n.e.s.EurekaServiceRegistry        : Registering application MESA-SERVICE with eureka with status UP
2025-10-29T13:12:51.551-05:00  INFO 23784 --- [mesa-service] [restartedMain] com.netflix.discovery.DiscoveryClient    : Saw local status change event StatusChangeEvent [timestamp=1761761571551, current=UP, previous=STARTING]
2025-10-29T13:12:51.554-05:00  INFO 23784 --- [mesa-service] [DiscoveryClient-InstanceInfoReplicator-%d] com.netflix.discovery.DiscoveryClient    : DiscoveryClient_MESA-SERVICE/mesa-service:9e4a53cdef0589abe3fc04658851fe8c: registering service...
2025-10-29T13:12:51.569-05:00  INFO 23784 --- [mesa-service] [restartedMain] o.s.a.r.c.CachingConnectionFactory       : Attempting to connect to: [localhost:15672]
2025-10-29T13:12:51.632-05:00  INFO 23784 --- [mesa-service] [DiscoveryClient-InstanceInfoReplicator-%d] com.netflix.discovery.DiscoveryClient    : DiscoveryClient_MESA-SERVICE/mesa-service:9e4a53cdef0589abe3fc04658851fe8c - registration status: 204
2025-10-29T13:13:01.598-05:00  WARN 23784 --- [mesa-service] [AMQP Connection 0:0:0:0:0:0:0:1:15672] c.r.c.impl.ForgivingExceptionHandler     : An unexpected connection driver error occurred (Exception message: Socket closed)
2025-10-29T13:13:01.599-05:00  INFO 23784 --- [mesa-service] [restartedMain] o.s.a.r.l.SimpleMessageListenerContainer : Broker not available; cannot force queue declarations during start: java.util.concurrent.TimeoutException
2025-10-29T13:13:01.611-05:00  INFO 23784 --- [mesa-service] [org.springframework.amqp.rabbit.RabbitListenerEndpointContainer#0-1] o.s.a.r.c.CachingConnectionFactory       : Attempting to connect to: [localhost:15672]
2025-10-29T13:13:11.625-05:00 ERROR 23784 --- [mesa-service] [org.springframework.amqp.rabbit.RabbitListenerEndpointContainer#0-1] o.s.a.r.l.SimpleMessageListenerContainer : Failed to check/redeclare auto-delete queue(s).

org.springframework.amqp.AmqpIOException: java.io.IOException
	at org.springframework.amqp.rabbit.support.RabbitExceptionTranslator.convertRabbitAccessException(RabbitExceptionTranslator.java:70) ~[spring-rabbit-3.2.7.jar:3.2.7]
	at org.springframework.amqp.rabbit.connection.AbstractConnectionFactory.createBareConnection(AbstractConnectionFactory.java:632) ~[spring-rabbit-3.2.7.jar:3.2.7]
	at org.springframework.amqp.rabbit.connection.CachingConnectionFactory.createConnection(CachingConnectionFactory.java:726) ~[spring-rabbit-3.2.7.jar:3.2.7]
	at org.springframework.amqp.rabbit.connection.ConnectionFactoryUtils.createConnection(ConnectionFactoryUtils.java:257) ~[spring-rabbit-3.2.7.jar:3.2.7]
	at org.springframework.amqp.rabbit.core.RabbitTemplate.doExecute(RabbitTemplate.java:2261) ~[spring-rabbit-3.2.7.jar:3.2.7]
	at org.springframework.amqp.rabbit.core.RabbitTemplate.execute(RabbitTemplate.java:2234) ~[spring-rabbit-3.2.7.jar:3.2.7]
	at org.springframework.amqp.rabbit.core.RabbitTemplate.execute(RabbitTemplate.java:2214) ~[spring-rabbit-3.2.7.jar:3.2.7]
	at org.springframework.amqp.rabbit.core.RabbitAdmin.getQueueInfo(RabbitAdmin.java:467) ~[spring-rabbit-3.2.7.jar:3.2.7]
	at org.springframework.amqp.rabbit.core.RabbitAdmin.getQueueProperties(RabbitAdmin.java:451) ~[spring-rabbit-3.2.7.jar:3.2.7]
	at org.springframework.amqp.rabbit.listener.AbstractMessageListenerContainer.attemptDeclarations(AbstractMessageListenerContainer.java:1972) ~[spring-rabbit-3.2.7.jar:3.2.7]
	at org.springframework.amqp.rabbit.listener.AbstractMessageListenerContainer.redeclareElementsIfNecessary(AbstractMessageListenerContainer.java:1936) ~[spring-rabbit-3.2.7.jar:3.2.7]
	at org.springframework.amqp.rabbit.listener.SimpleMessageListenerContainer$AsyncMessageProcessingConsumer.initialize(SimpleMessageListenerContainer.java:1489) ~[spring-rabbit-3.2.7.jar:3.2.7]
	at org.springframework.amqp.rabbit.listener.SimpleMessageListenerContainer$AsyncMessageProcessingConsumer.run(SimpleMessageListenerContainer.java:1328) ~[spring-rabbit-3.2.7.jar:3.2.7]
	at java.base/java.lang.Thread.run(Thread.java:1583) ~[na:na]
Caused by: java.io.IOException: null
	at com.rabbitmq.client.impl.AMQChannel.wrap(AMQChannel.java:140) ~[amqp-client-5.22.0.jar:5.22.0]
	at com.rabbitmq.client.impl.AMQChannel.wrap(AMQChannel.java:136) ~[amqp-client-5.22.0.jar:5.22.0]
	at com.rabbitmq.client.impl.AMQConnection.start(AMQConnection.java:406) ~[amqp-client-5.22.0.jar:5.22.0]
	at com.rabbitmq.client.ConnectionFactory.newConnection(ConnectionFactory.java:1251) ~[amqp-client-5.22.0.jar:5.22.0]
	at com.rabbitmq.client.ConnectionFactory.newConnection(ConnectionFactory.java:1198) ~[amqp-client-5.22.0.jar:5.22.0]
	at org.springframework.amqp.rabbit.connection.AbstractConnectionFactory.connectAddresses(AbstractConnectionFactory.java:678) ~[spring-rabbit-3.2.7.jar:3.2.7]
	at org.springframework.amqp.rabbit.connection.AbstractConnectionFactory.connect(AbstractConnectionFactory.java:647) ~[spring-rabbit-3.2.7.jar:3.2.7]
	at org.springframework.amqp.rabbit.connection.AbstractConnectionFactory.createBareConnection(AbstractConnectionFactory.java:593) ~[spring-rabbit-3.2.7.jar:3.2.7]
	... 12 common frames omitted
Caused by: com.rabbitmq.client.ShutdownSignalException: connection error
	at com.rabbitmq.utility.ValueOrException.getValue(ValueOrException.java:66) ~[amqp-client-5.22.0.jar:5.22.0]
	at com.rabbitmq.utility.BlockingValueOrException.uninterruptibleGetValue(BlockingValueOrException.java:36) ~[amqp-client-5.22.0.jar:5.22.0]
	at com.rabbitmq.client.impl.AMQChannel$BlockingRpcContinuation.getReply(AMQChannel.java:552) ~[amqp-client-5.22.0.jar:5.22.0]
	at com.rabbitmq.client.impl.AMQConnection.start(AMQConnection.java:336) ~[amqp-client-5.22.0.jar:5.22.0]
	... 17 common frames omitted
Caused by: java.io.EOFException: null
	at java.base/java.io.DataInputStream.readUnsignedByte(DataInputStream.java:297) ~[na:na]
	at com.rabbitmq.client.impl.Frame.readFrom(Frame.java:91) ~[amqp-client-5.22.0.jar:5.22.0]
	at com.rabbitmq.client.impl.SocketFrameHandler.readFrame(SocketFrameHandler.java:199) ~[amqp-client-5.22.0.jar:5.22.0]
	at com.rabbitmq.client.impl.AMQConnection$MainLoop.run(AMQConnection.java:687) ~[amqp-client-5.22.0.jar:5.22.0]
	... 1 common frames omitted

2025-10-29T13:13:11.634-05:00  INFO 23784 --- [mesa-service] [org.springframework.amqp.rabbit.RabbitListenerEndpointContainer#0-1] o.s.a.r.c.CachingConnectionFactory       : Attempting to connect to: [localhost:15672]
2025-10-29T13:13:16.641-05:00  WARN 23784 --- [mesa-service] [AMQP Connection 127.0.0.1:15672] c.r.c.impl.ForgivingExceptionHandler     : An unexpected connection driver error occurred (Exception message: Socket closed)
2025-10-29T13:13:21.664-05:00  INFO 23784 --- [mesa-service] [restartedMain] org.cibertec.MesaServiceApplication      : Started MesaServiceApplication in 43.729 seconds (process running for 45.602)
2025-10-29T13:13:22.265-05:00  INFO 23784 --- [mesa-service] [RMI TCP Connection(7)-127.0.0.1] o.a.c.c.C.[Tomcat].[localhost].[/]       : Initializing Spring DispatcherServlet 'dispatcherServlet'
2025-10-29T13:13:22.265-05:00  INFO 23784 --- [mesa-service] [RMI TCP Connection(7)-127.0.0.1] o.s.web.servlet.DispatcherServlet        : Initializing Servlet 'dispatcherServlet'
2025-10-29T13:13:22.266-05:00  INFO 23784 --- [mesa-service] [RMI TCP Connection(7)-127.0.0.1] o.s.web.servlet.DispatcherServlet        : Completed initialization in 1 ms
2025-10-29T13:13:26.704-05:00  WARN 23784 --- [mesa-service] [org.springframework.amqp.rabbit.RabbitListenerEndpointContainer#0-1] o.s.a.r.l.SimpleMessageListenerContainer : Consumer raised exception, processing can restart if the connection factory supports it

org.springframework.amqp.AmqpIOException: java.io.IOException
	at org.springframework.amqp.rabbit.support.RabbitExceptionTranslator.convertRabbitAccessException(RabbitExceptionTranslator.java:70) ~[spring-rabbit-3.2.7.jar:3.2.7]
	at org.springframework.amqp.rabbit.connection.AbstractConnectionFactory.createBareConnection(AbstractConnectionFactory.java:632) ~[spring-rabbit-3.2.7.jar:3.2.7]
	at org.springframework.amqp.rabbit.connection.CachingConnectionFactory.createConnection(CachingConnectionFactory.java:726) ~[spring-rabbit-3.2.7.jar:3.2.7]
	at org.springframework.amqp.rabbit.connection.ConnectionFactoryUtils.createConnection(ConnectionFactoryUtils.java:257) ~[spring-rabbit-3.2.7.jar:3.2.7]
	at org.springframework.amqp.rabbit.connection.ConnectionFactoryUtils$RabbitResourceFactory.createConnection(ConnectionFactoryUtils.java:345) ~[spring-rabbit-3.2.7.jar:3.2.7]
	at org.springframework.amqp.rabbit.connection.ConnectionFactoryUtils.doGetTransactionalResourceHolder(ConnectionFactoryUtils.java:140) ~[spring-rabbit-3.2.7.jar:3.2.7]
	at org.springframework.amqp.rabbit.connection.ConnectionFactoryUtils.getTransactionalResourceHolder(ConnectionFactoryUtils.java:102) ~[spring-rabbit-3.2.7.jar:3.2.7]
	at org.springframework.amqp.rabbit.connection.ConnectionFactoryUtils.getTransactionalResourceHolder(ConnectionFactoryUtils.java:85) ~[spring-rabbit-3.2.7.jar:3.2.7]
	at org.springframework.amqp.rabbit.listener.BlockingQueueConsumer.start(BlockingQueueConsumer.java:625) ~[spring-rabbit-3.2.7.jar:3.2.7]
	at org.springframework.amqp.rabbit.listener.SimpleMessageListenerContainer$AsyncMessageProcessingConsumer.initialize(SimpleMessageListenerContainer.java:1490) ~[spring-rabbit-3.2.7.jar:3.2.7]
	at org.springframework.amqp.rabbit.listener.SimpleMessageListenerContainer$AsyncMessageProcessingConsumer.run(SimpleMessageListenerContainer.java:1328) ~[spring-rabbit-3.2.7.jar:3.2.7]
	at java.base/java.lang.Thread.run(Thread.java:1583) ~[na:na]
Caused by: java.io.IOException: null
	at com.rabbitmq.client.impl.AMQChannel.wrap(AMQChannel.java:140) ~[amqp-client-5.22.0.jar:5.22.0]
	at com.rabbitmq.client.impl.AMQChannel.wrap(AMQChannel.java:136) ~[amqp-client-5.22.0.jar:5.22.0]
	at com.rabbitmq.client.impl.AMQConnection.start(AMQConnection.java:406) ~[amqp-client-5.22.0.jar:5.22.0]
	at com.rabbitmq.client.ConnectionFactory.newConnection(ConnectionFactory.java:1251) ~[amqp-client-5.22.0.jar:5.22.0]
	at com.rabbitmq.client.ConnectionFactory.newConnection(ConnectionFactory.java:1198) ~[amqp-client-5.22.0.jar:5.22.0]
	at org.springframework.amqp.rabbit.connection.AbstractConnectionFactory.connectAddresses(AbstractConnectionFactory.java:678) ~[spring-rabbit-3.2.7.jar:3.2.7]
	at org.springframework.amqp.rabbit.connection.AbstractConnectionFactory.connect(AbstractConnectionFactory.java:647) ~[spring-rabbit-3.2.7.jar:3.2.7]
	at org.springframework.amqp.rabbit.connection.AbstractConnectionFactory.createBareConnection(AbstractConnectionFactory.java:593) ~[spring-rabbit-3.2.7.jar:3.2.7]
	... 10 common frames omitted
Caused by: com.rabbitmq.client.ShutdownSignalException: connection error
	at com.rabbitmq.utility.ValueOrException.getValue(ValueOrException.java:66) ~[amqp-client-5.22.0.jar:5.22.0]
	at com.rabbitmq.utility.BlockingValueOrException.uninterruptibleGetValue(BlockingValueOrException.java:36) ~[amqp-client-5.22.0.jar:5.22.0]
	at com.rabbitmq.client.impl.AMQChannel$BlockingRpcContinuation.getReply(AMQChannel.java:552) ~[amqp-client-5.22.0.jar:5.22.0]
	at com.rabbitmq.client.impl.AMQConnection.start(AMQConnection.java:336) ~[amqp-client-5.22.0.jar:5.22.0]
	... 15 common frames omitted
Caused by: java.io.EOFException: null
	at java.base/java.io.DataInputStream.readUnsignedByte(DataInputStream.java:297) ~[na:na]
	at com.rabbitmq.client.impl.Frame.readFrom(Frame.java:91) ~[amqp-client-5.22.0.jar:5.22.0]
	at com.rabbitmq.client.impl.SocketFrameHandler.readFrame(SocketFrameHandler.java:199) ~[amqp-client-5.22.0.jar:5.22.0]
	at com.rabbitmq.client.impl.AMQConnection$MainLoop.run(AMQConnection.java:687) ~[amqp-client-5.22.0.jar:5.22.0]
	... 1 common frames omitted

2025-10-29T13:13:26.711-05:00  INFO 23784 --- [mesa-service] [org.springframework.amqp.rabbit.RabbitListenerEndpointContainer#0-1] o.s.a.r.l.SimpleMessageListenerContainer : Restarting Consumer@50ccaadb: tags=[[]], channel=null, acknowledgeMode=AUTO local queue size=0
2025-10-29T13:13:26.713-05:00  INFO 23784 --- [mesa-service] [org.springframework.amqp.rabbit.RabbitListenerEndpointContainer#0-2] o.s.a.r.c.CachingConnectionFactory       : Attempting to connect to: [localhost:15672]
2025-10-29T13:13:31.718-05:00  WARN 23784 --- [mesa-service] [AMQP Connection 127.0.0.1:15672] c.r.c.impl.ForgivingExceptionHandler     : An unexpected connection driver error occurred (Exception message: Socket closed)
2025-10-29T13:13:36.722-05:00 ERROR 23784 --- [mesa-service] [org.springframework.amqp.rabbit.RabbitListenerEndpointContainer#0-2] o.s.a.r.l.SimpleMessageListenerContainer : Failed to check/redeclare auto-delete queue(s).
2025-10-29T13:13:36.724-05:00  INFO 23784 --- [mesa-service] [org.springframework.amqp.rabbit.RabbitListenerEndpointContainer#0-2] o.s.a.r.c.CachingConnectionFactory       : Attempting to connect to: [localhost:15672]
2025-10-29T13:13:46.732-05:00  WARN 23784 --- [mesa-service] [AMQP Connection 0:0:0:0:0:0:0:1:15672] c.r.c.impl.ForgivingExceptionHandler     : An unexpected connection driver error occurred (Exception message: Socket closed)
2025-10-29T13:13:51.925-05:00  WARN 23784 --- [mesa-service] [org.springframework.amqp.rabbit.RabbitListenerEndpointContainer#0-2] o.s.a.r.l.SimpleMessageListenerContainer : Consumer raised exception, processing can restart if the connection factory supports it

org.springframework.amqp.AmqpTimeoutException: java.util.concurrent.TimeoutException
	at org.springframework.amqp.rabbit.support.RabbitExceptionTranslator.convertRabbitAccessException(RabbitExceptionTranslator.java:73) ~[spring-rabbit-3.2.7.jar:3.2.7]
	at org.springframework.amqp.rabbit.connection.AbstractConnectionFactory.createBareConnection(AbstractConnectionFactory.java:632) ~[spring-rabbit-3.2.7.jar:3.2.7]
	at org.springframework.amqp.rabbit.connection.CachingConnectionFactory.createConnection(CachingConnectionFactory.java:726) ~[spring-rabbit-3.2.7.jar:3.2.7]
	at org.springframework.amqp.rabbit.connection.ConnectionFactoryUtils.createConnection(ConnectionFactoryUtils.java:257) ~[spring-rabbit-3.2.7.jar:3.2.7]
	at org.springframework.amqp.rabbit.connection.ConnectionFactoryUtils$RabbitResourceFactory.createConnection(ConnectionFactoryUtils.java:345) ~[spring-rabbit-3.2.7.jar:3.2.7]
	at org.springframework.amqp.rabbit.connection.ConnectionFactoryUtils.doGetTransactionalResourceHolder(ConnectionFactoryUtils.java:140) ~[spring-rabbit-3.2.7.jar:3.2.7]
	at org.springframework.amqp.rabbit.connection.ConnectionFactoryUtils.getTransactionalResourceHolder(ConnectionFactoryUtils.java:102) ~[spring-rabbit-3.2.7.jar:3.2.7]
	at org.springframework.amqp.rabbit.connection.ConnectionFactoryUtils.getTransactionalResourceHolder(ConnectionFactoryUtils.java:85) ~[spring-rabbit-3.2.7.jar:3.2.7]
	at org.springframework.amqp.rabbit.listener.BlockingQueueConsumer.start(BlockingQueueConsumer.java:625) ~[spring-rabbit-3.2.7.jar:3.2.7]
	at org.springframework.amqp.rabbit.listener.SimpleMessageListenerContainer$AsyncMessageProcessingConsumer.initialize(SimpleMessageListenerContainer.java:1490) ~[spring-rabbit-3.2.7.jar:3.2.7]
	at org.springframework.amqp.rabbit.listener.SimpleMessageListenerContainer$AsyncMessageProcessingConsumer.run(SimpleMessageListenerContainer.java:1328) ~[spring-rabbit-3.2.7.jar:3.2.7]
	at java.base/java.lang.Thread.run(Thread.java:1583) ~[na:na]
Caused by: java.util.concurrent.TimeoutException: null
	at com.rabbitmq.utility.BlockingCell.get(BlockingCell.java:77) ~[amqp-client-5.22.0.jar:5.22.0]
	at com.rabbitmq.utility.BlockingCell.uninterruptibleGet(BlockingCell.java:120) ~[amqp-client-5.22.0.jar:5.22.0]
	at com.rabbitmq.utility.BlockingValueOrException.uninterruptibleGetValue(BlockingValueOrException.java:36) ~[amqp-client-5.22.0.jar:5.22.0]
	at com.rabbitmq.client.impl.AMQChannel$BlockingRpcContinuation.getReply(AMQChannel.java:552) ~[amqp-client-5.22.0.jar:5.22.0]
	at com.rabbitmq.client.impl.AMQConnection.start(AMQConnection.java:336) ~[amqp-client-5.22.0.jar:5.22.0]
	at com.rabbitmq.client.ConnectionFactory.newConnection(ConnectionFactory.java:1251) ~[amqp-client-5.22.0.jar:5.22.0]
	at com.rabbitmq.client.ConnectionFactory.newConnection(ConnectionFactory.java:1198) ~[amqp-client-5.22.0.jar:5.22.0]
	at org.springframework.amqp.rabbit.connection.AbstractConnectionFactory.connectAddresses(AbstractConnectionFactory.java:678) ~[spring-rabbit-3.2.7.jar:3.2.7]
	at org.springframework.amqp.rabbit.connection.AbstractConnectionFactory.connect(AbstractConnectionFactory.java:647) ~[spring-rabbit-3.2.7.jar:3.2.7]
	at org.springframework.amqp.rabbit.connection.AbstractConnectionFactory.createBareConnection(AbstractConnectionFactory.java:593) ~[spring-rabbit-3.2.7.jar:3.2.7]
	... 10 common frames omitted

2025-10-29T13:13:51.930-05:00  INFO 23784 --- [mesa-service] [org.springframework.amqp.rabbit.RabbitListenerEndpointContainer#0-2] o.s.a.r.l.SimpleMessageListenerContainer : Restarting Consumer@3d43ba79: tags=[[]], channel=null, acknowledgeMode=AUTO local queue size=0
2025-10-29T13:13:51.936-05:00  INFO 23784 --- [mesa-service] [org.springframework.amqp.rabbit.RabbitListenerEndpointContainer#0-3] o.s.a.r.c.CachingConnectionFactory       : Attempting to connect to: [localhost:15672]
2025-10-29T13:13:56.950-05:00  WARN 23784 --- [mesa-service] [AMQP Connection 127.0.0.1:15672] c.r.c.impl.ForgivingExceptionHandler     : An unexpected connection driver error occurred (Exception message: Socket closed)
2025-10-29T13:14:01.953-05:00 ERROR 23784 --- [mesa-service] [org.springframework.amqp.rabbit.RabbitListenerEndpointContainer#0-3] o.s.a.r.l.SimpleMessageListenerContainer : Failed to check/redeclare auto-delete queue(s).
2025-10-29T13:14:01.954-05:00  WARN 23784 --- [mesa-service] [AMQP Connection 0:0:0:0:0:0:0:1:15672] c.r.c.impl.ForgivingExceptionHandler     : An unexpected connection driver error occurred (Exception message: Socket closed)
2025-10-29T13:14:01.954-05:00  INFO 23784 --- [mesa-service] [org.springframework.amqp.rabbit.RabbitListenerEndpointContainer#0-3] o.s.a.r.c.CachingConnectionFactory       : Attempting to connect to: [localhost:15672]
2025-10-29T13:14:11.964-05:00  WARN 23784 --- [mesa-service] [AMQP Connection 0:0:0:0:0:0:0:1:15672] c.r.c.impl.ForgivingExceptionHandler     : An unexpected connection driver error occurred (Exception message: Socket closed)
2025-10-29T13:14:17.050-05:00  WARN 23784 --- [mesa-service] [org.springframework.amqp.rabbit.RabbitListenerEndpointContainer#0-3] o.s.a.r.l.SimpleMessageListenerContainer : Consumer raised exception, processing can restart if the connection factory supports it

org.springframework.amqp.AmqpTimeoutException: java.util.concurrent.TimeoutException
	at org.springframework.amqp.rabbit.support.RabbitExceptionTranslator.convertRabbitAccessException(RabbitExceptionTranslator.java:73) ~[spring-rabbit-3.2.7.jar:3.2.7]
	at org.springframework.amqp.rabbit.connection.AbstractConnectionFactory.createBareConnection(AbstractConnectionFactory.java:632) ~[spring-rabbit-3.2.7.jar:3.2.7]
	at org.springframework.amqp.rabbit.connection.CachingConnectionFactory.createConnection(CachingConnectionFactory.java:726) ~[spring-rabbit-3.2.7.jar:3.2.7]
	at org.springframework.amqp.rabbit.connection.ConnectionFactoryUtils.createConnection(ConnectionFactoryUtils.java:257) ~[spring-rabbit-3.2.7.jar:3.2.7]
	at org.springframework.amqp.rabbit.connection.ConnectionFactoryUtils$RabbitResourceFactory.createConnection(ConnectionFactoryUtils.java:345) ~[spring-rabbit-3.2.7.jar:3.2.7]
	at org.springframework.amqp.rabbit.connection.ConnectionFactoryUtils.doGetTransactionalResourceHolder(ConnectionFactoryUtils.java:140) ~[spring-rabbit-3.2.7.jar:3.2.7]
	at org.springframework.amqp.rabbit.connection.ConnectionFactoryUtils.getTransactionalResourceHolder(ConnectionFactoryUtils.java:102) ~[spring-rabbit-3.2.7.jar:3.2.7]
	at org.springframework.amqp.rabbit.connection.ConnectionFactoryUtils.getTransactionalResourceHolder(ConnectionFactoryUtils.java:85) ~[spring-rabbit-3.2.7.jar:3.2.7]
	at org.springframework.amqp.rabbit.listener.BlockingQueueConsumer.start(BlockingQueueConsumer.java:625) ~[spring-rabbit-3.2.7.jar:3.2.7]
	at org.springframework.amqp.rabbit.listener.SimpleMessageListenerContainer$AsyncMessageProcessingConsumer.initialize(SimpleMessageListenerContainer.java:1490) ~[spring-rabbit-3.2.7.jar:3.2.7]
	at org.springframework.amqp.rabbit.listener.SimpleMessageListenerContainer$AsyncMessageProcessingConsumer.run(SimpleMessageListenerContainer.java:1328) ~[spring-rabbit-3.2.7.jar:3.2.7]
	at java.base/java.lang.Thread.run(Thread.java:1583) ~[na:na]
Caused by: java.util.concurrent.TimeoutException: null
	at com.rabbitmq.utility.BlockingCell.get(BlockingCell.java:77) ~[amqp-client-5.22.0.jar:5.22.0]
	at com.rabbitmq.utility.BlockingCell.uninterruptibleGet(BlockingCell.java:120) ~[amqp-client-5.22.0.jar:5.22.0]
	at com.rabbitmq.utility.BlockingValueOrException.uninterruptibleGetValue(BlockingValueOrException.java:36) ~[amqp-client-5.22.0.jar:5.22.0]
	at com.rabbitmq.client.impl.AMQChannel$BlockingRpcContinuation.getReply(AMQChannel.java:552) ~[amqp-client-5.22.0.jar:5.22.0]
	at com.rabbitmq.client.impl.AMQConnection.start(AMQConnection.java:336) ~[amqp-client-5.22.0.jar:5.22.0]
	at com.rabbitmq.client.ConnectionFactory.newConnection(ConnectionFactory.java:1251) ~[amqp-client-5.22.0.jar:5.22.0]
	at com.rabbitmq.client.ConnectionFactory.newConnection(ConnectionFactory.java:1198) ~[amqp-client-5.22.0.jar:5.22.0]
	at org.springframework.amqp.rabbit.connection.AbstractConnectionFactory.connectAddresses(AbstractConnectionFactory.java:678) ~[spring-rabbit-3.2.7.jar:3.2.7]
	at org.springframework.amqp.rabbit.connection.AbstractConnectionFactory.connect(AbstractConnectionFactory.java:647) ~[spring-rabbit-3.2.7.jar:3.2.7]
	at org.springframework.amqp.rabbit.connection.AbstractConnectionFactory.createBareConnection(AbstractConnectionFactory.java:593) ~[spring-rabbit-3.2.7.jar:3.2.7]
	... 10 common frames omitted

2025-10-29T13:14:17.052-05:00  INFO 23784 --- [mesa-service] [org.springframework.amqp.rabbit.RabbitListenerEndpointContainer#0-3] o.s.a.r.l.SimpleMessageListenerContainer : Restarting Consumer@6a9501ed: tags=[[]], channel=null, acknowledgeMode=AUTO local queue size=0
2025-10-29T13:14:17.054-05:00  INFO 23784 --- [mesa-service] [org.springframework.amqp.rabbit.RabbitListenerEndpointContainer#0-4] o.s.a.r.c.CachingConnectionFactory       : Attempting to connect to: [localhost:15672]
2025-10-29T13:14:22.059-05:00  WARN 23784 --- [mesa-service] [AMQP Connection 127.0.0.1:15672] c.r.c.impl.ForgivingExceptionHandler     : An unexpected connection driver error occurred (Exception message: Socket closed)
2025-10-29T13:14:27.065-05:00 ERROR 23784 --- [mesa-service] [org.springframework.amqp.rabbit.RabbitListenerEndpointContainer#0-4] o.s.a.r.l.SimpleMessageListenerContainer : Failed to check/redeclare auto-delete queue(s).
2025-10-29T13:14:27.066-05:00  INFO 23784 --- [mesa-service] [org.springframework.amqp.rabbit.RabbitListenerEndpointContainer#0-4] o.s.a.r.c.CachingConnectionFactory       : Attempting to connect to: [localhost:15672]
2025-10-29T13:14:42.239-05:00  WARN 23784 --- [mesa-service] [org.springframework.amqp.rabbit.RabbitListenerEndpointContainer#0-4] o.s.a.r.l.SimpleMessageListenerContainer : Consumer raised exception, processing can restart if the connection factory supports it

org.springframework.amqp.AmqpIOException: java.io.IOException
	at org.springframework.amqp.rabbit.support.RabbitExceptionTranslator.convertRabbitAccessException(RabbitExceptionTranslator.java:70) ~[spring-rabbit-3.2.7.jar:3.2.7]
	at org.springframework.amqp.rabbit.connection.AbstractConnectionFactory.createBareConnection(AbstractConnectionFactory.java:632) ~[spring-rabbit-3.2.7.jar:3.2.7]
	at org.springframework.amqp.rabbit.connection.CachingConnectionFactory.createConnection(CachingConnectionFactory.java:726) ~[spring-rabbit-3.2.7.jar:3.2.7]
	at org.springframework.amqp.rabbit.connection.ConnectionFactoryUtils.createConnection(ConnectionFactoryUtils.java:257) ~[spring-rabbit-3.2.7.jar:3.2.7]
	at org.springframework.amqp.rabbit.connection.ConnectionFactoryUtils$RabbitResourceFactory.createConnection(ConnectionFactoryUtils.java:345) ~[spring-rabbit-3.2.7.jar:3.2.7]
	at org.springframework.amqp.rabbit.connection.ConnectionFactoryUtils.doGetTransactionalResourceHolder(ConnectionFactoryUtils.java:140) ~[spring-rabbit-3.2.7.jar:3.2.7]
	at org.springframework.amqp.rabbit.connection.ConnectionFactoryUtils.getTransactionalResourceHolder(ConnectionFactoryUtils.java:102) ~[spring-rabbit-3.2.7.jar:3.2.7]
	at org.springframework.amqp.rabbit.connection.ConnectionFactoryUtils.getTransactionalResourceHolder(ConnectionFactoryUtils.java:85) ~[spring-rabbit-3.2.7.jar:3.2.7]
	at org.springframework.amqp.rabbit.listener.BlockingQueueConsumer.start(BlockingQueueConsumer.java:625) ~[spring-rabbit-3.2.7.jar:3.2.7]
	at org.springframework.amqp.rabbit.listener.SimpleMessageListenerContainer$AsyncMessageProcessingConsumer.initialize(SimpleMessageListenerContainer.java:1490) ~[spring-rabbit-3.2.7.jar:3.2.7]
	at org.springframework.amqp.rabbit.listener.SimpleMessageListenerContainer$AsyncMessageProcessingConsumer.run(SimpleMessageListenerContainer.java:1328) ~[spring-rabbit-3.2.7.jar:3.2.7]
	at java.base/java.lang.Thread.run(Thread.java:1583) ~[na:na]
Caused by: java.io.IOException: null
	at com.rabbitmq.client.impl.AMQChannel.wrap(AMQChannel.java:140) ~[amqp-client-5.22.0.jar:5.22.0]
	at com.rabbitmq.client.impl.AMQChannel.wrap(AMQChannel.java:136) ~[amqp-client-5.22.0.jar:5.22.0]
	at com.rabbitmq.client.impl.AMQConnection.start(AMQConnection.java:406) ~[amqp-client-5.22.0.jar:5.22.0]
	at com.rabbitmq.client.ConnectionFactory.newConnection(ConnectionFactory.java:1251) ~[amqp-client-5.22.0.jar:5.22.0]
	at com.rabbitmq.client.ConnectionFactory.newConnection(ConnectionFactory.java:1198) ~[amqp-client-5.22.0.jar:5.22.0]
	at org.springframework.amqp.rabbit.connection.AbstractConnectionFactory.connectAddresses(AbstractConnectionFactory.java:678) ~[spring-rabbit-3.2.7.jar:3.2.7]
	at org.springframework.amqp.rabbit.connection.AbstractConnectionFactory.connect(AbstractConnectionFactory.java:647) ~[spring-rabbit-3.2.7.jar:3.2.7]
	at org.springframework.amqp.rabbit.connection.AbstractConnectionFactory.createBareConnection(AbstractConnectionFactory.java:593) ~[spring-rabbit-3.2.7.jar:3.2.7]
	... 10 common frames omitted
Caused by: com.rabbitmq.client.ShutdownSignalException: connection error
	at com.rabbitmq.utility.ValueOrException.getValue(ValueOrException.java:66) ~[amqp-client-5.22.0.jar:5.22.0]
	at com.rabbitmq.utility.BlockingValueOrException.uninterruptibleGetValue(BlockingValueOrException.java:36) ~[amqp-client-5.22.0.jar:5.22.0]
	at com.rabbitmq.client.impl.AMQChannel$BlockingRpcContinuation.getReply(AMQChannel.java:552) ~[amqp-client-5.22.0.jar:5.22.0]
	at com.rabbitmq.client.impl.AMQConnection.start(AMQConnection.java:336) ~[amqp-client-5.22.0.jar:5.22.0]
	... 15 common frames omitted
Caused by: java.io.EOFException: null
	at java.base/java.io.DataInputStream.readUnsignedByte(DataInputStream.java:297) ~[na:na]
	at com.rabbitmq.client.impl.Frame.readFrom(Frame.java:91) ~[amqp-client-5.22.0.jar:5.22.0]
	at com.rabbitmq.client.impl.SocketFrameHandler.readFrame(SocketFrameHandler.java:199) ~[amqp-client-5.22.0.jar:5.22.0]
	at com.rabbitmq.client.impl.AMQConnection$MainLoop.run(AMQConnection.java:687) ~[amqp-client-5.22.0.jar:5.22.0]
	... 1 common frames omitted

2025-10-29T13:14:42.242-05:00  INFO 23784 --- [mesa-service] [org.springframework.amqp.rabbit.RabbitListenerEndpointContainer#0-4] o.s.a.r.l.SimpleMessageListenerContainer : Restarting Consumer@45ff0425: tags=[[]], channel=null, acknowledgeMode=AUTO local queue size=0
2025-10-29T13:14:42.243-05:00  INFO 23784 --- [mesa-service] [org.springframework.amqp.rabbit.RabbitListenerEndpointContainer#0-5] o.s.a.r.c.CachingConnectionFactory       : Attempting to connect to: [localhost:15672]
2025-10-29T13:14:52.254-05:00 ERROR 23784 --- [mesa-service] [org.springframework.amqp.rabbit.RabbitListenerEndpointContainer#0-5] o.s.a.r.l.SimpleMessageListenerContainer : Failed to check/redeclare auto-delete queue(s).
2025-10-29T13:14:52.255-05:00  INFO 23784 --- [mesa-service] [org.springframework.amqp.rabbit.RabbitListenerEndpointContainer#0-5] o.s.a.r.c.CachingConnectionFactory       : Attempting to connect to: [localhost:15672]
2025-10-29T13:15:07.383-05:00  WARN 23784 --- [mesa-service] [org.springframework.amqp.rabbit.RabbitListenerEndpointContainer#0-5] o.s.a.r.l.SimpleMessageListenerContainer : Consumer raised exception, processing can restart if the connection factory supports it

org.springframework.amqp.AmqpIOException: java.io.IOException
	at org.springframework.amqp.rabbit.support.RabbitExceptionTranslator.convertRabbitAccessException(RabbitExceptionTranslator.java:70) ~[spring-rabbit-3.2.7.jar:3.2.7]
	at org.springframework.amqp.rabbit.connection.AbstractConnectionFactory.createBareConnection(AbstractConnectionFactory.java:632) ~[spring-rabbit-3.2.7.jar:3.2.7]
	at org.springframework.amqp.rabbit.connection.CachingConnectionFactory.createConnection(CachingConnectionFactory.java:726) ~[spring-rabbit-3.2.7.jar:3.2.7]
	at org.springframework.amqp.rabbit.connection.ConnectionFactoryUtils.createConnection(ConnectionFactoryUtils.java:257) ~[spring-rabbit-3.2.7.jar:3.2.7]
	at org.springframework.amqp.rabbit.connection.ConnectionFactoryUtils$RabbitResourceFactory.createConnection(ConnectionFactoryUtils.java:345) ~[spring-rabbit-3.2.7.jar:3.2.7]
	at org.springframework.amqp.rabbit.connection.ConnectionFactoryUtils.doGetTransactionalResourceHolder(ConnectionFactoryUtils.java:140) ~[spring-rabbit-3.2.7.jar:3.2.7]
	at org.springframework.amqp.rabbit.connection.ConnectionFactoryUtils.getTransactionalResourceHolder(ConnectionFactoryUtils.java:102) ~[spring-rabbit-3.2.7.jar:3.2.7]
	at org.springframework.amqp.rabbit.connection.ConnectionFactoryUtils.getTransactionalResourceHolder(ConnectionFactoryUtils.java:85) ~[spring-rabbit-3.2.7.jar:3.2.7]
	at org.springframework.amqp.rabbit.listener.BlockingQueueConsumer.start(BlockingQueueConsumer.java:625) ~[spring-rabbit-3.2.7.jar:3.2.7]
	at org.springframework.amqp.rabbit.listener.SimpleMessageListenerContainer$AsyncMessageProcessingConsumer.initialize(SimpleMessageListenerContainer.java:1490) ~[spring-rabbit-3.2.7.jar:3.2.7]
	at org.springframework.amqp.rabbit.listener.SimpleMessageListenerContainer$AsyncMessageProcessingConsumer.run(SimpleMessageListenerContainer.java:1328) ~[spring-rabbit-3.2.7.jar:3.2.7]
	at java.base/java.lang.Thread.run(Thread.java:1583) ~[na:na]
Caused by: java.io.IOException: null
	at com.rabbitmq.client.impl.AMQChannel.wrap(AMQChannel.java:140) ~[amqp-client-5.22.0.jar:5.22.0]
	at com.rabbitmq.client.impl.AMQChannel.wrap(AMQChannel.java:136) ~[amqp-client-5.22.0.jar:5.22.0]
	at com.rabbitmq.client.impl.AMQConnection.start(AMQConnection.java:406) ~[amqp-client-5.22.0.jar:5.22.0]
	at com.rabbitmq.client.ConnectionFactory.newConnection(ConnectionFactory.java:1251) ~[amqp-client-5.22.0.jar:5.22.0]
	at com.rabbitmq.client.ConnectionFactory.newConnection(ConnectionFactory.java:1198) ~[amqp-client-5.22.0.jar:5.22.0]
	at org.springframework.amqp.rabbit.connection.AbstractConnectionFactory.connectAddresses(AbstractConnectionFactory.java:678) ~[spring-rabbit-3.2.7.jar:3.2.7]
	at org.springframework.amqp.rabbit.connection.AbstractConnectionFactory.connect(AbstractConnectionFactory.java:647) ~[spring-rabbit-3.2.7.jar:3.2.7]
	at org.springframework.amqp.rabbit.connection.AbstractConnectionFactory.createBareConnection(AbstractConnectionFactory.java:593) ~[spring-rabbit-3.2.7.jar:3.2.7]
	... 10 common frames omitted
Caused by: com.rabbitmq.client.ShutdownSignalException: connection error
	at com.rabbitmq.utility.ValueOrException.getValue(ValueOrException.java:66) ~[amqp-client-5.22.0.jar:5.22.0]
	at com.rabbitmq.utility.BlockingValueOrException.uninterruptibleGetValue(BlockingValueOrException.java:36) ~[amqp-client-5.22.0.jar:5.22.0]
	at com.rabbitmq.client.impl.AMQChannel$BlockingRpcContinuation.getReply(AMQChannel.java:552) ~[amqp-client-5.22.0.jar:5.22.0]
	at com.rabbitmq.client.impl.AMQConnection.start(AMQConnection.java:336) ~[amqp-client-5.22.0.jar:5.22.0]
	... 15 common frames omitted
Caused by: java.io.EOFException: null
	at java.base/java.io.DataInputStream.readUnsignedByte(DataInputStream.java:297) ~[na:na]
	at com.rabbitmq.client.impl.Frame.readFrom(Frame.java:91) ~[amqp-client-5.22.0.jar:5.22.0]
	at com.rabbitmq.client.impl.SocketFrameHandler.readFrame(SocketFrameHandler.java:199) ~[amqp-client-5.22.0.jar:5.22.0]
	at com.rabbitmq.client.impl.AMQConnection$MainLoop.run(AMQConnection.java:687) ~[amqp-client-5.22.0.jar:5.22.0]
	... 1 common frames omitted

2025-10-29T13:15:07.394-05:00  INFO 23784 --- [mesa-service] [org.springframework.amqp.rabbit.RabbitListenerEndpointContainer#0-5] o.s.a.r.l.SimpleMessageListenerContainer : Restarting Consumer@2f605755: tags=[[]], channel=null, acknowledgeMode=AUTO local queue size=0
2025-10-29T13:15:07.404-05:00  INFO 23784 --- [mesa-service] [org.springframework.amqp.rabbit.RabbitListenerEndpointContainer#0-6] o.s.a.r.c.CachingConnectionFactory       : Attempting to connect to: [localhost:15672]
2025-10-29T13:15:12.412-05:00  WARN 23784 --- [mesa-service] [AMQP Connection 127.0.0.1:15672] c.r.c.impl.ForgivingExceptionHandler     : An unexpected connection driver error occurred (Exception message: Socket closed)
2025-10-29T13:15:17.419-05:00 ERROR 23784 --- [mesa-service] [org.springframework.amqp.rabbit.RabbitListenerEndpointContainer#0-6] o.s.a.r.l.SimpleMessageListenerContainer : Failed to check/redeclare auto-delete queue(s).
2025-10-29T13:15:17.420-05:00  INFO 23784 --- [mesa-service] [org.springframework.amqp.rabbit.RabbitListenerEndpointContainer#0-6] o.s.a.r.c.CachingConnectionFactory       : Attempting to connect to: [localhost:15672]
2025-10-29T13:15:32.562-05:00  WARN 23784 --- [mesa-service] [org.springframework.amqp.rabbit.RabbitListenerEndpointContainer#0-6] o.s.a.r.l.SimpleMessageListenerContainer : Consumer raised exception, processing can restart if the connection factory supports it

org.springframework.amqp.AmqpIOException: java.io.IOException
	at org.springframework.amqp.rabbit.support.RabbitExceptionTranslator.convertRabbitAccessException(RabbitExceptionTranslator.java:70) ~[spring-rabbit-3.2.7.jar:3.2.7]
	at org.springframework.amqp.rabbit.connection.AbstractConnectionFactory.createBareConnection(AbstractConnectionFactory.java:632) ~[spring-rabbit-3.2.7.jar:3.2.7]
	at org.springframework.amqp.rabbit.connection.CachingConnectionFactory.createConnection(CachingConnectionFactory.java:726) ~[spring-rabbit-3.2.7.jar:3.2.7]
	at org.springframework.amqp.rabbit.connection.ConnectionFactoryUtils.createConnection(ConnectionFactoryUtils.java:257) ~[spring-rabbit-3.2.7.jar:3.2.7]
	at org.springframework.amqp.rabbit.connection.ConnectionFactoryUtils$RabbitResourceFactory.createConnection(ConnectionFactoryUtils.java:345) ~[spring-rabbit-3.2.7.jar:3.2.7]
	at org.springframework.amqp.rabbit.connection.ConnectionFactoryUtils.doGetTransactionalResourceHolder(ConnectionFactoryUtils.java:140) ~[spring-rabbit-3.2.7.jar:3.2.7]
	at org.springframework.amqp.rabbit.connection.ConnectionFactoryUtils.getTransactionalResourceHolder(ConnectionFactoryUtils.java:102) ~[spring-rabbit-3.2.7.jar:3.2.7]
	at org.springframework.amqp.rabbit.connection.ConnectionFactoryUtils.getTransactionalResourceHolder(ConnectionFactoryUtils.java:85) ~[spring-rabbit-3.2.7.jar:3.2.7]
	at org.springframework.amqp.rabbit.listener.BlockingQueueConsumer.start(BlockingQueueConsumer.java:625) ~[spring-rabbit-3.2.7.jar:3.2.7]
	at org.springframework.amqp.rabbit.listener.SimpleMessageListenerContainer$AsyncMessageProcessingConsumer.initialize(SimpleMessageListenerContainer.java:1490) ~[spring-rabbit-3.2.7.jar:3.2.7]
	at org.springframework.amqp.rabbit.listener.SimpleMessageListenerContainer$AsyncMessageProcessingConsumer.run(SimpleMessageListenerContainer.java:1328) ~[spring-rabbit-3.2.7.jar:3.2.7]
	at java.base/java.lang.Thread.run(Thread.java:1583) ~[na:na]
Caused by: java.io.IOException: null
	at com.rabbitmq.client.impl.AMQChannel.wrap(AMQChannel.java:140) ~[amqp-client-5.22.0.jar:5.22.0]
	at com.rabbitmq.client.impl.AMQChannel.wrap(AMQChannel.java:136) ~[amqp-client-5.22.0.jar:5.22.0]
	at com.rabbitmq.client.impl.AMQConnection.start(AMQConnection.java:406) ~[amqp-client-5.22.0.jar:5.22.0]
	at com.rabbitmq.client.ConnectionFactory.newConnection(ConnectionFactory.java:1251) ~[amqp-client-5.22.0.jar:5.22.0]
	at com.rabbitmq.client.ConnectionFactory.newConnection(ConnectionFactory.java:1198) ~[amqp-client-5.22.0.jar:5.22.0]
	at org.springframework.amqp.rabbit.connection.AbstractConnectionFactory.connectAddresses(AbstractConnectionFactory.java:678) ~[spring-rabbit-3.2.7.jar:3.2.7]
	at org.springframework.amqp.rabbit.connection.AbstractConnectionFactory.connect(AbstractConnectionFactory.java:647) ~[spring-rabbit-3.2.7.jar:3.2.7]
	at org.springframework.amqp.rabbit.connection.AbstractConnectionFactory.createBareConnection(AbstractConnectionFactory.java:593) ~[spring-rabbit-3.2.7.jar:3.2.7]
	... 10 common frames omitted
Caused by: com.rabbitmq.client.ShutdownSignalException: connection error
	at com.rabbitmq.utility.ValueOrException.getValue(ValueOrException.java:66) ~[amqp-client-5.22.0.jar:5.22.0]
	at com.rabbitmq.utility.BlockingValueOrException.uninterruptibleGetValue(BlockingValueOrException.java:36) ~[amqp-client-5.22.0.jar:5.22.0]
	at com.rabbitmq.client.impl.AMQChannel$BlockingRpcContinuation.getReply(AMQChannel.java:552) ~[amqp-client-5.22.0.jar:5.22.0]
	at com.rabbitmq.client.impl.AMQConnection.start(AMQConnection.java:336) ~[amqp-client-5.22.0.jar:5.22.0]
	... 15 common frames omitted
Caused by: java.io.EOFException: null
	at java.base/java.io.DataInputStream.readUnsignedByte(DataInputStream.java:297) ~[na:na]
	at com.rabbitmq.client.impl.Frame.readFrom(Frame.java:91) ~[amqp-client-5.22.0.jar:5.22.0]
	at com.rabbitmq.client.impl.SocketFrameHandler.readFrame(SocketFrameHandler.java:199) ~[amqp-client-5.22.0.jar:5.22.0]
	at com.rabbitmq.client.impl.AMQConnection$MainLoop.run(AMQConnection.java:687) ~[amqp-client-5.22.0.jar:5.22.0]
	... 1 common frames omitted

2025-10-29T13:15:32.565-05:00  INFO 23784 --- [mesa-service] [org.springframework.amqp.rabbit.RabbitListenerEndpointContainer#0-6] o.s.a.r.l.SimpleMessageListenerContainer : Restarting Consumer@2392f6e9: tags=[[]], channel=null, acknowledgeMode=AUTO local queue size=0
2025-10-29T13:15:32.567-05:00  INFO 23784 --- [mesa-service] [org.springframework.amqp.rabbit.RabbitListenerEndpointContainer#0-7] o.s.a.r.c.CachingConnectionFactory       : Attempting to connect to: [localhost:15672]
2025-10-29T13:15:37.570-05:00  WARN 23784 --- [mesa-service] [AMQP Connection 127.0.0.1:15672] c.r.c.impl.ForgivingExceptionHandler     : An unexpected connection driver error occurred (Exception message: Socket closed)
2025-10-29T13:15:42.574-05:00 ERROR 23784 --- [mesa-service] [org.springframework.amqp.rabbit.RabbitListenerEndpointContainer#0-7] o.s.a.r.l.SimpleMessageListenerContainer : Failed to check/redeclare auto-delete queue(s).
2025-10-29T13:15:42.574-05:00  INFO 23784 --- [mesa-service] [org.springframework.amqp.rabbit.RabbitListenerEndpointContainer#0-7] o.s.a.r.c.CachingConnectionFactory       : Attempting to connect to: [localhost:15672]
2025-10-29T13:15:47.579-05:00  WARN 23784 --- [mesa-service] [AMQP Connection 127.0.0.1:15672] c.r.c.impl.ForgivingExceptionHandler     : An unexpected connection driver error occurred (Exception message: Socket closed)
2025-10-29T13:15:52.582-05:00  WARN 23784 --- [mesa-service] [AMQP Connection 0:0:0:0:0:0:0:1:15672] c.r.c.impl.ForgivingExceptionHandler     : An unexpected connection driver error occurred (Exception message: Socket closed)
2025-10-29T13:15:57.650-05:00  WARN 23784 --- [mesa-service] [org.springframework.amqp.rabbit.RabbitListenerEndpointContainer#0-7] o.s.a.r.l.SimpleMessageListenerContainer : Consumer raised exception, processing can restart if the connection factory supports it

org.springframework.amqp.AmqpTimeoutException: java.util.concurrent.TimeoutException
	at org.springframework.amqp.rabbit.support.RabbitExceptionTranslator.convertRabbitAccessException(RabbitExceptionTranslator.java:73) ~[spring-rabbit-3.2.7.jar:3.2.7]
	at org.springframework.amqp.rabbit.connection.AbstractConnectionFactory.createBareConnection(AbstractConnectionFactory.java:632) ~[spring-rabbit-3.2.7.jar:3.2.7]
	at org.springframework.amqp.rabbit.connection.CachingConnectionFactory.createConnection(CachingConnectionFactory.java:726) ~[spring-rabbit-3.2.7.jar:3.2.7]
	at org.springframework.amqp.rabbit.connection.ConnectionFactoryUtils.createConnection(ConnectionFactoryUtils.java:257) ~[spring-rabbit-3.2.7.jar:3.2.7]
	at org.springframework.amqp.rabbit.connection.ConnectionFactoryUtils$RabbitResourceFactory.createConnection(ConnectionFactoryUtils.java:345) ~[spring-rabbit-3.2.7.jar:3.2.7]
	at org.springframework.amqp.rabbit.connection.ConnectionFactoryUtils.doGetTransactionalResourceHolder(ConnectionFactoryUtils.java:140) ~[spring-rabbit-3.2.7.jar:3.2.7]
	at org.springframework.amqp.rabbit.connection.ConnectionFactoryUtils.getTransactionalResourceHolder(ConnectionFactoryUtils.java:102) ~[spring-rabbit-3.2.7.jar:3.2.7]
	at org.springframework.amqp.rabbit.connection.ConnectionFactoryUtils.getTransactionalResourceHolder(ConnectionFactoryUtils.java:85) ~[spring-rabbit-3.2.7.jar:3.2.7]
	at org.springframework.amqp.rabbit.listener.BlockingQueueConsumer.start(BlockingQueueConsumer.java:625) ~[spring-rabbit-3.2.7.jar:3.2.7]
	at org.springframework.amqp.rabbit.listener.SimpleMessageListenerContainer$AsyncMessageProcessingConsumer.initialize(SimpleMessageListenerContainer.java:1490) ~[spring-rabbit-3.2.7.jar:3.2.7]
	at org.springframework.amqp.rabbit.listener.SimpleMessageListenerContainer$AsyncMessageProcessingConsumer.run(SimpleMessageListenerContainer.java:1328) ~[spring-rabbit-3.2.7.jar:3.2.7]
	at java.base/java.lang.Thread.run(Thread.java:1583) ~[na:na]
Caused by: java.util.concurrent.TimeoutException: null
	at com.rabbitmq.utility.BlockingCell.get(BlockingCell.java:77) ~[amqp-client-5.22.0.jar:5.22.0]
	at com.rabbitmq.utility.BlockingCell.uninterruptibleGet(BlockingCell.java:120) ~[amqp-client-5.22.0.jar:5.22.0]
	at com.rabbitmq.utility.BlockingValueOrException.uninterruptibleGetValue(BlockingValueOrException.java:36) ~[amqp-client-5.22.0.jar:5.22.0]
	at com.rabbitmq.client.impl.AMQChannel$BlockingRpcContinuation.getReply(AMQChannel.java:552) ~[amqp-client-5.22.0.jar:5.22.0]
	at com.rabbitmq.client.impl.AMQConnection.start(AMQConnection.java:336) ~[amqp-client-5.22.0.jar:5.22.0]
	at com.rabbitmq.client.ConnectionFactory.newConnection(ConnectionFactory.java:1251) ~[amqp-client-5.22.0.jar:5.22.0]
	at com.rabbitmq.client.ConnectionFactory.newConnection(ConnectionFactory.java:1198) ~[amqp-client-5.22.0.jar:5.22.0]
	at org.springframework.amqp.rabbit.connection.AbstractConnectionFactory.connectAddresses(AbstractConnectionFactory.java:678) ~[spring-rabbit-3.2.7.jar:3.2.7]
	at org.springframework.amqp.rabbit.connection.AbstractConnectionFactory.connect(AbstractConnectionFactory.java:647) ~[spring-rabbit-3.2.7.jar:3.2.7]
	at org.springframework.amqp.rabbit.connection.AbstractConnectionFactory.createBareConnection(AbstractConnectionFactory.java:593) ~[spring-rabbit-3.2.7.jar:3.2.7]
	... 10 common frames omitted

2025-10-29T13:15:57.653-05:00  INFO 23784 --- [mesa-service] [org.springframework.amqp.rabbit.RabbitListenerEndpointContainer#0-7] o.s.a.r.l.SimpleMessageListenerContainer : Restarting Consumer@4da75959: tags=[[]], channel=null, acknowledgeMode=AUTO local queue size=0
2025-10-29T13:15:57.655-05:00  INFO 23784 --- [mesa-service] [org.springframework.amqp.rabbit.RabbitListenerEndpointContainer#0-8] o.s.a.r.c.CachingConnectionFactory       : Attempting to connect to: [localhost:15672]
2025-10-29T13:16:07.665-05:00 ERROR 23784 --- [mesa-service] [org.springframework.amqp.rabbit.RabbitListenerEndpointContainer#0-8] o.s.a.r.l.SimpleMessageListenerContainer : Failed to check/redeclare auto-delete queue(s).
2025-10-29T13:16:07.666-05:00  WARN 23784 --- [mesa-service] [AMQP Connection 0:0:0:0:0:0:0:1:15672] c.r.c.impl.ForgivingExceptionHandler     : An unexpected connection driver error occurred (Exception message: Socket closed)
2025-10-29T13:16:07.666-05:00  INFO 23784 --- [mesa-service] [org.springframework.amqp.rabbit.RabbitListenerEndpointContainer#0-8] o.s.a.r.c.CachingConnectionFactory       : Attempting to connect to: [localhost:15672]
2025-10-29T13:16:22.836-05:00  WARN 23784 --- [mesa-service] [org.springframework.amqp.rabbit.RabbitListenerEndpointContainer#0-8] o.s.a.r.l.SimpleMessageListenerContainer : Consumer raised exception, processing can restart if the connection factory supports it

org.springframework.amqp.AmqpIOException: java.io.IOException
	at org.springframework.amqp.rabbit.support.RabbitExceptionTranslator.convertRabbitAccessException(RabbitExceptionTranslator.java:70) ~[spring-rabbit-3.2.7.jar:3.2.7]
	at org.springframework.amqp.rabbit.connection.AbstractConnectionFactory.createBareConnection(AbstractConnectionFactory.java:632) ~[spring-rabbit-3.2.7.jar:3.2.7]
	at org.springframework.amqp.rabbit.connection.CachingConnectionFactory.createConnection(CachingConnectionFactory.java:726) ~[spring-rabbit-3.2.7.jar:3.2.7]
	at org.springframework.amqp.rabbit.connection.ConnectionFactoryUtils.createConnection(ConnectionFactoryUtils.java:257) ~[spring-rabbit-3.2.7.jar:3.2.7]
	at org.springframework.amqp.rabbit.connection.ConnectionFactoryUtils$RabbitResourceFactory.createConnection(ConnectionFactoryUtils.java:345) ~[spring-rabbit-3.2.7.jar:3.2.7]
	at org.springframework.amqp.rabbit.connection.ConnectionFactoryUtils.doGetTransactionalResourceHolder(ConnectionFactoryUtils.java:140) ~[spring-rabbit-3.2.7.jar:3.2.7]
	at org.springframework.amqp.rabbit.connection.ConnectionFactoryUtils.getTransactionalResourceHolder(ConnectionFactoryUtils.java:102) ~[spring-rabbit-3.2.7.jar:3.2.7]
	at org.springframework.amqp.rabbit.connection.ConnectionFactoryUtils.getTransactionalResourceHolder(ConnectionFactoryUtils.java:85) ~[spring-rabbit-3.2.7.jar:3.2.7]
	at org.springframework.amqp.rabbit.listener.BlockingQueueConsumer.start(BlockingQueueConsumer.java:625) ~[spring-rabbit-3.2.7.jar:3.2.7]
	at org.springframework.amqp.rabbit.listener.SimpleMessageListenerContainer$AsyncMessageProcessingConsumer.initialize(SimpleMessageListenerContainer.java:1490) ~[spring-rabbit-3.2.7.jar:3.2.7]
	at org.springframework.amqp.rabbit.listener.SimpleMessageListenerContainer$AsyncMessageProcessingConsumer.run(SimpleMessageListenerContainer.java:1328) ~[spring-rabbit-3.2.7.jar:3.2.7]
	at java.base/java.lang.Thread.run(Thread.java:1583) ~[na:na]
Caused by: java.io.IOException: null
	at com.rabbitmq.client.impl.AMQChannel.wrap(AMQChannel.java:140) ~[amqp-client-5.22.0.jar:5.22.0]
	at com.rabbitmq.client.impl.AMQChannel.wrap(AMQChannel.java:136) ~[amqp-client-5.22.0.jar:5.22.0]
	at com.rabbitmq.client.impl.AMQConnection.start(AMQConnection.java:406) ~[amqp-client-5.22.0.jar:5.22.0]
	at com.rabbitmq.client.ConnectionFactory.newConnection(ConnectionFactory.java:1251) ~[amqp-client-5.22.0.jar:5.22.0]
	at com.rabbitmq.client.ConnectionFactory.newConnection(ConnectionFactory.java:1198) ~[amqp-client-5.22.0.jar:5.22.0]
	at org.springframework.amqp.rabbit.connection.AbstractConnectionFactory.connectAddresses(AbstractConnectionFactory.java:678) ~[spring-rabbit-3.2.7.jar:3.2.7]
	at org.springframework.amqp.rabbit.connection.AbstractConnectionFactory.connect(AbstractConnectionFactory.java:647) ~[spring-rabbit-3.2.7.jar:3.2.7]
	at org.springframework.amqp.rabbit.connection.AbstractConnectionFactory.createBareConnection(AbstractConnectionFactory.java:593) ~[spring-rabbit-3.2.7.jar:3.2.7]
	... 10 common frames omitted
Caused by: com.rabbitmq.client.ShutdownSignalException: connection error
	at com.rabbitmq.utility.ValueOrException.getValue(ValueOrException.java:66) ~[amqp-client-5.22.0.jar:5.22.0]
	at com.rabbitmq.utility.BlockingValueOrException.uninterruptibleGetValue(BlockingValueOrException.java:36) ~[amqp-client-5.22.0.jar:5.22.0]
	at com.rabbitmq.client.impl.AMQChannel$BlockingRpcContinuation.getReply(AMQChannel.java:552) ~[amqp-client-5.22.0.jar:5.22.0]
	at com.rabbitmq.client.impl.AMQConnection.start(AMQConnection.java:336) ~[amqp-client-5.22.0.jar:5.22.0]
	... 15 common frames omitted
Caused by: java.io.EOFException: null
	at java.base/java.io.DataInputStream.readUnsignedByte(DataInputStream.java:297) ~[na:na]
	at com.rabbitmq.client.impl.Frame.readFrom(Frame.java:91) ~[amqp-client-5.22.0.jar:5.22.0]
	at com.rabbitmq.client.impl.SocketFrameHandler.readFrame(SocketFrameHandler.java:199) ~[amqp-client-5.22.0.jar:5.22.0]
	at com.rabbitmq.client.impl.AMQConnection$MainLoop.run(AMQConnection.java:687) ~[amqp-client-5.22.0.jar:5.22.0]
	... 1 common frames omitted

2025-10-29T13:16:22.839-05:00  INFO 23784 --- [mesa-service] [org.springframework.amqp.rabbit.RabbitListenerEndpointContainer#0-8] o.s.a.r.l.SimpleMessageListenerContainer : Restarting Consumer@60e00685: tags=[[]], channel=null, acknowledgeMode=AUTO local queue size=0
2025-10-29T13:16:22.840-05:00  INFO 23784 --- [mesa-service] [org.springframework.amqp.rabbit.RabbitListenerEndpointContainer#0-9] o.s.a.r.c.CachingConnectionFactory       : Attempting to connect to: [localhost:15672]
2025-10-29T13:16:32.850-05:00 ERROR 23784 --- [mesa-service] [org.springframework.amqp.rabbit.RabbitListenerEndpointContainer#0-9] o.s.a.r.l.SimpleMessageListenerContainer : Failed to check/redeclare auto-delete queue(s).
2025-10-29T13:16:32.851-05:00  INFO 23784 --- [mesa-service] [org.springframework.amqp.rabbit.RabbitListenerEndpointContainer#0-9] o.s.a.r.c.CachingConnectionFactory       : Attempting to connect to: [localhost:15672]
2025-10-29T13:16:47.953-05:00  WARN 23784 --- [mesa-service] [org.springframework.amqp.rabbit.RabbitListenerEndpointContainer#0-9] o.s.a.r.l.SimpleMessageListenerContainer : Consumer raised exception, processing can restart if the connection factory supports it

org.springframework.amqp.AmqpIOException: java.io.IOException
	at org.springframework.amqp.rabbit.support.RabbitExceptionTranslator.convertRabbitAccessException(RabbitExceptionTranslator.java:70) ~[spring-rabbit-3.2.7.jar:3.2.7]
	at org.springframework.amqp.rabbit.connection.AbstractConnectionFactory.createBareConnection(AbstractConnectionFactory.java:632) ~[spring-rabbit-3.2.7.jar:3.2.7]
	at org.springframework.amqp.rabbit.connection.CachingConnectionFactory.createConnection(CachingConnectionFactory.java:726) ~[spring-rabbit-3.2.7.jar:3.2.7]
	at org.springframework.amqp.rabbit.connection.ConnectionFactoryUtils.createConnection(ConnectionFactoryUtils.java:257) ~[spring-rabbit-3.2.7.jar:3.2.7]
	at org.springframework.amqp.rabbit.connection.ConnectionFactoryUtils$RabbitResourceFactory.createConnection(ConnectionFactoryUtils.java:345) ~[spring-rabbit-3.2.7.jar:3.2.7]
	at org.springframework.amqp.rabbit.connection.ConnectionFactoryUtils.doGetTransactionalResourceHolder(ConnectionFactoryUtils.java:140) ~[spring-rabbit-3.2.7.jar:3.2.7]
	at org.springframework.amqp.rabbit.connection.ConnectionFactoryUtils.getTransactionalResourceHolder(ConnectionFactoryUtils.java:102) ~[spring-rabbit-3.2.7.jar:3.2.7]
	at org.springframework.amqp.rabbit.connection.ConnectionFactoryUtils.getTransactionalResourceHolder(ConnectionFactoryUtils.java:85) ~[spring-rabbit-3.2.7.jar:3.2.7]
	at org.springframework.amqp.rabbit.listener.BlockingQueueConsumer.start(BlockingQueueConsumer.java:625) ~[spring-rabbit-3.2.7.jar:3.2.7]
	at org.springframework.amqp.rabbit.listener.SimpleMessageListenerContainer$AsyncMessageProcessingConsumer.initialize(SimpleMessageListenerContainer.java:1490) ~[spring-rabbit-3.2.7.jar:3.2.7]
	at org.springframework.amqp.rabbit.listener.SimpleMessageListenerContainer$AsyncMessageProcessingConsumer.run(SimpleMessageListenerContainer.java:1328) ~[spring-rabbit-3.2.7.jar:3.2.7]
	at java.base/java.lang.Thread.run(Thread.java:1583) ~[na:na]
Caused by: java.io.IOException: null
	at com.rabbitmq.client.impl.AMQChannel.wrap(AMQChannel.java:140) ~[amqp-client-5.22.0.jar:5.22.0]
	at com.rabbitmq.client.impl.AMQChannel.wrap(AMQChannel.java:136) ~[amqp-client-5.22.0.jar:5.22.0]
	at com.rabbitmq.client.impl.AMQConnection.start(AMQConnection.java:406) ~[amqp-client-5.22.0.jar:5.22.0]
	at com.rabbitmq.client.ConnectionFactory.newConnection(ConnectionFactory.java:1251) ~[amqp-client-5.22.0.jar:5.22.0]
	at com.rabbitmq.client.ConnectionFactory.newConnection(ConnectionFactory.java:1198) ~[amqp-client-5.22.0.jar:5.22.0]
	at org.springframework.amqp.rabbit.connection.AbstractConnectionFactory.connectAddresses(AbstractConnectionFactory.java:678) ~[spring-rabbit-3.2.7.jar:3.2.7]
	at org.springframework.amqp.rabbit.connection.AbstractConnectionFactory.connect(AbstractConnectionFactory.java:647) ~[spring-rabbit-3.2.7.jar:3.2.7]
	at org.springframework.amqp.rabbit.connection.AbstractConnectionFactory.createBareConnection(AbstractConnectionFactory.java:593) ~[spring-rabbit-3.2.7.jar:3.2.7]
	... 10 common frames omitted
Caused by: com.rabbitmq.client.ShutdownSignalException: connection error
	at com.rabbitmq.utility.ValueOrException.getValue(ValueOrException.java:66) ~[amqp-client-5.22.0.jar:5.22.0]
	at com.rabbitmq.utility.BlockingValueOrException.uninterruptibleGetValue(BlockingValueOrException.java:36) ~[amqp-client-5.22.0.jar:5.22.0]
	at com.rabbitmq.client.impl.AMQChannel$BlockingRpcContinuation.getReply(AMQChannel.java:552) ~[amqp-client-5.22.0.jar:5.22.0]
	at com.rabbitmq.client.impl.AMQConnection.start(AMQConnection.java:336) ~[amqp-client-5.22.0.jar:5.22.0]
	... 15 common frames omitted
Caused by: java.io.EOFException: null
	at java.base/java.io.DataInputStream.readUnsignedByte(DataInputStream.java:297) ~[na:na]
	at com.rabbitmq.client.impl.Frame.readFrom(Frame.java:91) ~[amqp-client-5.22.0.jar:5.22.0]
	at com.rabbitmq.client.impl.SocketFrameHandler.readFrame(SocketFrameHandler.java:199) ~[amqp-client-5.22.0.jar:5.22.0]
	at com.rabbitmq.client.impl.AMQConnection$MainLoop.run(AMQConnection.java:687) ~[amqp-client-5.22.0.jar:5.22.0]
	... 1 common frames omitted

2025-10-29T13:16:47.956-05:00  INFO 23784 --- [mesa-service] [org.springframework.amqp.rabbit.RabbitListenerEndpointContainer#0-9] o.s.a.r.l.SimpleMessageListenerContainer : Restarting Consumer@114488b0: tags=[[]], channel=null, acknowledgeMode=AUTO local queue size=0
2025-10-29T13:16:47.957-05:00  INFO 23784 --- [mesa-service] [org.springframework.amqp.rabbit.RabbitListenerEndpointContainer#0-10] o.s.a.r.c.CachingConnectionFactory       : Attempting to connect to: [localhost:15672]
2025-10-29T13:16:52.987-05:00  WARN 23784 --- [mesa-service] [AMQP Connection 127.0.0.1:15672] c.r.c.impl.ForgivingExceptionHandler     : An unexpected connection driver error occurred (Exception message: Socket closed)
2025-10-29T13:16:57.993-05:00 ERROR 23784 --- [mesa-service] [org.springframework.amqp.rabbit.RabbitListenerEndpointContainer#0-10] o.s.a.r.l.SimpleMessageListenerContainer : Failed to check/redeclare auto-delete queue(s).
2025-10-29T13:16:57.994-05:00  INFO 23784 --- [mesa-service] [org.springframework.amqp.rabbit.RabbitListenerEndpointContainer#0-10] o.s.a.r.c.CachingConnectionFactory       : Attempting to connect to: [localhost:15672]
2025-10-29T13:17:02.999-05:00  WARN 23784 --- [mesa-service] [AMQP Connection 127.0.0.1:15672] c.r.c.impl.ForgivingExceptionHandler     : An unexpected connection driver error occurred (Exception message: Socket closed)
2025-10-29T13:17:08.003-05:00  WARN 23784 --- [mesa-service] [AMQP Connection 0:0:0:0:0:0:0:1:15672] c.r.c.impl.ForgivingExceptionHandler     : An unexpected connection driver error occurred (Exception message: Socket closed)
2025-10-29T13:17:13.142-05:00  WARN 23784 --- [mesa-service] [org.springframework.amqp.rabbit.RabbitListenerEndpointContainer#0-10] o.s.a.r.l.SimpleMessageListenerContainer : Consumer raised exception, processing can restart if the connection factory supports it

org.springframework.amqp.AmqpTimeoutException: java.util.concurrent.TimeoutException
	at org.springframework.amqp.rabbit.support.RabbitExceptionTranslator.convertRabbitAccessException(RabbitExceptionTranslator.java:73) ~[spring-rabbit-3.2.7.jar:3.2.7]
	at org.springframework.amqp.rabbit.connection.AbstractConnectionFactory.createBareConnection(AbstractConnectionFactory.java:632) ~[spring-rabbit-3.2.7.jar:3.2.7]
	at org.springframework.amqp.rabbit.connection.CachingConnectionFactory.createConnection(CachingConnectionFactory.java:726) ~[spring-rabbit-3.2.7.jar:3.2.7]
	at org.springframework.amqp.rabbit.connection.ConnectionFactoryUtils.createConnection(ConnectionFactoryUtils.java:257) ~[spring-rabbit-3.2.7.jar:3.2.7]
	at org.springframework.amqp.rabbit.connection.ConnectionFactoryUtils$RabbitResourceFactory.createConnection(ConnectionFactoryUtils.java:345) ~[spring-rabbit-3.2.7.jar:3.2.7]
	at org.springframework.amqp.rabbit.connection.ConnectionFactoryUtils.doGetTransactionalResourceHolder(ConnectionFactoryUtils.java:140) ~[spring-rabbit-3.2.7.jar:3.2.7]
	at org.springframework.amqp.rabbit.connection.ConnectionFactoryUtils.getTransactionalResourceHolder(ConnectionFactoryUtils.java:102) ~[spring-rabbit-3.2.7.jar:3.2.7]
	at org.springframework.amqp.rabbit.connection.ConnectionFactoryUtils.getTransactionalResourceHolder(ConnectionFactoryUtils.java:85) ~[spring-rabbit-3.2.7.jar:3.2.7]
	at org.springframework.amqp.rabbit.listener.BlockingQueueConsumer.start(BlockingQueueConsumer.java:625) ~[spring-rabbit-3.2.7.jar:3.2.7]
	at org.springframework.amqp.rabbit.listener.SimpleMessageListenerContainer$AsyncMessageProcessingConsumer.initialize(SimpleMessageListenerContainer.java:1490) ~[spring-rabbit-3.2.7.jar:3.2.7]
	at org.springframework.amqp.rabbit.listener.SimpleMessageListenerContainer$AsyncMessageProcessingConsumer.run(SimpleMessageListenerContainer.java:1328) ~[spring-rabbit-3.2.7.jar:3.2.7]
	at java.base/java.lang.Thread.run(Thread.java:1583) ~[na:na]
Caused by: java.util.concurrent.TimeoutException: null
	at com.rabbitmq.utility.BlockingCell.get(BlockingCell.java:77) ~[amqp-client-5.22.0.jar:5.22.0]
	at com.rabbitmq.utility.BlockingCell.uninterruptibleGet(BlockingCell.java:120) ~[amqp-client-5.22.0.jar:5.22.0]
	at com.rabbitmq.utility.BlockingValueOrException.uninterruptibleGetValue(BlockingValueOrException.java:36) ~[amqp-client-5.22.0.jar:5.22.0]
	at com.rabbitmq.client.impl.AMQChannel$BlockingRpcContinuation.getReply(AMQChannel.java:552) ~[amqp-client-5.22.0.jar:5.22.0]
	at com.rabbitmq.client.impl.AMQConnection.start(AMQConnection.java:336) ~[amqp-client-5.22.0.jar:5.22.0]
	at com.rabbitmq.client.ConnectionFactory.newConnection(ConnectionFactory.java:1251) ~[amqp-client-5.22.0.jar:5.22.0]
	at com.rabbitmq.client.ConnectionFactory.newConnection(ConnectionFactory.java:1198) ~[amqp-client-5.22.0.jar:5.22.0]
	at org.springframework.amqp.rabbit.connection.AbstractConnectionFactory.connectAddresses(AbstractConnectionFactory.java:678) ~[spring-rabbit-3.2.7.jar:3.2.7]
	at org.springframework.amqp.rabbit.connection.AbstractConnectionFactory.connect(AbstractConnectionFactory.java:647) ~[spring-rabbit-3.2.7.jar:3.2.7]
	at org.springframework.amqp.rabbit.connection.AbstractConnectionFactory.createBareConnection(AbstractConnectionFactory.java:593) ~[spring-rabbit-3.2.7.jar:3.2.7]
	... 10 common frames omitted

2025-10-29T13:17:13.144-05:00  INFO 23784 --- [mesa-service] [org.springframework.amqp.rabbit.RabbitListenerEndpointContainer#0-10] o.s.a.r.l.SimpleMessageListenerContainer : Restarting Consumer@28513d4d: tags=[[]], channel=null, acknowledgeMode=AUTO local queue size=0
2025-10-29T13:17:13.146-05:00  INFO 23784 --- [mesa-service] [org.springframework.amqp.rabbit.RabbitListenerEndpointContainer#0-11] o.s.a.r.c.CachingConnectionFactory       : Attempting to connect to: [localhost:15672]
2025-10-29T13:17:23.153-05:00 ERROR 23784 --- [mesa-service] [org.springframework.amqp.rabbit.RabbitListenerEndpointContainer#0-11] o.s.a.r.l.SimpleMessageListenerContainer : Failed to check/redeclare auto-delete queue(s).
2025-10-29T13:17:23.154-05:00  INFO 23784 --- [mesa-service] [org.springframework.amqp.rabbit.RabbitListenerEndpointContainer#0-11] o.s.a.r.c.CachingConnectionFactory       : Attempting to connect to: [localhost:15672]
2025-10-29T13:17:23.154-05:00  WARN 23784 --- [mesa-service] [AMQP Connection 0:0:0:0:0:0:0:1:15672] c.r.c.impl.ForgivingExceptionHandler     : An unexpected connection driver error occurred (Exception message: Socket closed)
2025-10-29T13:17:38.318-05:00  WARN 23784 --- [mesa-service] [org.springframework.amqp.rabbit.RabbitListenerEndpointContainer#0-11] o.s.a.r.l.SimpleMessageListenerContainer : Consumer raised exception, processing can restart if the connection factory supports it

org.springframework.amqp.AmqpIOException: java.io.IOException
	at org.springframework.amqp.rabbit.support.RabbitExceptionTranslator.convertRabbitAccessException(RabbitExceptionTranslator.java:70) ~[spring-rabbit-3.2.7.jar:3.2.7]
	at org.springframework.amqp.rabbit.connection.AbstractConnectionFactory.createBareConnection(AbstractConnectionFactory.java:632) ~[spring-rabbit-3.2.7.jar:3.2.7]
	at org.springframework.amqp.rabbit.connection.CachingConnectionFactory.createConnection(CachingConnectionFactory.java:726) ~[spring-rabbit-3.2.7.jar:3.2.7]
	at org.springframework.amqp.rabbit.connection.ConnectionFactoryUtils.createConnection(ConnectionFactoryUtils.java:257) ~[spring-rabbit-3.2.7.jar:3.2.7]
	at org.springframework.amqp.rabbit.connection.ConnectionFactoryUtils$RabbitResourceFactory.createConnection(ConnectionFactoryUtils.java:345) ~[spring-rabbit-3.2.7.jar:3.2.7]
	at org.springframework.amqp.rabbit.connection.ConnectionFactoryUtils.doGetTransactionalResourceHolder(ConnectionFactoryUtils.java:140) ~[spring-rabbit-3.2.7.jar:3.2.7]
	at org.springframework.amqp.rabbit.connection.ConnectionFactoryUtils.getTransactionalResourceHolder(ConnectionFactoryUtils.java:102) ~[spring-rabbit-3.2.7.jar:3.2.7]
	at org.springframework.amqp.rabbit.connection.ConnectionFactoryUtils.getTransactionalResourceHolder(ConnectionFactoryUtils.java:85) ~[spring-rabbit-3.2.7.jar:3.2.7]
	at org.springframework.amqp.rabbit.listener.BlockingQueueConsumer.start(BlockingQueueConsumer.java:625) ~[spring-rabbit-3.2.7.jar:3.2.7]
	at org.springframework.amqp.rabbit.listener.SimpleMessageListenerContainer$AsyncMessageProcessingConsumer.initialize(SimpleMessageListenerContainer.java:1490) ~[spring-rabbit-3.2.7.jar:3.2.7]
	at org.springframework.amqp.rabbit.listener.SimpleMessageListenerContainer$AsyncMessageProcessingConsumer.run(SimpleMessageListenerContainer.java:1328) ~[spring-rabbit-3.2.7.jar:3.2.7]
	at java.base/java.lang.Thread.run(Thread.java:1583) ~[na:na]
Caused by: java.io.IOException: null
	at com.rabbitmq.client.impl.AMQChannel.wrap(AMQChannel.java:140) ~[amqp-client-5.22.0.jar:5.22.0]
	at com.rabbitmq.client.impl.AMQChannel.wrap(AMQChannel.java:136) ~[amqp-client-5.22.0.jar:5.22.0]
	at com.rabbitmq.client.impl.AMQConnection.start(AMQConnection.java:406) ~[amqp-client-5.22.0.jar:5.22.0]
	at com.rabbitmq.client.ConnectionFactory.newConnection(ConnectionFactory.java:1251) ~[amqp-client-5.22.0.jar:5.22.0]
	at com.rabbitmq.client.ConnectionFactory.newConnection(ConnectionFactory.java:1198) ~[amqp-client-5.22.0.jar:5.22.0]
	at org.springframework.amqp.rabbit.connection.AbstractConnectionFactory.connectAddresses(AbstractConnectionFactory.java:678) ~[spring-rabbit-3.2.7.jar:3.2.7]
	at org.springframework.amqp.rabbit.connection.AbstractConnectionFactory.connect(AbstractConnectionFactory.java:647) ~[spring-rabbit-3.2.7.jar:3.2.7]
	at org.springframework.amqp.rabbit.connection.AbstractConnectionFactory.createBareConnection(AbstractConnectionFactory.java:593) ~[spring-rabbit-3.2.7.jar:3.2.7]
	... 10 common frames omitted
Caused by: com.rabbitmq.client.ShutdownSignalException: connection error
	at com.rabbitmq.utility.ValueOrException.getValue(ValueOrException.java:66) ~[amqp-client-5.22.0.jar:5.22.0]
	at com.rabbitmq.utility.BlockingValueOrException.uninterruptibleGetValue(BlockingValueOrException.java:36) ~[amqp-client-5.22.0.jar:5.22.0]
	at com.rabbitmq.client.impl.AMQChannel$BlockingRpcContinuation.getReply(AMQChannel.java:552) ~[amqp-client-5.22.0.jar:5.22.0]
	at com.rabbitmq.client.impl.AMQConnection.start(AMQConnection.java:336) ~[amqp-client-5.22.0.jar:5.22.0]
	... 15 common frames omitted
Caused by: java.io.EOFException: null
	at java.base/java.io.DataInputStream.readUnsignedByte(DataInputStream.java:297) ~[na:na]
	at com.rabbitmq.client.impl.Frame.readFrom(Frame.java:91) ~[amqp-client-5.22.0.jar:5.22.0]
	at com.rabbitmq.client.impl.SocketFrameHandler.readFrame(SocketFrameHandler.java:199) ~[amqp-client-5.22.0.jar:5.22.0]
	at com.rabbitmq.client.impl.AMQConnection$MainLoop.run(AMQConnection.java:687) ~[amqp-client-5.22.0.jar:5.22.0]
	... 1 common frames omitted

2025-10-29T13:17:38.320-05:00  INFO 23784 --- [mesa-service] [org.springframework.amqp.rabbit.RabbitListenerEndpointContainer#0-11] o.s.a.r.l.SimpleMessageListenerContainer : Restarting Consumer@1cb99bb8: tags=[[]], channel=null, acknowledgeMode=AUTO local queue size=0
2025-10-29T13:17:38.322-05:00  INFO 23784 --- [mesa-service] [org.springframework.amqp.rabbit.RabbitListenerEndpointContainer#0-12] o.s.a.r.c.CachingConnectionFactory       : Attempting to connect to: [localhost:15672]
2025-10-29T13:17:43.327-05:00  WARN 23784 --- [mesa-service] [AMQP Connection 127.0.0.1:15672] c.r.c.impl.ForgivingExceptionHandler     : An unexpected connection driver error occurred (Exception message: Socket closed)
2025-10-29T13:17:48.332-05:00 ERROR 23784 --- [mesa-service] [org.springframework.amqp.rabbit.RabbitListenerEndpointContainer#0-12] o.s.a.r.l.SimpleMessageListenerContainer : Failed to check/redeclare auto-delete queue(s).
2025-10-29T13:17:48.333-05:00  INFO 23784 --- [mesa-service] [org.springframework.amqp.rabbit.RabbitListenerEndpointContainer#0-12] o.s.a.r.c.CachingConnectionFactory       : Attempting to connect to: [localhost:15672]
2025-10-29T13:17:51.196-05:00  INFO 23784 --- [mesa-service] [AsyncResolver-bootstrap-executor-%d] c.n.d.s.r.aws.ConfigClusterResolver      : Resolving eureka endpoints via configuration
2025-10-29T13:18:03.432-05:00  WARN 23784 --- [mesa-service] [org.springframework.amqp.rabbit.RabbitListenerEndpointContainer#0-12] o.s.a.r.l.SimpleMessageListenerContainer : Consumer raised exception, processing can restart if the connection factory supports it

org.springframework.amqp.AmqpIOException: java.io.IOException
	at org.springframework.amqp.rabbit.support.RabbitExceptionTranslator.convertRabbitAccessException(RabbitExceptionTranslator.java:70) ~[spring-rabbit-3.2.7.jar:3.2.7]
	at org.springframework.amqp.rabbit.connection.AbstractConnectionFactory.createBareConnection(AbstractConnectionFactory.java:632) ~[spring-rabbit-3.2.7.jar:3.2.7]
	at org.springframework.amqp.rabbit.connection.CachingConnectionFactory.createConnection(CachingConnectionFactory.java:726) ~[spring-rabbit-3.2.7.jar:3.2.7]
	at org.springframework.amqp.rabbit.connection.ConnectionFactoryUtils.createConnection(ConnectionFactoryUtils.java:257) ~[spring-rabbit-3.2.7.jar:3.2.7]
	at org.springframework.amqp.rabbit.connection.ConnectionFactoryUtils$RabbitResourceFactory.createConnection(ConnectionFactoryUtils.java:345) ~[spring-rabbit-3.2.7.jar:3.2.7]
	at org.springframework.amqp.rabbit.connection.ConnectionFactoryUtils.doGetTransactionalResourceHolder(ConnectionFactoryUtils.java:140) ~[spring-rabbit-3.2.7.jar:3.2.7]
	at org.springframework.amqp.rabbit.connection.ConnectionFactoryUtils.getTransactionalResourceHolder(ConnectionFactoryUtils.java:102) ~[spring-rabbit-3.2.7.jar:3.2.7]
	at org.springframework.amqp.rabbit.connection.ConnectionFactoryUtils.getTransactionalResourceHolder(ConnectionFactoryUtils.java:85) ~[spring-rabbit-3.2.7.jar:3.2.7]
	at org.springframework.amqp.rabbit.listener.BlockingQueueConsumer.start(BlockingQueueConsumer.java:625) ~[spring-rabbit-3.2.7.jar:3.2.7]
	at org.springframework.amqp.rabbit.listener.SimpleMessageListenerContainer$AsyncMessageProcessingConsumer.initialize(SimpleMessageListenerContainer.java:1490) ~[spring-rabbit-3.2.7.jar:3.2.7]
	at org.springframework.amqp.rabbit.listener.SimpleMessageListenerContainer$AsyncMessageProcessingConsumer.run(SimpleMessageListenerContainer.java:1328) ~[spring-rabbit-3.2.7.jar:3.2.7]
	at java.base/java.lang.Thread.run(Thread.java:1583) ~[na:na]
Caused by: java.io.IOException: null
	at com.rabbitmq.client.impl.AMQChannel.wrap(AMQChannel.java:140) ~[amqp-client-5.22.0.jar:5.22.0]
	at com.rabbitmq.client.impl.AMQChannel.wrap(AMQChannel.java:136) ~[amqp-client-5.22.0.jar:5.22.0]
	at com.rabbitmq.client.impl.AMQConnection.start(AMQConnection.java:406) ~[amqp-client-5.22.0.jar:5.22.0]
	at com.rabbitmq.client.ConnectionFactory.newConnection(ConnectionFactory.java:1251) ~[amqp-client-5.22.0.jar:5.22.0]
	at com.rabbitmq.client.ConnectionFactory.newConnection(ConnectionFactory.java:1198) ~[amqp-client-5.22.0.jar:5.22.0]
	at org.springframework.amqp.rabbit.connection.AbstractConnectionFactory.connectAddresses(AbstractConnectionFactory.java:678) ~[spring-rabbit-3.2.7.jar:3.2.7]
	at org.springframework.amqp.rabbit.connection.AbstractConnectionFactory.connect(AbstractConnectionFactory.java:647) ~[spring-rabbit-3.2.7.jar:3.2.7]
	at org.springframework.amqp.rabbit.connection.AbstractConnectionFactory.createBareConnection(AbstractConnectionFactory.java:593) ~[spring-rabbit-3.2.7.jar:3.2.7]
	... 10 common frames omitted
Caused by: com.rabbitmq.client.ShutdownSignalException: connection error
	at com.rabbitmq.utility.ValueOrException.getValue(ValueOrException.java:66) ~[amqp-client-5.22.0.jar:5.22.0]
	at com.rabbitmq.utility.BlockingValueOrException.uninterruptibleGetValue(BlockingValueOrException.java:36) ~[amqp-client-5.22.0.jar:5.22.0]
	at com.rabbitmq.client.impl.AMQChannel$BlockingRpcContinuation.getReply(AMQChannel.java:552) ~[amqp-client-5.22.0.jar:5.22.0]
	at com.rabbitmq.client.impl.AMQConnection.start(AMQConnection.java:336) ~[amqp-client-5.22.0.jar:5.22.0]
	... 15 common frames omitted
Caused by: java.io.EOFException: null
	at java.base/java.io.DataInputStream.readUnsignedByte(DataInputStream.java:297) ~[na:na]
	at com.rabbitmq.client.impl.Frame.readFrom(Frame.java:91) ~[amqp-client-5.22.0.jar:5.22.0]
	at com.rabbitmq.client.impl.SocketFrameHandler.readFrame(SocketFrameHandler.java:199) ~[amqp-client-5.22.0.jar:5.22.0]
	at com.rabbitmq.client.impl.AMQConnection$MainLoop.run(AMQConnection.java:687) ~[amqp-client-5.22.0.jar:5.22.0]
	... 1 common frames omitted

2025-10-29T13:18:03.435-05:00  INFO 23784 --- [mesa-service] [org.springframework.amqp.rabbit.RabbitListenerEndpointContainer#0-12] o.s.a.r.l.SimpleMessageListenerContainer : Restarting Consumer@748b5202: tags=[[]], channel=null, acknowledgeMode=AUTO local queue size=0
2025-10-29T13:18:03.436-05:00  INFO 23784 --- [mesa-service] [org.springframework.amqp.rabbit.RabbitListenerEndpointContainer#0-13] o.s.a.r.c.CachingConnectionFactory       : Attempting to connect to: [localhost:15672]
2025-10-29T13:18:08.440-05:00  WARN 23784 --- [mesa-service] [AMQP Connection 127.0.0.1:15672] c.r.c.impl.ForgivingExceptionHandler     : An unexpected connection driver error occurred (Exception message: Socket closed)
2025-10-29T13:18:13.445-05:00 ERROR 23784 --- [mesa-service] [org.springframework.amqp.rabbit.RabbitListenerEndpointContainer#0-13] o.s.a.r.l.SimpleMessageListenerContainer : Failed to check/redeclare auto-delete queue(s).
2025-10-29T13:18:13.445-05:00  INFO 23784 --- [mesa-service] [org.springframework.amqp.rabbit.RabbitListenerEndpointContainer#0-13] o.s.a.r.c.CachingConnectionFactory       : Attempting to connect to: [localhost:15672]
2025-10-29T13:18:28.584-05:00  WARN 23784 --- [mesa-service] [org.springframework.amqp.rabbit.RabbitListenerEndpointContainer#0-13] o.s.a.r.l.SimpleMessageListenerContainer : Consumer raised exception, processing can restart if the connection factory supports it

org.springframework.amqp.AmqpIOException: java.io.IOException
	at org.springframework.amqp.rabbit.support.RabbitExceptionTranslator.convertRabbitAccessException(RabbitExceptionTranslator.java:70) ~[spring-rabbit-3.2.7.jar:3.2.7]
	at org.springframework.amqp.rabbit.connection.AbstractConnectionFactory.createBareConnection(AbstractConnectionFactory.java:632) ~[spring-rabbit-3.2.7.jar:3.2.7]
	at org.springframework.amqp.rabbit.connection.CachingConnectionFactory.createConnection(CachingConnectionFactory.java:726) ~[spring-rabbit-3.2.7.jar:3.2.7]
	at org.springframework.amqp.rabbit.connection.ConnectionFactoryUtils.createConnection(ConnectionFactoryUtils.java:257) ~[spring-rabbit-3.2.7.jar:3.2.7]
	at org.springframework.amqp.rabbit.connection.ConnectionFactoryUtils$RabbitResourceFactory.createConnection(ConnectionFactoryUtils.java:345) ~[spring-rabbit-3.2.7.jar:3.2.7]
	at org.springframework.amqp.rabbit.connection.ConnectionFactoryUtils.doGetTransactionalResourceHolder(ConnectionFactoryUtils.java:140) ~[spring-rabbit-3.2.7.jar:3.2.7]
	at org.springframework.amqp.rabbit.connection.ConnectionFactoryUtils.getTransactionalResourceHolder(ConnectionFactoryUtils.java:102) ~[spring-rabbit-3.2.7.jar:3.2.7]
	at org.springframework.amqp.rabbit.connection.ConnectionFactoryUtils.getTransactionalResourceHolder(ConnectionFactoryUtils.java:85) ~[spring-rabbit-3.2.7.jar:3.2.7]
	at org.springframework.amqp.rabbit.listener.BlockingQueueConsumer.start(BlockingQueueConsumer.java:625) ~[spring-rabbit-3.2.7.jar:3.2.7]
	at org.springframework.amqp.rabbit.listener.SimpleMessageListenerContainer$AsyncMessageProcessingConsumer.initialize(SimpleMessageListenerContainer.java:1490) ~[spring-rabbit-3.2.7.jar:3.2.7]
	at org.springframework.amqp.rabbit.listener.SimpleMessageListenerContainer$AsyncMessageProcessingConsumer.run(SimpleMessageListenerContainer.java:1328) ~[spring-rabbit-3.2.7.jar:3.2.7]
	at java.base/java.lang.Thread.run(Thread.java:1583) ~[na:na]
Caused by: java.io.IOException: null
	at com.rabbitmq.client.impl.AMQChannel.wrap(AMQChannel.java:140) ~[amqp-client-5.22.0.jar:5.22.0]
	at com.rabbitmq.client.impl.AMQChannel.wrap(AMQChannel.java:136) ~[amqp-client-5.22.0.jar:5.22.0]
	at com.rabbitmq.client.impl.AMQConnection.start(AMQConnection.java:406) ~[amqp-client-5.22.0.jar:5.22.0]
	at com.rabbitmq.client.ConnectionFactory.newConnection(ConnectionFactory.java:1251) ~[amqp-client-5.22.0.jar:5.22.0]
	at com.rabbitmq.client.ConnectionFactory.newConnection(ConnectionFactory.java:1198) ~[amqp-client-5.22.0.jar:5.22.0]
	at org.springframework.amqp.rabbit.connection.AbstractConnectionFactory.connectAddresses(AbstractConnectionFactory.java:678) ~[spring-rabbit-3.2.7.jar:3.2.7]
	at org.springframework.amqp.rabbit.connection.AbstractConnectionFactory.connect(AbstractConnectionFactory.java:647) ~[spring-rabbit-3.2.7.jar:3.2.7]
	at org.springframework.amqp.rabbit.connection.AbstractConnectionFactory.createBareConnection(AbstractConnectionFactory.java:593) ~[spring-rabbit-3.2.7.jar:3.2.7]
	... 10 common frames omitted
Caused by: com.rabbitmq.client.ShutdownSignalException: connection error
	at com.rabbitmq.utility.ValueOrException.getValue(ValueOrException.java:66) ~[amqp-client-5.22.0.jar:5.22.0]
	at com.rabbitmq.utility.BlockingValueOrException.uninterruptibleGetValue(BlockingValueOrException.java:36) ~[amqp-client-5.22.0.jar:5.22.0]
	at com.rabbitmq.client.impl.AMQChannel$BlockingRpcContinuation.getReply(AMQChannel.java:552) ~[amqp-client-5.22.0.jar:5.22.0]
	at com.rabbitmq.client.impl.AMQConnection.start(AMQConnection.java:336) ~[amqp-client-5.22.0.jar:5.22.0]
	... 15 common frames omitted
Caused by: java.io.EOFException: null
	at java.base/java.io.DataInputStream.readUnsignedByte(DataInputStream.java:297) ~[na:na]
	at com.rabbitmq.client.impl.Frame.readFrom(Frame.java:91) ~[amqp-client-5.22.0.jar:5.22.0]
	at com.rabbitmq.client.impl.SocketFrameHandler.readFrame(SocketFrameHandler.java:199) ~[amqp-client-5.22.0.jar:5.22.0]
	at com.rabbitmq.client.impl.AMQConnection$MainLoop.run(AMQConnection.java:687) ~[amqp-client-5.22.0.jar:5.22.0]
	... 1 common frames omitted

2025-10-29T13:18:28.586-05:00  INFO 23784 --- [mesa-service] [org.springframework.amqp.rabbit.RabbitListenerEndpointContainer#0-13] o.s.a.r.l.SimpleMessageListenerContainer : Restarting Consumer@1e6929f: tags=[[]], channel=null, acknowledgeMode=AUTO local queue size=0
2025-10-29T13:18:28.589-05:00  INFO 23784 --- [mesa-service] [org.springframework.amqp.rabbit.RabbitListenerEndpointContainer#0-14] o.s.a.r.c.CachingConnectionFactory       : Attempting to connect to: [localhost:15672]
2025-10-29T13:18:33.592-05:00  WARN 23784 --- [mesa-service] [AMQP Connection 127.0.0.1:15672] c.r.c.impl.ForgivingExceptionHandler     : An unexpected connection driver error occurred (Exception message: Socket closed)
2025-10-29T13:18:38.598-05:00 ERROR 23784 --- [mesa-service] [org.springframework.amqp.rabbit.RabbitListenerEndpointContainer#0-14] o.s.a.r.l.SimpleMessageListenerContainer : Failed to check/redeclare auto-delete queue(s).
2025-10-29T13:18:38.598-05:00  INFO 23784 --- [mesa-service] [org.springframework.amqp.rabbit.RabbitListenerEndpointContainer#0-14] o.s.a.r.c.CachingConnectionFactory       : Attempting to connect to: [localhost:15672]
2025-10-29T13:18:53.719-05:00  WARN 23784 --- [mesa-service] [org.springframework.amqp.rabbit.RabbitListenerEndpointContainer#0-14] o.s.a.r.l.SimpleMessageListenerContainer : Consumer raised exception, processing can restart if the connection factory supports it

org.springframework.amqp.AmqpIOException: java.io.IOException
	at org.springframework.amqp.rabbit.support.RabbitExceptionTranslator.convertRabbitAccessException(RabbitExceptionTranslator.java:70) ~[spring-rabbit-3.2.7.jar:3.2.7]
	at org.springframework.amqp.rabbit.connection.AbstractConnectionFactory.createBareConnection(AbstractConnectionFactory.java:632) ~[spring-rabbit-3.2.7.jar:3.2.7]
	at org.springframework.amqp.rabbit.connection.CachingConnectionFactory.createConnection(CachingConnectionFactory.java:726) ~[spring-rabbit-3.2.7.jar:3.2.7]
	at org.springframework.amqp.rabbit.connection.ConnectionFactoryUtils.createConnection(ConnectionFactoryUtils.java:257) ~[spring-rabbit-3.2.7.jar:3.2.7]
	at org.springframework.amqp.rabbit.connection.ConnectionFactoryUtils$RabbitResourceFactory.createConnection(ConnectionFactoryUtils.java:345) ~[spring-rabbit-3.2.7.jar:3.2.7]
	at org.springframework.amqp.rabbit.connection.ConnectionFactoryUtils.doGetTransactionalResourceHolder(ConnectionFactoryUtils.java:140) ~[spring-rabbit-3.2.7.jar:3.2.7]
	at org.springframework.amqp.rabbit.connection.ConnectionFactoryUtils.getTransactionalResourceHolder(ConnectionFactoryUtils.java:102) ~[spring-rabbit-3.2.7.jar:3.2.7]
	at org.springframework.amqp.rabbit.connection.ConnectionFactoryUtils.getTransactionalResourceHolder(ConnectionFactoryUtils.java:85) ~[spring-rabbit-3.2.7.jar:3.2.7]
	at org.springframework.amqp.rabbit.listener.BlockingQueueConsumer.start(BlockingQueueConsumer.java:625) ~[spring-rabbit-3.2.7.jar:3.2.7]
	at org.springframework.amqp.rabbit.listener.SimpleMessageListenerContainer$AsyncMessageProcessingConsumer.initialize(SimpleMessageListenerContainer.java:1490) ~[spring-rabbit-3.2.7.jar:3.2.7]
	at org.springframework.amqp.rabbit.listener.SimpleMessageListenerContainer$AsyncMessageProcessingConsumer.run(SimpleMessageListenerContainer.java:1328) ~[spring-rabbit-3.2.7.jar:3.2.7]
	at java.base/java.lang.Thread.run(Thread.java:1583) ~[na:na]
Caused by: java.io.IOException: null
	at com.rabbitmq.client.impl.AMQChannel.wrap(AMQChannel.java:140) ~[amqp-client-5.22.0.jar:5.22.0]
	at com.rabbitmq.client.impl.AMQChannel.wrap(AMQChannel.java:136) ~[amqp-client-5.22.0.jar:5.22.0]
	at com.rabbitmq.client.impl.AMQConnection.start(AMQConnection.java:406) ~[amqp-client-5.22.0.jar:5.22.0]
	at com.rabbitmq.client.ConnectionFactory.newConnection(ConnectionFactory.java:1251) ~[amqp-client-5.22.0.jar:5.22.0]
	at com.rabbitmq.client.ConnectionFactory.newConnection(ConnectionFactory.java:1198) ~[amqp-client-5.22.0.jar:5.22.0]
	at org.springframework.amqp.rabbit.connection.AbstractConnectionFactory.connectAddresses(AbstractConnectionFactory.java:678) ~[spring-rabbit-3.2.7.jar:3.2.7]
	at org.springframework.amqp.rabbit.connection.AbstractConnectionFactory.connect(AbstractConnectionFactory.java:647) ~[spring-rabbit-3.2.7.jar:3.2.7]
	at org.springframework.amqp.rabbit.connection.AbstractConnectionFactory.createBareConnection(AbstractConnectionFactory.java:593) ~[spring-rabbit-3.2.7.jar:3.2.7]
	... 10 common frames omitted
Caused by: com.rabbitmq.client.ShutdownSignalException: connection error
	at com.rabbitmq.utility.ValueOrException.getValue(ValueOrException.java:66) ~[amqp-client-5.22.0.jar:5.22.0]
	at com.rabbitmq.utility.BlockingValueOrException.uninterruptibleGetValue(BlockingValueOrException.java:36) ~[amqp-client-5.22.0.jar:5.22.0]
	at com.rabbitmq.client.impl.AMQChannel$BlockingRpcContinuation.getReply(AMQChannel.java:552) ~[amqp-client-5.22.0.jar:5.22.0]
	at com.rabbitmq.client.impl.AMQConnection.start(AMQConnection.java:336) ~[amqp-client-5.22.0.jar:5.22.0]
	... 15 common frames omitted
Caused by: java.io.EOFException: null
	at java.base/java.io.DataInputStream.readUnsignedByte(DataInputStream.java:297) ~[na:na]
	at com.rabbitmq.client.impl.Frame.readFrom(Frame.java:91) ~[amqp-client-5.22.0.jar:5.22.0]
	at com.rabbitmq.client.impl.SocketFrameHandler.readFrame(SocketFrameHandler.java:199) ~[amqp-client-5.22.0.jar:5.22.0]
	at com.rabbitmq.client.impl.AMQConnection$MainLoop.run(AMQConnection.java:687) ~[amqp-client-5.22.0.jar:5.22.0]
	... 1 common frames omitted

2025-10-29T13:18:53.723-05:00  INFO 23784 --- [mesa-service] [org.springframework.amqp.rabbit.RabbitListenerEndpointContainer#0-14] o.s.a.r.l.SimpleMessageListenerContainer : Restarting Consumer@73bff97e: tags=[[]], channel=null, acknowledgeMode=AUTO local queue size=0
2025-10-29T13:18:53.724-05:00  INFO 23784 --- [mesa-service] [org.springframework.amqp.rabbit.RabbitListenerEndpointContainer#0-15] o.s.a.r.c.CachingConnectionFactory       : Attempting to connect to: [localhost:15672]
2025-10-29T13:19:03.735-05:00 ERROR 23784 --- [mesa-service] [org.springframework.amqp.rabbit.RabbitListenerEndpointContainer#0-15] o.s.a.r.l.SimpleMessageListenerContainer : Failed to check/redeclare auto-delete queue(s).
2025-10-29T13:19:03.735-05:00  INFO 23784 --- [mesa-service] [org.springframework.amqp.rabbit.RabbitListenerEndpointContainer#0-15] o.s.a.r.c.CachingConnectionFactory       : Attempting to connect to: [localhost:15672]
2025-10-29T13:19:08.739-05:00  WARN 23784 --- [mesa-service] [AMQP Connection 127.0.0.1:15672] c.r.c.impl.ForgivingExceptionHandler     : An unexpected connection driver error occurred (Exception message: Socket closed)
2025-10-29T13:19:18.876-05:00  WARN 23784 --- [mesa-service] [org.springframework.amqp.rabbit.RabbitListenerEndpointContainer#0-15] o.s.a.r.l.SimpleMessageListenerContainer : Consumer raised exception, processing can restart if the connection factory supports it

org.springframework.amqp.AmqpIOException: java.io.IOException
	at org.springframework.amqp.rabbit.support.RabbitExceptionTranslator.convertRabbitAccessException(RabbitExceptionTranslator.java:70) ~[spring-rabbit-3.2.7.jar:3.2.7]
	at org.springframework.amqp.rabbit.connection.AbstractConnectionFactory.createBareConnection(AbstractConnectionFactory.java:632) ~[spring-rabbit-3.2.7.jar:3.2.7]
	at org.springframework.amqp.rabbit.connection.CachingConnectionFactory.createConnection(CachingConnectionFactory.java:726) ~[spring-rabbit-3.2.7.jar:3.2.7]
	at org.springframework.amqp.rabbit.connection.ConnectionFactoryUtils.createConnection(ConnectionFactoryUtils.java:257) ~[spring-rabbit-3.2.7.jar:3.2.7]
	at org.springframework.amqp.rabbit.connection.ConnectionFactoryUtils$RabbitResourceFactory.createConnection(ConnectionFactoryUtils.java:345) ~[spring-rabbit-3.2.7.jar:3.2.7]
	at org.springframework.amqp.rabbit.connection.ConnectionFactoryUtils.doGetTransactionalResourceHolder(ConnectionFactoryUtils.java:140) ~[spring-rabbit-3.2.7.jar:3.2.7]
	at org.springframework.amqp.rabbit.connection.ConnectionFactoryUtils.getTransactionalResourceHolder(ConnectionFactoryUtils.java:102) ~[spring-rabbit-3.2.7.jar:3.2.7]
	at org.springframework.amqp.rabbit.connection.ConnectionFactoryUtils.getTransactionalResourceHolder(ConnectionFactoryUtils.java:85) ~[spring-rabbit-3.2.7.jar:3.2.7]
	at org.springframework.amqp.rabbit.listener.BlockingQueueConsumer.start(BlockingQueueConsumer.java:625) ~[spring-rabbit-3.2.7.jar:3.2.7]
	at org.springframework.amqp.rabbit.listener.SimpleMessageListenerContainer$AsyncMessageProcessingConsumer.initialize(SimpleMessageListenerContainer.java:1490) ~[spring-rabbit-3.2.7.jar:3.2.7]
	at org.springframework.amqp.rabbit.listener.SimpleMessageListenerContainer$AsyncMessageProcessingConsumer.run(SimpleMessageListenerContainer.java:1328) ~[spring-rabbit-3.2.7.jar:3.2.7]
	at java.base/java.lang.Thread.run(Thread.java:1583) ~[na:na]
Caused by: java.io.IOException: null
	at com.rabbitmq.client.impl.AMQChannel.wrap(AMQChannel.java:140) ~[amqp-client-5.22.0.jar:5.22.0]
	at com.rabbitmq.client.impl.AMQChannel.wrap(AMQChannel.java:136) ~[amqp-client-5.22.0.jar:5.22.0]
	at com.rabbitmq.client.impl.AMQConnection.start(AMQConnection.java:406) ~[amqp-client-5.22.0.jar:5.22.0]
	at com.rabbitmq.client.ConnectionFactory.newConnection(ConnectionFactory.java:1251) ~[amqp-client-5.22.0.jar:5.22.0]
	at com.rabbitmq.client.ConnectionFactory.newConnection(ConnectionFactory.java:1198) ~[amqp-client-5.22.0.jar:5.22.0]
	at org.springframework.amqp.rabbit.connection.AbstractConnectionFactory.connectAddresses(AbstractConnectionFactory.java:678) ~[spring-rabbit-3.2.7.jar:3.2.7]
	at org.springframework.amqp.rabbit.connection.AbstractConnectionFactory.connect(AbstractConnectionFactory.java:647) ~[spring-rabbit-3.2.7.jar:3.2.7]
	at org.springframework.amqp.rabbit.connection.AbstractConnectionFactory.createBareConnection(AbstractConnectionFactory.java:593) ~[spring-rabbit-3.2.7.jar:3.2.7]
	... 10 common frames omitted
Caused by: com.rabbitmq.client.ShutdownSignalException: connection error
	at com.rabbitmq.utility.ValueOrException.getValue(ValueOrException.java:66) ~[amqp-client-5.22.0.jar:5.22.0]
	at com.rabbitmq.utility.BlockingValueOrException.uninterruptibleGetValue(BlockingValueOrException.java:36) ~[amqp-client-5.22.0.jar:5.22.0]
	at com.rabbitmq.client.impl.AMQChannel$BlockingRpcContinuation.getReply(AMQChannel.java:552) ~[amqp-client-5.22.0.jar:5.22.0]
	at com.rabbitmq.client.impl.AMQConnection.start(AMQConnection.java:336) ~[amqp-client-5.22.0.jar:5.22.0]
	... 15 common frames omitted
Caused by: java.io.EOFException: null
	at java.base/java.io.DataInputStream.readUnsignedByte(DataInputStream.java:297) ~[na:na]
	at com.rabbitmq.client.impl.Frame.readFrom(Frame.java:91) ~[amqp-client-5.22.0.jar:5.22.0]
	at com.rabbitmq.client.impl.SocketFrameHandler.readFrame(SocketFrameHandler.java:199) ~[amqp-client-5.22.0.jar:5.22.0]
	at com.rabbitmq.client.impl.AMQConnection$MainLoop.run(AMQConnection.java:687) ~[amqp-client-5.22.0.jar:5.22.0]
	... 1 common frames omitted

2025-10-29T13:19:18.879-05:00  INFO 23784 --- [mesa-service] [org.springframework.amqp.rabbit.RabbitListenerEndpointContainer#0-15] o.s.a.r.l.SimpleMessageListenerContainer : Restarting Consumer@586ad648: tags=[[]], channel=null, acknowledgeMode=AUTO local queue size=0
2025-10-29T13:19:18.881-05:00  INFO 23784 --- [mesa-service] [org.springframework.amqp.rabbit.RabbitListenerEndpointContainer#0-16] o.s.a.r.c.CachingConnectionFactory       : Attempting to connect to: [localhost:15672]
2025-10-29T13:19:28.892-05:00 ERROR 23784 --- [mesa-service] [org.springframework.amqp.rabbit.RabbitListenerEndpointContainer#0-16] o.s.a.r.l.SimpleMessageListenerContainer : Failed to check/redeclare auto-delete queue(s).
2025-10-29T13:19:28.892-05:00  INFO 23784 --- [mesa-service] [org.springframework.amqp.rabbit.RabbitListenerEndpointContainer#0-16] o.s.a.r.c.CachingConnectionFactory       : Attempting to connect to: [localhost:15672]
2025-10-29T13:19:44.062-05:00  WARN 23784 --- [mesa-service] [org.springframework.amqp.rabbit.RabbitListenerEndpointContainer#0-16] o.s.a.r.l.SimpleMessageListenerContainer : Consumer raised exception, processing can restart if the connection factory supports it

org.springframework.amqp.AmqpIOException: java.io.IOException
	at org.springframework.amqp.rabbit.support.RabbitExceptionTranslator.convertRabbitAccessException(RabbitExceptionTranslator.java:70) ~[spring-rabbit-3.2.7.jar:3.2.7]
	at org.springframework.amqp.rabbit.connection.AbstractConnectionFactory.createBareConnection(AbstractConnectionFactory.java:632) ~[spring-rabbit-3.2.7.jar:3.2.7]
	at org.springframework.amqp.rabbit.connection.CachingConnectionFactory.createConnection(CachingConnectionFactory.java:726) ~[spring-rabbit-3.2.7.jar:3.2.7]
	at org.springframework.amqp.rabbit.connection.ConnectionFactoryUtils.createConnection(ConnectionFactoryUtils.java:257) ~[spring-rabbit-3.2.7.jar:3.2.7]
	at org.springframework.amqp.rabbit.connection.ConnectionFactoryUtils$RabbitResourceFactory.createConnection(ConnectionFactoryUtils.java:345) ~[spring-rabbit-3.2.7.jar:3.2.7]
	at org.springframework.amqp.rabbit.connection.ConnectionFactoryUtils.doGetTransactionalResourceHolder(ConnectionFactoryUtils.java:140) ~[spring-rabbit-3.2.7.jar:3.2.7]
	at org.springframework.amqp.rabbit.connection.ConnectionFactoryUtils.getTransactionalResourceHolder(ConnectionFactoryUtils.java:102) ~[spring-rabbit-3.2.7.jar:3.2.7]
	at org.springframework.amqp.rabbit.connection.ConnectionFactoryUtils.getTransactionalResourceHolder(ConnectionFactoryUtils.java:85) ~[spring-rabbit-3.2.7.jar:3.2.7]
	at org.springframework.amqp.rabbit.listener.BlockingQueueConsumer.start(BlockingQueueConsumer.java:625) ~[spring-rabbit-3.2.7.jar:3.2.7]
	at org.springframework.amqp.rabbit.listener.SimpleMessageListenerContainer$AsyncMessageProcessingConsumer.initialize(SimpleMessageListenerContainer.java:1490) ~[spring-rabbit-3.2.7.jar:3.2.7]
	at org.springframework.amqp.rabbit.listener.SimpleMessageListenerContainer$AsyncMessageProcessingConsumer.run(SimpleMessageListenerContainer.java:1328) ~[spring-rabbit-3.2.7.jar:3.2.7]
	at java.base/java.lang.Thread.run(Thread.java:1583) ~[na:na]
Caused by: java.io.IOException: null
	at com.rabbitmq.client.impl.AMQChannel.wrap(AMQChannel.java:140) ~[amqp-client-5.22.0.jar:5.22.0]
	at com.rabbitmq.client.impl.AMQChannel.wrap(AMQChannel.java:136) ~[amqp-client-5.22.0.jar:5.22.0]
	at com.rabbitmq.client.impl.AMQConnection.start(AMQConnection.java:406) ~[amqp-client-5.22.0.jar:5.22.0]
	at com.rabbitmq.client.ConnectionFactory.newConnection(ConnectionFactory.java:1251) ~[amqp-client-5.22.0.jar:5.22.0]
	at com.rabbitmq.client.ConnectionFactory.newConnection(ConnectionFactory.java:1198) ~[amqp-client-5.22.0.jar:5.22.0]
	at org.springframework.amqp.rabbit.connection.AbstractConnectionFactory.connectAddresses(AbstractConnectionFactory.java:678) ~[spring-rabbit-3.2.7.jar:3.2.7]
	at org.springframework.amqp.rabbit.connection.AbstractConnectionFactory.connect(AbstractConnectionFactory.java:647) ~[spring-rabbit-3.2.7.jar:3.2.7]
	at org.springframework.amqp.rabbit.connection.AbstractConnectionFactory.createBareConnection(AbstractConnectionFactory.java:593) ~[spring-rabbit-3.2.7.jar:3.2.7]
	... 10 common frames omitted
Caused by: com.rabbitmq.client.ShutdownSignalException: connection error
	at com.rabbitmq.utility.ValueOrException.getValue(ValueOrException.java:66) ~[amqp-client-5.22.0.jar:5.22.0]
	at com.rabbitmq.utility.BlockingValueOrException.uninterruptibleGetValue(BlockingValueOrException.java:36) ~[amqp-client-5.22.0.jar:5.22.0]
	at com.rabbitmq.client.impl.AMQChannel$BlockingRpcContinuation.getReply(AMQChannel.java:552) ~[amqp-client-5.22.0.jar:5.22.0]
	at com.rabbitmq.client.impl.AMQConnection.start(AMQConnection.java:336) ~[amqp-client-5.22.0.jar:5.22.0]
	... 15 common frames omitted
Caused by: java.io.EOFException: null
	at java.base/java.io.DataInputStream.readUnsignedByte(DataInputStream.java:297) ~[na:na]
	at com.rabbitmq.client.impl.Frame.readFrom(Frame.java:91) ~[amqp-client-5.22.0.jar:5.22.0]
	at com.rabbitmq.client.impl.SocketFrameHandler.readFrame(SocketFrameHandler.java:199) ~[amqp-client-5.22.0.jar:5.22.0]
	at com.rabbitmq.client.impl.AMQConnection$MainLoop.run(AMQConnection.java:687) ~[amqp-client-5.22.0.jar:5.22.0]
	... 1 common frames omitted

2025-10-29T13:19:44.065-05:00  INFO 23784 --- [mesa-service] [org.springframework.amqp.rabbit.RabbitListenerEndpointContainer#0-16] o.s.a.r.l.SimpleMessageListenerContainer : Restarting Consumer@5f3b58d7: tags=[[]], channel=null, acknowledgeMode=AUTO local queue size=0
2025-10-29T13:19:44.067-05:00  INFO 23784 --- [mesa-service] [org.springframework.amqp.rabbit.RabbitListenerEndpointContainer#0-17] o.s.a.r.c.CachingConnectionFactory       : Attempting to connect to: [localhost:15672]
2025-10-29T13:19:54.077-05:00 ERROR 23784 --- [mesa-service] [org.springframework.amqp.rabbit.RabbitListenerEndpointContainer#0-17] o.s.a.r.l.SimpleMessageListenerContainer : Failed to check/redeclare auto-delete queue(s).
2025-10-29T13:19:54.077-05:00  INFO 23784 --- [mesa-service] [org.springframework.amqp.rabbit.RabbitListenerEndpointContainer#0-17] o.s.a.r.c.CachingConnectionFactory       : Attempting to connect to: [localhost:15672]
2025-10-29T13:20:09.225-05:00  WARN 23784 --- [mesa-service] [org.springframework.amqp.rabbit.RabbitListenerEndpointContainer#0-17] o.s.a.r.l.SimpleMessageListenerContainer : Consumer raised exception, processing can restart if the connection factory supports it

org.springframework.amqp.AmqpIOException: java.io.IOException
	at org.springframework.amqp.rabbit.support.RabbitExceptionTranslator.convertRabbitAccessException(RabbitExceptionTranslator.java:70) ~[spring-rabbit-3.2.7.jar:3.2.7]
	at org.springframework.amqp.rabbit.connection.AbstractConnectionFactory.createBareConnection(AbstractConnectionFactory.java:632) ~[spring-rabbit-3.2.7.jar:3.2.7]
	at org.springframework.amqp.rabbit.connection.CachingConnectionFactory.createConnection(CachingConnectionFactory.java:726) ~[spring-rabbit-3.2.7.jar:3.2.7]
	at org.springframework.amqp.rabbit.connection.ConnectionFactoryUtils.createConnection(ConnectionFactoryUtils.java:257) ~[spring-rabbit-3.2.7.jar:3.2.7]
	at org.springframework.amqp.rabbit.connection.ConnectionFactoryUtils$RabbitResourceFactory.createConnection(ConnectionFactoryUtils.java:345) ~[spring-rabbit-3.2.7.jar:3.2.7]
	at org.springframework.amqp.rabbit.connection.ConnectionFactoryUtils.doGetTransactionalResourceHolder(ConnectionFactoryUtils.java:140) ~[spring-rabbit-3.2.7.jar:3.2.7]
	at org.springframework.amqp.rabbit.connection.ConnectionFactoryUtils.getTransactionalResourceHolder(ConnectionFactoryUtils.java:102) ~[spring-rabbit-3.2.7.jar:3.2.7]
	at org.springframework.amqp.rabbit.connection.ConnectionFactoryUtils.getTransactionalResourceHolder(ConnectionFactoryUtils.java:85) ~[spring-rabbit-3.2.7.jar:3.2.7]
	at org.springframework.amqp.rabbit.listener.BlockingQueueConsumer.start(BlockingQueueConsumer.java:625) ~[spring-rabbit-3.2.7.jar:3.2.7]
	at org.springframework.amqp.rabbit.listener.SimpleMessageListenerContainer$AsyncMessageProcessingConsumer.initialize(SimpleMessageListenerContainer.java:1490) ~[spring-rabbit-3.2.7.jar:3.2.7]
	at org.springframework.amqp.rabbit.listener.SimpleMessageListenerContainer$AsyncMessageProcessingConsumer.run(SimpleMessageListenerContainer.java:1328) ~[spring-rabbit-3.2.7.jar:3.2.7]
	at java.base/java.lang.Thread.run(Thread.java:1583) ~[na:na]
Caused by: java.io.IOException: null
	at com.rabbitmq.client.impl.AMQChannel.wrap(AMQChannel.java:140) ~[amqp-client-5.22.0.jar:5.22.0]
	at com.rabbitmq.client.impl.AMQChannel.wrap(AMQChannel.java:136) ~[amqp-client-5.22.0.jar:5.22.0]
	at com.rabbitmq.client.impl.AMQConnection.start(AMQConnection.java:406) ~[amqp-client-5.22.0.jar:5.22.0]
	at com.rabbitmq.client.ConnectionFactory.newConnection(ConnectionFactory.java:1251) ~[amqp-client-5.22.0.jar:5.22.0]
	at com.rabbitmq.client.ConnectionFactory.newConnection(ConnectionFactory.java:1198) ~[amqp-client-5.22.0.jar:5.22.0]
	at org.springframework.amqp.rabbit.connection.AbstractConnectionFactory.connectAddresses(AbstractConnectionFactory.java:678) ~[spring-rabbit-3.2.7.jar:3.2.7]
	at org.springframework.amqp.rabbit.connection.AbstractConnectionFactory.connect(AbstractConnectionFactory.java:647) ~[spring-rabbit-3.2.7.jar:3.2.7]
	at org.springframework.amqp.rabbit.connection.AbstractConnectionFactory.createBareConnection(AbstractConnectionFactory.java:593) ~[spring-rabbit-3.2.7.jar:3.2.7]
	... 10 common frames omitted
Caused by: com.rabbitmq.client.ShutdownSignalException: connection error
	at com.rabbitmq.utility.ValueOrException.getValue(ValueOrException.java:66) ~[amqp-client-5.22.0.jar:5.22.0]
	at com.rabbitmq.utility.BlockingValueOrException.uninterruptibleGetValue(BlockingValueOrException.java:36) ~[amqp-client-5.22.0.jar:5.22.0]
	at com.rabbitmq.client.impl.AMQChannel$BlockingRpcContinuation.getReply(AMQChannel.java:552) ~[amqp-client-5.22.0.jar:5.22.0]
	at com.rabbitmq.client.impl.AMQConnection.start(AMQConnection.java:336) ~[amqp-client-5.22.0.jar:5.22.0]
	... 15 common frames omitted
Caused by: java.io.EOFException: null
	at java.base/java.io.DataInputStream.readUnsignedByte(DataInputStream.java:297) ~[na:na]
	at com.rabbitmq.client.impl.Frame.readFrom(Frame.java:91) ~[amqp-client-5.22.0.jar:5.22.0]
	at com.rabbitmq.client.impl.SocketFrameHandler.readFrame(SocketFrameHandler.java:199) ~[amqp-client-5.22.0.jar:5.22.0]
	at com.rabbitmq.client.impl.AMQConnection$MainLoop.run(AMQConnection.java:687) ~[amqp-client-5.22.0.jar:5.22.0]
	... 1 common frames omitted

2025-10-29T13:20:09.228-05:00  INFO 23784 --- [mesa-service] [org.springframework.amqp.rabbit.RabbitListenerEndpointContainer#0-17] o.s.a.r.l.SimpleMessageListenerContainer : Restarting Consumer@6c7d4159: tags=[[]], channel=null, acknowledgeMode=AUTO local queue size=0
2025-10-29T13:20:09.230-05:00  INFO 23784 --- [mesa-service] [org.springframework.amqp.rabbit.RabbitListenerEndpointContainer#0-18] o.s.a.r.c.CachingConnectionFactory       : Attempting to connect to: [localhost:15672]
2025-10-29T13:20:19.242-05:00 ERROR 23784 --- [mesa-service] [org.springframework.amqp.rabbit.RabbitListenerEndpointContainer#0-18] o.s.a.r.l.SimpleMessageListenerContainer : Failed to check/redeclare auto-delete queue(s).
2025-10-29T13:20:19.242-05:00  INFO 23784 --- [mesa-service] [org.springframework.amqp.rabbit.RabbitListenerEndpointContainer#0-18] o.s.a.r.c.CachingConnectionFactory       : Attempting to connect to: [localhost:15672]
2025-10-29T13:20:29.251-05:00  WARN 23784 --- [mesa-service] [AMQP Connection 0:0:0:0:0:0:0:1:15672] c.r.c.impl.ForgivingExceptionHandler     : An unexpected connection driver error occurred (Exception message: Socket closed)
2025-10-29T13:20:34.433-05:00  WARN 23784 --- [mesa-service] [org.springframework.amqp.rabbit.RabbitListenerEndpointContainer#0-18] o.s.a.r.l.SimpleMessageListenerContainer : Consumer raised exception, processing can restart if the connection factory supports it

org.springframework.amqp.AmqpTimeoutException: java.util.concurrent.TimeoutException
	at org.springframework.amqp.rabbit.support.RabbitExceptionTranslator.convertRabbitAccessException(RabbitExceptionTranslator.java:73) ~[spring-rabbit-3.2.7.jar:3.2.7]
	at org.springframework.amqp.rabbit.connection.AbstractConnectionFactory.createBareConnection(AbstractConnectionFactory.java:632) ~[spring-rabbit-3.2.7.jar:3.2.7]
	at org.springframework.amqp.rabbit.connection.CachingConnectionFactory.createConnection(CachingConnectionFactory.java:726) ~[spring-rabbit-3.2.7.jar:3.2.7]
	at org.springframework.amqp.rabbit.connection.ConnectionFactoryUtils.createConnection(ConnectionFactoryUtils.java:257) ~[spring-rabbit-3.2.7.jar:3.2.7]
	at org.springframework.amqp.rabbit.connection.ConnectionFactoryUtils$RabbitResourceFactory.createConnection(ConnectionFactoryUtils.java:345) ~[spring-rabbit-3.2.7.jar:3.2.7]
	at org.springframework.amqp.rabbit.connection.ConnectionFactoryUtils.doGetTransactionalResourceHolder(ConnectionFactoryUtils.java:140) ~[spring-rabbit-3.2.7.jar:3.2.7]
	at org.springframework.amqp.rabbit.connection.ConnectionFactoryUtils.getTransactionalResourceHolder(ConnectionFactoryUtils.java:102) ~[spring-rabbit-3.2.7.jar:3.2.7]
	at org.springframework.amqp.rabbit.connection.ConnectionFactoryUtils.getTransactionalResourceHolder(ConnectionFactoryUtils.java:85) ~[spring-rabbit-3.2.7.jar:3.2.7]
	at org.springframework.amqp.rabbit.listener.BlockingQueueConsumer.start(BlockingQueueConsumer.java:625) ~[spring-rabbit-3.2.7.jar:3.2.7]
	at org.springframework.amqp.rabbit.listener.SimpleMessageListenerContainer$AsyncMessageProcessingConsumer.initialize(SimpleMessageListenerContainer.java:1490) ~[spring-rabbit-3.2.7.jar:3.2.7]
	at org.springframework.amqp.rabbit.listener.SimpleMessageListenerContainer$AsyncMessageProcessingConsumer.run(SimpleMessageListenerContainer.java:1328) ~[spring-rabbit-3.2.7.jar:3.2.7]
	at java.base/java.lang.Thread.run(Thread.java:1583) ~[na:na]
Caused by: java.util.concurrent.TimeoutException: null
	at com.rabbitmq.utility.BlockingCell.get(BlockingCell.java:77) ~[amqp-client-5.22.0.jar:5.22.0]
	at com.rabbitmq.utility.BlockingCell.uninterruptibleGet(BlockingCell.java:120) ~[amqp-client-5.22.0.jar:5.22.0]
	at com.rabbitmq.utility.BlockingValueOrException.uninterruptibleGetValue(BlockingValueOrException.java:36) ~[amqp-client-5.22.0.jar:5.22.0]
	at com.rabbitmq.client.impl.AMQChannel$BlockingRpcContinuation.getReply(AMQChannel.java:552) ~[amqp-client-5.22.0.jar:5.22.0]
	at com.rabbitmq.client.impl.AMQConnection.start(AMQConnection.java:336) ~[amqp-client-5.22.0.jar:5.22.0]
	at com.rabbitmq.client.ConnectionFactory.newConnection(ConnectionFactory.java:1251) ~[amqp-client-5.22.0.jar:5.22.0]
	at com.rabbitmq.client.ConnectionFactory.newConnection(ConnectionFactory.java:1198) ~[amqp-client-5.22.0.jar:5.22.0]
	at org.springframework.amqp.rabbit.connection.AbstractConnectionFactory.connectAddresses(AbstractConnectionFactory.java:678) ~[spring-rabbit-3.2.7.jar:3.2.7]
	at org.springframework.amqp.rabbit.connection.AbstractConnectionFactory.connect(AbstractConnectionFactory.java:647) ~[spring-rabbit-3.2.7.jar:3.2.7]
	at org.springframework.amqp.rabbit.connection.AbstractConnectionFactory.createBareConnection(AbstractConnectionFactory.java:593) ~[spring-rabbit-3.2.7.jar:3.2.7]
	... 10 common frames omitted

2025-10-29T13:20:34.436-05:00  INFO 23784 --- [mesa-service] [org.springframework.amqp.rabbit.RabbitListenerEndpointContainer#0-18] o.s.a.r.l.SimpleMessageListenerContainer : Restarting Consumer@1a3ba8c0: tags=[[]], channel=null, acknowledgeMode=AUTO local queue size=0
2025-10-29T13:20:34.437-05:00  INFO 23784 --- [mesa-service] [org.springframework.amqp.rabbit.RabbitListenerEndpointContainer#0-19] o.s.a.r.c.CachingConnectionFactory       : Attempting to connect to: [localhost:15672]
2025-10-29T13:20:44.457-05:00 ERROR 23784 --- [mesa-service] [org.springframework.amqp.rabbit.RabbitListenerEndpointContainer#0-19] o.s.a.r.l.SimpleMessageListenerContainer : Failed to check/redeclare auto-delete queue(s).
2025-10-29T13:20:44.457-05:00  WARN 23784 --- [mesa-service] [AMQP Connection 0:0:0:0:0:0:0:1:15672] c.r.c.impl.ForgivingExceptionHandler     : An unexpected connection driver error occurred (Exception message: Socket closed)
2025-10-29T13:20:44.458-05:00  INFO 23784 --- [mesa-service] [org.springframework.amqp.rabbit.RabbitListenerEndpointContainer#0-19] o.s.a.r.c.CachingConnectionFactory       : Attempting to connect to: [localhost:15672]
2025-10-29T13:20:49.463-05:00  WARN 23784 --- [mesa-service] [AMQP Connection 127.0.0.1:15672] c.r.c.impl.ForgivingExceptionHandler     : An unexpected connection driver error occurred (Exception message: Socket closed)
2025-10-29T13:20:54.468-05:00  WARN 23784 --- [mesa-service] [AMQP Connection 0:0:0:0:0:0:0:1:15672] c.r.c.impl.ForgivingExceptionHandler     : An unexpected connection driver error occurred (Exception message: Socket closed)
2025-10-29T13:20:59.657-05:00  WARN 23784 --- [mesa-service] [org.springframework.amqp.rabbit.RabbitListenerEndpointContainer#0-19] o.s.a.r.l.SimpleMessageListenerContainer : Consumer raised exception, processing can restart if the connection factory supports it

org.springframework.amqp.AmqpTimeoutException: java.util.concurrent.TimeoutException
	at org.springframework.amqp.rabbit.support.RabbitExceptionTranslator.convertRabbitAccessException(RabbitExceptionTranslator.java:73) ~[spring-rabbit-3.2.7.jar:3.2.7]
	at org.springframework.amqp.rabbit.connection.AbstractConnectionFactory.createBareConnection(AbstractConnectionFactory.java:632) ~[spring-rabbit-3.2.7.jar:3.2.7]
	at org.springframework.amqp.rabbit.connection.CachingConnectionFactory.createConnection(CachingConnectionFactory.java:726) ~[spring-rabbit-3.2.7.jar:3.2.7]
	at org.springframework.amqp.rabbit.connection.ConnectionFactoryUtils.createConnection(ConnectionFactoryUtils.java:257) ~[spring-rabbit-3.2.7.jar:3.2.7]
	at org.springframework.amqp.rabbit.connection.ConnectionFactoryUtils$RabbitResourceFactory.createConnection(ConnectionFactoryUtils.java:345) ~[spring-rabbit-3.2.7.jar:3.2.7]
	at org.springframework.amqp.rabbit.connection.ConnectionFactoryUtils.doGetTransactionalResourceHolder(ConnectionFactoryUtils.java:140) ~[spring-rabbit-3.2.7.jar:3.2.7]
	at org.springframework.amqp.rabbit.connection.ConnectionFactoryUtils.getTransactionalResourceHolder(ConnectionFactoryUtils.java:102) ~[spring-rabbit-3.2.7.jar:3.2.7]
	at org.springframework.amqp.rabbit.connection.ConnectionFactoryUtils.getTransactionalResourceHolder(ConnectionFactoryUtils.java:85) ~[spring-rabbit-3.2.7.jar:3.2.7]
	at org.springframework.amqp.rabbit.listener.BlockingQueueConsumer.start(BlockingQueueConsumer.java:625) ~[spring-rabbit-3.2.7.jar:3.2.7]
	at org.springframework.amqp.rabbit.listener.SimpleMessageListenerContainer$AsyncMessageProcessingConsumer.initialize(SimpleMessageListenerContainer.java:1490) ~[spring-rabbit-3.2.7.jar:3.2.7]
	at org.springframework.amqp.rabbit.listener.SimpleMessageListenerContainer$AsyncMessageProcessingConsumer.run(SimpleMessageListenerContainer.java:1328) ~[spring-rabbit-3.2.7.jar:3.2.7]
	at java.base/java.lang.Thread.run(Thread.java:1583) ~[na:na]
Caused by: java.util.concurrent.TimeoutException: null
	at com.rabbitmq.utility.BlockingCell.get(BlockingCell.java:77) ~[amqp-client-5.22.0.jar:5.22.0]
	at com.rabbitmq.utility.BlockingCell.uninterruptibleGet(BlockingCell.java:120) ~[amqp-client-5.22.0.jar:5.22.0]
	at com.rabbitmq.utility.BlockingValueOrException.uninterruptibleGetValue(BlockingValueOrException.java:36) ~[amqp-client-5.22.0.jar:5.22.0]
	at com.rabbitmq.client.impl.AMQChannel$BlockingRpcContinuation.getReply(AMQChannel.java:552) ~[amqp-client-5.22.0.jar:5.22.0]
	at com.rabbitmq.client.impl.AMQConnection.start(AMQConnection.java:336) ~[amqp-client-5.22.0.jar:5.22.0]
	at com.rabbitmq.client.ConnectionFactory.newConnection(ConnectionFactory.java:1251) ~[amqp-client-5.22.0.jar:5.22.0]
	at com.rabbitmq.client.ConnectionFactory.newConnection(ConnectionFactory.java:1198) ~[amqp-client-5.22.0.jar:5.22.0]
	at org.springframework.amqp.rabbit.connection.AbstractConnectionFactory.connectAddresses(AbstractConnectionFactory.java:678) ~[spring-rabbit-3.2.7.jar:3.2.7]
	at org.springframework.amqp.rabbit.connection.AbstractConnectionFactory.connect(AbstractConnectionFactory.java:647) ~[spring-rabbit-3.2.7.jar:3.2.7]
	at org.springframework.amqp.rabbit.connection.AbstractConnectionFactory.createBareConnection(AbstractConnectionFactory.java:593) ~[spring-rabbit-3.2.7.jar:3.2.7]
	... 10 common frames omitted

2025-10-29T13:20:59.659-05:00  INFO 23784 --- [mesa-service] [org.springframework.amqp.rabbit.RabbitListenerEndpointContainer#0-19] o.s.a.r.l.SimpleMessageListenerContainer : Restarting Consumer@4d1e25fb: tags=[[]], channel=null, acknowledgeMode=AUTO local queue size=0
2025-10-29T13:20:59.661-05:00  INFO 23784 --- [mesa-service] [org.springframework.amqp.rabbit.RabbitListenerEndpointContainer#0-20] o.s.a.r.c.CachingConnectionFactory       : Attempting to connect to: [localhost:15672]
2025-10-29T13:21:09.668-05:00 ERROR 23784 --- [mesa-service] [org.springframework.amqp.rabbit.RabbitListenerEndpointContainer#0-20] o.s.a.r.l.SimpleMessageListenerContainer : Failed to check/redeclare auto-delete queue(s).
2025-10-29T13:21:09.669-05:00  WARN 23784 --- [mesa-service] [AMQP Connection 0:0:0:0:0:0:0:1:15672] c.r.c.impl.ForgivingExceptionHandler     : An unexpected connection driver error occurred (Exception message: Socket closed)
2025-10-29T13:21:09.669-05:00  INFO 23784 --- [mesa-service] [org.springframework.amqp.rabbit.RabbitListenerEndpointContainer#0-20] o.s.a.r.c.CachingConnectionFactory       : Attempting to connect to: [localhost:15672]
2025-10-29T13:21:24.887-05:00  WARN 23784 --- [mesa-service] [org.springframework.amqp.rabbit.RabbitListenerEndpointContainer#0-20] o.s.a.r.l.SimpleMessageListenerContainer : Consumer raised exception, processing can restart if the connection factory supports it

org.springframework.amqp.AmqpIOException: java.io.IOException
	at org.springframework.amqp.rabbit.support.RabbitExceptionTranslator.convertRabbitAccessException(RabbitExceptionTranslator.java:70) ~[spring-rabbit-3.2.7.jar:3.2.7]
	at org.springframework.amqp.rabbit.connection.AbstractConnectionFactory.createBareConnection(AbstractConnectionFactory.java:632) ~[spring-rabbit-3.2.7.jar:3.2.7]
	at org.springframework.amqp.rabbit.connection.CachingConnectionFactory.createConnection(CachingConnectionFactory.java:726) ~[spring-rabbit-3.2.7.jar:3.2.7]
	at org.springframework.amqp.rabbit.connection.ConnectionFactoryUtils.createConnection(ConnectionFactoryUtils.java:257) ~[spring-rabbit-3.2.7.jar:3.2.7]
	at org.springframework.amqp.rabbit.connection.ConnectionFactoryUtils$RabbitResourceFactory.createConnection(ConnectionFactoryUtils.java:345) ~[spring-rabbit-3.2.7.jar:3.2.7]
	at org.springframework.amqp.rabbit.connection.ConnectionFactoryUtils.doGetTransactionalResourceHolder(ConnectionFactoryUtils.java:140) ~[spring-rabbit-3.2.7.jar:3.2.7]
	at org.springframework.amqp.rabbit.connection.ConnectionFactoryUtils.getTransactionalResourceHolder(ConnectionFactoryUtils.java:102) ~[spring-rabbit-3.2.7.jar:3.2.7]
	at org.springframework.amqp.rabbit.connection.ConnectionFactoryUtils.getTransactionalResourceHolder(ConnectionFactoryUtils.java:85) ~[spring-rabbit-3.2.7.jar:3.2.7]
	at org.springframework.amqp.rabbit.listener.BlockingQueueConsumer.start(BlockingQueueConsumer.java:625) ~[spring-rabbit-3.2.7.jar:3.2.7]
	at org.springframework.amqp.rabbit.listener.SimpleMessageListenerContainer$AsyncMessageProcessingConsumer.initialize(SimpleMessageListenerContainer.java:1490) ~[spring-rabbit-3.2.7.jar:3.2.7]
	at org.springframework.amqp.rabbit.listener.SimpleMessageListenerContainer$AsyncMessageProcessingConsumer.run(SimpleMessageListenerContainer.java:1328) ~[spring-rabbit-3.2.7.jar:3.2.7]
	at java.base/java.lang.Thread.run(Thread.java:1583) ~[na:na]
Caused by: java.io.IOException: null
	at com.rabbitmq.client.impl.AMQChannel.wrap(AMQChannel.java:140) ~[amqp-client-5.22.0.jar:5.22.0]
	at com.rabbitmq.client.impl.AMQChannel.wrap(AMQChannel.java:136) ~[amqp-client-5.22.0.jar:5.22.0]
	at com.rabbitmq.client.impl.AMQConnection.start(AMQConnection.java:406) ~[amqp-client-5.22.0.jar:5.22.0]
	at com.rabbitmq.client.ConnectionFactory.newConnection(ConnectionFactory.java:1251) ~[amqp-client-5.22.0.jar:5.22.0]
	at com.rabbitmq.client.ConnectionFactory.newConnection(ConnectionFactory.java:1198) ~[amqp-client-5.22.0.jar:5.22.0]
	at org.springframework.amqp.rabbit.connection.AbstractConnectionFactory.connectAddresses(AbstractConnectionFactory.java:678) ~[spring-rabbit-3.2.7.jar:3.2.7]
	at org.springframework.amqp.rabbit.connection.AbstractConnectionFactory.connect(AbstractConnectionFactory.java:647) ~[spring-rabbit-3.2.7.jar:3.2.7]
	at org.springframework.amqp.rabbit.connection.AbstractConnectionFactory.createBareConnection(AbstractConnectionFactory.java:593) ~[spring-rabbit-3.2.7.jar:3.2.7]
	... 10 common frames omitted
Caused by: com.rabbitmq.client.ShutdownSignalException: connection error
	at com.rabbitmq.utility.ValueOrException.getValue(ValueOrException.java:66) ~[amqp-client-5.22.0.jar:5.22.0]
	at com.rabbitmq.utility.BlockingValueOrException.uninterruptibleGetValue(BlockingValueOrException.java:36) ~[amqp-client-5.22.0.jar:5.22.0]
	at com.rabbitmq.client.impl.AMQChannel$BlockingRpcContinuation.getReply(AMQChannel.java:552) ~[amqp-client-5.22.0.jar:5.22.0]
	at com.rabbitmq.client.impl.AMQConnection.start(AMQConnection.java:336) ~[amqp-client-5.22.0.jar:5.22.0]
	... 15 common frames omitted
Caused by: java.io.EOFException: null
	at java.base/java.io.DataInputStream.readUnsignedByte(DataInputStream.java:297) ~[na:na]
	at com.rabbitmq.client.impl.Frame.readFrom(Frame.java:91) ~[amqp-client-5.22.0.jar:5.22.0]
	at com.rabbitmq.client.impl.SocketFrameHandler.readFrame(SocketFrameHandler.java:199) ~[amqp-client-5.22.0.jar:5.22.0]
	at com.rabbitmq.client.impl.AMQConnection$MainLoop.run(AMQConnection.java:687) ~[amqp-client-5.22.0.jar:5.22.0]
	... 1 common frames omitted

2025-10-29T13:21:24.891-05:00  INFO 23784 --- [mesa-service] [org.springframework.amqp.rabbit.RabbitListenerEndpointContainer#0-20] o.s.a.r.l.SimpleMessageListenerContainer : Restarting Consumer@75c80b2f: tags=[[]], channel=null, acknowledgeMode=AUTO local queue size=0
2025-10-29T13:21:24.893-05:00  INFO 23784 --- [mesa-service] [org.springframework.amqp.rabbit.RabbitListenerEndpointContainer#0-21] o.s.a.r.c.CachingConnectionFactory       : Attempting to connect to: [localhost:15672]
2025-10-29T13:21:29.897-05:00  WARN 23784 --- [mesa-service] [AMQP Connection 127.0.0.1:15672] c.r.c.impl.ForgivingExceptionHandler     : An unexpected connection driver error occurred (Exception message: Socket closed)
2025-10-29T13:21:34.903-05:00 ERROR 23784 --- [mesa-service] [org.springframework.amqp.rabbit.RabbitListenerEndpointContainer#0-21] o.s.a.r.l.SimpleMessageListenerContainer : Failed to check/redeclare auto-delete queue(s).
2025-10-29T13:21:34.904-05:00  INFO 23784 --- [mesa-service] [org.springframework.amqp.rabbit.RabbitListenerEndpointContainer#0-21] o.s.a.r.c.CachingConnectionFactory       : Attempting to connect to: [localhost:15672]
2025-10-29T13:21:44.916-05:00  WARN 23784 --- [mesa-service] [AMQP Connection 0:0:0:0:0:0:0:1:15672] c.r.c.impl.ForgivingExceptionHandler     : An unexpected connection driver error occurred (Exception message: Socket closed)
2025-10-29T13:21:50.056-05:00  WARN 23784 --- [mesa-service] [org.springframework.amqp.rabbit.RabbitListenerEndpointContainer#0-21] o.s.a.r.l.SimpleMessageListenerContainer : Consumer raised exception, processing can restart if the connection factory supports it

org.springframework.amqp.AmqpTimeoutException: java.util.concurrent.TimeoutException
	at org.springframework.amqp.rabbit.support.RabbitExceptionTranslator.convertRabbitAccessException(RabbitExceptionTranslator.java:73) ~[spring-rabbit-3.2.7.jar:3.2.7]
	at org.springframework.amqp.rabbit.connection.AbstractConnectionFactory.createBareConnection(AbstractConnectionFactory.java:632) ~[spring-rabbit-3.2.7.jar:3.2.7]
	at org.springframework.amqp.rabbit.connection.CachingConnectionFactory.createConnection(CachingConnectionFactory.java:726) ~[spring-rabbit-3.2.7.jar:3.2.7]
	at org.springframework.amqp.rabbit.connection.ConnectionFactoryUtils.createConnection(ConnectionFactoryUtils.java:257) ~[spring-rabbit-3.2.7.jar:3.2.7]
	at org.springframework.amqp.rabbit.connection.ConnectionFactoryUtils$RabbitResourceFactory.createConnection(ConnectionFactoryUtils.java:345) ~[spring-rabbit-3.2.7.jar:3.2.7]
	at org.springframework.amqp.rabbit.connection.ConnectionFactoryUtils.doGetTransactionalResourceHolder(ConnectionFactoryUtils.java:140) ~[spring-rabbit-3.2.7.jar:3.2.7]
	at org.springframework.amqp.rabbit.connection.ConnectionFactoryUtils.getTransactionalResourceHolder(ConnectionFactoryUtils.java:102) ~[spring-rabbit-3.2.7.jar:3.2.7]
	at org.springframework.amqp.rabbit.connection.ConnectionFactoryUtils.getTransactionalResourceHolder(ConnectionFactoryUtils.java:85) ~[spring-rabbit-3.2.7.jar:3.2.7]
	at org.springframework.amqp.rabbit.listener.BlockingQueueConsumer.start(BlockingQueueConsumer.java:625) ~[spring-rabbit-3.2.7.jar:3.2.7]
	at org.springframework.amqp.rabbit.listener.SimpleMessageListenerContainer$AsyncMessageProcessingConsumer.initialize(SimpleMessageListenerContainer.java:1490) ~[spring-rabbit-3.2.7.jar:3.2.7]
	at org.springframework.amqp.rabbit.listener.SimpleMessageListenerContainer$AsyncMessageProcessingConsumer.run(SimpleMessageListenerContainer.java:1328) ~[spring-rabbit-3.2.7.jar:3.2.7]
	at java.base/java.lang.Thread.run(Thread.java:1583) ~[na:na]
Caused by: java.util.concurrent.TimeoutException: null
	at com.rabbitmq.utility.BlockingCell.get(BlockingCell.java:77) ~[amqp-client-5.22.0.jar:5.22.0]
	at com.rabbitmq.utility.BlockingCell.uninterruptibleGet(BlockingCell.java:120) ~[amqp-client-5.22.0.jar:5.22.0]
	at com.rabbitmq.utility.BlockingValueOrException.uninterruptibleGetValue(BlockingValueOrException.java:36) ~[amqp-client-5.22.0.jar:5.22.0]
	at com.rabbitmq.client.impl.AMQChannel$BlockingRpcContinuation.getReply(AMQChannel.java:552) ~[amqp-client-5.22.0.jar:5.22.0]
	at com.rabbitmq.client.impl.AMQConnection.start(AMQConnection.java:336) ~[amqp-client-5.22.0.jar:5.22.0]
	at com.rabbitmq.client.ConnectionFactory.newConnection(ConnectionFactory.java:1251) ~[amqp-client-5.22.0.jar:5.22.0]
	at com.rabbitmq.client.ConnectionFactory.newConnection(ConnectionFactory.java:1198) ~[amqp-client-5.22.0.jar:5.22.0]
	at org.springframework.amqp.rabbit.connection.AbstractConnectionFactory.connectAddresses(AbstractConnectionFactory.java:678) ~[spring-rabbit-3.2.7.jar:3.2.7]
	at org.springframework.amqp.rabbit.connection.AbstractConnectionFactory.connect(AbstractConnectionFactory.java:647) ~[spring-rabbit-3.2.7.jar:3.2.7]
	at org.springframework.amqp.rabbit.connection.AbstractConnectionFactory.createBareConnection(AbstractConnectionFactory.java:593) ~[spring-rabbit-3.2.7.jar:3.2.7]
	... 10 common frames omitted

2025-10-29T13:21:50.057-05:00  INFO 23784 --- [mesa-service] [org.springframework.amqp.rabbit.RabbitListenerEndpointContainer#0-21] o.s.a.r.l.SimpleMessageListenerContainer : Restarting Consumer@303454a: tags=[[]], channel=null, acknowledgeMode=AUTO local queue size=0
2025-10-29T13:21:50.060-05:00  INFO 23784 --- [mesa-service] [org.springframework.amqp.rabbit.RabbitListenerEndpointContainer#0-22] o.s.a.r.c.CachingConnectionFactory       : Attempting to connect to: [localhost:15672]
2025-10-29T13:22:00.069-05:00 ERROR 23784 --- [mesa-service] [org.springframework.amqp.rabbit.RabbitListenerEndpointContainer#0-22] o.s.a.r.l.SimpleMessageListenerContainer : Failed to check/redeclare auto-delete queue(s).
2025-10-29T13:22:00.070-05:00  INFO 23784 --- [mesa-service] [org.springframework.amqp.rabbit.RabbitListenerEndpointContainer#0-22] o.s.a.r.c.CachingConnectionFactory       : Attempting to connect to: [localhost:15672]
2025-10-29T13:22:15.200-05:00  WARN 23784 --- [mesa-service] [org.springframework.amqp.rabbit.RabbitListenerEndpointContainer#0-22] o.s.a.r.l.SimpleMessageListenerContainer : Consumer raised exception, processing can restart if the connection factory supports it

org.springframework.amqp.AmqpIOException: java.io.IOException
	at org.springframework.amqp.rabbit.support.RabbitExceptionTranslator.convertRabbitAccessException(RabbitExceptionTranslator.java:70) ~[spring-rabbit-3.2.7.jar:3.2.7]
	at org.springframework.amqp.rabbit.connection.AbstractConnectionFactory.createBareConnection(AbstractConnectionFactory.java:632) ~[spring-rabbit-3.2.7.jar:3.2.7]
	at org.springframework.amqp.rabbit.connection.CachingConnectionFactory.createConnection(CachingConnectionFactory.java:726) ~[spring-rabbit-3.2.7.jar:3.2.7]
	at org.springframework.amqp.rabbit.connection.ConnectionFactoryUtils.createConnection(ConnectionFactoryUtils.java:257) ~[spring-rabbit-3.2.7.jar:3.2.7]
	at org.springframework.amqp.rabbit.connection.ConnectionFactoryUtils$RabbitResourceFactory.createConnection(ConnectionFactoryUtils.java:345) ~[spring-rabbit-3.2.7.jar:3.2.7]
	at org.springframework.amqp.rabbit.connection.ConnectionFactoryUtils.doGetTransactionalResourceHolder(ConnectionFactoryUtils.java:140) ~[spring-rabbit-3.2.7.jar:3.2.7]
	at org.springframework.amqp.rabbit.connection.ConnectionFactoryUtils.getTransactionalResourceHolder(ConnectionFactoryUtils.java:102) ~[spring-rabbit-3.2.7.jar:3.2.7]
	at org.springframework.amqp.rabbit.connection.ConnectionFactoryUtils.getTransactionalResourceHolder(ConnectionFactoryUtils.java:85) ~[spring-rabbit-3.2.7.jar:3.2.7]
	at org.springframework.amqp.rabbit.listener.BlockingQueueConsumer.start(BlockingQueueConsumer.java:625) ~[spring-rabbit-3.2.7.jar:3.2.7]
	at org.springframework.amqp.rabbit.listener.SimpleMessageListenerContainer$AsyncMessageProcessingConsumer.initialize(SimpleMessageListenerContainer.java:1490) ~[spring-rabbit-3.2.7.jar:3.2.7]
	at org.springframework.amqp.rabbit.listener.SimpleMessageListenerContainer$AsyncMessageProcessingConsumer.run(SimpleMessageListenerContainer.java:1328) ~[spring-rabbit-3.2.7.jar:3.2.7]
	at java.base/java.lang.Thread.run(Thread.java:1583) ~[na:na]
Caused by: java.io.IOException: null
	at com.rabbitmq.client.impl.AMQChannel.wrap(AMQChannel.java:140) ~[amqp-client-5.22.0.jar:5.22.0]
	at com.rabbitmq.client.impl.AMQChannel.wrap(AMQChannel.java:136) ~[amqp-client-5.22.0.jar:5.22.0]
	at com.rabbitmq.client.impl.AMQConnection.start(AMQConnection.java:406) ~[amqp-client-5.22.0.jar:5.22.0]
	at com.rabbitmq.client.ConnectionFactory.newConnection(ConnectionFactory.java:1251) ~[amqp-client-5.22.0.jar:5.22.0]
	at com.rabbitmq.client.ConnectionFactory.newConnection(ConnectionFactory.java:1198) ~[amqp-client-5.22.0.jar:5.22.0]
	at org.springframework.amqp.rabbit.connection.AbstractConnectionFactory.connectAddresses(AbstractConnectionFactory.java:678) ~[spring-rabbit-3.2.7.jar:3.2.7]
	at org.springframework.amqp.rabbit.connection.AbstractConnectionFactory.connect(AbstractConnectionFactory.java:647) ~[spring-rabbit-3.2.7.jar:3.2.7]
	at org.springframework.amqp.rabbit.connection.AbstractConnectionFactory.createBareConnection(AbstractConnectionFactory.java:593) ~[spring-rabbit-3.2.7.jar:3.2.7]
	... 10 common frames omitted
Caused by: com.rabbitmq.client.ShutdownSignalException: connection error
	at com.rabbitmq.utility.ValueOrException.getValue(ValueOrException.java:66) ~[amqp-client-5.22.0.jar:5.22.0]
	at com.rabbitmq.utility.BlockingValueOrException.uninterruptibleGetValue(BlockingValueOrException.java:36) ~[amqp-client-5.22.0.jar:5.22.0]
	at com.rabbitmq.client.impl.AMQChannel$BlockingRpcContinuation.getReply(AMQChannel.java:552) ~[amqp-client-5.22.0.jar:5.22.0]
	at com.rabbitmq.client.impl.AMQConnection.start(AMQConnection.java:336) ~[amqp-client-5.22.0.jar:5.22.0]
	... 15 common frames omitted
Caused by: java.io.EOFException: null
	at java.base/java.io.DataInputStream.readUnsignedByte(DataInputStream.java:297) ~[na:na]
	at com.rabbitmq.client.impl.Frame.readFrom(Frame.java:91) ~[amqp-client-5.22.0.jar:5.22.0]
	at com.rabbitmq.client.impl.SocketFrameHandler.readFrame(SocketFrameHandler.java:199) ~[amqp-client-5.22.0.jar:5.22.0]
	at com.rabbitmq.client.impl.AMQConnection$MainLoop.run(AMQConnection.java:687) ~[amqp-client-5.22.0.jar:5.22.0]
	... 1 common frames omitted

2025-10-29T13:22:15.203-05:00  INFO 23784 --- [mesa-service] [org.springframework.amqp.rabbit.RabbitListenerEndpointContainer#0-22] o.s.a.r.l.SimpleMessageListenerContainer : Restarting Consumer@e5d4d87: tags=[[]], channel=null, acknowledgeMode=AUTO local queue size=0
2025-10-29T13:22:15.205-05:00  INFO 23784 --- [mesa-service] [org.springframework.amqp.rabbit.RabbitListenerEndpointContainer#0-23] o.s.a.r.c.CachingConnectionFactory       : Attempting to connect to: [localhost:15672]
2025-10-29T13:22:25.216-05:00 ERROR 23784 --- [mesa-service] [org.springframework.amqp.rabbit.RabbitListenerEndpointContainer#0-23] o.s.a.r.l.SimpleMessageListenerContainer : Failed to check/redeclare auto-delete queue(s).
2025-10-29T13:22:25.216-05:00  INFO 23784 --- [mesa-service] [org.springframework.amqp.rabbit.RabbitListenerEndpointContainer#0-23] o.s.a.r.c.CachingConnectionFactory       : Attempting to connect to: [localhost:15672]
2025-10-29T13:22:40.342-05:00  WARN 23784 --- [mesa-service] [org.springframework.amqp.rabbit.RabbitListenerEndpointContainer#0-23] o.s.a.r.l.SimpleMessageListenerContainer : Consumer raised exception, processing can restart if the connection factory supports it

org.springframework.amqp.AmqpIOException: java.io.IOException
	at org.springframework.amqp.rabbit.support.RabbitExceptionTranslator.convertRabbitAccessException(RabbitExceptionTranslator.java:70) ~[spring-rabbit-3.2.7.jar:3.2.7]
	at org.springframework.amqp.rabbit.connection.AbstractConnectionFactory.createBareConnection(AbstractConnectionFactory.java:632) ~[spring-rabbit-3.2.7.jar:3.2.7]
	at org.springframework.amqp.rabbit.connection.CachingConnectionFactory.createConnection(CachingConnectionFactory.java:726) ~[spring-rabbit-3.2.7.jar:3.2.7]
	at org.springframework.amqp.rabbit.connection.ConnectionFactoryUtils.createConnection(ConnectionFactoryUtils.java:257) ~[spring-rabbit-3.2.7.jar:3.2.7]
	at org.springframework.amqp.rabbit.connection.ConnectionFactoryUtils$RabbitResourceFactory.createConnection(ConnectionFactoryUtils.java:345) ~[spring-rabbit-3.2.7.jar:3.2.7]
	at org.springframework.amqp.rabbit.connection.ConnectionFactoryUtils.doGetTransactionalResourceHolder(ConnectionFactoryUtils.java:140) ~[spring-rabbit-3.2.7.jar:3.2.7]
	at org.springframework.amqp.rabbit.connection.ConnectionFactoryUtils.getTransactionalResourceHolder(ConnectionFactoryUtils.java:102) ~[spring-rabbit-3.2.7.jar:3.2.7]
	at org.springframework.amqp.rabbit.connection.ConnectionFactoryUtils.getTransactionalResourceHolder(ConnectionFactoryUtils.java:85) ~[spring-rabbit-3.2.7.jar:3.2.7]
	at org.springframework.amqp.rabbit.listener.BlockingQueueConsumer.start(BlockingQueueConsumer.java:625) ~[spring-rabbit-3.2.7.jar:3.2.7]
	at org.springframework.amqp.rabbit.listener.SimpleMessageListenerContainer$AsyncMessageProcessingConsumer.initialize(SimpleMessageListenerContainer.java:1490) ~[spring-rabbit-3.2.7.jar:3.2.7]
	at org.springframework.amqp.rabbit.listener.SimpleMessageListenerContainer$AsyncMessageProcessingConsumer.run(SimpleMessageListenerContainer.java:1328) ~[spring-rabbit-3.2.7.jar:3.2.7]
	at java.base/java.lang.Thread.run(Thread.java:1583) ~[na:na]
Caused by: java.io.IOException: null
	at com.rabbitmq.client.impl.AMQChannel.wrap(AMQChannel.java:140) ~[amqp-client-5.22.0.jar:5.22.0]
	at com.rabbitmq.client.impl.AMQChannel.wrap(AMQChannel.java:136) ~[amqp-client-5.22.0.jar:5.22.0]
	at com.rabbitmq.client.impl.AMQConnection.start(AMQConnection.java:406) ~[amqp-client-5.22.0.jar:5.22.0]
	at com.rabbitmq.client.ConnectionFactory.newConnection(ConnectionFactory.java:1251) ~[amqp-client-5.22.0.jar:5.22.0]
	at com.rabbitmq.client.ConnectionFactory.newConnection(ConnectionFactory.java:1198) ~[amqp-client-5.22.0.jar:5.22.0]
	at org.springframework.amqp.rabbit.connection.AbstractConnectionFactory.connectAddresses(AbstractConnectionFactory.java:678) ~[spring-rabbit-3.2.7.jar:3.2.7]
	at org.springframework.amqp.rabbit.connection.AbstractConnectionFactory.connect(AbstractConnectionFactory.java:647) ~[spring-rabbit-3.2.7.jar:3.2.7]
	at org.springframework.amqp.rabbit.connection.AbstractConnectionFactory.createBareConnection(AbstractConnectionFactory.java:593) ~[spring-rabbit-3.2.7.jar:3.2.7]
	... 10 common frames omitted
Caused by: com.rabbitmq.client.ShutdownSignalException: connection error
	at com.rabbitmq.utility.ValueOrException.getValue(ValueOrException.java:66) ~[amqp-client-5.22.0.jar:5.22.0]
	at com.rabbitmq.utility.BlockingValueOrException.uninterruptibleGetValue(BlockingValueOrException.java:36) ~[amqp-client-5.22.0.jar:5.22.0]
	at com.rabbitmq.client.impl.AMQChannel$BlockingRpcContinuation.getReply(AMQChannel.java:552) ~[amqp-client-5.22.0.jar:5.22.0]
	at com.rabbitmq.client.impl.AMQConnection.start(AMQConnection.java:336) ~[amqp-client-5.22.0.jar:5.22.0]
	... 15 common frames omitted
Caused by: java.io.EOFException: null
	at java.base/java.io.DataInputStream.readUnsignedByte(DataInputStream.java:297) ~[na:na]
	at com.rabbitmq.client.impl.Frame.readFrom(Frame.java:91) ~[amqp-client-5.22.0.jar:5.22.0]
	at com.rabbitmq.client.impl.SocketFrameHandler.readFrame(SocketFrameHandler.java:199) ~[amqp-client-5.22.0.jar:5.22.0]
	at com.rabbitmq.client.impl.AMQConnection$MainLoop.run(AMQConnection.java:687) ~[amqp-client-5.22.0.jar:5.22.0]
	... 1 common frames omitted

2025-10-29T13:22:40.346-05:00  INFO 23784 --- [mesa-service] [org.springframework.amqp.rabbit.RabbitListenerEndpointContainer#0-23] o.s.a.r.l.SimpleMessageListenerContainer : Restarting Consumer@4cf5ac9d: tags=[[]], channel=null, acknowledgeMode=AUTO local queue size=0
2025-10-29T13:22:40.348-05:00  INFO 23784 --- [mesa-service] [org.springframework.amqp.rabbit.RabbitListenerEndpointContainer#0-24] o.s.a.r.c.CachingConnectionFactory       : Attempting to connect to: [localhost:15672]
2025-10-29T13:22:50.357-05:00 ERROR 23784 --- [mesa-service] [org.springframework.amqp.rabbit.RabbitListenerEndpointContainer#0-24] o.s.a.r.l.SimpleMessageListenerContainer : Failed to check/redeclare auto-delete queue(s).
2025-10-29T13:22:50.357-05:00  INFO 23784 --- [mesa-service] [org.springframework.amqp.rabbit.RabbitListenerEndpointContainer#0-24] o.s.a.r.c.CachingConnectionFactory       : Attempting to connect to: [localhost:15672]
2025-10-29T13:22:51.199-05:00  INFO 23784 --- [mesa-service] [AsyncResolver-bootstrap-executor-%d] c.n.d.s.r.aws.ConfigClusterResolver      : Resolving eureka endpoints via configuration
2025-10-29T13:22:55.361-05:00  WARN 23784 --- [mesa-service] [AMQP Connection 127.0.0.1:15672] c.r.c.impl.ForgivingExceptionHandler     : An unexpected connection driver error occurred (Exception message: Socket closed)
2025-10-29T13:23:05.527-05:00  WARN 23784 --- [mesa-service] [org.springframework.amqp.rabbit.RabbitListenerEndpointContainer#0-24] o.s.a.r.l.SimpleMessageListenerContainer : Consumer raised exception, processing can restart if the connection factory supports it

org.springframework.amqp.AmqpIOException: java.io.IOException
	at org.springframework.amqp.rabbit.support.RabbitExceptionTranslator.convertRabbitAccessException(RabbitExceptionTranslator.java:70) ~[spring-rabbit-3.2.7.jar:3.2.7]
	at org.springframework.amqp.rabbit.connection.AbstractConnectionFactory.createBareConnection(AbstractConnectionFactory.java:632) ~[spring-rabbit-3.2.7.jar:3.2.7]
	at org.springframework.amqp.rabbit.connection.CachingConnectionFactory.createConnection(CachingConnectionFactory.java:726) ~[spring-rabbit-3.2.7.jar:3.2.7]
	at org.springframework.amqp.rabbit.connection.ConnectionFactoryUtils.createConnection(ConnectionFactoryUtils.java:257) ~[spring-rabbit-3.2.7.jar:3.2.7]
	at org.springframework.amqp.rabbit.connection.ConnectionFactoryUtils$RabbitResourceFactory.createConnection(ConnectionFactoryUtils.java:345) ~[spring-rabbit-3.2.7.jar:3.2.7]
	at org.springframework.amqp.rabbit.connection.ConnectionFactoryUtils.doGetTransactionalResourceHolder(ConnectionFactoryUtils.java:140) ~[spring-rabbit-3.2.7.jar:3.2.7]
	at org.springframework.amqp.rabbit.connection.ConnectionFactoryUtils.getTransactionalResourceHolder(ConnectionFactoryUtils.java:102) ~[spring-rabbit-3.2.7.jar:3.2.7]
	at org.springframework.amqp.rabbit.connection.ConnectionFactoryUtils.getTransactionalResourceHolder(ConnectionFactoryUtils.java:85) ~[spring-rabbit-3.2.7.jar:3.2.7]
	at org.springframework.amqp.rabbit.listener.BlockingQueueConsumer.start(BlockingQueueConsumer.java:625) ~[spring-rabbit-3.2.7.jar:3.2.7]
	at org.springframework.amqp.rabbit.listener.SimpleMessageListenerContainer$AsyncMessageProcessingConsumer.initialize(SimpleMessageListenerContainer.java:1490) ~[spring-rabbit-3.2.7.jar:3.2.7]
	at org.springframework.amqp.rabbit.listener.SimpleMessageListenerContainer$AsyncMessageProcessingConsumer.run(SimpleMessageListenerContainer.java:1328) ~[spring-rabbit-3.2.7.jar:3.2.7]
	at java.base/java.lang.Thread.run(Thread.java:1583) ~[na:na]
Caused by: java.io.IOException: null
	at com.rabbitmq.client.impl.AMQChannel.wrap(AMQChannel.java:140) ~[amqp-client-5.22.0.jar:5.22.0]
	at com.rabbitmq.client.impl.AMQChannel.wrap(AMQChannel.java:136) ~[amqp-client-5.22.0.jar:5.22.0]
	at com.rabbitmq.client.impl.AMQConnection.start(AMQConnection.java:406) ~[amqp-client-5.22.0.jar:5.22.0]
	at com.rabbitmq.client.ConnectionFactory.newConnection(ConnectionFactory.java:1251) ~[amqp-client-5.22.0.jar:5.22.0]
	at com.rabbitmq.client.ConnectionFactory.newConnection(ConnectionFactory.java:1198) ~[amqp-client-5.22.0.jar:5.22.0]
	at org.springframework.amqp.rabbit.connection.AbstractConnectionFactory.connectAddresses(AbstractConnectionFactory.java:678) ~[spring-rabbit-3.2.7.jar:3.2.7]
	at org.springframework.amqp.rabbit.connection.AbstractConnectionFactory.connect(AbstractConnectionFactory.java:647) ~[spring-rabbit-3.2.7.jar:3.2.7]
	at org.springframework.amqp.rabbit.connection.AbstractConnectionFactory.createBareConnection(AbstractConnectionFactory.java:593) ~[spring-rabbit-3.2.7.jar:3.2.7]
	... 10 common frames omitted
Caused by: com.rabbitmq.client.ShutdownSignalException: connection error
	at com.rabbitmq.utility.ValueOrException.getValue(ValueOrException.java:66) ~[amqp-client-5.22.0.jar:5.22.0]
	at com.rabbitmq.utility.BlockingValueOrException.uninterruptibleGetValue(BlockingValueOrException.java:36) ~[amqp-client-5.22.0.jar:5.22.0]
	at com.rabbitmq.client.impl.AMQChannel$BlockingRpcContinuation.getReply(AMQChannel.java:552) ~[amqp-client-5.22.0.jar:5.22.0]
	at com.rabbitmq.client.impl.AMQConnection.start(AMQConnection.java:336) ~[amqp-client-5.22.0.jar:5.22.0]
	... 15 common frames omitted
Caused by: java.io.EOFException: null
	at java.base/java.io.DataInputStream.readUnsignedByte(DataInputStream.java:297) ~[na:na]
	at com.rabbitmq.client.impl.Frame.readFrom(Frame.java:91) ~[amqp-client-5.22.0.jar:5.22.0]
	at com.rabbitmq.client.impl.SocketFrameHandler.readFrame(SocketFrameHandler.java:199) ~[amqp-client-5.22.0.jar:5.22.0]
	at com.rabbitmq.client.impl.AMQConnection$MainLoop.run(AMQConnection.java:687) ~[amqp-client-5.22.0.jar:5.22.0]
	... 1 common frames omitted

2025-10-29T13:23:05.530-05:00  INFO 23784 --- [mesa-service] [org.springframework.amqp.rabbit.RabbitListenerEndpointContainer#0-24] o.s.a.r.l.SimpleMessageListenerContainer : Restarting Consumer@1242dfc5: tags=[[]], channel=null, acknowledgeMode=AUTO local queue size=0
2025-10-29T13:23:05.532-05:00  INFO 23784 --- [mesa-service] [org.springframework.amqp.rabbit.RabbitListenerEndpointContainer#0-25] o.s.a.r.c.CachingConnectionFactory       : Attempting to connect to: [localhost:15672]
2025-10-29T13:23:15.541-05:00 ERROR 23784 --- [mesa-service] [org.springframework.amqp.rabbit.RabbitListenerEndpointContainer#0-25] o.s.a.r.l.SimpleMessageListenerContainer : Failed to check/redeclare auto-delete queue(s).
2025-10-29T13:23:15.542-05:00  INFO 23784 --- [mesa-service] [org.springframework.amqp.rabbit.RabbitListenerEndpointContainer#0-25] o.s.a.r.c.CachingConnectionFactory       : Attempting to connect to: [localhost:15672]
2025-10-29T13:23:30.736-05:00  WARN 23784 --- [mesa-service] [org.springframework.amqp.rabbit.RabbitListenerEndpointContainer#0-25] o.s.a.r.l.SimpleMessageListenerContainer : Consumer raised exception, processing can restart if the connection factory supports it

org.springframework.amqp.AmqpIOException: java.io.IOException
	at org.springframework.amqp.rabbit.support.RabbitExceptionTranslator.convertRabbitAccessException(RabbitExceptionTranslator.java:70) ~[spring-rabbit-3.2.7.jar:3.2.7]
	at org.springframework.amqp.rabbit.connection.AbstractConnectionFactory.createBareConnection(AbstractConnectionFactory.java:632) ~[spring-rabbit-3.2.7.jar:3.2.7]
	at org.springframework.amqp.rabbit.connection.CachingConnectionFactory.createConnection(CachingConnectionFactory.java:726) ~[spring-rabbit-3.2.7.jar:3.2.7]
	at org.springframework.amqp.rabbit.connection.ConnectionFactoryUtils.createConnection(ConnectionFactoryUtils.java:257) ~[spring-rabbit-3.2.7.jar:3.2.7]
	at org.springframework.amqp.rabbit.connection.ConnectionFactoryUtils$RabbitResourceFactory.createConnection(ConnectionFactoryUtils.java:345) ~[spring-rabbit-3.2.7.jar:3.2.7]
	at org.springframework.amqp.rabbit.connection.ConnectionFactoryUtils.doGetTransactionalResourceHolder(ConnectionFactoryUtils.java:140) ~[spring-rabbit-3.2.7.jar:3.2.7]
	at org.springframework.amqp.rabbit.connection.ConnectionFactoryUtils.getTransactionalResourceHolder(ConnectionFactoryUtils.java:102) ~[spring-rabbit-3.2.7.jar:3.2.7]
	at org.springframework.amqp.rabbit.connection.ConnectionFactoryUtils.getTransactionalResourceHolder(ConnectionFactoryUtils.java:85) ~[spring-rabbit-3.2.7.jar:3.2.7]
	at org.springframework.amqp.rabbit.listener.BlockingQueueConsumer.start(BlockingQueueConsumer.java:625) ~[spring-rabbit-3.2.7.jar:3.2.7]
	at org.springframework.amqp.rabbit.listener.SimpleMessageListenerContainer$AsyncMessageProcessingConsumer.initialize(SimpleMessageListenerContainer.java:1490) ~[spring-rabbit-3.2.7.jar:3.2.7]
	at org.springframework.amqp.rabbit.listener.SimpleMessageListenerContainer$AsyncMessageProcessingConsumer.run(SimpleMessageListenerContainer.java:1328) ~[spring-rabbit-3.2.7.jar:3.2.7]
	at java.base/java.lang.Thread.run(Thread.java:1583) ~[na:na]
Caused by: java.io.IOException: null
	at com.rabbitmq.client.impl.AMQChannel.wrap(AMQChannel.java:140) ~[amqp-client-5.22.0.jar:5.22.0]
	at com.rabbitmq.client.impl.AMQChannel.wrap(AMQChannel.java:136) ~[amqp-client-5.22.0.jar:5.22.0]
	at com.rabbitmq.client.impl.AMQConnection.start(AMQConnection.java:406) ~[amqp-client-5.22.0.jar:5.22.0]
	at com.rabbitmq.client.ConnectionFactory.newConnection(ConnectionFactory.java:1251) ~[amqp-client-5.22.0.jar:5.22.0]
	at com.rabbitmq.client.ConnectionFactory.newConnection(ConnectionFactory.java:1198) ~[amqp-client-5.22.0.jar:5.22.0]
	at org.springframework.amqp.rabbit.connection.AbstractConnectionFactory.connectAddresses(AbstractConnectionFactory.java:678) ~[spring-rabbit-3.2.7.jar:3.2.7]
	at org.springframework.amqp.rabbit.connection.AbstractConnectionFactory.connect(AbstractConnectionFactory.java:647) ~[spring-rabbit-3.2.7.jar:3.2.7]
	at org.springframework.amqp.rabbit.connection.AbstractConnectionFactory.createBareConnection(AbstractConnectionFactory.java:593) ~[spring-rabbit-3.2.7.jar:3.2.7]
	... 10 common frames omitted
Caused by: com.rabbitmq.client.ShutdownSignalException: connection error
	at com.rabbitmq.utility.ValueOrException.getValue(ValueOrException.java:66) ~[amqp-client-5.22.0.jar:5.22.0]
	at com.rabbitmq.utility.BlockingValueOrException.uninterruptibleGetValue(BlockingValueOrException.java:36) ~[amqp-client-5.22.0.jar:5.22.0]
	at com.rabbitmq.client.impl.AMQChannel$BlockingRpcContinuation.getReply(AMQChannel.java:552) ~[amqp-client-5.22.0.jar:5.22.0]
	at com.rabbitmq.client.impl.AMQConnection.start(AMQConnection.java:336) ~[amqp-client-5.22.0.jar:5.22.0]
	... 15 common frames omitted
Caused by: java.io.EOFException: null
	at java.base/java.io.DataInputStream.readUnsignedByte(DataInputStream.java:297) ~[na:na]
	at com.rabbitmq.client.impl.Frame.readFrom(Frame.java:91) ~[amqp-client-5.22.0.jar:5.22.0]
	at com.rabbitmq.client.impl.SocketFrameHandler.readFrame(SocketFrameHandler.java:199) ~[amqp-client-5.22.0.jar:5.22.0]
	at com.rabbitmq.client.impl.AMQConnection$MainLoop.run(AMQConnection.java:687) ~[amqp-client-5.22.0.jar:5.22.0]
	... 1 common frames omitted

2025-10-29T13:23:30.742-05:00  INFO 23784 --- [mesa-service] [org.springframework.amqp.rabbit.RabbitListenerEndpointContainer#0-25] o.s.a.r.l.SimpleMessageListenerContainer : Restarting Consumer@96b7b77: tags=[[]], channel=null, acknowledgeMode=AUTO local queue size=0
2025-10-29T13:23:30.744-05:00  INFO 23784 --- [mesa-service] [org.springframework.amqp.rabbit.RabbitListenerEndpointContainer#0-26] o.s.a.r.c.CachingConnectionFactory       : Attempting to connect to: [localhost:15672]
2025-10-29T13:23:35.749-05:00  WARN 23784 --- [mesa-service] [AMQP Connection 127.0.0.1:15672] c.r.c.impl.ForgivingExceptionHandler     : An unexpected connection driver error occurred (Exception message: Socket closed)
2025-10-29T13:23:40.755-05:00 ERROR 23784 --- [mesa-service] [org.springframework.amqp.rabbit.RabbitListenerEndpointContainer#0-26] o.s.a.r.l.SimpleMessageListenerContainer : Failed to check/redeclare auto-delete queue(s).
2025-10-29T13:23:40.755-05:00  INFO 23784 --- [mesa-service] [org.springframework.amqp.rabbit.RabbitListenerEndpointContainer#0-26] o.s.a.r.c.CachingConnectionFactory       : Attempting to connect to: [localhost:15672]
2025-10-29T13:23:45.760-05:00  WARN 23784 --- [mesa-service] [AMQP Connection 127.0.0.1:15672] c.r.c.impl.ForgivingExceptionHandler     : An unexpected connection driver error occurred (Exception message: Socket closed)
2025-10-29T13:23:55.837-05:00  WARN 23784 --- [mesa-service] [org.springframework.amqp.rabbit.RabbitListenerEndpointContainer#0-26] o.s.a.r.l.SimpleMessageListenerContainer : Consumer raised exception, processing can restart if the connection factory supports it

org.springframework.amqp.AmqpIOException: java.io.IOException
	at org.springframework.amqp.rabbit.support.RabbitExceptionTranslator.convertRabbitAccessException(RabbitExceptionTranslator.java:70) ~[spring-rabbit-3.2.7.jar:3.2.7]
	at org.springframework.amqp.rabbit.connection.AbstractConnectionFactory.createBareConnection(AbstractConnectionFactory.java:632) ~[spring-rabbit-3.2.7.jar:3.2.7]
	at org.springframework.amqp.rabbit.connection.CachingConnectionFactory.createConnection(CachingConnectionFactory.java:726) ~[spring-rabbit-3.2.7.jar:3.2.7]
	at org.springframework.amqp.rabbit.connection.ConnectionFactoryUtils.createConnection(ConnectionFactoryUtils.java:257) ~[spring-rabbit-3.2.7.jar:3.2.7]
	at org.springframework.amqp.rabbit.connection.ConnectionFactoryUtils$RabbitResourceFactory.createConnection(ConnectionFactoryUtils.java:345) ~[spring-rabbit-3.2.7.jar:3.2.7]
	at org.springframework.amqp.rabbit.connection.ConnectionFactoryUtils.doGetTransactionalResourceHolder(ConnectionFactoryUtils.java:140) ~[spring-rabbit-3.2.7.jar:3.2.7]
	at org.springframework.amqp.rabbit.connection.ConnectionFactoryUtils.getTransactionalResourceHolder(ConnectionFactoryUtils.java:102) ~[spring-rabbit-3.2.7.jar:3.2.7]
	at org.springframework.amqp.rabbit.connection.ConnectionFactoryUtils.getTransactionalResourceHolder(ConnectionFactoryUtils.java:85) ~[spring-rabbit-3.2.7.jar:3.2.7]
	at org.springframework.amqp.rabbit.listener.BlockingQueueConsumer.start(BlockingQueueConsumer.java:625) ~[spring-rabbit-3.2.7.jar:3.2.7]
	at org.springframework.amqp.rabbit.listener.SimpleMessageListenerContainer$AsyncMessageProcessingConsumer.initialize(SimpleMessageListenerContainer.java:1490) ~[spring-rabbit-3.2.7.jar:3.2.7]
	at org.springframework.amqp.rabbit.listener.SimpleMessageListenerContainer$AsyncMessageProcessingConsumer.run(SimpleMessageListenerContainer.java:1328) ~[spring-rabbit-3.2.7.jar:3.2.7]
	at java.base/java.lang.Thread.run(Thread.java:1583) ~[na:na]
Caused by: java.io.IOException: null
	at com.rabbitmq.client.impl.AMQChannel.wrap(AMQChannel.java:140) ~[amqp-client-5.22.0.jar:5.22.0]
	at com.rabbitmq.client.impl.AMQChannel.wrap(AMQChannel.java:136) ~[amqp-client-5.22.0.jar:5.22.0]
	at com.rabbitmq.client.impl.AMQConnection.start(AMQConnection.java:406) ~[amqp-client-5.22.0.jar:5.22.0]
	at com.rabbitmq.client.ConnectionFactory.newConnection(ConnectionFactory.java:1251) ~[amqp-client-5.22.0.jar:5.22.0]
	at com.rabbitmq.client.ConnectionFactory.newConnection(ConnectionFactory.java:1198) ~[amqp-client-5.22.0.jar:5.22.0]
	at org.springframework.amqp.rabbit.connection.AbstractConnectionFactory.connectAddresses(AbstractConnectionFactory.java:678) ~[spring-rabbit-3.2.7.jar:3.2.7]
	at org.springframework.amqp.rabbit.connection.AbstractConnectionFactory.connect(AbstractConnectionFactory.java:647) ~[spring-rabbit-3.2.7.jar:3.2.7]
	at org.springframework.amqp.rabbit.connection.AbstractConnectionFactory.createBareConnection(AbstractConnectionFactory.java:593) ~[spring-rabbit-3.2.7.jar:3.2.7]
	... 10 common frames omitted
Caused by: com.rabbitmq.client.ShutdownSignalException: connection error
	at com.rabbitmq.utility.ValueOrException.getValue(ValueOrException.java:66) ~[amqp-client-5.22.0.jar:5.22.0]
	at com.rabbitmq.utility.BlockingValueOrException.uninterruptibleGetValue(BlockingValueOrException.java:36) ~[amqp-client-5.22.0.jar:5.22.0]
	at com.rabbitmq.client.impl.AMQChannel$BlockingRpcContinuation.getReply(AMQChannel.java:552) ~[amqp-client-5.22.0.jar:5.22.0]
	at com.rabbitmq.client.impl.AMQConnection.start(AMQConnection.java:336) ~[amqp-client-5.22.0.jar:5.22.0]
	... 15 common frames omitted
Caused by: java.io.EOFException: null
	at java.base/java.io.DataInputStream.readUnsignedByte(DataInputStream.java:297) ~[na:na]
	at com.rabbitmq.client.impl.Frame.readFrom(Frame.java:91) ~[amqp-client-5.22.0.jar:5.22.0]
	at com.rabbitmq.client.impl.SocketFrameHandler.readFrame(SocketFrameHandler.java:199) ~[amqp-client-5.22.0.jar:5.22.0]
	at com.rabbitmq.client.impl.AMQConnection$MainLoop.run(AMQConnection.java:687) ~[amqp-client-5.22.0.jar:5.22.0]
	... 1 common frames omitted

2025-10-29T13:23:55.841-05:00  INFO 23784 --- [mesa-service] [org.springframework.amqp.rabbit.RabbitListenerEndpointContainer#0-26] o.s.a.r.l.SimpleMessageListenerContainer : Restarting Consumer@24dbe97e: tags=[[]], channel=null, acknowledgeMode=AUTO local queue size=0
2025-10-29T13:23:55.843-05:00  INFO 23784 --- [mesa-service] [org.springframework.amqp.rabbit.RabbitListenerEndpointContainer#0-27] o.s.a.r.c.CachingConnectionFactory       : Attempting to connect to: [localhost:15672]
2025-10-29T13:24:00.847-05:00  WARN 23784 --- [mesa-service] [AMQP Connection 127.0.0.1:15672] c.r.c.impl.ForgivingExceptionHandler     : An unexpected connection driver error occurred (Exception message: Socket closed)
2025-10-29T13:24:05.853-05:00 ERROR 23784 --- [mesa-service] [org.springframework.amqp.rabbit.RabbitListenerEndpointContainer#0-27] o.s.a.r.l.SimpleMessageListenerContainer : Failed to check/redeclare auto-delete queue(s).
2025-10-29T13:24:05.853-05:00  WARN 23784 --- [mesa-service] [AMQP Connection 0:0:0:0:0:0:0:1:15672] c.r.c.impl.ForgivingExceptionHandler     : An unexpected connection driver error occurred (Exception message: Socket closed)
2025-10-29T13:24:05.853-05:00  INFO 23784 --- [mesa-service] [org.springframework.amqp.rabbit.RabbitListenerEndpointContainer#0-27] o.s.a.r.c.CachingConnectionFactory       : Attempting to connect to: [localhost:15672]
2025-10-29T13:24:10.859-05:00  WARN 23784 --- [mesa-service] [AMQP Connection 127.0.0.1:15672] c.r.c.impl.ForgivingExceptionHandler     : An unexpected connection driver error occurred (Exception message: Socket closed)
2025-10-29T13:24:15.872-05:00  WARN 23784 --- [mesa-service] [AMQP Connection 0:0:0:0:0:0:0:1:15672] c.r.c.impl.ForgivingExceptionHandler     : An unexpected connection driver error occurred (Exception message: Socket closed)
2025-10-29T13:24:21.052-05:00  WARN 23784 --- [mesa-service] [org.springframework.amqp.rabbit.RabbitListenerEndpointContainer#0-27] o.s.a.r.l.SimpleMessageListenerContainer : Consumer raised exception, processing can restart if the connection factory supports it

org.springframework.amqp.AmqpTimeoutException: java.util.concurrent.TimeoutException
	at org.springframework.amqp.rabbit.support.RabbitExceptionTranslator.convertRabbitAccessException(RabbitExceptionTranslator.java:73) ~[spring-rabbit-3.2.7.jar:3.2.7]
	at org.springframework.amqp.rabbit.connection.AbstractConnectionFactory.createBareConnection(AbstractConnectionFactory.java:632) ~[spring-rabbit-3.2.7.jar:3.2.7]
	at org.springframework.amqp.rabbit.connection.CachingConnectionFactory.createConnection(CachingConnectionFactory.java:726) ~[spring-rabbit-3.2.7.jar:3.2.7]
	at org.springframework.amqp.rabbit.connection.ConnectionFactoryUtils.createConnection(ConnectionFactoryUtils.java:257) ~[spring-rabbit-3.2.7.jar:3.2.7]
	at org.springframework.amqp.rabbit.connection.ConnectionFactoryUtils$RabbitResourceFactory.createConnection(ConnectionFactoryUtils.java:345) ~[spring-rabbit-3.2.7.jar:3.2.7]
	at org.springframework.amqp.rabbit.connection.ConnectionFactoryUtils.doGetTransactionalResourceHolder(ConnectionFactoryUtils.java:140) ~[spring-rabbit-3.2.7.jar:3.2.7]
	at org.springframework.amqp.rabbit.connection.ConnectionFactoryUtils.getTransactionalResourceHolder(ConnectionFactoryUtils.java:102) ~[spring-rabbit-3.2.7.jar:3.2.7]
	at org.springframework.amqp.rabbit.connection.ConnectionFactoryUtils.getTransactionalResourceHolder(ConnectionFactoryUtils.java:85) ~[spring-rabbit-3.2.7.jar:3.2.7]
	at org.springframework.amqp.rabbit.listener.BlockingQueueConsumer.start(BlockingQueueConsumer.java:625) ~[spring-rabbit-3.2.7.jar:3.2.7]
	at org.springframework.amqp.rabbit.listener.SimpleMessageListenerContainer$AsyncMessageProcessingConsumer.initialize(SimpleMessageListenerContainer.java:1490) ~[spring-rabbit-3.2.7.jar:3.2.7]
	at org.springframework.amqp.rabbit.listener.SimpleMessageListenerContainer$AsyncMessageProcessingConsumer.run(SimpleMessageListenerContainer.java:1328) ~[spring-rabbit-3.2.7.jar:3.2.7]
	at java.base/java.lang.Thread.run(Thread.java:1583) ~[na:na]
Caused by: java.util.concurrent.TimeoutException: null
	at com.rabbitmq.utility.BlockingCell.get(BlockingCell.java:77) ~[amqp-client-5.22.0.jar:5.22.0]
	at com.rabbitmq.utility.BlockingCell.uninterruptibleGet(BlockingCell.java:120) ~[amqp-client-5.22.0.jar:5.22.0]
	at com.rabbitmq.utility.BlockingValueOrException.uninterruptibleGetValue(BlockingValueOrException.java:36) ~[amqp-client-5.22.0.jar:5.22.0]
	at com.rabbitmq.client.impl.AMQChannel$BlockingRpcContinuation.getReply(AMQChannel.java:552) ~[amqp-client-5.22.0.jar:5.22.0]
	at com.rabbitmq.client.impl.AMQConnection.start(AMQConnection.java:336) ~[amqp-client-5.22.0.jar:5.22.0]
	at com.rabbitmq.client.ConnectionFactory.newConnection(ConnectionFactory.java:1251) ~[amqp-client-5.22.0.jar:5.22.0]
	at com.rabbitmq.client.ConnectionFactory.newConnection(ConnectionFactory.java:1198) ~[amqp-client-5.22.0.jar:5.22.0]
	at org.springframework.amqp.rabbit.connection.AbstractConnectionFactory.connectAddresses(AbstractConnectionFactory.java:678) ~[spring-rabbit-3.2.7.jar:3.2.7]
	at org.springframework.amqp.rabbit.connection.AbstractConnectionFactory.connect(AbstractConnectionFactory.java:647) ~[spring-rabbit-3.2.7.jar:3.2.7]
	at org.springframework.amqp.rabbit.connection.AbstractConnectionFactory.createBareConnection(AbstractConnectionFactory.java:593) ~[spring-rabbit-3.2.7.jar:3.2.7]
	... 10 common frames omitted

2025-10-29T13:24:21.054-05:00  INFO 23784 --- [mesa-service] [org.springframework.amqp.rabbit.RabbitListenerEndpointContainer#0-27] o.s.a.r.l.SimpleMessageListenerContainer : Restarting Consumer@5167308a: tags=[[]], channel=null, acknowledgeMode=AUTO local queue size=0
2025-10-29T13:24:21.057-05:00  INFO 23784 --- [mesa-service] [org.springframework.amqp.rabbit.RabbitListenerEndpointContainer#0-28] o.s.a.r.c.CachingConnectionFactory       : Attempting to connect to: [localhost:15672]
2025-10-29T13:24:31.066-05:00 ERROR 23784 --- [mesa-service] [org.springframework.amqp.rabbit.RabbitListenerEndpointContainer#0-28] o.s.a.r.l.SimpleMessageListenerContainer : Failed to check/redeclare auto-delete queue(s).
2025-10-29T13:24:31.066-05:00  INFO 23784 --- [mesa-service] [org.springframework.amqp.rabbit.RabbitListenerEndpointContainer#0-28] o.s.a.r.c.CachingConnectionFactory       : Attempting to connect to: [localhost:15672]
2025-10-29T13:24:41.073-05:00  WARN 23784 --- [mesa-service] [AMQP Connection 0:0:0:0:0:0:0:1:15672] c.r.c.impl.ForgivingExceptionHandler     : An unexpected connection driver error occurred (Exception message: Socket closed)
2025-10-29T13:24:46.185-05:00  WARN 23784 --- [mesa-service] [org.springframework.amqp.rabbit.RabbitListenerEndpointContainer#0-28] o.s.a.r.l.SimpleMessageListenerContainer : Consumer raised exception, processing can restart if the connection factory supports it

org.springframework.amqp.AmqpTimeoutException: java.util.concurrent.TimeoutException
	at org.springframework.amqp.rabbit.support.RabbitExceptionTranslator.convertRabbitAccessException(RabbitExceptionTranslator.java:73) ~[spring-rabbit-3.2.7.jar:3.2.7]
	at org.springframework.amqp.rabbit.connection.AbstractConnectionFactory.createBareConnection(AbstractConnectionFactory.java:632) ~[spring-rabbit-3.2.7.jar:3.2.7]
	at org.springframework.amqp.rabbit.connection.CachingConnectionFactory.createConnection(CachingConnectionFactory.java:726) ~[spring-rabbit-3.2.7.jar:3.2.7]
	at org.springframework.amqp.rabbit.connection.ConnectionFactoryUtils.createConnection(ConnectionFactoryUtils.java:257) ~[spring-rabbit-3.2.7.jar:3.2.7]
	at org.springframework.amqp.rabbit.connection.ConnectionFactoryUtils$RabbitResourceFactory.createConnection(ConnectionFactoryUtils.java:345) ~[spring-rabbit-3.2.7.jar:3.2.7]
	at org.springframework.amqp.rabbit.connection.ConnectionFactoryUtils.doGetTransactionalResourceHolder(ConnectionFactoryUtils.java:140) ~[spring-rabbit-3.2.7.jar:3.2.7]
	at org.springframework.amqp.rabbit.connection.ConnectionFactoryUtils.getTransactionalResourceHolder(ConnectionFactoryUtils.java:102) ~[spring-rabbit-3.2.7.jar:3.2.7]
	at org.springframework.amqp.rabbit.connection.ConnectionFactoryUtils.getTransactionalResourceHolder(ConnectionFactoryUtils.java:85) ~[spring-rabbit-3.2.7.jar:3.2.7]
	at org.springframework.amqp.rabbit.listener.BlockingQueueConsumer.start(BlockingQueueConsumer.java:625) ~[spring-rabbit-3.2.7.jar:3.2.7]
	at org.springframework.amqp.rabbit.listener.SimpleMessageListenerContainer$AsyncMessageProcessingConsumer.initialize(SimpleMessageListenerContainer.java:1490) ~[spring-rabbit-3.2.7.jar:3.2.7]
	at org.springframework.amqp.rabbit.listener.SimpleMessageListenerContainer$AsyncMessageProcessingConsumer.run(SimpleMessageListenerContainer.java:1328) ~[spring-rabbit-3.2.7.jar:3.2.7]
	at java.base/java.lang.Thread.run(Thread.java:1583) ~[na:na]
Caused by: java.util.concurrent.TimeoutException: null
	at com.rabbitmq.utility.BlockingCell.get(BlockingCell.java:77) ~[amqp-client-5.22.0.jar:5.22.0]
	at com.rabbitmq.utility.BlockingCell.uninterruptibleGet(BlockingCell.java:120) ~[amqp-client-5.22.0.jar:5.22.0]
	at com.rabbitmq.utility.BlockingValueOrException.uninterruptibleGetValue(BlockingValueOrException.java:36) ~[amqp-client-5.22.0.jar:5.22.0]
	at com.rabbitmq.client.impl.AMQChannel$BlockingRpcContinuation.getReply(AMQChannel.java:552) ~[amqp-client-5.22.0.jar:5.22.0]
	at com.rabbitmq.client.impl.AMQConnection.start(AMQConnection.java:336) ~[amqp-client-5.22.0.jar:5.22.0]
	at com.rabbitmq.client.ConnectionFactory.newConnection(ConnectionFactory.java:1251) ~[amqp-client-5.22.0.jar:5.22.0]
	at com.rabbitmq.client.ConnectionFactory.newConnection(ConnectionFactory.java:1198) ~[amqp-client-5.22.0.jar:5.22.0]
	at org.springframework.amqp.rabbit.connection.AbstractConnectionFactory.connectAddresses(AbstractConnectionFactory.java:678) ~[spring-rabbit-3.2.7.jar:3.2.7]
	at org.springframework.amqp.rabbit.connection.AbstractConnectionFactory.connect(AbstractConnectionFactory.java:647) ~[spring-rabbit-3.2.7.jar:3.2.7]
	at org.springframework.amqp.rabbit.connection.AbstractConnectionFactory.createBareConnection(AbstractConnectionFactory.java:593) ~[spring-rabbit-3.2.7.jar:3.2.7]
	... 10 common frames omitted

2025-10-29T13:24:46.187-05:00  INFO 23784 --- [mesa-service] [org.springframework.amqp.rabbit.RabbitListenerEndpointContainer#0-28] o.s.a.r.l.SimpleMessageListenerContainer : Restarting Consumer@57f1f8c6: tags=[[]], channel=null, acknowledgeMode=AUTO local queue size=0
2025-10-29T13:24:46.189-05:00  INFO 23784 --- [mesa-service] [org.springframework.amqp.rabbit.RabbitListenerEndpointContainer#0-29] o.s.a.r.c.CachingConnectionFactory       : Attempting to connect to: [localhost:15672]
2025-10-29T13:24:56.197-05:00 ERROR 23784 --- [mesa-service] [org.springframework.amqp.rabbit.RabbitListenerEndpointContainer#0-29] o.s.a.r.l.SimpleMessageListenerContainer : Failed to check/redeclare auto-delete queue(s).
2025-10-29T13:24:56.197-05:00  WARN 23784 --- [mesa-service] [AMQP Connection 0:0:0:0:0:0:0:1:15672] c.r.c.impl.ForgivingExceptionHandler     : An unexpected connection driver error occurred (Exception message: Socket closed)
2025-10-29T13:24:56.198-05:00  INFO 23784 --- [mesa-service] [org.springframework.amqp.rabbit.RabbitListenerEndpointContainer#0-29] o.s.a.r.c.CachingConnectionFactory       : Attempting to connect to: [localhost:15672]
2025-10-29T13:25:11.348-05:00  WARN 23784 --- [mesa-service] [org.springframework.amqp.rabbit.RabbitListenerEndpointContainer#0-29] o.s.a.r.l.SimpleMessageListenerContainer : Consumer raised exception, processing can restart if the connection factory supports it

org.springframework.amqp.AmqpIOException: java.io.IOException
	at org.springframework.amqp.rabbit.support.RabbitExceptionTranslator.convertRabbitAccessException(RabbitExceptionTranslator.java:70) ~[spring-rabbit-3.2.7.jar:3.2.7]
	at org.springframework.amqp.rabbit.connection.AbstractConnectionFactory.createBareConnection(AbstractConnectionFactory.java:632) ~[spring-rabbit-3.2.7.jar:3.2.7]
	at org.springframework.amqp.rabbit.connection.CachingConnectionFactory.createConnection(CachingConnectionFactory.java:726) ~[spring-rabbit-3.2.7.jar:3.2.7]
	at org.springframework.amqp.rabbit.connection.ConnectionFactoryUtils.createConnection(ConnectionFactoryUtils.java:257) ~[spring-rabbit-3.2.7.jar:3.2.7]
	at org.springframework.amqp.rabbit.connection.ConnectionFactoryUtils$RabbitResourceFactory.createConnection(ConnectionFactoryUtils.java:345) ~[spring-rabbit-3.2.7.jar:3.2.7]
	at org.springframework.amqp.rabbit.connection.ConnectionFactoryUtils.doGetTransactionalResourceHolder(ConnectionFactoryUtils.java:140) ~[spring-rabbit-3.2.7.jar:3.2.7]
	at org.springframework.amqp.rabbit.connection.ConnectionFactoryUtils.getTransactionalResourceHolder(ConnectionFactoryUtils.java:102) ~[spring-rabbit-3.2.7.jar:3.2.7]
	at org.springframework.amqp.rabbit.connection.ConnectionFactoryUtils.getTransactionalResourceHolder(ConnectionFactoryUtils.java:85) ~[spring-rabbit-3.2.7.jar:3.2.7]
	at org.springframework.amqp.rabbit.listener.BlockingQueueConsumer.start(BlockingQueueConsumer.java:625) ~[spring-rabbit-3.2.7.jar:3.2.7]
	at org.springframework.amqp.rabbit.listener.SimpleMessageListenerContainer$AsyncMessageProcessingConsumer.initialize(SimpleMessageListenerContainer.java:1490) ~[spring-rabbit-3.2.7.jar:3.2.7]
	at org.springframework.amqp.rabbit.listener.SimpleMessageListenerContainer$AsyncMessageProcessingConsumer.run(SimpleMessageListenerContainer.java:1328) ~[spring-rabbit-3.2.7.jar:3.2.7]
	at java.base/java.lang.Thread.run(Thread.java:1583) ~[na:na]
Caused by: java.io.IOException: null
	at com.rabbitmq.client.impl.AMQChannel.wrap(AMQChannel.java:140) ~[amqp-client-5.22.0.jar:5.22.0]
	at com.rabbitmq.client.impl.AMQChannel.wrap(AMQChannel.java:136) ~[amqp-client-5.22.0.jar:5.22.0]
	at com.rabbitmq.client.impl.AMQConnection.start(AMQConnection.java:406) ~[amqp-client-5.22.0.jar:5.22.0]
	at com.rabbitmq.client.ConnectionFactory.newConnection(ConnectionFactory.java:1251) ~[amqp-client-5.22.0.jar:5.22.0]
	at com.rabbitmq.client.ConnectionFactory.newConnection(ConnectionFactory.java:1198) ~[amqp-client-5.22.0.jar:5.22.0]
	at org.springframework.amqp.rabbit.connection.AbstractConnectionFactory.connectAddresses(AbstractConnectionFactory.java:678) ~[spring-rabbit-3.2.7.jar:3.2.7]
	at org.springframework.amqp.rabbit.connection.AbstractConnectionFactory.connect(AbstractConnectionFactory.java:647) ~[spring-rabbit-3.2.7.jar:3.2.7]
	at org.springframework.amqp.rabbit.connection.AbstractConnectionFactory.createBareConnection(AbstractConnectionFactory.java:593) ~[spring-rabbit-3.2.7.jar:3.2.7]
	... 10 common frames omitted
Caused by: com.rabbitmq.client.ShutdownSignalException: connection error
	at com.rabbitmq.utility.ValueOrException.getValue(ValueOrException.java:66) ~[amqp-client-5.22.0.jar:5.22.0]
	at com.rabbitmq.utility.BlockingValueOrException.uninterruptibleGetValue(BlockingValueOrException.java:36) ~[amqp-client-5.22.0.jar:5.22.0]
	at com.rabbitmq.client.impl.AMQChannel$BlockingRpcContinuation.getReply(AMQChannel.java:552) ~[amqp-client-5.22.0.jar:5.22.0]
	at com.rabbitmq.client.impl.AMQConnection.start(AMQConnection.java:336) ~[amqp-client-5.22.0.jar:5.22.0]
	... 15 common frames omitted
Caused by: java.io.EOFException: null
	at java.base/java.io.DataInputStream.readUnsignedByte(DataInputStream.java:297) ~[na:na]
	at com.rabbitmq.client.impl.Frame.readFrom(Frame.java:91) ~[amqp-client-5.22.0.jar:5.22.0]
	at com.rabbitmq.client.impl.SocketFrameHandler.readFrame(SocketFrameHandler.java:199) ~[amqp-client-5.22.0.jar:5.22.0]
	at com.rabbitmq.client.impl.AMQConnection$MainLoop.run(AMQConnection.java:687) ~[amqp-client-5.22.0.jar:5.22.0]
	... 1 common frames omitted

2025-10-29T13:25:11.351-05:00  INFO 23784 --- [mesa-service] [org.springframework.amqp.rabbit.RabbitListenerEndpointContainer#0-29] o.s.a.r.l.SimpleMessageListenerContainer : Restarting Consumer@13ee2bcb: tags=[[]], channel=null, acknowledgeMode=AUTO local queue size=0
2025-10-29T13:25:11.352-05:00  INFO 23784 --- [mesa-service] [org.springframework.amqp.rabbit.RabbitListenerEndpointContainer#0-30] o.s.a.r.c.CachingConnectionFactory       : Attempting to connect to: [localhost:15672]
2025-10-29T13:25:16.355-05:00  WARN 23784 --- [mesa-service] [AMQP Connection 127.0.0.1:15672] c.r.c.impl.ForgivingExceptionHandler     : An unexpected connection driver error occurred (Exception message: Socket closed)
2025-10-29T13:25:21.360-05:00 ERROR 23784 --- [mesa-service] [org.springframework.amqp.rabbit.RabbitListenerEndpointContainer#0-30] o.s.a.r.l.SimpleMessageListenerContainer : Failed to check/redeclare auto-delete queue(s).
2025-10-29T13:25:21.361-05:00  WARN 23784 --- [mesa-service] [AMQP Connection 0:0:0:0:0:0:0:1:15672] c.r.c.impl.ForgivingExceptionHandler     : An unexpected connection driver error occurred (Exception message: Socket closed)
2025-10-29T13:25:21.361-05:00  INFO 23784 --- [mesa-service] [org.springframework.amqp.rabbit.RabbitListenerEndpointContainer#0-30] o.s.a.r.c.CachingConnectionFactory       : Attempting to connect to: [localhost:15672]
2025-10-29T13:25:36.455-05:00  WARN 23784 --- [mesa-service] [org.springframework.amqp.rabbit.RabbitListenerEndpointContainer#0-30] o.s.a.r.l.SimpleMessageListenerContainer : Consumer raised exception, processing can restart if the connection factory supports it

org.springframework.amqp.AmqpIOException: java.io.IOException
	at org.springframework.amqp.rabbit.support.RabbitExceptionTranslator.convertRabbitAccessException(RabbitExceptionTranslator.java:70) ~[spring-rabbit-3.2.7.jar:3.2.7]
	at org.springframework.amqp.rabbit.connection.AbstractConnectionFactory.createBareConnection(AbstractConnectionFactory.java:632) ~[spring-rabbit-3.2.7.jar:3.2.7]
	at org.springframework.amqp.rabbit.connection.CachingConnectionFactory.createConnection(CachingConnectionFactory.java:726) ~[spring-rabbit-3.2.7.jar:3.2.7]
	at org.springframework.amqp.rabbit.connection.ConnectionFactoryUtils.createConnection(ConnectionFactoryUtils.java:257) ~[spring-rabbit-3.2.7.jar:3.2.7]
	at org.springframework.amqp.rabbit.connection.ConnectionFactoryUtils$RabbitResourceFactory.createConnection(ConnectionFactoryUtils.java:345) ~[spring-rabbit-3.2.7.jar:3.2.7]
	at org.springframework.amqp.rabbit.connection.ConnectionFactoryUtils.doGetTransactionalResourceHolder(ConnectionFactoryUtils.java:140) ~[spring-rabbit-3.2.7.jar:3.2.7]
	at org.springframework.amqp.rabbit.connection.ConnectionFactoryUtils.getTransactionalResourceHolder(ConnectionFactoryUtils.java:102) ~[spring-rabbit-3.2.7.jar:3.2.7]
	at org.springframework.amqp.rabbit.connection.ConnectionFactoryUtils.getTransactionalResourceHolder(ConnectionFactoryUtils.java:85) ~[spring-rabbit-3.2.7.jar:3.2.7]
	at org.springframework.amqp.rabbit.listener.BlockingQueueConsumer.start(BlockingQueueConsumer.java:625) ~[spring-rabbit-3.2.7.jar:3.2.7]
	at org.springframework.amqp.rabbit.listener.SimpleMessageListenerContainer$AsyncMessageProcessingConsumer.initialize(SimpleMessageListenerContainer.java:1490) ~[spring-rabbit-3.2.7.jar:3.2.7]
	at org.springframework.amqp.rabbit.listener.SimpleMessageListenerContainer$AsyncMessageProcessingConsumer.run(SimpleMessageListenerContainer.java:1328) ~[spring-rabbit-3.2.7.jar:3.2.7]
	at java.base/java.lang.Thread.run(Thread.java:1583) ~[na:na]
Caused by: java.io.IOException: null
	at com.rabbitmq.client.impl.AMQChannel.wrap(AMQChannel.java:140) ~[amqp-client-5.22.0.jar:5.22.0]
	at com.rabbitmq.client.impl.AMQChannel.wrap(AMQChannel.java:136) ~[amqp-client-5.22.0.jar:5.22.0]
	at com.rabbitmq.client.impl.AMQConnection.start(AMQConnection.java:406) ~[amqp-client-5.22.0.jar:5.22.0]
	at com.rabbitmq.client.ConnectionFactory.newConnection(ConnectionFactory.java:1251) ~[amqp-client-5.22.0.jar:5.22.0]
	at com.rabbitmq.client.ConnectionFactory.newConnection(ConnectionFactory.java:1198) ~[amqp-client-5.22.0.jar:5.22.0]
	at org.springframework.amqp.rabbit.connection.AbstractConnectionFactory.connectAddresses(AbstractConnectionFactory.java:678) ~[spring-rabbit-3.2.7.jar:3.2.7]
	at org.springframework.amqp.rabbit.connection.AbstractConnectionFactory.connect(AbstractConnectionFactory.java:647) ~[spring-rabbit-3.2.7.jar:3.2.7]
	at org.springframework.amqp.rabbit.connection.AbstractConnectionFactory.createBareConnection(AbstractConnectionFactory.java:593) ~[spring-rabbit-3.2.7.jar:3.2.7]
	... 10 common frames omitted
Caused by: com.rabbitmq.client.ShutdownSignalException: connection error
	at com.rabbitmq.utility.ValueOrException.getValue(ValueOrException.java:66) ~[amqp-client-5.22.0.jar:5.22.0]
	at com.rabbitmq.utility.BlockingValueOrException.uninterruptibleGetValue(BlockingValueOrException.java:36) ~[amqp-client-5.22.0.jar:5.22.0]
	at com.rabbitmq.client.impl.AMQChannel$BlockingRpcContinuation.getReply(AMQChannel.java:552) ~[amqp-client-5.22.0.jar:5.22.0]
	at com.rabbitmq.client.impl.AMQConnection.start(AMQConnection.java:336) ~[amqp-client-5.22.0.jar:5.22.0]
	... 15 common frames omitted
Caused by: java.io.EOFException: null
	at java.base/java.io.DataInputStream.readUnsignedByte(DataInputStream.java:297) ~[na:na]
	at com.rabbitmq.client.impl.Frame.readFrom(Frame.java:91) ~[amqp-client-5.22.0.jar:5.22.0]
	at com.rabbitmq.client.impl.SocketFrameHandler.readFrame(SocketFrameHandler.java:199) ~[amqp-client-5.22.0.jar:5.22.0]
	at com.rabbitmq.client.impl.AMQConnection$MainLoop.run(AMQConnection.java:687) ~[amqp-client-5.22.0.jar:5.22.0]
	... 1 common frames omitted

2025-10-29T13:25:36.458-05:00  INFO 23784 --- [mesa-service] [org.springframework.amqp.rabbit.RabbitListenerEndpointContainer#0-30] o.s.a.r.l.SimpleMessageListenerContainer : Restarting Consumer@629aef9f: tags=[[]], channel=null, acknowledgeMode=AUTO local queue size=0
2025-10-29T13:25:36.459-05:00  INFO 23784 --- [mesa-service] [org.springframework.amqp.rabbit.RabbitListenerEndpointContainer#0-31] o.s.a.r.c.CachingConnectionFactory       : Attempting to connect to: [localhost:15672]
2025-10-29T13:25:46.466-05:00  WARN 23784 --- [mesa-service] [AMQP Connection 0:0:0:0:0:0:0:1:15672] c.r.c.impl.ForgivingExceptionHandler     : An unexpected connection driver error occurred (Exception message: Socket closed)
2025-10-29T13:25:46.465-05:00 ERROR 23784 --- [mesa-service] [org.springframework.amqp.rabbit.RabbitListenerEndpointContainer#0-31] o.s.a.r.l.SimpleMessageListenerContainer : Failed to check/redeclare auto-delete queue(s).
2025-10-29T13:25:46.466-05:00  INFO 23784 --- [mesa-service] [org.springframework.amqp.rabbit.RabbitListenerEndpointContainer#0-31] o.s.a.r.c.CachingConnectionFactory       : Attempting to connect to: [localhost:15672]
2025-10-29T13:25:48.361-05:00  INFO 23784 --- [mesa-service] [RMI TCP Connection(24)-127.0.0.1] inMXBeanRegistrar$SpringApplicationAdmin : Application shutdown requested.
2025-10-29T13:25:48.399-05:00  INFO 23784 --- [mesa-service] [RMI TCP Connection(24)-127.0.0.1] o.s.c.n.e.s.EurekaServiceRegistry        : Unregistering application MESA-SERVICE with eureka with status DOWN
2025-10-29T13:25:48.400-05:00  INFO 23784 --- [mesa-service] [RMI TCP Connection(24)-127.0.0.1] com.netflix.discovery.DiscoveryClient    : Saw local status change event StatusChangeEvent [timestamp=1761762348400, current=DOWN, previous=UP]
2025-10-29T13:25:48.401-05:00  INFO 23784 --- [mesa-service] [DiscoveryClient-InstanceInfoReplicator-%d] com.netflix.discovery.DiscoveryClient    : DiscoveryClient_MESA-SERVICE/mesa-service:9e4a53cdef0589abe3fc04658851fe8c: registering service...
2025-10-29T13:25:48.433-05:00  INFO 23784 --- [mesa-service] [DiscoveryClient-InstanceInfoReplicator-%d] com.netflix.discovery.DiscoveryClient    : DiscoveryClient_MESA-SERVICE/mesa-service:9e4a53cdef0589abe3fc04658851fe8c - registration status: 204
2025-10-29T13:25:48.467-05:00  INFO 23784 --- [mesa-service] [org.springframework.amqp.rabbit.RabbitListenerEndpointContainer#0-32] o.s.a.r.l.SimpleMessageListenerContainer : Waiting for workers to finish.
2025-10-29T13:25:48.468-05:00  INFO 23784 --- [mesa-service] [org.springframework.amqp.rabbit.RabbitListenerEndpointContainer#0-32] o.s.a.r.l.SimpleMessageListenerContainer : Successfully waited for workers to finish.
2025-10-29T13:25:48.486-05:00  INFO 23784 --- [mesa-service] [RMI TCP Connection(24)-127.0.0.1] o.s.b.w.e.tomcat.GracefulShutdown        : Commencing graceful shutdown. Waiting for active requests to complete
2025-10-29T13:25:48.521-05:00  INFO 23784 --- [mesa-service] [tomcat-shutdown] o.s.b.w.e.tomcat.GracefulShutdown        : Graceful shutdown complete
2025-10-29T13:25:51.470-05:00  WARN 23784 --- [mesa-service] [AMQP Connection 127.0.0.1:15672] c.r.c.impl.ForgivingExceptionHandler     : An unexpected connection driver error occurred (Exception message: Socket closed)
2025-10-29T13:25:56.474-05:00  WARN 23784 --- [mesa-service] [org.springframework.amqp.rabbit.RabbitListenerEndpointContainer#0-31] o.s.a.r.l.SimpleMessageListenerContainer : Consumer raised exception, processing can restart if the connection factory supports it

org.springframework.amqp.AmqpIOException: java.io.IOException
	at org.springframework.amqp.rabbit.support.RabbitExceptionTranslator.convertRabbitAccessException(RabbitExceptionTranslator.java:70) ~[spring-rabbit-3.2.7.jar:3.2.7]
	at org.springframework.amqp.rabbit.connection.AbstractConnectionFactory.createBareConnection(AbstractConnectionFactory.java:632) ~[spring-rabbit-3.2.7.jar:3.2.7]
	at org.springframework.amqp.rabbit.connection.CachingConnectionFactory.createConnection(CachingConnectionFactory.java:726) ~[spring-rabbit-3.2.7.jar:3.2.7]
	at org.springframework.amqp.rabbit.connection.ConnectionFactoryUtils.createConnection(ConnectionFactoryUtils.java:257) ~[spring-rabbit-3.2.7.jar:3.2.7]
	at org.springframework.amqp.rabbit.connection.ConnectionFactoryUtils$RabbitResourceFactory.createConnection(ConnectionFactoryUtils.java:345) ~[spring-rabbit-3.2.7.jar:3.2.7]
	at org.springframework.amqp.rabbit.connection.ConnectionFactoryUtils.doGetTransactionalResourceHolder(ConnectionFactoryUtils.java:140) ~[spring-rabbit-3.2.7.jar:3.2.7]
	at org.springframework.amqp.rabbit.connection.ConnectionFactoryUtils.getTransactionalResourceHolder(ConnectionFactoryUtils.java:102) ~[spring-rabbit-3.2.7.jar:3.2.7]
	at org.springframework.amqp.rabbit.connection.ConnectionFactoryUtils.getTransactionalResourceHolder(ConnectionFactoryUtils.java:85) ~[spring-rabbit-3.2.7.jar:3.2.7]
	at org.springframework.amqp.rabbit.listener.BlockingQueueConsumer.start(BlockingQueueConsumer.java:625) ~[spring-rabbit-3.2.7.jar:3.2.7]
	at org.springframework.amqp.rabbit.listener.SimpleMessageListenerContainer$AsyncMessageProcessingConsumer.initialize(SimpleMessageListenerContainer.java:1490) ~[spring-rabbit-3.2.7.jar:3.2.7]
	at org.springframework.amqp.rabbit.listener.SimpleMessageListenerContainer$AsyncMessageProcessingConsumer.run(SimpleMessageListenerContainer.java:1328) ~[spring-rabbit-3.2.7.jar:3.2.7]
	at java.base/java.lang.Thread.run(Thread.java:1583) ~[na:na]
Caused by: java.io.IOException: null
	at com.rabbitmq.client.impl.AMQChannel.wrap(AMQChannel.java:140) ~[amqp-client-5.22.0.jar:5.22.0]
	at com.rabbitmq.client.impl.AMQChannel.wrap(AMQChannel.java:136) ~[amqp-client-5.22.0.jar:5.22.0]
	at com.rabbitmq.client.impl.AMQConnection.start(AMQConnection.java:406) ~[amqp-client-5.22.0.jar:5.22.0]
	at com.rabbitmq.client.ConnectionFactory.newConnection(ConnectionFactory.java:1251) ~[amqp-client-5.22.0.jar:5.22.0]
	at com.rabbitmq.client.ConnectionFactory.newConnection(ConnectionFactory.java:1198) ~[amqp-client-5.22.0.jar:5.22.0]
	at org.springframework.amqp.rabbit.connection.AbstractConnectionFactory.connectAddresses(AbstractConnectionFactory.java:678) ~[spring-rabbit-3.2.7.jar:3.2.7]
	at org.springframework.amqp.rabbit.connection.AbstractConnectionFactory.connect(AbstractConnectionFactory.java:647) ~[spring-rabbit-3.2.7.jar:3.2.7]
	at org.springframework.amqp.rabbit.connection.AbstractConnectionFactory.createBareConnection(AbstractConnectionFactory.java:593) ~[spring-rabbit-3.2.7.jar:3.2.7]
	... 10 common frames omitted
Caused by: com.rabbitmq.client.ShutdownSignalException: connection error
	at com.rabbitmq.utility.ValueOrException.getValue(ValueOrException.java:66) ~[amqp-client-5.22.0.jar:5.22.0]
	at com.rabbitmq.utility.BlockingValueOrException.uninterruptibleGetValue(BlockingValueOrException.java:36) ~[amqp-client-5.22.0.jar:5.22.0]
	at com.rabbitmq.client.impl.AMQChannel$BlockingRpcContinuation.getReply(AMQChannel.java:552) ~[amqp-client-5.22.0.jar:5.22.0]
	at com.rabbitmq.client.impl.AMQConnection.start(AMQConnection.java:336) ~[amqp-client-5.22.0.jar:5.22.0]
	... 15 common frames omitted
Caused by: java.io.EOFException: null
	at java.base/java.io.DataInputStream.readUnsignedByte(DataInputStream.java:297) ~[na:na]
	at com.rabbitmq.client.impl.Frame.readFrom(Frame.java:91) ~[amqp-client-5.22.0.jar:5.22.0]
	at com.rabbitmq.client.impl.SocketFrameHandler.readFrame(SocketFrameHandler.java:199) ~[amqp-client-5.22.0.jar:5.22.0]
	at com.rabbitmq.client.impl.AMQConnection$MainLoop.run(AMQConnection.java:687) ~[amqp-client-5.22.0.jar:5.22.0]
	... 1 common frames omitted

2025-10-29T13:25:56.523-05:00  INFO 23784 --- [mesa-service] [RMI TCP Connection(24)-127.0.0.1] j.LocalContainerEntityManagerFactoryBean : Closing JPA EntityManagerFactory for persistence unit 'default'
2025-10-29T13:25:56.571-05:00  INFO 23784 --- [mesa-service] [RMI TCP Connection(24)-127.0.0.1] com.zaxxer.hikari.HikariDataSource       : HikariPool-1 - Shutdown initiated...
2025-10-29T13:25:56.622-05:00  INFO 23784 --- [mesa-service] [RMI TCP Connection(24)-127.0.0.1] com.zaxxer.hikari.HikariDataSource       : HikariPool-1 - Shutdown completed.
2025-10-29T13:25:56.624-05:00  INFO 23784 --- [mesa-service] [RMI TCP Connection(24)-127.0.0.1] com.netflix.discovery.DiscoveryClient    : Shutting down DiscoveryClient ...
2025-10-29T13:25:59.639-05:00  INFO 23784 --- [mesa-service] [RMI TCP Connection(24)-127.0.0.1] com.netflix.discovery.DiscoveryClient    : Unregistering ...
2025-10-29T13:25:59.658-05:00  INFO 23784 --- [mesa-service] [RMI TCP Connection(24)-127.0.0.1] com.netflix.discovery.DiscoveryClient    : DiscoveryClient_MESA-SERVICE/mesa-service:9e4a53cdef0589abe3fc04658851fe8c - deregister  status: 200
2025-10-29T13:25:59.660-05:00  INFO 23784 --- [mesa-service] [RMI TCP Connection(24)-127.0.0.1] com.netflix.discovery.DiscoveryClient    : Completed shut down of DiscoveryClient
2025-10-29T13:26:10.421-05:00  INFO 35564 --- [mesa-service] [restartedMain] org.cibertec.MesaServiceApplication      : Starting MesaServiceApplication using Java 21.0.8 with PID 35564 (C:\Users\ronca\OneDrive\Escritorio\Dev\DAW2\mesa-service\target\classes started by Arturo in C:\Users\ronca\OneDrive\Escritorio\Dev\DAW2\mesa-service)
2025-10-29T13:26:10.428-05:00  INFO 35564 --- [mesa-service] [restartedMain] org.cibertec.MesaServiceApplication      : No active profile set, falling back to 1 default profile: "default"
2025-10-29T13:26:10.570-05:00  INFO 35564 --- [mesa-service] [restartedMain] o.s.c.c.c.ConfigServerConfigDataLoader   : Fetching config from server at : http://localhost:8888
2025-10-29T13:26:10.572-05:00  INFO 35564 --- [mesa-service] [restartedMain] o.s.c.c.c.ConfigServerConfigDataLoader   : Located environment: name=mesa-service, profiles=[default], label=null, version=null, state=null
2025-10-29T13:26:10.576-05:00  INFO 35564 --- [mesa-service] [restartedMain] .e.DevToolsPropertyDefaultsPostProcessor : Devtools property defaults active! Set 'spring.devtools.add-properties' to 'false' to disable
2025-10-29T13:26:10.576-05:00  INFO 35564 --- [mesa-service] [restartedMain] .e.DevToolsPropertyDefaultsPostProcessor : For additional web related logging consider setting the 'logging.level.web' property to 'DEBUG'
2025-10-29T13:26:13.791-05:00  INFO 35564 --- [mesa-service] [restartedMain] .s.d.r.c.RepositoryConfigurationDelegate : Bootstrapping Spring Data JPA repositories in DEFAULT mode.
2025-10-29T13:26:14.069-05:00  INFO 35564 --- [mesa-service] [restartedMain] .s.d.r.c.RepositoryConfigurationDelegate : Finished Spring Data repository scanning in 259 ms. Found 2 JPA repository interfaces.
2025-10-29T13:26:14.733-05:00  INFO 35564 --- [mesa-service] [restartedMain] o.s.cloud.context.scope.GenericScope     : BeanFactory id=0d282325-9752-3700-83d5-34df560d72a5
2025-10-29T13:26:15.905-05:00  INFO 35564 --- [mesa-service] [restartedMain] o.s.b.w.embedded.tomcat.TomcatWebServer  : Tomcat initialized with port 0 (http)
2025-10-29T13:26:15.935-05:00  INFO 35564 --- [mesa-service] [restartedMain] o.apache.catalina.core.StandardService   : Starting service [Tomcat]
2025-10-29T13:26:15.935-05:00  INFO 35564 --- [mesa-service] [restartedMain] o.apache.catalina.core.StandardEngine    : Starting Servlet engine: [Apache Tomcat/10.1.46]
2025-10-29T13:26:16.066-05:00  INFO 35564 --- [mesa-service] [restartedMain] o.a.c.c.C.[Tomcat].[localhost].[/]       : Initializing Spring embedded WebApplicationContext
2025-10-29T13:26:16.066-05:00  INFO 35564 --- [mesa-service] [restartedMain] w.s.c.ServletWebServerApplicationContext : Root WebApplicationContext: initialization completed in 5489 ms
2025-10-29T13:26:16.648-05:00  INFO 35564 --- [mesa-service] [restartedMain] com.zaxxer.hikari.HikariDataSource       : HikariPool-1 - Starting...
2025-10-29T13:26:17.779-05:00  INFO 35564 --- [mesa-service] [restartedMain] com.zaxxer.hikari.pool.HikariPool        : HikariPool-1 - Added connection com.mysql.cj.jdbc.ConnectionImpl@33c0c784
2025-10-29T13:26:17.784-05:00  INFO 35564 --- [mesa-service] [restartedMain] com.zaxxer.hikari.HikariDataSource       : HikariPool-1 - Start completed.
2025-10-29T13:26:17.940-05:00  INFO 35564 --- [mesa-service] [restartedMain] o.hibernate.jpa.internal.util.LogHelper  : HHH000204: Processing PersistenceUnitInfo [name: default]
2025-10-29T13:26:18.243-05:00  INFO 35564 --- [mesa-service] [restartedMain] org.hibernate.Version                    : HHH000412: Hibernate ORM core version 6.6.29.Final
2025-10-29T13:26:18.434-05:00  INFO 35564 --- [mesa-service] [restartedMain] o.h.c.internal.RegionFactoryInitiator    : HHH000026: Second-level cache disabled
2025-10-29T13:26:19.574-05:00  INFO 35564 --- [mesa-service] [restartedMain] o.s.o.j.p.SpringPersistenceUnitInfo      : No LoadTimeWeaver setup: ignoring JPA class transformer
2025-10-29T13:26:19.988-05:00  INFO 35564 --- [mesa-service] [restartedMain] org.hibernate.orm.connections.pooling    : HHH10001005: Database info:
	Database JDBC URL [Connecting through datasource 'HikariDataSource (HikariPool-1)']
	Database driver: undefined/unknown
	Database version: 8.0.34
	Autocommit mode: undefined/unknown
	Isolation level: undefined/unknown
	Minimum pool size: undefined/unknown
	Maximum pool size: undefined/unknown
2025-10-29T13:26:23.136-05:00  INFO 35564 --- [mesa-service] [restartedMain] o.h.e.t.j.p.i.JtaPlatformInitiator       : HHH000489: No JTA platform available (set 'hibernate.transaction.jta.platform' to enable JTA platform integration)
2025-10-29T13:26:23.164-05:00  INFO 35564 --- [mesa-service] [restartedMain] j.LocalContainerEntityManagerFactoryBean : Initialized JPA EntityManagerFactory for persistence unit 'default'
2025-10-29T13:26:24.485-05:00  WARN 35564 --- [mesa-service] [restartedMain] JpaBaseConfiguration$JpaWebConfiguration : spring.jpa.open-in-view is enabled by default. Therefore, database queries may be performed during view rendering. Explicitly configure spring.jpa.open-in-view to disable this warning
2025-10-29T13:26:25.539-05:00  INFO 35564 --- [mesa-service] [restartedMain] o.s.b.a.e.web.EndpointLinksResolver      : Exposing 18 endpoints beneath base path '/actuator'
2025-10-29T13:26:26.297-05:00  WARN 35564 --- [mesa-service] [restartedMain] o.s.b.d.a.OptionalLiveReloadServer       : Unable to start LiveReload server
2025-10-29T13:26:26.332-05:00  INFO 35564 --- [mesa-service] [restartedMain] DiscoveryClientOptionalArgsConfiguration : Eureka HTTP Client uses RestTemplate.
2025-10-29T13:26:26.396-05:00  WARN 35564 --- [mesa-service] [restartedMain] iguration$LoadBalancerCaffeineWarnLogger : Spring Cloud LoadBalancer is currently working with the default cache. While this cache implementation is useful for development and tests, it's recommended to use Caffeine cache in production.You can switch to using Caffeine cache, by adding it and org.springframework.cache.caffeine.CaffeineCacheManager to the classpath.
2025-10-29T13:26:26.604-05:00  INFO 35564 --- [mesa-service] [restartedMain] o.s.b.w.embedded.tomcat.TomcatWebServer  : Tomcat started on port 61835 (http) with context path '/'
2025-10-29T13:26:26.606-05:00  INFO 35564 --- [mesa-service] [restartedMain] .s.c.n.e.s.EurekaAutoServiceRegistration : Updating port to 61835
2025-10-29T13:26:26.615-05:00  INFO 35564 --- [mesa-service] [restartedMain] o.s.c.n.eureka.InstanceInfoFactory       : Setting initial instance status as: STARTING
2025-10-29T13:26:26.656-05:00  INFO 35564 --- [mesa-service] [restartedMain] com.netflix.discovery.DiscoveryClient    : Initializing Eureka in region us-east-1
2025-10-29T13:26:26.664-05:00  INFO 35564 --- [mesa-service] [restartedMain] c.n.d.s.r.aws.ConfigClusterResolver      : Resolving eureka endpoints via configuration
2025-10-29T13:26:26.678-05:00  INFO 35564 --- [mesa-service] [restartedMain] com.netflix.discovery.DiscoveryClient    : Disable delta property : false
2025-10-29T13:26:26.679-05:00  INFO 35564 --- [mesa-service] [restartedMain] com.netflix.discovery.DiscoveryClient    : Single vip registry refresh property : null
2025-10-29T13:26:26.679-05:00  INFO 35564 --- [mesa-service] [restartedMain] com.netflix.discovery.DiscoveryClient    : Force full registry fetch : false
2025-10-29T13:26:26.679-05:00  INFO 35564 --- [mesa-service] [restartedMain] com.netflix.discovery.DiscoveryClient    : Application is null : false
2025-10-29T13:26:26.679-05:00  INFO 35564 --- [mesa-service] [restartedMain] com.netflix.discovery.DiscoveryClient    : Registered Applications size is zero : true
2025-10-29T13:26:26.679-05:00  INFO 35564 --- [mesa-service] [restartedMain] com.netflix.discovery.DiscoveryClient    : Application version is -1: true
2025-10-29T13:26:26.679-05:00  INFO 35564 --- [mesa-service] [restartedMain] com.netflix.discovery.DiscoveryClient    : Getting all instance registry info from the eureka server
2025-10-29T13:26:27.020-05:00  INFO 35564 --- [mesa-service] [restartedMain] com.netflix.discovery.DiscoveryClient    : The response status is 200
2025-10-29T13:26:27.023-05:00  INFO 35564 --- [mesa-service] [restartedMain] com.netflix.discovery.DiscoveryClient    : Starting heartbeat executor: renew interval is: 30
2025-10-29T13:26:27.027-05:00  INFO 35564 --- [mesa-service] [restartedMain] c.n.discovery.InstanceInfoReplicator     : InstanceInfoReplicator onDemand update allowed rate per min is 4
2025-10-29T13:26:27.029-05:00  INFO 35564 --- [mesa-service] [restartedMain] com.netflix.discovery.DiscoveryClient    : Discovery Client initialized at timestamp 1761762387029 with initial instances count: 1
2025-10-29T13:26:27.035-05:00  INFO 35564 --- [mesa-service] [restartedMain] o.s.c.n.e.s.EurekaServiceRegistry        : Registering application MESA-SERVICE with eureka with status UP
2025-10-29T13:26:27.035-05:00  INFO 35564 --- [mesa-service] [restartedMain] com.netflix.discovery.DiscoveryClient    : Saw local status change event StatusChangeEvent [timestamp=1761762387035, current=UP, previous=STARTING]
2025-10-29T13:26:27.038-05:00  INFO 35564 --- [mesa-service] [DiscoveryClient-InstanceInfoReplicator-%d] com.netflix.discovery.DiscoveryClient    : DiscoveryClient_MESA-SERVICE/mesa-service:37f434b27905385c3da09ae5e0564ffc: registering service...
2025-10-29T13:26:27.052-05:00  INFO 35564 --- [mesa-service] [restartedMain] o.s.a.r.c.CachingConnectionFactory       : Attempting to connect to: [localhost:5672]
2025-10-29T13:26:27.220-05:00  INFO 35564 --- [mesa-service] [DiscoveryClient-InstanceInfoReplicator-%d] com.netflix.discovery.DiscoveryClient    : DiscoveryClient_MESA-SERVICE/mesa-service:37f434b27905385c3da09ae5e0564ffc - registration status: 204
2025-10-29T13:26:27.233-05:00  WARN 35564 --- [mesa-service] [AMQP Connection 127.0.0.1:5672] c.r.c.impl.ForgivingExceptionHandler     : An unexpected connection driver error occurred (Exception message: Socket closed)
2025-10-29T13:26:27.255-05:00  WARN 35564 --- [mesa-service] [AMQP Connection 0:0:0:0:0:0:0:1:5672] c.r.c.impl.ForgivingExceptionHandler     : An unexpected connection driver error occurred (Exception message: Socket closed)
2025-10-29T13:26:27.257-05:00  INFO 35564 --- [mesa-service] [restartedMain] o.s.a.r.l.SimpleMessageListenerContainer : Broker not available; cannot force queue declarations during start: com.rabbitmq.client.AuthenticationFailureException: ACCESS_REFUSED - Login was refused using authentication mechanism PLAIN. For details see the broker logfile.
2025-10-29T13:26:27.282-05:00  INFO 35564 --- [mesa-service] [org.springframework.amqp.rabbit.RabbitListenerEndpointContainer#0-1] o.s.a.r.c.CachingConnectionFactory       : Attempting to connect to: [localhost:5672]
2025-10-29T13:26:27.316-05:00  WARN 35564 --- [mesa-service] [AMQP Connection 127.0.0.1:5672] c.r.c.impl.ForgivingExceptionHandler     : An unexpected connection driver error occurred (Exception message: Socket closed)
2025-10-29T13:26:27.335-05:00  WARN 35564 --- [mesa-service] [AMQP Connection 0:0:0:0:0:0:0:1:5672] c.r.c.impl.ForgivingExceptionHandler     : An unexpected connection driver error occurred (Exception message: Socket closed)
2025-10-29T13:26:27.337-05:00 ERROR 35564 --- [mesa-service] [org.springframework.amqp.rabbit.RabbitListenerEndpointContainer#0-1] o.s.a.r.l.SimpleMessageListenerContainer : Failed to check/redeclare auto-delete queue(s).

org.springframework.amqp.AmqpAuthenticationException: com.rabbitmq.client.AuthenticationFailureException: ACCESS_REFUSED - Login was refused using authentication mechanism PLAIN. For details see the broker logfile.
	at org.springframework.amqp.rabbit.support.RabbitExceptionTranslator.convertRabbitAccessException(RabbitExceptionTranslator.java:64) ~[spring-rabbit-3.2.7.jar:3.2.7]
	at org.springframework.amqp.rabbit.connection.AbstractConnectionFactory.createBareConnection(AbstractConnectionFactory.java:632) ~[spring-rabbit-3.2.7.jar:3.2.7]
	at org.springframework.amqp.rabbit.connection.CachingConnectionFactory.createConnection(CachingConnectionFactory.java:726) ~[spring-rabbit-3.2.7.jar:3.2.7]
	at org.springframework.amqp.rabbit.connection.ConnectionFactoryUtils.createConnection(ConnectionFactoryUtils.java:257) ~[spring-rabbit-3.2.7.jar:3.2.7]
	at org.springframework.amqp.rabbit.core.RabbitTemplate.doExecute(RabbitTemplate.java:2261) ~[spring-rabbit-3.2.7.jar:3.2.7]
	at org.springframework.amqp.rabbit.core.RabbitTemplate.execute(RabbitTemplate.java:2234) ~[spring-rabbit-3.2.7.jar:3.2.7]
	at org.springframework.amqp.rabbit.core.RabbitTemplate.execute(RabbitTemplate.java:2214) ~[spring-rabbit-3.2.7.jar:3.2.7]
	at org.springframework.amqp.rabbit.core.RabbitAdmin.getQueueInfo(RabbitAdmin.java:467) ~[spring-rabbit-3.2.7.jar:3.2.7]
	at org.springframework.amqp.rabbit.core.RabbitAdmin.getQueueProperties(RabbitAdmin.java:451) ~[spring-rabbit-3.2.7.jar:3.2.7]
	at org.springframework.amqp.rabbit.listener.AbstractMessageListenerContainer.attemptDeclarations(AbstractMessageListenerContainer.java:1972) ~[spring-rabbit-3.2.7.jar:3.2.7]
	at org.springframework.amqp.rabbit.listener.AbstractMessageListenerContainer.redeclareElementsIfNecessary(AbstractMessageListenerContainer.java:1936) ~[spring-rabbit-3.2.7.jar:3.2.7]
	at org.springframework.amqp.rabbit.listener.SimpleMessageListenerContainer$AsyncMessageProcessingConsumer.initialize(SimpleMessageListenerContainer.java:1489) ~[spring-rabbit-3.2.7.jar:3.2.7]
	at org.springframework.amqp.rabbit.listener.SimpleMessageListenerContainer$AsyncMessageProcessingConsumer.run(SimpleMessageListenerContainer.java:1328) ~[spring-rabbit-3.2.7.jar:3.2.7]
	at java.base/java.lang.Thread.run(Thread.java:1583) ~[na:na]
Caused by: com.rabbitmq.client.AuthenticationFailureException: ACCESS_REFUSED - Login was refused using authentication mechanism PLAIN. For details see the broker logfile.
	at com.rabbitmq.client.impl.AMQConnection.start(AMQConnection.java:395) ~[amqp-client-5.22.0.jar:5.22.0]
	at com.rabbitmq.client.ConnectionFactory.newConnection(ConnectionFactory.java:1251) ~[amqp-client-5.22.0.jar:5.22.0]
	at com.rabbitmq.client.ConnectionFactory.newConnection(ConnectionFactory.java:1198) ~[amqp-client-5.22.0.jar:5.22.0]
	at org.springframework.amqp.rabbit.connection.AbstractConnectionFactory.connectAddresses(AbstractConnectionFactory.java:678) ~[spring-rabbit-3.2.7.jar:3.2.7]
	at org.springframework.amqp.rabbit.connection.AbstractConnectionFactory.connect(AbstractConnectionFactory.java:647) ~[spring-rabbit-3.2.7.jar:3.2.7]
	at org.springframework.amqp.rabbit.connection.AbstractConnectionFactory.createBareConnection(AbstractConnectionFactory.java:593) ~[spring-rabbit-3.2.7.jar:3.2.7]
	... 12 common frames omitted

2025-10-29T13:26:27.355-05:00  INFO 35564 --- [mesa-service] [org.springframework.amqp.rabbit.RabbitListenerEndpointContainer#0-1] o.s.a.r.c.CachingConnectionFactory       : Attempting to connect to: [localhost:5672]
2025-10-29T13:26:27.435-05:00  WARN 35564 --- [mesa-service] [AMQP Connection 127.0.0.1:5672] c.r.c.impl.ForgivingExceptionHandler     : An unexpected connection driver error occurred (Exception message: Socket closed)
2025-10-29T13:26:27.454-05:00  WARN 35564 --- [mesa-service] [AMQP Connection 0:0:0:0:0:0:0:1:5672] c.r.c.impl.ForgivingExceptionHandler     : An unexpected connection driver error occurred (Exception message: Socket closed)
2025-10-29T13:26:27.455-05:00 ERROR 35564 --- [mesa-service] [org.springframework.amqp.rabbit.RabbitListenerEndpointContainer#0-1] o.s.a.r.l.SimpleMessageListenerContainer : Consumer received fatal exception on startup

org.springframework.amqp.rabbit.listener.exception.FatalListenerStartupException: Authentication failure
	at org.springframework.amqp.rabbit.listener.BlockingQueueConsumer.start(BlockingQueueConsumer.java:631) ~[spring-rabbit-3.2.7.jar:3.2.7]
	at org.springframework.amqp.rabbit.listener.SimpleMessageListenerContainer$AsyncMessageProcessingConsumer.initialize(SimpleMessageListenerContainer.java:1490) ~[spring-rabbit-3.2.7.jar:3.2.7]
	at org.springframework.amqp.rabbit.listener.SimpleMessageListenerContainer$AsyncMessageProcessingConsumer.run(SimpleMessageListenerContainer.java:1328) ~[spring-rabbit-3.2.7.jar:3.2.7]
	at java.base/java.lang.Thread.run(Thread.java:1583) ~[na:na]
Caused by: org.springframework.amqp.AmqpAuthenticationException: com.rabbitmq.client.AuthenticationFailureException: ACCESS_REFUSED - Login was refused using authentication mechanism PLAIN. For details see the broker logfile.
	at org.springframework.amqp.rabbit.support.RabbitExceptionTranslator.convertRabbitAccessException(RabbitExceptionTranslator.java:64) ~[spring-rabbit-3.2.7.jar:3.2.7]
	at org.springframework.amqp.rabbit.connection.AbstractConnectionFactory.createBareConnection(AbstractConnectionFactory.java:632) ~[spring-rabbit-3.2.7.jar:3.2.7]
	at org.springframework.amqp.rabbit.connection.CachingConnectionFactory.createConnection(CachingConnectionFactory.java:726) ~[spring-rabbit-3.2.7.jar:3.2.7]
	at org.springframework.amqp.rabbit.connection.ConnectionFactoryUtils.createConnection(ConnectionFactoryUtils.java:257) ~[spring-rabbit-3.2.7.jar:3.2.7]
	at org.springframework.amqp.rabbit.connection.ConnectionFactoryUtils$RabbitResourceFactory.createConnection(ConnectionFactoryUtils.java:345) ~[spring-rabbit-3.2.7.jar:3.2.7]
	at org.springframework.amqp.rabbit.connection.ConnectionFactoryUtils.doGetTransactionalResourceHolder(ConnectionFactoryUtils.java:140) ~[spring-rabbit-3.2.7.jar:3.2.7]
	at org.springframework.amqp.rabbit.connection.ConnectionFactoryUtils.getTransactionalResourceHolder(ConnectionFactoryUtils.java:102) ~[spring-rabbit-3.2.7.jar:3.2.7]
	at org.springframework.amqp.rabbit.connection.ConnectionFactoryUtils.getTransactionalResourceHolder(ConnectionFactoryUtils.java:85) ~[spring-rabbit-3.2.7.jar:3.2.7]
	at org.springframework.amqp.rabbit.listener.BlockingQueueConsumer.start(BlockingQueueConsumer.java:625) ~[spring-rabbit-3.2.7.jar:3.2.7]
	... 3 common frames omitted
Caused by: com.rabbitmq.client.AuthenticationFailureException: ACCESS_REFUSED - Login was refused using authentication mechanism PLAIN. For details see the broker logfile.
	at com.rabbitmq.client.impl.AMQConnection.start(AMQConnection.java:395) ~[amqp-client-5.22.0.jar:5.22.0]
	at com.rabbitmq.client.ConnectionFactory.newConnection(ConnectionFactory.java:1251) ~[amqp-client-5.22.0.jar:5.22.0]
	at com.rabbitmq.client.ConnectionFactory.newConnection(ConnectionFactory.java:1198) ~[amqp-client-5.22.0.jar:5.22.0]
	at org.springframework.amqp.rabbit.connection.AbstractConnectionFactory.connectAddresses(AbstractConnectionFactory.java:678) ~[spring-rabbit-3.2.7.jar:3.2.7]
	at org.springframework.amqp.rabbit.connection.AbstractConnectionFactory.connect(AbstractConnectionFactory.java:647) ~[spring-rabbit-3.2.7.jar:3.2.7]
	at org.springframework.amqp.rabbit.connection.AbstractConnectionFactory.createBareConnection(AbstractConnectionFactory.java:593) ~[spring-rabbit-3.2.7.jar:3.2.7]
	... 10 common frames omitted

2025-10-29T13:26:27.464-05:00  INFO 35564 --- [mesa-service] [org.springframework.amqp.rabbit.RabbitListenerEndpointContainer#0-2] o.s.a.r.l.SimpleMessageListenerContainer : Waiting for workers to finish.
2025-10-29T13:26:27.464-05:00 ERROR 35564 --- [mesa-service] [org.springframework.amqp.rabbit.RabbitListenerEndpointContainer#0-1] o.s.a.r.l.SimpleMessageListenerContainer : Stopping container from aborted consumer
2025-10-29T13:26:27.464-05:00  INFO 35564 --- [mesa-service] [org.springframework.amqp.rabbit.RabbitListenerEndpointContainer#0-2] o.s.a.r.l.SimpleMessageListenerContainer : Successfully waited for workers to finish.
2025-10-29T13:26:27.466-05:00  INFO 35564 --- [mesa-service] [restartedMain] o.s.b.w.e.tomcat.GracefulShutdown        : Commencing graceful shutdown. Waiting for active requests to complete
2025-10-29T13:26:27.609-05:00  INFO 35564 --- [mesa-service] [tomcat-shutdown] o.s.b.w.e.tomcat.GracefulShutdown        : Graceful shutdown complete
2025-10-29T13:26:27.616-05:00  INFO 35564 --- [mesa-service] [restartedMain] o.s.c.n.e.s.EurekaServiceRegistry        : Unregistering application MESA-SERVICE with eureka with status DOWN
2025-10-29T13:26:27.617-05:00  INFO 35564 --- [mesa-service] [restartedMain] com.netflix.discovery.DiscoveryClient    : Saw local status change event StatusChangeEvent [timestamp=1761762387617, current=DOWN, previous=UP]
2025-10-29T13:26:27.617-05:00  INFO 35564 --- [mesa-service] [DiscoveryClient-InstanceInfoReplicator-%d] com.netflix.discovery.DiscoveryClient    : DiscoveryClient_MESA-SERVICE/mesa-service:37f434b27905385c3da09ae5e0564ffc: registering service...
2025-10-29T13:26:27.618-05:00  WARN 35564 --- [mesa-service] [restartedMain] ConfigServletWebServerApplicationContext : Exception encountered during context initialization - cancelling refresh attempt: org.springframework.context.ApplicationContextException: Failed to start bean 'org.springframework.amqp.rabbit.config.internalRabbitListenerEndpointRegistry'
2025-10-29T13:26:27.625-05:00  INFO 35564 --- [mesa-service] [DiscoveryClient-InstanceInfoReplicator-%d] com.netflix.discovery.DiscoveryClient    : DiscoveryClient_MESA-SERVICE/mesa-service:37f434b27905385c3da09ae5e0564ffc - registration status: 204
2025-10-29T13:26:27.641-05:00  INFO 35564 --- [mesa-service] [restartedMain] j.LocalContainerEntityManagerFactoryBean : Closing JPA EntityManagerFactory for persistence unit 'default'
2025-10-29T13:26:27.650-05:00  INFO 35564 --- [mesa-service] [restartedMain] com.zaxxer.hikari.HikariDataSource       : HikariPool-1 - Shutdown initiated...
2025-10-29T13:26:27.681-05:00  INFO 35564 --- [mesa-service] [restartedMain] com.zaxxer.hikari.HikariDataSource       : HikariPool-1 - Shutdown completed.
2025-10-29T13:26:27.682-05:00  INFO 35564 --- [mesa-service] [restartedMain] com.netflix.discovery.DiscoveryClient    : Shutting down DiscoveryClient ...
2025-10-29T13:26:30.698-05:00  INFO 35564 --- [mesa-service] [restartedMain] com.netflix.discovery.DiscoveryClient    : Unregistering ...
2025-10-29T13:26:30.715-05:00  INFO 35564 --- [mesa-service] [restartedMain] com.netflix.discovery.DiscoveryClient    : DiscoveryClient_MESA-SERVICE/mesa-service:37f434b27905385c3da09ae5e0564ffc - deregister  status: 200
2025-10-29T13:26:30.715-05:00  INFO 35564 --- [mesa-service] [restartedMain] com.netflix.discovery.DiscoveryClient    : Completed shut down of DiscoveryClient
2025-10-29T13:26:30.741-05:00  INFO 35564 --- [mesa-service] [restartedMain] .s.b.a.l.ConditionEvaluationReportLogger : 

Error starting ApplicationContext. To display the condition evaluation report re-run your application with 'debug' enabled.
2025-10-29T13:26:30.781-05:00 ERROR 35564 --- [mesa-service] [restartedMain] o.s.boot.SpringApplication               : Application run failed

org.springframework.context.ApplicationContextException: Failed to start bean 'org.springframework.amqp.rabbit.config.internalRabbitListenerEndpointRegistry'
	at org.springframework.context.support.DefaultLifecycleProcessor.doStart(DefaultLifecycleProcessor.java:408) ~[spring-context-6.2.11.jar:6.2.11]
	at org.springframework.context.support.DefaultLifecycleProcessor.doStart(DefaultLifecycleProcessor.java:394) ~[spring-context-6.2.11.jar:6.2.11]
	at org.springframework.context.support.DefaultLifecycleProcessor$LifecycleGroup.start(DefaultLifecycleProcessor.java:586) ~[spring-context-6.2.11.jar:6.2.11]
	at java.base/java.lang.Iterable.forEach(Iterable.java:75) ~[na:na]
	at org.springframework.context.support.DefaultLifecycleProcessor.startBeans(DefaultLifecycleProcessor.java:364) ~[spring-context-6.2.11.jar:6.2.11]
	at org.springframework.context.support.DefaultLifecycleProcessor.onRefresh(DefaultLifecycleProcessor.java:310) ~[spring-context-6.2.11.jar:6.2.11]
	at org.springframework.context.support.AbstractApplicationContext.finishRefresh(AbstractApplicationContext.java:1006) ~[spring-context-6.2.11.jar:6.2.11]
	at org.springframework.context.support.AbstractApplicationContext.refresh(AbstractApplicationContext.java:630) ~[spring-context-6.2.11.jar:6.2.11]
	at org.springframework.boot.web.servlet.context.ServletWebServerApplicationContext.refresh(ServletWebServerApplicationContext.java:146) ~[spring-boot-3.4.10.jar:3.4.10]
	at org.springframework.boot.SpringApplication.refresh(SpringApplication.java:752) ~[spring-boot-3.4.10.jar:3.4.10]
	at org.springframework.boot.SpringApplication.refreshContext(SpringApplication.java:439) ~[spring-boot-3.4.10.jar:3.4.10]
	at org.springframework.boot.SpringApplication.run(SpringApplication.java:318) ~[spring-boot-3.4.10.jar:3.4.10]
	at org.springframework.boot.SpringApplication.run(SpringApplication.java:1361) ~[spring-boot-3.4.10.jar:3.4.10]
	at org.springframework.boot.SpringApplication.run(SpringApplication.java:1350) ~[spring-boot-3.4.10.jar:3.4.10]
	at org.cibertec.MesaServiceApplication.main(MesaServiceApplication.java:12) ~[classes/:na]
	at java.base/jdk.internal.reflect.DirectMethodHandleAccessor.invoke(DirectMethodHandleAccessor.java:103) ~[na:na]
	at java.base/java.lang.reflect.Method.invoke(Method.java:580) ~[na:na]
	at org.springframework.boot.devtools.restart.RestartLauncher.run(RestartLauncher.java:50) ~[spring-boot-devtools-3.4.10.jar:3.4.10]
Caused by: org.springframework.amqp.AmqpIllegalStateException: Fatal exception on listener startup
	at org.springframework.amqp.rabbit.listener.SimpleMessageListenerContainer.waitForConsumersToStart(SimpleMessageListenerContainer.java:646) ~[spring-rabbit-3.2.7.jar:3.2.7]
	at org.springframework.amqp.rabbit.listener.SimpleMessageListenerContainer.doStart(SimpleMessageListenerContainer.java:606) ~[spring-rabbit-3.2.7.jar:3.2.7]
	at org.springframework.amqp.rabbit.listener.AbstractMessageListenerContainer.start(AbstractMessageListenerContainer.java:1417) ~[spring-rabbit-3.2.7.jar:3.2.7]
	at org.springframework.amqp.rabbit.listener.RabbitListenerEndpointRegistry.startIfNecessary(RabbitListenerEndpointRegistry.java:297) ~[spring-rabbit-3.2.7.jar:3.2.7]
	at org.springframework.amqp.rabbit.listener.RabbitListenerEndpointRegistry.start(RabbitListenerEndpointRegistry.java:247) ~[spring-rabbit-3.2.7.jar:3.2.7]
	at org.springframework.context.support.DefaultLifecycleProcessor.doStart(DefaultLifecycleProcessor.java:405) ~[spring-context-6.2.11.jar:6.2.11]
	... 17 common frames omitted
Caused by: org.springframework.amqp.rabbit.listener.exception.FatalListenerStartupException: Authentication failure
	at org.springframework.amqp.rabbit.listener.BlockingQueueConsumer.start(BlockingQueueConsumer.java:631) ~[spring-rabbit-3.2.7.jar:3.2.7]
	at org.springframework.amqp.rabbit.listener.SimpleMessageListenerContainer$AsyncMessageProcessingConsumer.initialize(SimpleMessageListenerContainer.java:1490) ~[spring-rabbit-3.2.7.jar:3.2.7]
	at org.springframework.amqp.rabbit.listener.SimpleMessageListenerContainer$AsyncMessageProcessingConsumer.run(SimpleMessageListenerContainer.java:1328) ~[spring-rabbit-3.2.7.jar:3.2.7]
	at java.base/java.lang.Thread.run(Thread.java:1583) ~[na:na]
Caused by: org.springframework.amqp.AmqpAuthenticationException: com.rabbitmq.client.AuthenticationFailureException: ACCESS_REFUSED - Login was refused using authentication mechanism PLAIN. For details see the broker logfile.
	at org.springframework.amqp.rabbit.support.RabbitExceptionTranslator.convertRabbitAccessException(RabbitExceptionTranslator.java:64) ~[spring-rabbit-3.2.7.jar:3.2.7]
	at org.springframework.amqp.rabbit.connection.AbstractConnectionFactory.createBareConnection(AbstractConnectionFactory.java:632) ~[spring-rabbit-3.2.7.jar:3.2.7]
	at org.springframework.amqp.rabbit.connection.CachingConnectionFactory.createConnection(CachingConnectionFactory.java:726) ~[spring-rabbit-3.2.7.jar:3.2.7]
	at org.springframework.amqp.rabbit.connection.ConnectionFactoryUtils.createConnection(ConnectionFactoryUtils.java:257) ~[spring-rabbit-3.2.7.jar:3.2.7]
	at org.springframework.amqp.rabbit.connection.ConnectionFactoryUtils$RabbitResourceFactory.createConnection(ConnectionFactoryUtils.java:345) ~[spring-rabbit-3.2.7.jar:3.2.7]
	at org.springframework.amqp.rabbit.connection.ConnectionFactoryUtils.doGetTransactionalResourceHolder(ConnectionFactoryUtils.java:140) ~[spring-rabbit-3.2.7.jar:3.2.7]
	at org.springframework.amqp.rabbit.connection.ConnectionFactoryUtils.getTransactionalResourceHolder(ConnectionFactoryUtils.java:102) ~[spring-rabbit-3.2.7.jar:3.2.7]
	at org.springframework.amqp.rabbit.connection.ConnectionFactoryUtils.getTransactionalResourceHolder(ConnectionFactoryUtils.java:85) ~[spring-rabbit-3.2.7.jar:3.2.7]
	at org.springframework.amqp.rabbit.listener.BlockingQueueConsumer.start(BlockingQueueConsumer.java:625) ~[spring-rabbit-3.2.7.jar:3.2.7]
	... 3 common frames omitted
Caused by: com.rabbitmq.client.AuthenticationFailureException: ACCESS_REFUSED - Login was refused using authentication mechanism PLAIN. For details see the broker logfile.
	at com.rabbitmq.client.impl.AMQConnection.start(AMQConnection.java:395) ~[amqp-client-5.22.0.jar:5.22.0]
	at com.rabbitmq.client.ConnectionFactory.newConnection(ConnectionFactory.java:1251) ~[amqp-client-5.22.0.jar:5.22.0]
	at com.rabbitmq.client.ConnectionFactory.newConnection(ConnectionFactory.java:1198) ~[amqp-client-5.22.0.jar:5.22.0]
	at org.springframework.amqp.rabbit.connection.AbstractConnectionFactory.connectAddresses(AbstractConnectionFactory.java:678) ~[spring-rabbit-3.2.7.jar:3.2.7]
	at org.springframework.amqp.rabbit.connection.AbstractConnectionFactory.connect(AbstractConnectionFactory.java:647) ~[spring-rabbit-3.2.7.jar:3.2.7]
	at org.springframework.amqp.rabbit.connection.AbstractConnectionFactory.createBareConnection(AbstractConnectionFactory.java:593) ~[spring-rabbit-3.2.7.jar:3.2.7]
	... 10 common frames omitted

2025-10-29T13:30:11.897-05:00  INFO 29760 --- [mesa-service] [restartedMain] org.cibertec.MesaServiceApplication      : Starting MesaServiceApplication using Java 21.0.8 with PID 29760 (C:\Users\ronca\OneDrive\Escritorio\Dev\DAW2\mesa-service\target\classes started by Arturo in C:\Users\ronca\OneDrive\Escritorio\Dev\DAW2\mesa-service)
2025-10-29T13:30:11.900-05:00  INFO 29760 --- [mesa-service] [restartedMain] org.cibertec.MesaServiceApplication      : No active profile set, falling back to 1 default profile: "default"
2025-10-29T13:30:11.970-05:00  INFO 29760 --- [mesa-service] [restartedMain] o.s.c.c.c.ConfigServerConfigDataLoader   : Fetching config from server at : http://localhost:8888
2025-10-29T13:30:11.970-05:00  INFO 29760 --- [mesa-service] [restartedMain] o.s.c.c.c.ConfigServerConfigDataLoader   : Located environment: name=mesa-service, profiles=[default], label=null, version=null, state=null
2025-10-29T13:30:11.975-05:00  INFO 29760 --- [mesa-service] [restartedMain] .e.DevToolsPropertyDefaultsPostProcessor : Devtools property defaults active! Set 'spring.devtools.add-properties' to 'false' to disable
2025-10-29T13:30:11.976-05:00  INFO 29760 --- [mesa-service] [restartedMain] .e.DevToolsPropertyDefaultsPostProcessor : For additional web related logging consider setting the 'logging.level.web' property to 'DEBUG'
2025-10-29T13:30:13.705-05:00  INFO 29760 --- [mesa-service] [restartedMain] .s.d.r.c.RepositoryConfigurationDelegate : Bootstrapping Spring Data JPA repositories in DEFAULT mode.
2025-10-29T13:30:13.927-05:00  INFO 29760 --- [mesa-service] [restartedMain] .s.d.r.c.RepositoryConfigurationDelegate : Finished Spring Data repository scanning in 206 ms. Found 2 JPA repository interfaces.
2025-10-29T13:30:14.363-05:00  INFO 29760 --- [mesa-service] [restartedMain] o.s.cloud.context.scope.GenericScope     : BeanFactory id=0d282325-9752-3700-83d5-34df560d72a5
2025-10-29T13:30:15.122-05:00  INFO 29760 --- [mesa-service] [restartedMain] o.s.b.w.embedded.tomcat.TomcatWebServer  : Tomcat initialized with port 0 (http)
2025-10-29T13:30:15.147-05:00  INFO 29760 --- [mesa-service] [restartedMain] o.apache.catalina.core.StandardService   : Starting service [Tomcat]
2025-10-29T13:30:15.148-05:00  INFO 29760 --- [mesa-service] [restartedMain] o.apache.catalina.core.StandardEngine    : Starting Servlet engine: [Apache Tomcat/10.1.46]
2025-10-29T13:30:15.240-05:00  INFO 29760 --- [mesa-service] [restartedMain] o.a.c.c.C.[Tomcat].[localhost].[/]       : Initializing Spring embedded WebApplicationContext
2025-10-29T13:30:15.242-05:00  INFO 29760 --- [mesa-service] [restartedMain] w.s.c.ServletWebServerApplicationContext : Root WebApplicationContext: initialization completed in 3265 ms
2025-10-29T13:30:15.707-05:00  INFO 29760 --- [mesa-service] [restartedMain] com.zaxxer.hikari.HikariDataSource       : HikariPool-1 - Starting...
2025-10-29T13:30:16.212-05:00  INFO 29760 --- [mesa-service] [restartedMain] com.zaxxer.hikari.pool.HikariPool        : HikariPool-1 - Added connection com.mysql.cj.jdbc.ConnectionImpl@79b8893f
2025-10-29T13:30:16.216-05:00  INFO 29760 --- [mesa-service] [restartedMain] com.zaxxer.hikari.HikariDataSource       : HikariPool-1 - Start completed.
2025-10-29T13:30:16.316-05:00  INFO 29760 --- [mesa-service] [restartedMain] o.hibernate.jpa.internal.util.LogHelper  : HHH000204: Processing PersistenceUnitInfo [name: default]
2025-10-29T13:30:16.461-05:00  INFO 29760 --- [mesa-service] [restartedMain] org.hibernate.Version                    : HHH000412: Hibernate ORM core version 6.6.29.Final
2025-10-29T13:30:16.543-05:00  INFO 29760 --- [mesa-service] [restartedMain] o.h.c.internal.RegionFactoryInitiator    : HHH000026: Second-level cache disabled
2025-10-29T13:30:17.135-05:00  INFO 29760 --- [mesa-service] [restartedMain] o.s.o.j.p.SpringPersistenceUnitInfo      : No LoadTimeWeaver setup: ignoring JPA class transformer
2025-10-29T13:30:17.345-05:00  INFO 29760 --- [mesa-service] [restartedMain] org.hibernate.orm.connections.pooling    : HHH10001005: Database info:
	Database JDBC URL [Connecting through datasource 'HikariDataSource (HikariPool-1)']
	Database driver: undefined/unknown
	Database version: 8.0.34
	Autocommit mode: undefined/unknown
	Isolation level: undefined/unknown
	Minimum pool size: undefined/unknown
	Maximum pool size: undefined/unknown
2025-10-29T13:30:19.502-05:00  INFO 29760 --- [mesa-service] [restartedMain] o.h.e.t.j.p.i.JtaPlatformInitiator       : HHH000489: No JTA platform available (set 'hibernate.transaction.jta.platform' to enable JTA platform integration)
2025-10-29T13:30:19.508-05:00  INFO 29760 --- [mesa-service] [restartedMain] j.LocalContainerEntityManagerFactoryBean : Initialized JPA EntityManagerFactory for persistence unit 'default'
2025-10-29T13:30:20.484-05:00  WARN 29760 --- [mesa-service] [restartedMain] JpaBaseConfiguration$JpaWebConfiguration : spring.jpa.open-in-view is enabled by default. Therefore, database queries may be performed during view rendering. Explicitly configure spring.jpa.open-in-view to disable this warning
2025-10-29T13:30:21.545-05:00  INFO 29760 --- [mesa-service] [restartedMain] o.s.b.a.e.web.EndpointLinksResolver      : Exposing 18 endpoints beneath base path '/actuator'
2025-10-29T13:30:22.274-05:00  WARN 29760 --- [mesa-service] [restartedMain] o.s.b.d.a.OptionalLiveReloadServer       : Unable to start LiveReload server
2025-10-29T13:30:22.312-05:00  INFO 29760 --- [mesa-service] [restartedMain] DiscoveryClientOptionalArgsConfiguration : Eureka HTTP Client uses RestTemplate.
2025-10-29T13:30:22.381-05:00  WARN 29760 --- [mesa-service] [restartedMain] iguration$LoadBalancerCaffeineWarnLogger : Spring Cloud LoadBalancer is currently working with the default cache. While this cache implementation is useful for development and tests, it's recommended to use Caffeine cache in production.You can switch to using Caffeine cache, by adding it and org.springframework.cache.caffeine.CaffeineCacheManager to the classpath.
2025-10-29T13:30:22.594-05:00  INFO 29760 --- [mesa-service] [restartedMain] o.s.b.w.embedded.tomcat.TomcatWebServer  : Tomcat started on port 50314 (http) with context path '/'
2025-10-29T13:30:22.597-05:00  INFO 29760 --- [mesa-service] [restartedMain] .s.c.n.e.s.EurekaAutoServiceRegistration : Updating port to 50314
2025-10-29T13:30:22.616-05:00  INFO 29760 --- [mesa-service] [restartedMain] o.s.c.n.eureka.InstanceInfoFactory       : Setting initial instance status as: STARTING
2025-10-29T13:30:22.667-05:00  INFO 29760 --- [mesa-service] [restartedMain] com.netflix.discovery.DiscoveryClient    : Initializing Eureka in region us-east-1
2025-10-29T13:30:22.674-05:00  INFO 29760 --- [mesa-service] [restartedMain] c.n.d.s.r.aws.ConfigClusterResolver      : Resolving eureka endpoints via configuration
2025-10-29T13:30:22.693-05:00  INFO 29760 --- [mesa-service] [restartedMain] com.netflix.discovery.DiscoveryClient    : Disable delta property : false
2025-10-29T13:30:22.693-05:00  INFO 29760 --- [mesa-service] [restartedMain] com.netflix.discovery.DiscoveryClient    : Single vip registry refresh property : null
2025-10-29T13:30:22.693-05:00  INFO 29760 --- [mesa-service] [restartedMain] com.netflix.discovery.DiscoveryClient    : Force full registry fetch : false
2025-10-29T13:30:22.693-05:00  INFO 29760 --- [mesa-service] [restartedMain] com.netflix.discovery.DiscoveryClient    : Application is null : false
2025-10-29T13:30:22.693-05:00  INFO 29760 --- [mesa-service] [restartedMain] com.netflix.discovery.DiscoveryClient    : Registered Applications size is zero : true
2025-10-29T13:30:22.693-05:00  INFO 29760 --- [mesa-service] [restartedMain] com.netflix.discovery.DiscoveryClient    : Application version is -1: true
2025-10-29T13:30:22.694-05:00  INFO 29760 --- [mesa-service] [restartedMain] com.netflix.discovery.DiscoveryClient    : Getting all instance registry info from the eureka server
2025-10-29T13:30:23.231-05:00  INFO 29760 --- [mesa-service] [restartedMain] com.netflix.discovery.DiscoveryClient    : The response status is 200
2025-10-29T13:30:23.236-05:00  INFO 29760 --- [mesa-service] [restartedMain] com.netflix.discovery.DiscoveryClient    : Starting heartbeat executor: renew interval is: 30
2025-10-29T13:30:23.251-05:00  INFO 29760 --- [mesa-service] [restartedMain] c.n.discovery.InstanceInfoReplicator     : InstanceInfoReplicator onDemand update allowed rate per min is 4
2025-10-29T13:30:23.255-05:00  INFO 29760 --- [mesa-service] [restartedMain] com.netflix.discovery.DiscoveryClient    : Discovery Client initialized at timestamp 1761762623254 with initial instances count: 4
2025-10-29T13:30:23.269-05:00  INFO 29760 --- [mesa-service] [restartedMain] o.s.c.n.e.s.EurekaServiceRegistry        : Registering application MESA-SERVICE with eureka with status UP
2025-10-29T13:30:23.271-05:00  INFO 29760 --- [mesa-service] [restartedMain] com.netflix.discovery.DiscoveryClient    : Saw local status change event StatusChangeEvent [timestamp=1761762623271, current=UP, previous=STARTING]
2025-10-29T13:30:23.277-05:00  INFO 29760 --- [mesa-service] [DiscoveryClient-InstanceInfoReplicator-%d] com.netflix.discovery.DiscoveryClient    : DiscoveryClient_MESA-SERVICE/mesa-service:013cf79174ea3cfce418b74ab284905e: registering service...
2025-10-29T13:30:23.303-05:00  INFO 29760 --- [mesa-service] [restartedMain] o.s.a.r.c.CachingConnectionFactory       : Attempting to connect to: [localhost:5672]
2025-10-29T13:30:23.460-05:00  INFO 29760 --- [mesa-service] [DiscoveryClient-InstanceInfoReplicator-%d] com.netflix.discovery.DiscoveryClient    : DiscoveryClient_MESA-SERVICE/mesa-service:013cf79174ea3cfce418b74ab284905e - registration status: 204
2025-10-29T13:30:23.572-05:00  INFO 29760 --- [mesa-service] [restartedMain] o.s.a.r.c.CachingConnectionFactory       : Created new connection: rabbitConnectionFactory#73d9825e:0/SimpleConnection@d4d03d0 [delegate=amqp://guest@127.0.0.1:5672/, localPort=50316]
2025-10-29T13:30:23.804-05:00  INFO 29760 --- [mesa-service] [restartedMain] org.cibertec.MesaServiceApplication      : Started MesaServiceApplication in 13.375 seconds (process running for 14.959)
2025-10-29T13:30:24.471-05:00  INFO 29760 --- [mesa-service] [RMI TCP Connection(7)-127.0.0.1] o.a.c.c.C.[Tomcat].[localhost].[/]       : Initializing Spring DispatcherServlet 'dispatcherServlet'
2025-10-29T13:30:24.471-05:00  INFO 29760 --- [mesa-service] [RMI TCP Connection(7)-127.0.0.1] o.s.web.servlet.DispatcherServlet        : Initializing Servlet 'dispatcherServlet'
2025-10-29T13:30:24.474-05:00  INFO 29760 --- [mesa-service] [RMI TCP Connection(7)-127.0.0.1] o.s.web.servlet.DispatcherServlet        : Completed initialization in 2 ms
2025-10-29T13:31:01.683-05:00  INFO 29760 --- [mesa-service] [File Watcher] rtingClassPathChangeChangedEventListener : Restarting due to 1 class path change (0 additions, 0 deletions, 1 modification)
2025-10-29T13:31:01.685-05:00  INFO 29760 --- [mesa-service] [Thread-1] o.s.c.n.e.s.EurekaServiceRegistry        : Unregistering application MESA-SERVICE with eureka with status DOWN
2025-10-29T13:31:01.686-05:00  INFO 29760 --- [mesa-service] [Thread-1] com.netflix.discovery.DiscoveryClient    : Saw local status change event StatusChangeEvent [timestamp=1761762661686, current=DOWN, previous=UP]
2025-10-29T13:31:01.686-05:00  INFO 29760 --- [mesa-service] [DiscoveryClient-InstanceInfoReplicator-%d] com.netflix.discovery.DiscoveryClient    : DiscoveryClient_MESA-SERVICE/mesa-service:013cf79174ea3cfce418b74ab284905e: registering service...
2025-10-29T13:31:01.695-05:00  INFO 29760 --- [mesa-service] [DiscoveryClient-InstanceInfoReplicator-%d] com.netflix.discovery.DiscoveryClient    : DiscoveryClient_MESA-SERVICE/mesa-service:013cf79174ea3cfce418b74ab284905e - registration status: 204
2025-10-29T13:31:01.698-05:00  INFO 29760 --- [mesa-service] [org.springframework.amqp.rabbit.RabbitListenerEndpointContainer#0-2] o.s.a.r.l.SimpleMessageListenerContainer : Waiting for workers to finish.
2025-10-29T13:31:02.061-05:00  INFO 29760 --- [mesa-service] [org.springframework.amqp.rabbit.RabbitListenerEndpointContainer#0-2] o.s.a.r.l.SimpleMessageListenerContainer : Successfully waited for workers to finish.
2025-10-29T13:31:02.062-05:00  INFO 29760 --- [mesa-service] [Thread-1] o.s.b.w.e.tomcat.GracefulShutdown        : Commencing graceful shutdown. Waiting for active requests to complete
2025-10-29T13:31:02.079-05:00  INFO 29760 --- [mesa-service] [tomcat-shutdown] o.s.b.w.e.tomcat.GracefulShutdown        : Graceful shutdown complete
2025-10-29T13:31:02.102-05:00  INFO 29760 --- [mesa-service] [Thread-1] j.LocalContainerEntityManagerFactoryBean : Closing JPA EntityManagerFactory for persistence unit 'default'
2025-10-29T13:31:02.108-05:00  INFO 29760 --- [mesa-service] [Thread-1] com.zaxxer.hikari.HikariDataSource       : HikariPool-1 - Shutdown initiated...
2025-10-29T13:31:02.124-05:00  INFO 29760 --- [mesa-service] [Thread-1] com.zaxxer.hikari.HikariDataSource       : HikariPool-1 - Shutdown completed.
2025-10-29T13:31:02.125-05:00  INFO 29760 --- [mesa-service] [Thread-1] com.netflix.discovery.DiscoveryClient    : Shutting down DiscoveryClient ...
2025-10-29T13:31:09.122-05:00  INFO 19340 --- [mesa-service] [restartedMain] org.cibertec.MesaServiceApplication      : Starting MesaServiceApplication using Java 21.0.8 with PID 19340 (C:\Users\ronca\OneDrive\Escritorio\Dev\DAW2\mesa-service\target\classes started by Arturo in C:\Users\ronca\OneDrive\Escritorio\Dev\DAW2\mesa-service)
2025-10-29T13:31:09.125-05:00  INFO 19340 --- [mesa-service] [restartedMain] org.cibertec.MesaServiceApplication      : No active profile set, falling back to 1 default profile: "default"
2025-10-29T13:31:09.193-05:00  INFO 19340 --- [mesa-service] [restartedMain] o.s.c.c.c.ConfigServerConfigDataLoader   : Fetching config from server at : http://localhost:8888
2025-10-29T13:31:09.193-05:00  INFO 19340 --- [mesa-service] [restartedMain] o.s.c.c.c.ConfigServerConfigDataLoader   : Located environment: name=mesa-service, profiles=[default], label=null, version=null, state=null
2025-10-29T13:31:09.196-05:00  INFO 19340 --- [mesa-service] [restartedMain] .e.DevToolsPropertyDefaultsPostProcessor : Devtools property defaults active! Set 'spring.devtools.add-properties' to 'false' to disable
2025-10-29T13:31:09.196-05:00  INFO 19340 --- [mesa-service] [restartedMain] .e.DevToolsPropertyDefaultsPostProcessor : For additional web related logging consider setting the 'logging.level.web' property to 'DEBUG'
2025-10-29T13:31:11.263-05:00  INFO 19340 --- [mesa-service] [restartedMain] .s.d.r.c.RepositoryConfigurationDelegate : Bootstrapping Spring Data JPA repositories in DEFAULT mode.
2025-10-29T13:31:11.515-05:00  INFO 19340 --- [mesa-service] [restartedMain] .s.d.r.c.RepositoryConfigurationDelegate : Finished Spring Data repository scanning in 231 ms. Found 2 JPA repository interfaces.
2025-10-29T13:31:11.995-05:00  INFO 19340 --- [mesa-service] [restartedMain] o.s.cloud.context.scope.GenericScope     : BeanFactory id=0d282325-9752-3700-83d5-34df560d72a5
2025-10-29T13:31:12.850-05:00  INFO 19340 --- [mesa-service] [restartedMain] o.s.b.w.embedded.tomcat.TomcatWebServer  : Tomcat initialized with port 0 (http)
2025-10-29T13:31:12.877-05:00  INFO 19340 --- [mesa-service] [restartedMain] o.apache.catalina.core.StandardService   : Starting service [Tomcat]
2025-10-29T13:31:12.878-05:00  INFO 19340 --- [mesa-service] [restartedMain] o.apache.catalina.core.StandardEngine    : Starting Servlet engine: [Apache Tomcat/10.1.46]
2025-10-29T13:31:12.980-05:00  INFO 19340 --- [mesa-service] [restartedMain] o.a.c.c.C.[Tomcat].[localhost].[/]       : Initializing Spring embedded WebApplicationContext
2025-10-29T13:31:12.980-05:00  INFO 19340 --- [mesa-service] [restartedMain] w.s.c.ServletWebServerApplicationContext : Root WebApplicationContext: initialization completed in 3782 ms
2025-10-29T13:31:13.454-05:00  INFO 19340 --- [mesa-service] [restartedMain] com.zaxxer.hikari.HikariDataSource       : HikariPool-1 - Starting...
2025-10-29T13:31:13.982-05:00  INFO 19340 --- [mesa-service] [restartedMain] com.zaxxer.hikari.pool.HikariPool        : HikariPool-1 - Added connection com.mysql.cj.jdbc.ConnectionImpl@3f04e29f
2025-10-29T13:31:13.985-05:00  INFO 19340 --- [mesa-service] [restartedMain] com.zaxxer.hikari.HikariDataSource       : HikariPool-1 - Start completed.
2025-10-29T13:31:14.074-05:00  INFO 19340 --- [mesa-service] [restartedMain] o.hibernate.jpa.internal.util.LogHelper  : HHH000204: Processing PersistenceUnitInfo [name: default]
2025-10-29T13:31:14.202-05:00  INFO 19340 --- [mesa-service] [restartedMain] org.hibernate.Version                    : HHH000412: Hibernate ORM core version 6.6.29.Final
2025-10-29T13:31:14.286-05:00  INFO 19340 --- [mesa-service] [restartedMain] o.h.c.internal.RegionFactoryInitiator    : HHH000026: Second-level cache disabled
2025-10-29T13:31:14.863-05:00  INFO 19340 --- [mesa-service] [restartedMain] o.s.o.j.p.SpringPersistenceUnitInfo      : No LoadTimeWeaver setup: ignoring JPA class transformer
2025-10-29T13:31:15.048-05:00  INFO 19340 --- [mesa-service] [restartedMain] org.hibernate.orm.connections.pooling    : HHH10001005: Database info:
	Database JDBC URL [Connecting through datasource 'HikariDataSource (HikariPool-1)']
	Database driver: undefined/unknown
	Database version: 8.0.34
	Autocommit mode: undefined/unknown
	Isolation level: undefined/unknown
	Minimum pool size: undefined/unknown
	Maximum pool size: undefined/unknown
2025-10-29T13:31:16.822-05:00  INFO 19340 --- [mesa-service] [restartedMain] o.h.e.t.j.p.i.JtaPlatformInitiator       : HHH000489: No JTA platform available (set 'hibernate.transaction.jta.platform' to enable JTA platform integration)
2025-10-29T13:31:16.830-05:00  INFO 19340 --- [mesa-service] [restartedMain] j.LocalContainerEntityManagerFactoryBean : Initialized JPA EntityManagerFactory for persistence unit 'default'
2025-10-29T13:31:17.508-05:00  WARN 19340 --- [mesa-service] [restartedMain] JpaBaseConfiguration$JpaWebConfiguration : spring.jpa.open-in-view is enabled by default. Therefore, database queries may be performed during view rendering. Explicitly configure spring.jpa.open-in-view to disable this warning
2025-10-29T13:31:18.884-05:00  INFO 19340 --- [mesa-service] [restartedMain] o.s.b.a.e.web.EndpointLinksResolver      : Exposing 18 endpoints beneath base path '/actuator'
2025-10-29T13:31:19.571-05:00  WARN 19340 --- [mesa-service] [restartedMain] o.s.b.d.a.OptionalLiveReloadServer       : Unable to start LiveReload server
2025-10-29T13:31:19.603-05:00  INFO 19340 --- [mesa-service] [restartedMain] DiscoveryClientOptionalArgsConfiguration : Eureka HTTP Client uses RestTemplate.
2025-10-29T13:31:19.690-05:00  WARN 19340 --- [mesa-service] [restartedMain] iguration$LoadBalancerCaffeineWarnLogger : Spring Cloud LoadBalancer is currently working with the default cache. While this cache implementation is useful for development and tests, it's recommended to use Caffeine cache in production.You can switch to using Caffeine cache, by adding it and org.springframework.cache.caffeine.CaffeineCacheManager to the classpath.
2025-10-29T13:31:19.901-05:00  INFO 19340 --- [mesa-service] [restartedMain] o.s.b.w.embedded.tomcat.TomcatWebServer  : Tomcat started on port 58037 (http) with context path '/'
2025-10-29T13:31:19.904-05:00  INFO 19340 --- [mesa-service] [restartedMain] .s.c.n.e.s.EurekaAutoServiceRegistration : Updating port to 58037
2025-10-29T13:31:19.920-05:00  INFO 19340 --- [mesa-service] [restartedMain] o.s.c.n.eureka.InstanceInfoFactory       : Setting initial instance status as: STARTING
2025-10-29T13:31:19.986-05:00  INFO 19340 --- [mesa-service] [restartedMain] com.netflix.discovery.DiscoveryClient    : Initializing Eureka in region us-east-1
2025-10-29T13:31:19.996-05:00  INFO 19340 --- [mesa-service] [restartedMain] c.n.d.s.r.aws.ConfigClusterResolver      : Resolving eureka endpoints via configuration
2025-10-29T13:31:20.023-05:00  INFO 19340 --- [mesa-service] [restartedMain] com.netflix.discovery.DiscoveryClient    : Disable delta property : false
2025-10-29T13:31:20.024-05:00  INFO 19340 --- [mesa-service] [restartedMain] com.netflix.discovery.DiscoveryClient    : Single vip registry refresh property : null
2025-10-29T13:31:20.025-05:00  INFO 19340 --- [mesa-service] [restartedMain] com.netflix.discovery.DiscoveryClient    : Force full registry fetch : false
2025-10-29T13:31:20.025-05:00  INFO 19340 --- [mesa-service] [restartedMain] com.netflix.discovery.DiscoveryClient    : Application is null : false
2025-10-29T13:31:20.025-05:00  INFO 19340 --- [mesa-service] [restartedMain] com.netflix.discovery.DiscoveryClient    : Registered Applications size is zero : true
2025-10-29T13:31:20.025-05:00  INFO 19340 --- [mesa-service] [restartedMain] com.netflix.discovery.DiscoveryClient    : Application version is -1: true
2025-10-29T13:31:20.026-05:00  INFO 19340 --- [mesa-service] [restartedMain] com.netflix.discovery.DiscoveryClient    : Getting all instance registry info from the eureka server
2025-10-29T13:31:20.474-05:00  INFO 19340 --- [mesa-service] [restartedMain] com.netflix.discovery.DiscoveryClient    : The response status is 200
2025-10-29T13:31:20.478-05:00  INFO 19340 --- [mesa-service] [restartedMain] com.netflix.discovery.DiscoveryClient    : Starting heartbeat executor: renew interval is: 30
2025-10-29T13:31:20.482-05:00  INFO 19340 --- [mesa-service] [restartedMain] c.n.discovery.InstanceInfoReplicator     : InstanceInfoReplicator onDemand update allowed rate per min is 4
2025-10-29T13:31:20.485-05:00  INFO 19340 --- [mesa-service] [restartedMain] com.netflix.discovery.DiscoveryClient    : Discovery Client initialized at timestamp 1761762680484 with initial instances count: 5
2025-10-29T13:31:20.490-05:00  INFO 19340 --- [mesa-service] [restartedMain] o.s.c.n.e.s.EurekaServiceRegistry        : Registering application MESA-SERVICE with eureka with status UP
2025-10-29T13:31:20.491-05:00  INFO 19340 --- [mesa-service] [restartedMain] com.netflix.discovery.DiscoveryClient    : Saw local status change event StatusChangeEvent [timestamp=1761762680491, current=UP, previous=STARTING]
2025-10-29T13:31:20.493-05:00  INFO 19340 --- [mesa-service] [DiscoveryClient-InstanceInfoReplicator-%d] com.netflix.discovery.DiscoveryClient    : DiscoveryClient_MESA-SERVICE/mesa-service:e429774b08a11d935e270c36f3c184a6: registering service...
2025-10-29T13:31:20.508-05:00  INFO 19340 --- [mesa-service] [restartedMain] o.s.a.r.c.CachingConnectionFactory       : Attempting to connect to: [localhost:5672]
2025-10-29T13:31:20.558-05:00  INFO 19340 --- [mesa-service] [DiscoveryClient-InstanceInfoReplicator-%d] com.netflix.discovery.DiscoveryClient    : DiscoveryClient_MESA-SERVICE/mesa-service:e429774b08a11d935e270c36f3c184a6 - registration status: 204
2025-10-29T13:31:20.602-05:00  INFO 19340 --- [mesa-service] [restartedMain] o.s.a.r.c.CachingConnectionFactory       : Created new connection: rabbitConnectionFactory#1fbf22a7:0/SimpleConnection@69168b97 [delegate=amqp://guest@127.0.0.1:5672/, localPort=58039]
2025-10-29T13:31:20.708-05:00  INFO 19340 --- [mesa-service] [restartedMain] org.cibertec.MesaServiceApplication      : Started MesaServiceApplication in 13.207 seconds (process running for 14.709)
2025-10-29T13:31:21.147-05:00  INFO 19340 --- [mesa-service] [RMI TCP Connection(5)-127.0.0.1] o.a.c.c.C.[Tomcat].[localhost].[/]       : Initializing Spring DispatcherServlet 'dispatcherServlet'
2025-10-29T13:31:21.147-05:00  INFO 19340 --- [mesa-service] [RMI TCP Connection(5)-127.0.0.1] o.s.web.servlet.DispatcherServlet        : Initializing Servlet 'dispatcherServlet'
2025-10-29T13:31:21.149-05:00  INFO 19340 --- [mesa-service] [RMI TCP Connection(5)-127.0.0.1] o.s.web.servlet.DispatcherServlet        : Completed initialization in 2 ms
2025-10-29T13:31:30.934-05:00  INFO 10324 --- [mesa-service] [restartedMain] org.cibertec.MesaServiceApplication      : Starting MesaServiceApplication using Java 21.0.8 with PID 10324 (C:\Users\ronca\OneDrive\Escritorio\Dev\DAW2\mesa-service\target\classes started by Arturo in C:\Users\ronca\OneDrive\Escritorio\Dev\DAW2\mesa-service)
2025-10-29T13:31:30.940-05:00  INFO 10324 --- [mesa-service] [restartedMain] org.cibertec.MesaServiceApplication      : No active profile set, falling back to 1 default profile: "default"
2025-10-29T13:31:31.051-05:00  INFO 10324 --- [mesa-service] [restartedMain] o.s.c.c.c.ConfigServerConfigDataLoader   : Fetching config from server at : http://localhost:8888
2025-10-29T13:31:31.052-05:00  INFO 10324 --- [mesa-service] [restartedMain] o.s.c.c.c.ConfigServerConfigDataLoader   : Located environment: name=mesa-service, profiles=[default], label=null, version=null, state=null
2025-10-29T13:31:31.056-05:00  INFO 10324 --- [mesa-service] [restartedMain] .e.DevToolsPropertyDefaultsPostProcessor : Devtools property defaults active! Set 'spring.devtools.add-properties' to 'false' to disable
2025-10-29T13:31:31.057-05:00  INFO 10324 --- [mesa-service] [restartedMain] .e.DevToolsPropertyDefaultsPostProcessor : For additional web related logging consider setting the 'logging.level.web' property to 'DEBUG'
2025-10-29T13:31:33.100-05:00  INFO 10324 --- [mesa-service] [restartedMain] .s.d.r.c.RepositoryConfigurationDelegate : Bootstrapping Spring Data JPA repositories in DEFAULT mode.
2025-10-29T13:31:33.359-05:00  INFO 10324 --- [mesa-service] [restartedMain] .s.d.r.c.RepositoryConfigurationDelegate : Finished Spring Data repository scanning in 240 ms. Found 2 JPA repository interfaces.
2025-10-29T13:31:33.393-05:00  INFO 17008 --- [mesa-service] [restartedMain] org.cibertec.MesaServiceApplication      : Starting MesaServiceApplication using Java 21.0.8 with PID 17008 (C:\Users\ronca\OneDrive\Escritorio\Dev\DAW2\mesa-service\target\classes started by Arturo in C:\Users\ronca\OneDrive\Escritorio\Dev\DAW2\mesa-service)
2025-10-29T13:31:33.396-05:00  INFO 17008 --- [mesa-service] [restartedMain] org.cibertec.MesaServiceApplication      : No active profile set, falling back to 1 default profile: "default"
2025-10-29T13:31:33.492-05:00  INFO 17008 --- [mesa-service] [restartedMain] o.s.c.c.c.ConfigServerConfigDataLoader   : Fetching config from server at : http://localhost:8888
2025-10-29T13:31:33.493-05:00  INFO 17008 --- [mesa-service] [restartedMain] o.s.c.c.c.ConfigServerConfigDataLoader   : Located environment: name=mesa-service, profiles=[default], label=null, version=null, state=null
2025-10-29T13:31:33.497-05:00  INFO 17008 --- [mesa-service] [restartedMain] .e.DevToolsPropertyDefaultsPostProcessor : Devtools property defaults active! Set 'spring.devtools.add-properties' to 'false' to disable
2025-10-29T13:31:33.497-05:00  INFO 17008 --- [mesa-service] [restartedMain] .e.DevToolsPropertyDefaultsPostProcessor : For additional web related logging consider setting the 'logging.level.web' property to 'DEBUG'
2025-10-29T13:31:33.917-05:00  INFO 10324 --- [mesa-service] [restartedMain] o.s.cloud.context.scope.GenericScope     : BeanFactory id=0d282325-9752-3700-83d5-34df560d72a5
2025-10-29T13:31:34.756-05:00  INFO 10324 --- [mesa-service] [restartedMain] o.s.b.w.embedded.tomcat.TomcatWebServer  : Tomcat initialized with port 0 (http)
2025-10-29T13:31:34.780-05:00  INFO 10324 --- [mesa-service] [restartedMain] o.apache.catalina.core.StandardService   : Starting service [Tomcat]
2025-10-29T13:31:34.780-05:00  INFO 10324 --- [mesa-service] [restartedMain] o.apache.catalina.core.StandardEngine    : Starting Servlet engine: [Apache Tomcat/10.1.46]
2025-10-29T13:31:34.895-05:00  INFO 10324 --- [mesa-service] [restartedMain] o.a.c.c.C.[Tomcat].[localhost].[/]       : Initializing Spring embedded WebApplicationContext
2025-10-29T13:31:34.896-05:00  INFO 10324 --- [mesa-service] [restartedMain] w.s.c.ServletWebServerApplicationContext : Root WebApplicationContext: initialization completed in 3838 ms
2025-10-29T13:31:35.576-05:00  INFO 10324 --- [mesa-service] [restartedMain] com.zaxxer.hikari.HikariDataSource       : HikariPool-1 - Starting...
2025-10-29T13:31:35.735-05:00  INFO 17008 --- [mesa-service] [restartedMain] .s.d.r.c.RepositoryConfigurationDelegate : Bootstrapping Spring Data JPA repositories in DEFAULT mode.
2025-10-29T13:31:35.993-05:00  INFO 17008 --- [mesa-service] [restartedMain] .s.d.r.c.RepositoryConfigurationDelegate : Finished Spring Data repository scanning in 241 ms. Found 2 JPA repository interfaces.
2025-10-29T13:31:36.143-05:00  INFO 10324 --- [mesa-service] [restartedMain] com.zaxxer.hikari.pool.HikariPool        : HikariPool-1 - Added connection com.mysql.cj.jdbc.ConnectionImpl@79b8893f
2025-10-29T13:31:36.147-05:00  INFO 10324 --- [mesa-service] [restartedMain] com.zaxxer.hikari.HikariDataSource       : HikariPool-1 - Start completed.
2025-10-29T13:31:36.266-05:00  INFO 10324 --- [mesa-service] [restartedMain] o.hibernate.jpa.internal.util.LogHelper  : HHH000204: Processing PersistenceUnitInfo [name: default]
2025-10-29T13:31:36.438-05:00  INFO 10324 --- [mesa-service] [restartedMain] org.hibernate.Version                    : HHH000412: Hibernate ORM core version 6.6.29.Final
2025-10-29T13:31:36.548-05:00  INFO 10324 --- [mesa-service] [restartedMain] o.h.c.internal.RegionFactoryInitiator    : HHH000026: Second-level cache disabled
2025-10-29T13:31:36.598-05:00  INFO 17008 --- [mesa-service] [restartedMain] o.s.cloud.context.scope.GenericScope     : BeanFactory id=0d282325-9752-3700-83d5-34df560d72a5
2025-10-29T13:31:37.315-05:00  INFO 10324 --- [mesa-service] [restartedMain] o.s.o.j.p.SpringPersistenceUnitInfo      : No LoadTimeWeaver setup: ignoring JPA class transformer
2025-10-29T13:31:37.659-05:00  INFO 10324 --- [mesa-service] [restartedMain] org.hibernate.orm.connections.pooling    : HHH10001005: Database info:
	Database JDBC URL [Connecting through datasource 'HikariDataSource (HikariPool-1)']
	Database driver: undefined/unknown
	Database version: 8.0.34
	Autocommit mode: undefined/unknown
	Isolation level: undefined/unknown
	Minimum pool size: undefined/unknown
	Maximum pool size: undefined/unknown
2025-10-29T13:31:37.869-05:00  INFO 17008 --- [mesa-service] [restartedMain] o.s.b.w.embedded.tomcat.TomcatWebServer  : Tomcat initialized with port 0 (http)
2025-10-29T13:31:37.996-05:00  INFO 17008 --- [mesa-service] [restartedMain] o.apache.catalina.core.StandardService   : Starting service [Tomcat]
2025-10-29T13:31:37.997-05:00  INFO 17008 --- [mesa-service] [restartedMain] o.apache.catalina.core.StandardEngine    : Starting Servlet engine: [Apache Tomcat/10.1.46]
2025-10-29T13:31:38.207-05:00  INFO 17008 --- [mesa-service] [restartedMain] o.a.c.c.C.[Tomcat].[localhost].[/]       : Initializing Spring embedded WebApplicationContext
2025-10-29T13:31:38.207-05:00  INFO 17008 --- [mesa-service] [restartedMain] w.s.c.ServletWebServerApplicationContext : Root WebApplicationContext: initialization completed in 4709 ms
2025-10-29T13:31:39.417-05:00  INFO 17008 --- [mesa-service] [restartedMain] com.zaxxer.hikari.HikariDataSource       : HikariPool-1 - Starting...
2025-10-29T13:31:40.384-05:00  INFO 17008 --- [mesa-service] [restartedMain] com.zaxxer.hikari.pool.HikariPool        : HikariPool-1 - Added connection com.mysql.cj.jdbc.ConnectionImpl@54584251
2025-10-29T13:31:40.389-05:00  INFO 17008 --- [mesa-service] [restartedMain] com.zaxxer.hikari.HikariDataSource       : HikariPool-1 - Start completed.
2025-10-29T13:31:40.534-05:00  INFO 17008 --- [mesa-service] [restartedMain] o.hibernate.jpa.internal.util.LogHelper  : HHH000204: Processing PersistenceUnitInfo [name: default]
2025-10-29T13:31:40.899-05:00  INFO 17008 --- [mesa-service] [restartedMain] org.hibernate.Version                    : HHH000412: Hibernate ORM core version 6.6.29.Final
2025-10-29T13:31:41.104-05:00  INFO 17008 --- [mesa-service] [restartedMain] o.h.c.internal.RegionFactoryInitiator    : HHH000026: Second-level cache disabled
2025-10-29T13:31:41.276-05:00  INFO 10324 --- [mesa-service] [restartedMain] o.h.e.t.j.p.i.JtaPlatformInitiator       : HHH000489: No JTA platform available (set 'hibernate.transaction.jta.platform' to enable JTA platform integration)
2025-10-29T13:31:41.286-05:00  INFO 10324 --- [mesa-service] [restartedMain] j.LocalContainerEntityManagerFactoryBean : Initialized JPA EntityManagerFactory for persistence unit 'default'
2025-10-29T13:31:41.975-05:00  INFO 17008 --- [mesa-service] [restartedMain] o.s.o.j.p.SpringPersistenceUnitInfo      : No LoadTimeWeaver setup: ignoring JPA class transformer
2025-10-29T13:31:42.238-05:00  WARN 10324 --- [mesa-service] [restartedMain] JpaBaseConfiguration$JpaWebConfiguration : spring.jpa.open-in-view is enabled by default. Therefore, database queries may be performed during view rendering. Explicitly configure spring.jpa.open-in-view to disable this warning
2025-10-29T13:31:42.323-05:00  INFO 17008 --- [mesa-service] [restartedMain] org.hibernate.orm.connections.pooling    : HHH10001005: Database info:
	Database JDBC URL [Connecting through datasource 'HikariDataSource (HikariPool-1)']
	Database driver: undefined/unknown
	Database version: 8.0.34
	Autocommit mode: undefined/unknown
	Isolation level: undefined/unknown
	Minimum pool size: undefined/unknown
	Maximum pool size: undefined/unknown
2025-10-29T13:31:43.640-05:00  INFO 10324 --- [mesa-service] [restartedMain] o.s.b.a.e.web.EndpointLinksResolver      : Exposing 18 endpoints beneath base path '/actuator'
2025-10-29T13:31:44.726-05:00  WARN 10324 --- [mesa-service] [restartedMain] o.s.b.d.a.OptionalLiveReloadServer       : Unable to start LiveReload server
2025-10-29T13:31:44.776-05:00  INFO 10324 --- [mesa-service] [restartedMain] DiscoveryClientOptionalArgsConfiguration : Eureka HTTP Client uses RestTemplate.
2025-10-29T13:31:44.885-05:00  WARN 10324 --- [mesa-service] [restartedMain] iguration$LoadBalancerCaffeineWarnLogger : Spring Cloud LoadBalancer is currently working with the default cache. While this cache implementation is useful for development and tests, it's recommended to use Caffeine cache in production.You can switch to using Caffeine cache, by adding it and org.springframework.cache.caffeine.CaffeineCacheManager to the classpath.
2025-10-29T13:31:45.130-05:00  INFO 17008 --- [mesa-service] [restartedMain] o.h.e.t.j.p.i.JtaPlatformInitiator       : HHH000489: No JTA platform available (set 'hibernate.transaction.jta.platform' to enable JTA platform integration)
2025-10-29T13:31:45.145-05:00  INFO 17008 --- [mesa-service] [restartedMain] j.LocalContainerEntityManagerFactoryBean : Initialized JPA EntityManagerFactory for persistence unit 'default'
2025-10-29T13:31:45.179-05:00  INFO 10324 --- [mesa-service] [restartedMain] o.s.b.w.embedded.tomcat.TomcatWebServer  : Tomcat started on port 49571 (http) with context path '/'
2025-10-29T13:31:45.183-05:00  INFO 10324 --- [mesa-service] [restartedMain] .s.c.n.e.s.EurekaAutoServiceRegistration : Updating port to 49571
2025-10-29T13:31:45.202-05:00  INFO 10324 --- [mesa-service] [restartedMain] o.s.c.n.eureka.InstanceInfoFactory       : Setting initial instance status as: STARTING
2025-10-29T13:31:45.272-05:00  INFO 10324 --- [mesa-service] [restartedMain] com.netflix.discovery.DiscoveryClient    : Initializing Eureka in region us-east-1
2025-10-29T13:31:45.283-05:00  INFO 10324 --- [mesa-service] [restartedMain] c.n.d.s.r.aws.ConfigClusterResolver      : Resolving eureka endpoints via configuration
2025-10-29T13:31:45.304-05:00  INFO 10324 --- [mesa-service] [restartedMain] com.netflix.discovery.DiscoveryClient    : Disable delta property : false
2025-10-29T13:31:45.304-05:00  INFO 10324 --- [mesa-service] [restartedMain] com.netflix.discovery.DiscoveryClient    : Single vip registry refresh property : null
2025-10-29T13:31:45.306-05:00  INFO 10324 --- [mesa-service] [restartedMain] com.netflix.discovery.DiscoveryClient    : Force full registry fetch : false
2025-10-29T13:31:45.306-05:00  INFO 10324 --- [mesa-service] [restartedMain] com.netflix.discovery.DiscoveryClient    : Application is null : false
2025-10-29T13:31:45.306-05:00  INFO 10324 --- [mesa-service] [restartedMain] com.netflix.discovery.DiscoveryClient    : Registered Applications size is zero : true
2025-10-29T13:31:45.306-05:00  INFO 10324 --- [mesa-service] [restartedMain] com.netflix.discovery.DiscoveryClient    : Application version is -1: true
2025-10-29T13:31:45.306-05:00  INFO 10324 --- [mesa-service] [restartedMain] com.netflix.discovery.DiscoveryClient    : Getting all instance registry info from the eureka server
2025-10-29T13:31:45.845-05:00  INFO 10324 --- [mesa-service] [restartedMain] com.netflix.discovery.DiscoveryClient    : The response status is 200
2025-10-29T13:31:45.857-05:00  INFO 10324 --- [mesa-service] [restartedMain] com.netflix.discovery.DiscoveryClient    : Starting heartbeat executor: renew interval is: 30
2025-10-29T13:31:45.862-05:00  INFO 10324 --- [mesa-service] [restartedMain] c.n.discovery.InstanceInfoReplicator     : InstanceInfoReplicator onDemand update allowed rate per min is 4
2025-10-29T13:31:45.864-05:00  INFO 10324 --- [mesa-service] [restartedMain] com.netflix.discovery.DiscoveryClient    : Discovery Client initialized at timestamp 1761762705864 with initial instances count: 6
2025-10-29T13:31:45.870-05:00  INFO 10324 --- [mesa-service] [restartedMain] o.s.c.n.e.s.EurekaServiceRegistry        : Registering application MESA-SERVICE with eureka with status UP
2025-10-29T13:31:45.872-05:00  INFO 10324 --- [mesa-service] [restartedMain] com.netflix.discovery.DiscoveryClient    : Saw local status change event StatusChangeEvent [timestamp=1761762705872, current=UP, previous=STARTING]
2025-10-29T13:31:45.875-05:00  INFO 10324 --- [mesa-service] [DiscoveryClient-InstanceInfoReplicator-%d] com.netflix.discovery.DiscoveryClient    : DiscoveryClient_MESA-SERVICE/mesa-service:41eda8357de373ffe837afc0c6dcab85: registering service...
2025-10-29T13:31:45.910-05:00  INFO 10324 --- [mesa-service] [restartedMain] o.s.a.r.c.CachingConnectionFactory       : Attempting to connect to: [localhost:5672]
2025-10-29T13:31:45.964-05:00  INFO 10324 --- [mesa-service] [DiscoveryClient-InstanceInfoReplicator-%d] com.netflix.discovery.DiscoveryClient    : DiscoveryClient_MESA-SERVICE/mesa-service:41eda8357de373ffe837afc0c6dcab85 - registration status: 204
2025-10-29T13:31:46.021-05:00  INFO 10324 --- [mesa-service] [restartedMain] o.s.a.r.c.CachingConnectionFactory       : Created new connection: rabbitConnectionFactory#a30f9c3:0/SimpleConnection@4052938f [delegate=amqp://guest@127.0.0.1:5672/, localPort=49577]
2025-10-29T13:31:46.139-05:00  WARN 17008 --- [mesa-service] [restartedMain] JpaBaseConfiguration$JpaWebConfiguration : spring.jpa.open-in-view is enabled by default. Therefore, database queries may be performed during view rendering. Explicitly configure spring.jpa.open-in-view to disable this warning
2025-10-29T13:31:46.156-05:00  INFO 10324 --- [mesa-service] [restartedMain] org.cibertec.MesaServiceApplication      : Started MesaServiceApplication in 17.253 seconds (process running for 19.094)
2025-10-29T13:31:47.635-05:00  INFO 17008 --- [mesa-service] [restartedMain] o.s.b.a.e.web.EndpointLinksResolver      : Exposing 18 endpoints beneath base path '/actuator'
2025-10-29T13:31:48.942-05:00  WARN 17008 --- [mesa-service] [restartedMain] o.s.b.d.a.OptionalLiveReloadServer       : Unable to start LiveReload server
2025-10-29T13:31:49.015-05:00  INFO 17008 --- [mesa-service] [restartedMain] DiscoveryClientOptionalArgsConfiguration : Eureka HTTP Client uses RestTemplate.
2025-10-29T13:31:49.110-05:00  WARN 17008 --- [mesa-service] [restartedMain] iguration$LoadBalancerCaffeineWarnLogger : Spring Cloud LoadBalancer is currently working with the default cache. While this cache implementation is useful for development and tests, it's recommended to use Caffeine cache in production.You can switch to using Caffeine cache, by adding it and org.springframework.cache.caffeine.CaffeineCacheManager to the classpath.
2025-10-29T13:31:49.333-05:00  INFO 17008 --- [mesa-service] [restartedMain] o.s.b.w.embedded.tomcat.TomcatWebServer  : Tomcat started on port 49579 (http) with context path '/'
2025-10-29T13:31:49.336-05:00  INFO 17008 --- [mesa-service] [restartedMain] .s.c.n.e.s.EurekaAutoServiceRegistration : Updating port to 49579
2025-10-29T13:31:49.347-05:00  INFO 17008 --- [mesa-service] [restartedMain] o.s.c.n.eureka.InstanceInfoFactory       : Setting initial instance status as: STARTING
2025-10-29T13:31:49.390-05:00  INFO 17008 --- [mesa-service] [restartedMain] com.netflix.discovery.DiscoveryClient    : Initializing Eureka in region us-east-1
2025-10-29T13:31:49.396-05:00  INFO 17008 --- [mesa-service] [restartedMain] c.n.d.s.r.aws.ConfigClusterResolver      : Resolving eureka endpoints via configuration
2025-10-29T13:31:49.415-05:00  INFO 17008 --- [mesa-service] [restartedMain] com.netflix.discovery.DiscoveryClient    : Disable delta property : false
2025-10-29T13:31:49.415-05:00  INFO 17008 --- [mesa-service] [restartedMain] com.netflix.discovery.DiscoveryClient    : Single vip registry refresh property : null
2025-10-29T13:31:49.415-05:00  INFO 17008 --- [mesa-service] [restartedMain] com.netflix.discovery.DiscoveryClient    : Force full registry fetch : false
2025-10-29T13:31:49.415-05:00  INFO 17008 --- [mesa-service] [restartedMain] com.netflix.discovery.DiscoveryClient    : Application is null : false
2025-10-29T13:31:49.416-05:00  INFO 17008 --- [mesa-service] [restartedMain] com.netflix.discovery.DiscoveryClient    : Registered Applications size is zero : true
2025-10-29T13:31:49.416-05:00  INFO 17008 --- [mesa-service] [restartedMain] com.netflix.discovery.DiscoveryClient    : Application version is -1: true
2025-10-29T13:31:49.416-05:00  INFO 17008 --- [mesa-service] [restartedMain] com.netflix.discovery.DiscoveryClient    : Getting all instance registry info from the eureka server
2025-10-29T13:31:49.914-05:00  INFO 17008 --- [mesa-service] [restartedMain] com.netflix.discovery.DiscoveryClient    : The response status is 200
2025-10-29T13:31:49.918-05:00  INFO 17008 --- [mesa-service] [restartedMain] com.netflix.discovery.DiscoveryClient    : Starting heartbeat executor: renew interval is: 30
2025-10-29T13:31:49.924-05:00  INFO 17008 --- [mesa-service] [restartedMain] c.n.discovery.InstanceInfoReplicator     : InstanceInfoReplicator onDemand update allowed rate per min is 4
2025-10-29T13:31:49.930-05:00  INFO 17008 --- [mesa-service] [restartedMain] com.netflix.discovery.DiscoveryClient    : Discovery Client initialized at timestamp 1761762709930 with initial instances count: 6
2025-10-29T13:31:49.947-05:00  INFO 17008 --- [mesa-service] [restartedMain] o.s.c.n.e.s.EurekaServiceRegistry        : Registering application MESA-SERVICE with eureka with status UP
2025-10-29T13:31:49.948-05:00  INFO 17008 --- [mesa-service] [restartedMain] com.netflix.discovery.DiscoveryClient    : Saw local status change event StatusChangeEvent [timestamp=1761762709948, current=UP, previous=STARTING]
2025-10-29T13:31:49.952-05:00  INFO 17008 --- [mesa-service] [DiscoveryClient-InstanceInfoReplicator-%d] com.netflix.discovery.DiscoveryClient    : DiscoveryClient_MESA-SERVICE/mesa-service:3fa722cde4022d81f2bfaee002183f29: registering service...
2025-10-29T13:31:50.060-05:00  INFO 17008 --- [mesa-service] [DiscoveryClient-InstanceInfoReplicator-%d] com.netflix.discovery.DiscoveryClient    : DiscoveryClient_MESA-SERVICE/mesa-service:3fa722cde4022d81f2bfaee002183f29 - registration status: 204
2025-10-29T13:31:50.178-05:00  INFO 17008 --- [mesa-service] [restartedMain] o.s.a.r.c.CachingConnectionFactory       : Attempting to connect to: [localhost:5672]
2025-10-29T13:31:50.376-05:00  INFO 17008 --- [mesa-service] [restartedMain] o.s.a.r.c.CachingConnectionFactory       : Created new connection: rabbitConnectionFactory#5718dbb9:0/SimpleConnection@636c5bc0 [delegate=amqp://guest@127.0.0.1:5672/, localPort=49582]
2025-10-29T13:31:50.544-05:00  INFO 17008 --- [mesa-service] [restartedMain] org.cibertec.MesaServiceApplication      : Started MesaServiceApplication in 18.695 seconds (process running for 20.852)
2025-10-29T13:36:20.046-05:00  INFO 19340 --- [mesa-service] [AsyncResolver-bootstrap-executor-%d] c.n.d.s.r.aws.ConfigClusterResolver      : Resolving eureka endpoints via configuration
2025-10-29T13:36:45.318-05:00  INFO 10324 --- [mesa-service] [AsyncResolver-bootstrap-executor-%d] c.n.d.s.r.aws.ConfigClusterResolver      : Resolving eureka endpoints via configuration
2025-10-29T13:36:49.427-05:00  INFO 17008 --- [mesa-service] [AsyncResolver-bootstrap-executor-%d] c.n.d.s.r.aws.ConfigClusterResolver      : Resolving eureka endpoints via configuration
2025-10-29T13:41:20.061-05:00  INFO 19340 --- [mesa-service] [AsyncResolver-bootstrap-executor-%d] c.n.d.s.r.aws.ConfigClusterResolver      : Resolving eureka endpoints via configuration
2025-10-29T13:41:45.319-05:00  INFO 10324 --- [mesa-service] [AsyncResolver-bootstrap-executor-%d] c.n.d.s.r.aws.ConfigClusterResolver      : Resolving eureka endpoints via configuration
2025-10-29T13:41:49.432-05:00  INFO 17008 --- [mesa-service] [AsyncResolver-bootstrap-executor-%d] c.n.d.s.r.aws.ConfigClusterResolver      : Resolving eureka endpoints via configuration
2025-10-29T13:46:20.070-05:00  INFO 19340 --- [mesa-service] [AsyncResolver-bootstrap-executor-%d] c.n.d.s.r.aws.ConfigClusterResolver      : Resolving eureka endpoints via configuration
2025-10-29T13:46:45.334-05:00  INFO 10324 --- [mesa-service] [AsyncResolver-bootstrap-executor-%d] c.n.d.s.r.aws.ConfigClusterResolver      : Resolving eureka endpoints via configuration
2025-10-29T13:46:49.434-05:00  INFO 17008 --- [mesa-service] [AsyncResolver-bootstrap-executor-%d] c.n.d.s.r.aws.ConfigClusterResolver      : Resolving eureka endpoints via configuration
2025-10-29T13:51:20.071-05:00  INFO 19340 --- [mesa-service] [AsyncResolver-bootstrap-executor-%d] c.n.d.s.r.aws.ConfigClusterResolver      : Resolving eureka endpoints via configuration
2025-10-29T13:51:45.350-05:00  INFO 10324 --- [mesa-service] [AsyncResolver-bootstrap-executor-%d] c.n.d.s.r.aws.ConfigClusterResolver      : Resolving eureka endpoints via configuration
2025-10-29T13:51:49.435-05:00  INFO 17008 --- [mesa-service] [AsyncResolver-bootstrap-executor-%d] c.n.d.s.r.aws.ConfigClusterResolver      : Resolving eureka endpoints via configuration
2025-10-29T13:56:20.079-05:00  INFO 19340 --- [mesa-service] [AsyncResolver-bootstrap-executor-%d] c.n.d.s.r.aws.ConfigClusterResolver      : Resolving eureka endpoints via configuration
2025-10-29T13:56:45.352-05:00  INFO 10324 --- [mesa-service] [AsyncResolver-bootstrap-executor-%d] c.n.d.s.r.aws.ConfigClusterResolver      : Resolving eureka endpoints via configuration
2025-10-29T13:56:49.446-05:00  INFO 17008 --- [mesa-service] [AsyncResolver-bootstrap-executor-%d] c.n.d.s.r.aws.ConfigClusterResolver      : Resolving eureka endpoints via configuration
2025-10-29T14:01:20.094-05:00  INFO 19340 --- [mesa-service] [AsyncResolver-bootstrap-executor-%d] c.n.d.s.r.aws.ConfigClusterResolver      : Resolving eureka endpoints via configuration
2025-10-29T14:01:45.367-05:00  INFO 10324 --- [mesa-service] [AsyncResolver-bootstrap-executor-%d] c.n.d.s.r.aws.ConfigClusterResolver      : Resolving eureka endpoints via configuration
2025-10-29T14:01:49.449-05:00  INFO 17008 --- [mesa-service] [AsyncResolver-bootstrap-executor-%d] c.n.d.s.r.aws.ConfigClusterResolver      : Resolving eureka endpoints via configuration
2025-10-29T14:06:20.109-05:00  INFO 19340 --- [mesa-service] [AsyncResolver-bootstrap-executor-%d] c.n.d.s.r.aws.ConfigClusterResolver      : Resolving eureka endpoints via configuration
2025-10-29T14:06:45.399-05:00  INFO 10324 --- [mesa-service] [AsyncResolver-bootstrap-executor-%d] c.n.d.s.r.aws.ConfigClusterResolver      : Resolving eureka endpoints via configuration
2025-10-29T14:06:49.465-05:00  INFO 17008 --- [mesa-service] [AsyncResolver-bootstrap-executor-%d] c.n.d.s.r.aws.ConfigClusterResolver      : Resolving eureka endpoints via configuration
2025-10-29T14:11:20.125-05:00  INFO 19340 --- [mesa-service] [AsyncResolver-bootstrap-executor-%d] c.n.d.s.r.aws.ConfigClusterResolver      : Resolving eureka endpoints via configuration
2025-10-29T14:11:45.407-05:00  INFO 10324 --- [mesa-service] [AsyncResolver-bootstrap-executor-%d] c.n.d.s.r.aws.ConfigClusterResolver      : Resolving eureka endpoints via configuration
2025-10-29T14:11:49.477-05:00  INFO 17008 --- [mesa-service] [AsyncResolver-bootstrap-executor-%d] c.n.d.s.r.aws.ConfigClusterResolver      : Resolving eureka endpoints via configuration
