2025-10-29T00:01:37.331-05:00  INFO 26052 --- [user-service] [AsyncResolver-bootstrap-executor-%d] c.n.d.s.r.aws.ConfigClusterResolver      : Resolving eureka endpoints via configuration
2025-10-29T00:06:37.352-05:00  INFO 26052 --- [user-service] [AsyncResolver-bootstrap-executor-%d] c.n.d.s.r.aws.ConfigClusterResolver      : Resolving eureka endpoints via configuration
2025-10-29T00:11:37.353-05:00  INFO 26052 --- [user-service] [AsyncResolver-bootstrap-executor-%d] c.n.d.s.r.aws.ConfigClusterResolver      : Resolving eureka endpoints via configuration
2025-10-29T00:16:37.366-05:00  INFO 26052 --- [user-service] [AsyncResolver-bootstrap-executor-%d] c.n.d.s.r.aws.ConfigClusterResolver      : Resolving eureka endpoints via configuration
2025-10-29T00:21:37.378-05:00  INFO 26052 --- [user-service] [AsyncResolver-bootstrap-executor-%d] c.n.d.s.r.aws.ConfigClusterResolver      : Resolving eureka endpoints via configuration
2025-10-29T00:26:37.387-05:00  INFO 26052 --- [user-service] [AsyncResolver-bootstrap-executor-%d] c.n.d.s.r.aws.ConfigClusterResolver      : Resolving eureka endpoints via configuration
2025-10-29T00:31:37.390-05:00  INFO 26052 --- [user-service] [AsyncResolver-bootstrap-executor-%d] c.n.d.s.r.aws.ConfigClusterResolver      : Resolving eureka endpoints via configuration
2025-10-29T00:36:37.403-05:00  INFO 26052 --- [user-service] [AsyncResolver-bootstrap-executor-%d] c.n.d.s.r.aws.ConfigClusterResolver      : Resolving eureka endpoints via configuration
2025-10-29T00:41:37.404-05:00  INFO 26052 --- [user-service] [AsyncResolver-bootstrap-executor-%d] c.n.d.s.r.aws.ConfigClusterResolver      : Resolving eureka endpoints via configuration
2025-10-29T00:46:37.404-05:00  INFO 26052 --- [user-service] [AsyncResolver-bootstrap-executor-%d] c.n.d.s.r.aws.ConfigClusterResolver      : Resolving eureka endpoints via configuration
2025-10-29T00:51:37.420-05:00  INFO 26052 --- [user-service] [AsyncResolver-bootstrap-executor-%d] c.n.d.s.r.aws.ConfigClusterResolver      : Resolving eureka endpoints via configuration
2025-10-29T00:56:37.433-05:00  INFO 26052 --- [user-service] [AsyncResolver-bootstrap-executor-%d] c.n.d.s.r.aws.ConfigClusterResolver      : Resolving eureka endpoints via configuration
2025-10-29T01:01:37.449-05:00  INFO 26052 --- [user-service] [AsyncResolver-bootstrap-executor-%d] c.n.d.s.r.aws.ConfigClusterResolver      : Resolving eureka endpoints via configuration
2025-10-29T01:06:37.454-05:00  INFO 26052 --- [user-service] [AsyncResolver-bootstrap-executor-%d] c.n.d.s.r.aws.ConfigClusterResolver      : Resolving eureka endpoints via configuration
2025-10-29T01:11:37.456-05:00  INFO 26052 --- [user-service] [AsyncResolver-bootstrap-executor-%d] c.n.d.s.r.aws.ConfigClusterResolver      : Resolving eureka endpoints via configuration
2025-10-29T01:16:37.457-05:00  INFO 26052 --- [user-service] [AsyncResolver-bootstrap-executor-%d] c.n.d.s.r.aws.ConfigClusterResolver      : Resolving eureka endpoints via configuration
2025-10-29T01:21:37.458-05:00  INFO 26052 --- [user-service] [AsyncResolver-bootstrap-executor-%d] c.n.d.s.r.aws.ConfigClusterResolver      : Resolving eureka endpoints via configuration
2025-10-29T01:26:37.472-05:00  INFO 26052 --- [user-service] [AsyncResolver-bootstrap-executor-%d] c.n.d.s.r.aws.ConfigClusterResolver      : Resolving eureka endpoints via configuration
2025-10-29T01:31:37.480-05:00  INFO 26052 --- [user-service] [AsyncResolver-bootstrap-executor-%d] c.n.d.s.r.aws.ConfigClusterResolver      : Resolving eureka endpoints via configuration
2025-10-29T01:36:37.489-05:00  INFO 26052 --- [user-service] [AsyncResolver-bootstrap-executor-%d] c.n.d.s.r.aws.ConfigClusterResolver      : Resolving eureka endpoints via configuration
2025-10-29T01:41:37.504-05:00  INFO 26052 --- [user-service] [AsyncResolver-bootstrap-executor-%d] c.n.d.s.r.aws.ConfigClusterResolver      : Resolving eureka endpoints via configuration
2025-10-29T01:45:05.617-05:00  INFO 26052 --- [user-service] [RMI TCP Connection(164)-127.0.0.1] inMXBeanRegistrar$SpringApplicationAdmin : Application shutdown requested.
2025-10-29T01:45:05.656-05:00  INFO 26052 --- [user-service] [RMI TCP Connection(164)-127.0.0.1] o.s.c.n.e.s.EurekaServiceRegistry        : Unregistering application USER-SERVICE with eureka with status DOWN
2025-10-29T01:45:05.657-05:00  INFO 26052 --- [user-service] [RMI TCP Connection(164)-127.0.0.1] com.netflix.discovery.DiscoveryClient    : Saw local status change event StatusChangeEvent [timestamp=1761720305657, current=DOWN, previous=UP]
2025-10-29T01:45:05.657-05:00  INFO 26052 --- [user-service] [DiscoveryClient-InstanceInfoReplicator-%d] com.netflix.discovery.DiscoveryClient    : DiscoveryClient_USER-SERVICE/user-service:3802066ae89d315b1b1090196421238d: registering service...
2025-10-29T01:45:05.737-05:00  INFO 26052 --- [user-service] [RMI TCP Connection(164)-127.0.0.1] o.s.b.w.e.tomcat.GracefulShutdown        : Commencing graceful shutdown. Waiting for active requests to complete
2025-10-29T01:45:05.752-05:00  INFO 26052 --- [user-service] [DiscoveryClient-InstanceInfoReplicator-%d] com.netflix.discovery.DiscoveryClient    : DiscoveryClient_USER-SERVICE/user-service:3802066ae89d315b1b1090196421238d - registration status: 204
2025-10-29T01:45:05.781-05:00  INFO 26052 --- [user-service] [tomcat-shutdown] o.s.b.w.e.tomcat.GracefulShutdown        : Graceful shutdown complete
2025-10-29T01:45:05.943-05:00  INFO 26052 --- [user-service] [RMI TCP Connection(164)-127.0.0.1] j.LocalContainerEntityManagerFactoryBean : Closing JPA EntityManagerFactory for persistence unit 'default'
2025-10-29T01:45:06.069-05:00  INFO 26052 --- [user-service] [RMI TCP Connection(164)-127.0.0.1] com.zaxxer.hikari.HikariDataSource       : HikariPool-1 - Shutdown initiated...
2025-10-29T01:45:06.090-05:00  INFO 26052 --- [user-service] [RMI TCP Connection(164)-127.0.0.1] com.zaxxer.hikari.HikariDataSource       : HikariPool-1 - Shutdown completed.
2025-10-29T01:45:06.096-05:00  INFO 26052 --- [user-service] [RMI TCP Connection(164)-127.0.0.1] com.netflix.discovery.DiscoveryClient    : Shutting down DiscoveryClient ...
2025-10-29T01:45:09.113-05:00  INFO 26052 --- [user-service] [RMI TCP Connection(164)-127.0.0.1] com.netflix.discovery.DiscoveryClient    : Unregistering ...
2025-10-29T01:45:09.155-05:00  INFO 26052 --- [user-service] [RMI TCP Connection(164)-127.0.0.1] c.n.d.s.t.d.RedirectingEurekaHttpClient  : Request execution error. endpoint=DefaultEndpoint{ serviceUrl='http://localhost:8761/eureka/} exception=I/O error on DELETE request for "http://localhost:8761/eureka/apps/USER-SERVICE/user-service:3802066ae89d315b1b1090196421238d": Connect to http://localhost:8761 [localhost/127.0.0.1, localhost/0:0:0:0:0:0:0:1] failed: Connection refused: getsockopt stacktrace=org.springframework.web.client.ResourceAccessException: I/O error on DELETE request for "http://localhost:8761/eureka/apps/USER-SERVICE/user-service:3802066ae89d315b1b1090196421238d": Connect to http://localhost:8761 [localhost/127.0.0.1, localhost/0:0:0:0:0:0:0:1] failed: Connection refused: getsockopt
	at org.springframework.web.client.RestTemplate.createResourceAccessException(RestTemplate.java:926)
	at org.springframework.web.client.RestTemplate.doExecute(RestTemplate.java:906)
	at org.springframework.web.client.RestTemplate.execute(RestTemplate.java:841)
	at org.springframework.web.client.RestTemplate.exchange(RestTemplate.java:702)
	at org.springframework.cloud.netflix.eureka.http.RestTemplateEurekaHttpClient.cancel(RestTemplateEurekaHttpClient.java:100)
	at com.netflix.discovery.shared.transport.decorator.EurekaHttpClientDecorator$2.execute(EurekaHttpClientDecorator.java:74)
	at com.netflix.discovery.shared.transport.decorator.RedirectingEurekaHttpClient.execute(RedirectingEurekaHttpClient.java:91)
	at com.netflix.discovery.shared.transport.decorator.EurekaHttpClientDecorator.cancel(EurekaHttpClientDecorator.java:71)
	at com.netflix.discovery.shared.transport.decorator.EurekaHttpClientDecorator$2.execute(EurekaHttpClientDecorator.java:74)
	at com.netflix.discovery.shared.transport.decorator.RetryableEurekaHttpClient.execute(RetryableEurekaHttpClient.java:120)
	at com.netflix.discovery.shared.transport.decorator.EurekaHttpClientDecorator.cancel(EurekaHttpClientDecorator.java:71)
	at com.netflix.discovery.shared.transport.decorator.EurekaHttpClientDecorator$2.execute(EurekaHttpClientDecorator.java:74)
	at com.netflix.discovery.shared.transport.decorator.SessionedEurekaHttpClient.execute(SessionedEurekaHttpClient.java:76)
	at com.netflix.discovery.shared.transport.decorator.EurekaHttpClientDecorator.cancel(EurekaHttpClientDecorator.java:71)
	at com.netflix.discovery.DiscoveryClient.unregister(DiscoveryClient.java:919)
	at com.netflix.discovery.DiscoveryClient.shutdown(DiscoveryClient.java:900)
	at java.base/jdk.internal.reflect.DirectMethodHandleAccessor.invoke(DirectMethodHandleAccessor.java:103)
	at java.base/java.lang.reflect.Method.invoke(Method.java:580)
	at org.springframework.beans.factory.annotation.InitDestroyAnnotationBeanPostProcessor$LifecycleMethod.invoke(InitDestroyAnnotationBeanPostProcessor.java:457)
	at org.springframework.beans.factory.annotation.InitDestroyAnnotationBeanPostProcessor$LifecycleMetadata.invokeDestroyMethods(InitDestroyAnnotationBeanPostProcessor.java:415)
	at org.springframework.beans.factory.annotation.InitDestroyAnnotationBeanPostProcessor.postProcessBeforeDestruction(InitDestroyAnnotationBeanPostProcessor.java:239)
	at org.springframework.beans.factory.support.DisposableBeanAdapter.destroy(DisposableBeanAdapter.java:203)
	at org.springframework.beans.factory.support.DisposableBeanAdapter.run(DisposableBeanAdapter.java:196)
	at org.springframework.cloud.context.scope.GenericScope$BeanLifecycleWrapper.destroy(GenericScope.java:389)
	at org.springframework.cloud.context.scope.GenericScope.destroy(GenericScope.java:136)
	at org.springframework.beans.factory.support.DisposableBeanAdapter.destroy(DisposableBeanAdapter.java:212)
	at org.springframework.beans.factory.support.DefaultSingletonBeanRegistry.destroyBean(DefaultSingletonBeanRegistry.java:798)
	at org.springframework.beans.factory.support.DefaultSingletonBeanRegistry.destroySingleton(DefaultSingletonBeanRegistry.java:748)
	at org.springframework.beans.factory.support.DefaultListableBeanFactory.destroySingleton(DefaultListableBeanFactory.java:1489)
	at org.springframework.beans.factory.support.DefaultSingletonBeanRegistry.destroySingletons(DefaultSingletonBeanRegistry.java:707)
	at org.springframework.beans.factory.support.DefaultListableBeanFactory.destroySingletons(DefaultListableBeanFactory.java:1482)
	at org.springframework.context.support.AbstractApplicationContext.destroyBeans(AbstractApplicationContext.java:1219)
	at org.springframework.context.support.AbstractApplicationContext.doClose(AbstractApplicationContext.java:1180)
	at org.springframework.boot.web.servlet.context.ServletWebServerApplicationContext.doClose(ServletWebServerApplicationContext.java:179)
	at org.springframework.context.support.AbstractApplicationContext.close(AbstractApplicationContext.java:1126)
	at org.springframework.boot.admin.SpringApplicationAdminMXBeanRegistrar$SpringApplicationAdmin.shutdown(SpringApplicationAdminMXBeanRegistrar.java:160)
	at java.base/jdk.internal.reflect.DirectMethodHandleAccessor.invoke(DirectMethodHandleAccessor.java:103)
	at java.base/java.lang.reflect.Method.invoke(Method.java:580)
	at sun.reflect.misc.Trampoline.invoke(MethodUtil.java:64)
	at java.base/jdk.internal.reflect.DirectMethodHandleAccessor.invoke(DirectMethodHandleAccessor.java:103)
	at java.base/java.lang.reflect.Method.invoke(Method.java:580)
	at java.base/sun.reflect.misc.MethodUtil.invoke(MethodUtil.java:97)
	at java.management/com.sun.jmx.mbeanserver.ConvertingMethod.invokeWithOpenReturn(ConvertingMethod.java:193)
	at java.management/com.sun.jmx.mbeanserver.ConvertingMethod.invokeWithOpenReturn(ConvertingMethod.java:175)
	at java.management/com.sun.jmx.mbeanserver.MXBeanIntrospector.invokeM2(MXBeanIntrospector.java:115)
	at java.management/com.sun.jmx.mbeanserver.MXBeanIntrospector.invokeM2(MXBeanIntrospector.java:52)
	at java.management/com.sun.jmx.mbeanserver.MBeanIntrospector.invokeM(MBeanIntrospector.java:236)
	at java.management/com.sun.jmx.mbeanserver.PerInterface.invoke(PerInterface.java:138)
	at java.management/com.sun.jmx.mbeanserver.MBeanSupport.invoke(MBeanSupport.java:252)
	at java.management/com.sun.jmx.interceptor.DefaultMBeanServerInterceptor.invoke(DefaultMBeanServerInterceptor.java:803)
	at java.management/com.sun.jmx.mbeanserver.JmxMBeanServer.invoke(JmxMBeanServer.java:802)
	at java.management.rmi/javax.management.remote.rmi.RMIConnectionImpl.doOperation(RMIConnectionImpl.java:1472)
	at java.management.rmi/javax.management.remote.rmi.RMIConnectionImpl$PrivilegedOperation.run(RMIConnectionImpl.java:1310)
	at java.management.rmi/javax.management.remote.rmi.RMIConnectionImpl.doPrivilegedOperation(RMIConnectionImpl.java:1405)
	at java.management.rmi/javax.management.remote.rmi.RMIConnectionImpl.invoke(RMIConnectionImpl.java:829)
	at java.base/jdk.internal.reflect.DirectMethodHandleAccessor.invoke(DirectMethodHandleAccessor.java:103)
	at java.base/java.lang.reflect.Method.invoke(Method.java:580)
	at java.rmi/sun.rmi.server.UnicastServerRef.dispatch(UnicastServerRef.java:360)
	at java.rmi/sun.rmi.transport.Transport$1.run(Transport.java:200)
	at java.rmi/sun.rmi.transport.Transport$1.run(Transport.java:197)
	at java.base/java.security.AccessController.doPrivileged(AccessController.java:714)
	at java.rmi/sun.rmi.transport.Transport.serviceCall(Transport.java:196)
	at java.rmi/sun.rmi.transport.tcp.TCPTransport.handleMessages(TCPTransport.java:598)
	at java.rmi/sun.rmi.transport.tcp.TCPTransport$ConnectionHandler.run0(TCPTransport.java:844)
	at java.rmi/sun.rmi.transport.tcp.TCPTransport$ConnectionHandler.lambda$run$0(TCPTransport.java:721)
	at java.base/java.security.AccessController.doPrivileged(AccessController.java:400)
	at java.rmi/sun.rmi.transport.tcp.TCPTransport$ConnectionHandler.run(TCPTransport.java:720)
	at java.base/java.util.concurrent.ThreadPoolExecutor.runWorker(ThreadPoolExecutor.java:1144)
	at java.base/java.util.concurrent.ThreadPoolExecutor$Worker.run(ThreadPoolExecutor.java:642)
	at java.base/java.lang.Thread.run(Thread.java:1583)
Caused by: org.apache.hc.client5.http.HttpHostConnectException: Connect to http://localhost:8761 [localhost/127.0.0.1, localhost/0:0:0:0:0:0:0:1] failed: Connection refused: getsockopt
	at java.base/sun.nio.ch.Net.pollConnect(Native Method)
	at java.base/sun.nio.ch.Net.pollConnectNow(Net.java:682)
	at java.base/sun.nio.ch.NioSocketImpl.timedFinishConnect(NioSocketImpl.java:542)
	at java.base/sun.nio.ch.NioSocketImpl.connect(NioSocketImpl.java:592)
	at java.base/java.net.SocksSocketImpl.connect(SocksSocketImpl.java:327)
	at java.base/java.net.Socket.connect(Socket.java:751)
	at org.apache.hc.client5.http.impl.io.DefaultHttpClientConnectionOperator.connect(DefaultHttpClientConnectionOperator.java:216)
	at org.apache.hc.client5.http.impl.io.PoolingHttpClientConnectionManager.connect(PoolingHttpClientConnectionManager.java:490)
	at org.apache.hc.client5.http.impl.classic.InternalExecRuntime.connectEndpoint(InternalExecRuntime.java:164)
	at org.apache.hc.client5.http.impl.classic.InternalExecRuntime.connectEndpoint(InternalExecRuntime.java:174)
	at org.apache.hc.client5.http.impl.classic.ConnectExec.execute(ConnectExec.java:144)
	at org.apache.hc.client5.http.impl.classic.ExecChainElement.execute(ExecChainElement.java:51)
	at org.apache.hc.client5.http.impl.classic.ProtocolExec.execute(ProtocolExec.java:192)
	at org.apache.hc.client5.http.impl.classic.ExecChainElement.execute(ExecChainElement.java:51)
	at org.apache.hc.client5.http.impl.classic.ContentCompressionExec.execute(ContentCompressionExec.java:150)
	at org.apache.hc.client5.http.impl.classic.ExecChainElement.execute(ExecChainElement.java:51)
	at org.apache.hc.client5.http.impl.classic.HttpRequestRetryExec.execute(HttpRequestRetryExec.java:113)
	at org.apache.hc.client5.http.impl.classic.ExecChainElement.execute(ExecChainElement.java:51)
	at org.apache.hc.client5.http.impl.classic.RedirectExec.execute(RedirectExec.java:110)
	at org.apache.hc.client5.http.impl.classic.ExecChainElement.execute(ExecChainElement.java:51)
	at org.apache.hc.client5.http.impl.classic.InternalHttpClient.doExecute(InternalHttpClient.java:183)
	at org.apache.hc.client5.http.impl.classic.CloseableHttpClient.execute(CloseableHttpClient.java:87)
	at org.apache.hc.client5.http.impl.classic.CloseableHttpClient.execute(CloseableHttpClient.java:55)
	at org.apache.hc.client5.http.classic.HttpClient.executeOpen(HttpClient.java:183)
	at org.springframework.http.client.HttpComponentsClientHttpRequest.executeInternal(HttpComponentsClientHttpRequest.java:99)
	at org.springframework.http.client.AbstractStreamingClientHttpRequest.executeInternal(AbstractStreamingClientHttpRequest.java:71)
	at org.springframework.http.client.AbstractClientHttpRequest.execute(AbstractClientHttpRequest.java:81)
	at org.springframework.http.client.InterceptingClientHttpRequest$InterceptingRequestExecution.execute(InterceptingClientHttpRequest.java:117)
	at org.springframework.cloud.netflix.eureka.http.RestTemplateTransportClientFactory.lambda$restTemplate$3(RestTemplateTransportClientFactory.java:141)
	at org.springframework.http.client.InterceptingClientHttpRequest$InterceptingRequestExecution.execute(InterceptingClientHttpRequest.java:88)
	at org.springframework.http.client.InterceptingClientHttpRequest.executeInternal(InterceptingClientHttpRequest.java:72)
	at org.springframework.http.client.AbstractBufferingClientHttpRequest.executeInternal(AbstractBufferingClientHttpRequest.java:48)
	at org.springframework.http.client.AbstractClientHttpRequest.execute(AbstractClientHttpRequest.java:81)
	at org.springframework.web.client.RestTemplate.doExecute(RestTemplate.java:900)
	... 68 more

2025-10-29T01:45:09.156-05:00  WARN 26052 --- [user-service] [RMI TCP Connection(164)-127.0.0.1] c.n.d.s.t.d.RetryableEurekaHttpClient    : Request execution failed with message: I/O error on DELETE request for "http://localhost:8761/eureka/apps/USER-SERVICE/user-service:3802066ae89d315b1b1090196421238d": Connect to http://localhost:8761 [localhost/127.0.0.1, localhost/0:0:0:0:0:0:0:1] failed: Connection refused: getsockopt
2025-10-29T01:45:09.166-05:00  INFO 26052 --- [user-service] [RMI TCP Connection(164)-127.0.0.1] c.n.d.s.t.d.RedirectingEurekaHttpClient  : Request execution error. endpoint=DefaultEndpoint{ serviceUrl='http://localhost:8761/eureka/}, exception=I/O error on DELETE request for "http://localhost:8761/eureka/apps/USER-SERVICE/user-service:3802066ae89d315b1b1090196421238d": Connect to http://localhost:8761 [localhost/127.0.0.1, localhost/0:0:0:0:0:0:0:1] failed: Connection refused: getsockopt stacktrace=org.springframework.web.client.ResourceAccessException: I/O error on DELETE request for "http://localhost:8761/eureka/apps/USER-SERVICE/user-service:3802066ae89d315b1b1090196421238d": Connect to http://localhost:8761 [localhost/127.0.0.1, localhost/0:0:0:0:0:0:0:1] failed: Connection refused: getsockopt
	at org.springframework.web.client.RestTemplate.createResourceAccessException(RestTemplate.java:926)
	at org.springframework.web.client.RestTemplate.doExecute(RestTemplate.java:906)
	at org.springframework.web.client.RestTemplate.execute(RestTemplate.java:841)
	at org.springframework.web.client.RestTemplate.exchange(RestTemplate.java:702)
	at org.springframework.cloud.netflix.eureka.http.RestTemplateEurekaHttpClient.cancel(RestTemplateEurekaHttpClient.java:100)
	at com.netflix.discovery.shared.transport.decorator.EurekaHttpClientDecorator$2.execute(EurekaHttpClientDecorator.java:74)
	at com.netflix.discovery.shared.transport.decorator.RedirectingEurekaHttpClient.executeOnNewServer(RedirectingEurekaHttpClient.java:121)
	at com.netflix.discovery.shared.transport.decorator.RedirectingEurekaHttpClient.execute(RedirectingEurekaHttpClient.java:80)
	at com.netflix.discovery.shared.transport.decorator.EurekaHttpClientDecorator.cancel(EurekaHttpClientDecorator.java:71)
	at com.netflix.discovery.shared.transport.decorator.EurekaHttpClientDecorator$2.execute(EurekaHttpClientDecorator.java:74)
	at com.netflix.discovery.shared.transport.decorator.RetryableEurekaHttpClient.execute(RetryableEurekaHttpClient.java:120)
	at com.netflix.discovery.shared.transport.decorator.EurekaHttpClientDecorator.cancel(EurekaHttpClientDecorator.java:71)
	at com.netflix.discovery.shared.transport.decorator.EurekaHttpClientDecorator$2.execute(EurekaHttpClientDecorator.java:74)
	at com.netflix.discovery.shared.transport.decorator.SessionedEurekaHttpClient.execute(SessionedEurekaHttpClient.java:76)
	at com.netflix.discovery.shared.transport.decorator.EurekaHttpClientDecorator.cancel(EurekaHttpClientDecorator.java:71)
	at com.netflix.discovery.DiscoveryClient.unregister(DiscoveryClient.java:919)
	at com.netflix.discovery.DiscoveryClient.shutdown(DiscoveryClient.java:900)
	at java.base/jdk.internal.reflect.DirectMethodHandleAccessor.invoke(DirectMethodHandleAccessor.java:103)
	at java.base/java.lang.reflect.Method.invoke(Method.java:580)
	at org.springframework.beans.factory.annotation.InitDestroyAnnotationBeanPostProcessor$LifecycleMethod.invoke(InitDestroyAnnotationBeanPostProcessor.java:457)
	at org.springframework.beans.factory.annotation.InitDestroyAnnotationBeanPostProcessor$LifecycleMetadata.invokeDestroyMethods(InitDestroyAnnotationBeanPostProcessor.java:415)
	at org.springframework.beans.factory.annotation.InitDestroyAnnotationBeanPostProcessor.postProcessBeforeDestruction(InitDestroyAnnotationBeanPostProcessor.java:239)
	at org.springframework.beans.factory.support.DisposableBeanAdapter.destroy(DisposableBeanAdapter.java:203)
	at org.springframework.beans.factory.support.DisposableBeanAdapter.run(DisposableBeanAdapter.java:196)
	at org.springframework.cloud.context.scope.GenericScope$BeanLifecycleWrapper.destroy(GenericScope.java:389)
	at org.springframework.cloud.context.scope.GenericScope.destroy(GenericScope.java:136)
	at org.springframework.beans.factory.support.DisposableBeanAdapter.destroy(DisposableBeanAdapter.java:212)
	at org.springframework.beans.factory.support.DefaultSingletonBeanRegistry.destroyBean(DefaultSingletonBeanRegistry.java:798)
	at org.springframework.beans.factory.support.DefaultSingletonBeanRegistry.destroySingleton(DefaultSingletonBeanRegistry.java:748)
	at org.springframework.beans.factory.support.DefaultListableBeanFactory.destroySingleton(DefaultListableBeanFactory.java:1489)
	at org.springframework.beans.factory.support.DefaultSingletonBeanRegistry.destroySingletons(DefaultSingletonBeanRegistry.java:707)
	at org.springframework.beans.factory.support.DefaultListableBeanFactory.destroySingletons(DefaultListableBeanFactory.java:1482)
	at org.springframework.context.support.AbstractApplicationContext.destroyBeans(AbstractApplicationContext.java:1219)
	at org.springframework.context.support.AbstractApplicationContext.doClose(AbstractApplicationContext.java:1180)
	at org.springframework.boot.web.servlet.context.ServletWebServerApplicationContext.doClose(ServletWebServerApplicationContext.java:179)
	at org.springframework.context.support.AbstractApplicationContext.close(AbstractApplicationContext.java:1126)
	at org.springframework.boot.admin.SpringApplicationAdminMXBeanRegistrar$SpringApplicationAdmin.shutdown(SpringApplicationAdminMXBeanRegistrar.java:160)
	at java.base/jdk.internal.reflect.DirectMethodHandleAccessor.invoke(DirectMethodHandleAccessor.java:103)
	at java.base/java.lang.reflect.Method.invoke(Method.java:580)
	at sun.reflect.misc.Trampoline.invoke(MethodUtil.java:64)
	at java.base/jdk.internal.reflect.DirectMethodHandleAccessor.invoke(DirectMethodHandleAccessor.java:103)
	at java.base/java.lang.reflect.Method.invoke(Method.java:580)
	at java.base/sun.reflect.misc.MethodUtil.invoke(MethodUtil.java:97)
	at java.management/com.sun.jmx.mbeanserver.ConvertingMethod.invokeWithOpenReturn(ConvertingMethod.java:193)
	at java.management/com.sun.jmx.mbeanserver.ConvertingMethod.invokeWithOpenReturn(ConvertingMethod.java:175)
	at java.management/com.sun.jmx.mbeanserver.MXBeanIntrospector.invokeM2(MXBeanIntrospector.java:115)
	at java.management/com.sun.jmx.mbeanserver.MXBeanIntrospector.invokeM2(MXBeanIntrospector.java:52)
	at java.management/com.sun.jmx.mbeanserver.MBeanIntrospector.invokeM(MBeanIntrospector.java:236)
	at java.management/com.sun.jmx.mbeanserver.PerInterface.invoke(PerInterface.java:138)
	at java.management/com.sun.jmx.mbeanserver.MBeanSupport.invoke(MBeanSupport.java:252)
	at java.management/com.sun.jmx.interceptor.DefaultMBeanServerInterceptor.invoke(DefaultMBeanServerInterceptor.java:803)
	at java.management/com.sun.jmx.mbeanserver.JmxMBeanServer.invoke(JmxMBeanServer.java:802)
	at java.management.rmi/javax.management.remote.rmi.RMIConnectionImpl.doOperation(RMIConnectionImpl.java:1472)
	at java.management.rmi/javax.management.remote.rmi.RMIConnectionImpl$PrivilegedOperation.run(RMIConnectionImpl.java:1310)
	at java.management.rmi/javax.management.remote.rmi.RMIConnectionImpl.doPrivilegedOperation(RMIConnectionImpl.java:1405)
	at java.management.rmi/javax.management.remote.rmi.RMIConnectionImpl.invoke(RMIConnectionImpl.java:829)
	at java.base/jdk.internal.reflect.DirectMethodHandleAccessor.invoke(DirectMethodHandleAccessor.java:103)
	at java.base/java.lang.reflect.Method.invoke(Method.java:580)
	at java.rmi/sun.rmi.server.UnicastServerRef.dispatch(UnicastServerRef.java:360)
	at java.rmi/sun.rmi.transport.Transport$1.run(Transport.java:200)
	at java.rmi/sun.rmi.transport.Transport$1.run(Transport.java:197)
	at java.base/java.security.AccessController.doPrivileged(AccessController.java:714)
	at java.rmi/sun.rmi.transport.Transport.serviceCall(Transport.java:196)
	at java.rmi/sun.rmi.transport.tcp.TCPTransport.handleMessages(TCPTransport.java:598)
	at java.rmi/sun.rmi.transport.tcp.TCPTransport$ConnectionHandler.run0(TCPTransport.java:844)
	at java.rmi/sun.rmi.transport.tcp.TCPTransport$ConnectionHandler.lambda$run$0(TCPTransport.java:721)
	at java.base/java.security.AccessController.doPrivileged(AccessController.java:400)
	at java.rmi/sun.rmi.transport.tcp.TCPTransport$ConnectionHandler.run(TCPTransport.java:720)
	at java.base/java.util.concurrent.ThreadPoolExecutor.runWorker(ThreadPoolExecutor.java:1144)
	at java.base/java.util.concurrent.ThreadPoolExecutor$Worker.run(ThreadPoolExecutor.java:642)
	at java.base/java.lang.Thread.run(Thread.java:1583)
Caused by: org.apache.hc.client5.http.HttpHostConnectException: Connect to http://localhost:8761 [localhost/127.0.0.1, localhost/0:0:0:0:0:0:0:1] failed: Connection refused: getsockopt
	at java.base/sun.nio.ch.Net.pollConnect(Native Method)
	at java.base/sun.nio.ch.Net.pollConnectNow(Net.java:682)
	at java.base/sun.nio.ch.NioSocketImpl.timedFinishConnect(NioSocketImpl.java:542)
	at java.base/sun.nio.ch.NioSocketImpl.connect(NioSocketImpl.java:592)
	at java.base/java.net.SocksSocketImpl.connect(SocksSocketImpl.java:327)
	at java.base/java.net.Socket.connect(Socket.java:751)
	at org.apache.hc.client5.http.impl.io.DefaultHttpClientConnectionOperator.connect(DefaultHttpClientConnectionOperator.java:216)
	at org.apache.hc.client5.http.impl.io.PoolingHttpClientConnectionManager.connect(PoolingHttpClientConnectionManager.java:490)
	at org.apache.hc.client5.http.impl.classic.InternalExecRuntime.connectEndpoint(InternalExecRuntime.java:164)
	at org.apache.hc.client5.http.impl.classic.InternalExecRuntime.connectEndpoint(InternalExecRuntime.java:174)
	at org.apache.hc.client5.http.impl.classic.ConnectExec.execute(ConnectExec.java:144)
	at org.apache.hc.client5.http.impl.classic.ExecChainElement.execute(ExecChainElement.java:51)
	at org.apache.hc.client5.http.impl.classic.ProtocolExec.execute(ProtocolExec.java:192)
	at org.apache.hc.client5.http.impl.classic.ExecChainElement.execute(ExecChainElement.java:51)
	at org.apache.hc.client5.http.impl.classic.ContentCompressionExec.execute(ContentCompressionExec.java:150)
	at org.apache.hc.client5.http.impl.classic.ExecChainElement.execute(ExecChainElement.java:51)
	at org.apache.hc.client5.http.impl.classic.HttpRequestRetryExec.execute(HttpRequestRetryExec.java:113)
	at org.apache.hc.client5.http.impl.classic.ExecChainElement.execute(ExecChainElement.java:51)
	at org.apache.hc.client5.http.impl.classic.RedirectExec.execute(RedirectExec.java:110)
	at org.apache.hc.client5.http.impl.classic.ExecChainElement.execute(ExecChainElement.java:51)
	at org.apache.hc.client5.http.impl.classic.InternalHttpClient.doExecute(InternalHttpClient.java:183)
	at org.apache.hc.client5.http.impl.classic.CloseableHttpClient.execute(CloseableHttpClient.java:87)
	at org.apache.hc.client5.http.impl.classic.CloseableHttpClient.execute(CloseableHttpClient.java:55)
	at org.apache.hc.client5.http.classic.HttpClient.executeOpen(HttpClient.java:183)
	at org.springframework.http.client.HttpComponentsClientHttpRequest.executeInternal(HttpComponentsClientHttpRequest.java:99)
	at org.springframework.http.client.AbstractStreamingClientHttpRequest.executeInternal(AbstractStreamingClientHttpRequest.java:71)
	at org.springframework.http.client.AbstractClientHttpRequest.execute(AbstractClientHttpRequest.java:81)
	at org.springframework.http.client.InterceptingClientHttpRequest$InterceptingRequestExecution.execute(InterceptingClientHttpRequest.java:117)
	at org.springframework.cloud.netflix.eureka.http.RestTemplateTransportClientFactory.lambda$restTemplate$3(RestTemplateTransportClientFactory.java:141)
	at org.springframework.http.client.InterceptingClientHttpRequest$InterceptingRequestExecution.execute(InterceptingClientHttpRequest.java:88)
	at org.springframework.http.client.InterceptingClientHttpRequest.executeInternal(InterceptingClientHttpRequest.java:72)
	at org.springframework.http.client.AbstractBufferingClientHttpRequest.executeInternal(AbstractBufferingClientHttpRequest.java:48)
	at org.springframework.http.client.AbstractClientHttpRequest.execute(AbstractClientHttpRequest.java:81)
	at org.springframework.web.client.RestTemplate.doExecute(RestTemplate.java:900)
	... 69 more

2025-10-29T01:45:09.167-05:00  WARN 26052 --- [user-service] [RMI TCP Connection(164)-127.0.0.1] c.n.d.s.t.d.RetryableEurekaHttpClient    : Request execution failed with message: I/O error on DELETE request for "http://localhost:8761/eureka/apps/USER-SERVICE/user-service:3802066ae89d315b1b1090196421238d": Connect to http://localhost:8761 [localhost/127.0.0.1, localhost/0:0:0:0:0:0:0:1] failed: Connection refused: getsockopt
2025-10-29T01:45:09.167-05:00 ERROR 26052 --- [user-service] [RMI TCP Connection(164)-127.0.0.1] com.netflix.discovery.DiscoveryClient    : DiscoveryClient_USER-SERVICE/user-service:3802066ae89d315b1b1090196421238d - de-registration failedCannot execute request on any known server

com.netflix.discovery.shared.transport.TransportException: Cannot execute request on any known server
	at com.netflix.discovery.shared.transport.decorator.RetryableEurekaHttpClient.execute(RetryableEurekaHttpClient.java:112) ~[eureka-client-2.0.4.jar:2.0.4]
	at com.netflix.discovery.shared.transport.decorator.EurekaHttpClientDecorator.cancel(EurekaHttpClientDecorator.java:71) ~[eureka-client-2.0.4.jar:2.0.4]
	at com.netflix.discovery.shared.transport.decorator.EurekaHttpClientDecorator$2.execute(EurekaHttpClientDecorator.java:74) ~[eureka-client-2.0.4.jar:2.0.4]
	at com.netflix.discovery.shared.transport.decorator.SessionedEurekaHttpClient.execute(SessionedEurekaHttpClient.java:76) ~[eureka-client-2.0.4.jar:2.0.4]
	at com.netflix.discovery.shared.transport.decorator.EurekaHttpClientDecorator.cancel(EurekaHttpClientDecorator.java:71) ~[eureka-client-2.0.4.jar:2.0.4]
	at com.netflix.discovery.DiscoveryClient.unregister(DiscoveryClient.java:919) ~[eureka-client-2.0.4.jar:2.0.4]
	at com.netflix.discovery.DiscoveryClient.shutdown(DiscoveryClient.java:900) ~[eureka-client-2.0.4.jar:2.0.4]
	at java.base/jdk.internal.reflect.DirectMethodHandleAccessor.invoke(DirectMethodHandleAccessor.java:103) ~[na:na]
	at java.base/java.lang.reflect.Method.invoke(Method.java:580) ~[na:na]
	at org.springframework.beans.factory.annotation.InitDestroyAnnotationBeanPostProcessor$LifecycleMethod.invoke(InitDestroyAnnotationBeanPostProcessor.java:457) ~[spring-beans-6.2.11.jar:6.2.11]
	at org.springframework.beans.factory.annotation.InitDestroyAnnotationBeanPostProcessor$LifecycleMetadata.invokeDestroyMethods(InitDestroyAnnotationBeanPostProcessor.java:415) ~[spring-beans-6.2.11.jar:6.2.11]
	at org.springframework.beans.factory.annotation.InitDestroyAnnotationBeanPostProcessor.postProcessBeforeDestruction(InitDestroyAnnotationBeanPostProcessor.java:239) ~[spring-beans-6.2.11.jar:6.2.11]
	at org.springframework.beans.factory.support.DisposableBeanAdapter.destroy(DisposableBeanAdapter.java:203) ~[spring-beans-6.2.11.jar:6.2.11]
	at org.springframework.beans.factory.support.DisposableBeanAdapter.run(DisposableBeanAdapter.java:196) ~[spring-beans-6.2.11.jar:6.2.11]
	at org.springframework.cloud.context.scope.GenericScope$BeanLifecycleWrapper.destroy(GenericScope.java:389) ~[spring-cloud-context-4.2.0.jar:4.2.0]
	at org.springframework.cloud.context.scope.GenericScope.destroy(GenericScope.java:136) ~[spring-cloud-context-4.2.0.jar:4.2.0]
	at org.springframework.beans.factory.support.DisposableBeanAdapter.destroy(DisposableBeanAdapter.java:212) ~[spring-beans-6.2.11.jar:6.2.11]
	at org.springframework.beans.factory.support.DefaultSingletonBeanRegistry.destroyBean(DefaultSingletonBeanRegistry.java:798) ~[spring-beans-6.2.11.jar:6.2.11]
	at org.springframework.beans.factory.support.DefaultSingletonBeanRegistry.destroySingleton(DefaultSingletonBeanRegistry.java:748) ~[spring-beans-6.2.11.jar:6.2.11]
	at org.springframework.beans.factory.support.DefaultListableBeanFactory.destroySingleton(DefaultListableBeanFactory.java:1489) ~[spring-beans-6.2.11.jar:6.2.11]
	at org.springframework.beans.factory.support.DefaultSingletonBeanRegistry.destroySingletons(DefaultSingletonBeanRegistry.java:707) ~[spring-beans-6.2.11.jar:6.2.11]
	at org.springframework.beans.factory.support.DefaultListableBeanFactory.destroySingletons(DefaultListableBeanFactory.java:1482) ~[spring-beans-6.2.11.jar:6.2.11]
	at org.springframework.context.support.AbstractApplicationContext.destroyBeans(AbstractApplicationContext.java:1219) ~[spring-context-6.2.11.jar:6.2.11]
	at org.springframework.context.support.AbstractApplicationContext.doClose(AbstractApplicationContext.java:1180) ~[spring-context-6.2.11.jar:6.2.11]
	at org.springframework.boot.web.servlet.context.ServletWebServerApplicationContext.doClose(ServletWebServerApplicationContext.java:179) ~[spring-boot-3.4.10.jar:3.4.10]
	at org.springframework.context.support.AbstractApplicationContext.close(AbstractApplicationContext.java:1126) ~[spring-context-6.2.11.jar:6.2.11]
	at org.springframework.boot.admin.SpringApplicationAdminMXBeanRegistrar$SpringApplicationAdmin.shutdown(SpringApplicationAdminMXBeanRegistrar.java:160) ~[spring-boot-3.4.10.jar:3.4.10]
	at java.base/jdk.internal.reflect.DirectMethodHandleAccessor.invoke(DirectMethodHandleAccessor.java:103) ~[na:na]
	at java.base/java.lang.reflect.Method.invoke(Method.java:580) ~[na:na]
	at sun.reflect.misc.Trampoline.invoke(MethodUtil.java:64) ~[na:na]
	at java.base/jdk.internal.reflect.DirectMethodHandleAccessor.invoke(DirectMethodHandleAccessor.java:103) ~[na:na]
	at java.base/java.lang.reflect.Method.invoke(Method.java:580) ~[na:na]
	at java.base/sun.reflect.misc.MethodUtil.invoke(MethodUtil.java:97) ~[na:na]
	at java.management/com.sun.jmx.mbeanserver.ConvertingMethod.invokeWithOpenReturn(ConvertingMethod.java:193) ~[na:na]
	at java.management/com.sun.jmx.mbeanserver.ConvertingMethod.invokeWithOpenReturn(ConvertingMethod.java:175) ~[na:na]
	at java.management/com.sun.jmx.mbeanserver.MXBeanIntrospector.invokeM2(MXBeanIntrospector.java:115) ~[na:na]
	at java.management/com.sun.jmx.mbeanserver.MXBeanIntrospector.invokeM2(MXBeanIntrospector.java:52) ~[na:na]
	at java.management/com.sun.jmx.mbeanserver.MBeanIntrospector.invokeM(MBeanIntrospector.java:236) ~[na:na]
	at java.management/com.sun.jmx.mbeanserver.PerInterface.invoke(PerInterface.java:138) ~[na:na]
	at java.management/com.sun.jmx.mbeanserver.MBeanSupport.invoke(MBeanSupport.java:252) ~[na:na]
	at java.management/com.sun.jmx.interceptor.DefaultMBeanServerInterceptor.invoke(DefaultMBeanServerInterceptor.java:803) ~[na:na]
	at java.management/com.sun.jmx.mbeanserver.JmxMBeanServer.invoke(JmxMBeanServer.java:802) ~[na:na]
	at java.management.rmi/javax.management.remote.rmi.RMIConnectionImpl.doOperation(RMIConnectionImpl.java:1472) ~[na:na]
	at java.management.rmi/javax.management.remote.rmi.RMIConnectionImpl$PrivilegedOperation.run(RMIConnectionImpl.java:1310) ~[na:na]
	at java.management.rmi/javax.management.remote.rmi.RMIConnectionImpl.doPrivilegedOperation(RMIConnectionImpl.java:1405) ~[na:na]
	at java.management.rmi/javax.management.remote.rmi.RMIConnectionImpl.invoke(RMIConnectionImpl.java:829) ~[na:na]
	at java.base/jdk.internal.reflect.DirectMethodHandleAccessor.invoke(DirectMethodHandleAccessor.java:103) ~[na:na]
	at java.base/java.lang.reflect.Method.invoke(Method.java:580) ~[na:na]
	at java.rmi/sun.rmi.server.UnicastServerRef.dispatch(UnicastServerRef.java:360) ~[na:na]
	at java.rmi/sun.rmi.transport.Transport$1.run(Transport.java:200) ~[na:na]
	at java.rmi/sun.rmi.transport.Transport$1.run(Transport.java:197) ~[na:na]
	at java.base/java.security.AccessController.doPrivileged(AccessController.java:714) ~[na:na]
	at java.rmi/sun.rmi.transport.Transport.serviceCall(Transport.java:196) ~[na:na]
	at java.rmi/sun.rmi.transport.tcp.TCPTransport.handleMessages(TCPTransport.java:598) ~[na:na]
	at java.rmi/sun.rmi.transport.tcp.TCPTransport$ConnectionHandler.run0(TCPTransport.java:844) ~[na:na]
	at java.rmi/sun.rmi.transport.tcp.TCPTransport$ConnectionHandler.lambda$run$0(TCPTransport.java:721) ~[na:na]
	at java.base/java.security.AccessController.doPrivileged(AccessController.java:400) ~[na:na]
	at java.rmi/sun.rmi.transport.tcp.TCPTransport$ConnectionHandler.run(TCPTransport.java:720) ~[na:na]
	at java.base/java.util.concurrent.ThreadPoolExecutor.runWorker(ThreadPoolExecutor.java:1144) ~[na:na]
	at java.base/java.util.concurrent.ThreadPoolExecutor$Worker.run(ThreadPoolExecutor.java:642) ~[na:na]
	at java.base/java.lang.Thread.run(Thread.java:1583) ~[na:na]

2025-10-29T01:45:09.189-05:00  INFO 26052 --- [user-service] [RMI TCP Connection(164)-127.0.0.1] com.netflix.discovery.DiscoveryClient    : Completed shut down of DiscoveryClient
2025-10-29T01:45:32.602-05:00  INFO 23068 --- [user-service] [restartedMain] org.cibertec.UserServiceApplication      : Starting UserServiceApplication using Java 21.0.8 with PID 23068 (C:\Users\ronca\OneDrive\Escritorio\Dev\DAW2\user-service\target\classes started by Arturo in C:\Users\ronca\OneDrive\Escritorio\Dev\DAW2\user-service)
2025-10-29T01:45:32.607-05:00  INFO 23068 --- [user-service] [restartedMain] org.cibertec.UserServiceApplication      : No active profile set, falling back to 1 default profile: "default"
2025-10-29T01:45:32.726-05:00  INFO 23068 --- [user-service] [restartedMain] o.s.c.c.c.ConfigServerConfigDataLoader   : Fetching config from server at : http://localhost:8888
2025-10-29T01:45:32.726-05:00  INFO 23068 --- [user-service] [restartedMain] o.s.c.c.c.ConfigServerConfigDataLoader   : Located environment: name=user-service, profiles=[default], label=null, version=null, state=null
2025-10-29T01:45:32.730-05:00  INFO 23068 --- [user-service] [restartedMain] .e.DevToolsPropertyDefaultsPostProcessor : Devtools property defaults active! Set 'spring.devtools.add-properties' to 'false' to disable
2025-10-29T01:45:32.731-05:00  INFO 23068 --- [user-service] [restartedMain] .e.DevToolsPropertyDefaultsPostProcessor : For additional web related logging consider setting the 'logging.level.web' property to 'DEBUG'
2025-10-29T01:45:36.594-05:00  INFO 23068 --- [user-service] [restartedMain] .s.d.r.c.RepositoryConfigurationDelegate : Bootstrapping Spring Data JPA repositories in DEFAULT mode.
2025-10-29T01:45:37.026-05:00  INFO 23068 --- [user-service] [restartedMain] .s.d.r.c.RepositoryConfigurationDelegate : Finished Spring Data repository scanning in 407 ms. Found 2 JPA repository interfaces.
2025-10-29T01:45:37.843-05:00  INFO 23068 --- [user-service] [restartedMain] o.s.cloud.context.scope.GenericScope     : BeanFactory id=ce9c1f7c-f6b6-3530-b72a-59d3aaa3356a
2025-10-29T01:45:39.155-05:00  INFO 23068 --- [user-service] [restartedMain] o.s.b.w.embedded.tomcat.TomcatWebServer  : Tomcat initialized with port 0 (http)
2025-10-29T01:45:39.198-05:00  INFO 23068 --- [user-service] [restartedMain] o.apache.catalina.core.StandardService   : Starting service [Tomcat]
2025-10-29T01:45:39.198-05:00  INFO 23068 --- [user-service] [restartedMain] o.apache.catalina.core.StandardEngine    : Starting Servlet engine: [Apache Tomcat/10.1.46]
2025-10-29T01:45:39.342-05:00  INFO 23068 --- [user-service] [restartedMain] o.a.c.c.C.[Tomcat].[localhost].[/]       : Initializing Spring embedded WebApplicationContext
2025-10-29T01:45:39.343-05:00  INFO 23068 --- [user-service] [restartedMain] w.s.c.ServletWebServerApplicationContext : Root WebApplicationContext: initialization completed in 6611 ms
2025-10-29T01:45:40.056-05:00  INFO 23068 --- [user-service] [restartedMain] com.zaxxer.hikari.HikariDataSource       : HikariPool-1 - Starting...
2025-10-29T01:45:40.855-05:00  INFO 23068 --- [user-service] [restartedMain] com.zaxxer.hikari.pool.HikariPool        : HikariPool-1 - Added connection com.mysql.cj.jdbc.ConnectionImpl@1634890d
2025-10-29T01:45:40.862-05:00  INFO 23068 --- [user-service] [restartedMain] com.zaxxer.hikari.HikariDataSource       : HikariPool-1 - Start completed.
2025-10-29T01:45:41.061-05:00  INFO 23068 --- [user-service] [restartedMain] o.hibernate.jpa.internal.util.LogHelper  : HHH000204: Processing PersistenceUnitInfo [name: default]
2025-10-29T01:45:41.389-05:00  INFO 23068 --- [user-service] [restartedMain] org.hibernate.Version                    : HHH000412: Hibernate ORM core version 6.6.29.Final
2025-10-29T01:45:41.569-05:00  INFO 23068 --- [user-service] [restartedMain] o.h.c.internal.RegionFactoryInitiator    : HHH000026: Second-level cache disabled
2025-10-29T01:45:42.461-05:00  INFO 23068 --- [user-service] [restartedMain] o.s.o.j.p.SpringPersistenceUnitInfo      : No LoadTimeWeaver setup: ignoring JPA class transformer
2025-10-29T01:45:42.799-05:00  INFO 23068 --- [user-service] [restartedMain] org.hibernate.orm.connections.pooling    : HHH10001005: Database info:
	Database JDBC URL [Connecting through datasource 'HikariDataSource (HikariPool-1)']
	Database driver: undefined/unknown
	Database version: 8.0.34
	Autocommit mode: undefined/unknown
	Isolation level: undefined/unknown
	Minimum pool size: undefined/unknown
	Maximum pool size: undefined/unknown
2025-10-29T01:45:45.594-05:00  INFO 23068 --- [user-service] [restartedMain] o.h.e.t.j.p.i.JtaPlatformInitiator       : HHH000489: No JTA platform available (set 'hibernate.transaction.jta.platform' to enable JTA platform integration)
2025-10-29T01:45:45.602-05:00  INFO 23068 --- [user-service] [restartedMain] j.LocalContainerEntityManagerFactoryBean : Initialized JPA EntityManagerFactory for persistence unit 'default'
2025-10-29T01:45:46.566-05:00  WARN 23068 --- [user-service] [restartedMain] JpaBaseConfiguration$JpaWebConfiguration : spring.jpa.open-in-view is enabled by default. Therefore, database queries may be performed during view rendering. Explicitly configure spring.jpa.open-in-view to disable this warning
2025-10-29T01:45:47.946-05:00  INFO 23068 --- [user-service] [restartedMain] o.s.b.a.e.web.EndpointLinksResolver      : Exposing 18 endpoints beneath base path '/actuator'
2025-10-29T01:45:49.078-05:00  WARN 23068 --- [user-service] [restartedMain] o.s.b.d.a.OptionalLiveReloadServer       : Unable to start LiveReload server
2025-10-29T01:45:49.127-05:00  INFO 23068 --- [user-service] [restartedMain] DiscoveryClientOptionalArgsConfiguration : Eureka HTTP Client uses RestTemplate.
2025-10-29T01:45:49.246-05:00  WARN 23068 --- [user-service] [restartedMain] iguration$LoadBalancerCaffeineWarnLogger : Spring Cloud LoadBalancer is currently working with the default cache. While this cache implementation is useful for development and tests, it's recommended to use Caffeine cache in production.You can switch to using Caffeine cache, by adding it and org.springframework.cache.caffeine.CaffeineCacheManager to the classpath.
2025-10-29T01:45:49.495-05:00  INFO 23068 --- [user-service] [restartedMain] o.s.b.w.embedded.tomcat.TomcatWebServer  : Tomcat started on port 50702 (http) with context path '/'
2025-10-29T01:45:49.498-05:00  INFO 23068 --- [user-service] [restartedMain] .s.c.n.e.s.EurekaAutoServiceRegistration : Updating port to 50702
2025-10-29T01:45:49.511-05:00  INFO 23068 --- [user-service] [restartedMain] o.s.c.n.eureka.InstanceInfoFactory       : Setting initial instance status as: STARTING
2025-10-29T01:45:49.576-05:00  INFO 23068 --- [user-service] [restartedMain] com.netflix.discovery.DiscoveryClient    : Initializing Eureka in region us-east-1
2025-10-29T01:45:49.589-05:00  INFO 23068 --- [user-service] [restartedMain] c.n.d.s.r.aws.ConfigClusterResolver      : Resolving eureka endpoints via configuration
2025-10-29T01:45:49.624-05:00  INFO 23068 --- [user-service] [restartedMain] com.netflix.discovery.DiscoveryClient    : Disable delta property : false
2025-10-29T01:45:49.625-05:00  INFO 23068 --- [user-service] [restartedMain] com.netflix.discovery.DiscoveryClient    : Single vip registry refresh property : null
2025-10-29T01:45:49.625-05:00  INFO 23068 --- [user-service] [restartedMain] com.netflix.discovery.DiscoveryClient    : Force full registry fetch : false
2025-10-29T01:45:49.625-05:00  INFO 23068 --- [user-service] [restartedMain] com.netflix.discovery.DiscoveryClient    : Application is null : false
2025-10-29T01:45:49.625-05:00  INFO 23068 --- [user-service] [restartedMain] com.netflix.discovery.DiscoveryClient    : Registered Applications size is zero : true
2025-10-29T01:45:49.626-05:00  INFO 23068 --- [user-service] [restartedMain] com.netflix.discovery.DiscoveryClient    : Application version is -1: true
2025-10-29T01:45:49.626-05:00  INFO 23068 --- [user-service] [restartedMain] com.netflix.discovery.DiscoveryClient    : Getting all instance registry info from the eureka server
2025-10-29T01:45:50.172-05:00  INFO 23068 --- [user-service] [restartedMain] com.netflix.discovery.DiscoveryClient    : The response status is 200
2025-10-29T01:45:50.176-05:00  INFO 23068 --- [user-service] [restartedMain] com.netflix.discovery.DiscoveryClient    : Starting heartbeat executor: renew interval is: 30
2025-10-29T01:45:50.183-05:00  INFO 23068 --- [user-service] [restartedMain] c.n.discovery.InstanceInfoReplicator     : InstanceInfoReplicator onDemand update allowed rate per min is 4
2025-10-29T01:45:50.188-05:00  INFO 23068 --- [user-service] [restartedMain] com.netflix.discovery.DiscoveryClient    : Discovery Client initialized at timestamp 1761720350186 with initial instances count: 0
2025-10-29T01:45:50.196-05:00  INFO 23068 --- [user-service] [restartedMain] o.s.c.n.e.s.EurekaServiceRegistry        : Registering application USER-SERVICE with eureka with status UP
2025-10-29T01:45:50.197-05:00  INFO 23068 --- [user-service] [restartedMain] com.netflix.discovery.DiscoveryClient    : Saw local status change event StatusChangeEvent [timestamp=1761720350197, current=UP, previous=STARTING]
2025-10-29T01:45:50.201-05:00  INFO 23068 --- [user-service] [DiscoveryClient-InstanceInfoReplicator-%d] com.netflix.discovery.DiscoveryClient    : DiscoveryClient_USER-SERVICE/user-service:2d97a33efcbc53979f70374341f0ba2c: registering service...
2025-10-29T01:45:50.248-05:00  INFO 23068 --- [user-service] [restartedMain] org.cibertec.UserServiceApplication      : Started UserServiceApplication in 20.756 seconds (process running for 25.848)
2025-10-29T01:45:50.297-05:00  INFO 23068 --- [user-service] [DiscoveryClient-InstanceInfoReplicator-%d] com.netflix.discovery.DiscoveryClient    : DiscoveryClient_USER-SERVICE/user-service:2d97a33efcbc53979f70374341f0ba2c - registration status: 204
2025-10-29T01:45:50.873-05:00  INFO 23068 --- [user-service] [RMI TCP Connection(6)-127.0.0.1] o.a.c.c.C.[Tomcat].[localhost].[/]       : Initializing Spring DispatcherServlet 'dispatcherServlet'
2025-10-29T01:45:50.873-05:00  INFO 23068 --- [user-service] [RMI TCP Connection(6)-127.0.0.1] o.s.web.servlet.DispatcherServlet        : Initializing Servlet 'dispatcherServlet'
2025-10-29T01:45:50.875-05:00  INFO 23068 --- [user-service] [RMI TCP Connection(6)-127.0.0.1] o.s.web.servlet.DispatcherServlet        : Completed initialization in 2 ms
2025-10-29T01:46:20.180-05:00  INFO 23068 --- [user-service] [DiscoveryClient-CacheRefreshExecutor-%d] com.netflix.discovery.DiscoveryClient    : Disable delta property : false
2025-10-29T01:46:20.180-05:00  INFO 23068 --- [user-service] [DiscoveryClient-CacheRefreshExecutor-%d] com.netflix.discovery.DiscoveryClient    : Single vip registry refresh property : null
2025-10-29T01:46:20.180-05:00  INFO 23068 --- [user-service] [DiscoveryClient-CacheRefreshExecutor-%d] com.netflix.discovery.DiscoveryClient    : Force full registry fetch : false
2025-10-29T01:46:20.180-05:00  INFO 23068 --- [user-service] [DiscoveryClient-CacheRefreshExecutor-%d] com.netflix.discovery.DiscoveryClient    : Application is null : false
2025-10-29T01:46:20.180-05:00  INFO 23068 --- [user-service] [DiscoveryClient-CacheRefreshExecutor-%d] com.netflix.discovery.DiscoveryClient    : Registered Applications size is zero : true
2025-10-29T01:46:20.180-05:00  INFO 23068 --- [user-service] [DiscoveryClient-CacheRefreshExecutor-%d] com.netflix.discovery.DiscoveryClient    : Application version is -1: false
2025-10-29T01:46:20.180-05:00  INFO 23068 --- [user-service] [DiscoveryClient-CacheRefreshExecutor-%d] com.netflix.discovery.DiscoveryClient    : Getting all instance registry info from the eureka server
2025-10-29T01:46:20.216-05:00  INFO 23068 --- [user-service] [DiscoveryClient-CacheRefreshExecutor-%d] com.netflix.discovery.DiscoveryClient    : The response status is 200
2025-10-29T01:50:49.636-05:00  INFO 23068 --- [user-service] [AsyncResolver-bootstrap-executor-%d] c.n.d.s.r.aws.ConfigClusterResolver      : Resolving eureka endpoints via configuration
2025-10-29T01:54:03.940-05:00  INFO 23068 --- [user-service] [File Watcher] rtingClassPathChangeChangedEventListener : Restarting due to 4 class path changes (0 additions, 0 deletions, 4 modifications)
2025-10-29T01:54:03.947-05:00  INFO 23068 --- [user-service] [Thread-1] o.s.c.n.e.s.EurekaServiceRegistry        : Unregistering application USER-SERVICE with eureka with status DOWN
2025-10-29T01:54:03.948-05:00  INFO 23068 --- [user-service] [Thread-1] com.netflix.discovery.DiscoveryClient    : Saw local status change event StatusChangeEvent [timestamp=1761720843948, current=DOWN, previous=UP]
2025-10-29T01:54:03.948-05:00  INFO 23068 --- [user-service] [DiscoveryClient-InstanceInfoReplicator-%d] com.netflix.discovery.DiscoveryClient    : DiscoveryClient_USER-SERVICE/user-service:2d97a33efcbc53979f70374341f0ba2c: registering service...
2025-10-29T01:54:03.975-05:00  INFO 23068 --- [user-service] [DiscoveryClient-InstanceInfoReplicator-%d] com.netflix.discovery.DiscoveryClient    : DiscoveryClient_USER-SERVICE/user-service:2d97a33efcbc53979f70374341f0ba2c - registration status: 204
2025-10-29T01:54:03.977-05:00  INFO 23068 --- [user-service] [Thread-1] o.s.b.w.e.tomcat.GracefulShutdown        : Commencing graceful shutdown. Waiting for active requests to complete
2025-10-29T01:54:03.998-05:00  INFO 23068 --- [user-service] [tomcat-shutdown] o.s.b.w.e.tomcat.GracefulShutdown        : Graceful shutdown complete
2025-10-29T01:54:04.027-05:00  INFO 23068 --- [user-service] [Thread-1] j.LocalContainerEntityManagerFactoryBean : Closing JPA EntityManagerFactory for persistence unit 'default'
2025-10-29T01:54:04.035-05:00  INFO 23068 --- [user-service] [Thread-1] com.zaxxer.hikari.HikariDataSource       : HikariPool-1 - Shutdown initiated...
2025-10-29T01:54:04.055-05:00  INFO 23068 --- [user-service] [Thread-1] com.zaxxer.hikari.HikariDataSource       : HikariPool-1 - Shutdown completed.
2025-10-29T01:54:04.056-05:00  INFO 23068 --- [user-service] [Thread-1] com.netflix.discovery.DiscoveryClient    : Shutting down DiscoveryClient ...
2025-10-29T01:54:07.070-05:00  INFO 23068 --- [user-service] [Thread-1] com.netflix.discovery.DiscoveryClient    : Unregistering ...
2025-10-29T01:54:07.089-05:00  INFO 23068 --- [user-service] [Thread-1] com.netflix.discovery.DiscoveryClient    : DiscoveryClient_USER-SERVICE/user-service:2d97a33efcbc53979f70374341f0ba2c - deregister  status: 200
2025-10-29T01:54:07.090-05:00  INFO 23068 --- [user-service] [Thread-1] com.netflix.discovery.DiscoveryClient    : Completed shut down of DiscoveryClient
2025-10-29T01:54:07.335-05:00  INFO 23068 --- [user-service] [restartedMain] org.cibertec.UserServiceApplication      : Starting UserServiceApplication using Java 21.0.8 with PID 23068 (C:\Users\ronca\OneDrive\Escritorio\Dev\DAW2\user-service\target\classes started by Arturo in C:\Users\ronca\OneDrive\Escritorio\Dev\DAW2\user-service)
2025-10-29T01:54:07.335-05:00  INFO 23068 --- [user-service] [restartedMain] org.cibertec.UserServiceApplication      : No active profile set, falling back to 1 default profile: "default"
2025-10-29T01:54:07.340-05:00  INFO 23068 --- [user-service] [restartedMain] o.s.c.c.c.ConfigServerConfigDataLoader   : Fetching config from server at : http://localhost:8888
2025-10-29T01:54:07.340-05:00  INFO 23068 --- [user-service] [restartedMain] o.s.c.c.c.ConfigServerConfigDataLoader   : Located environment: name=user-service, profiles=[default], label=null, version=null, state=null
2025-10-29T01:54:08.228-05:00  INFO 23068 --- [user-service] [restartedMain] .s.d.r.c.RepositoryConfigurationDelegate : Bootstrapping Spring Data JPA repositories in DEFAULT mode.
2025-10-29T01:54:08.254-05:00  INFO 23068 --- [user-service] [restartedMain] .s.d.r.c.RepositoryConfigurationDelegate : Finished Spring Data repository scanning in 23 ms. Found 2 JPA repository interfaces.
2025-10-29T01:54:08.475-05:00  INFO 23068 --- [user-service] [restartedMain] o.s.cloud.context.scope.GenericScope     : BeanFactory id=ce9c1f7c-f6b6-3530-b72a-59d3aaa3356a
2025-10-29T01:54:08.648-05:00  INFO 23068 --- [user-service] [restartedMain] o.s.b.w.embedded.tomcat.TomcatWebServer  : Tomcat initialized with port 0 (http)
2025-10-29T01:54:08.651-05:00  INFO 23068 --- [user-service] [restartedMain] o.apache.catalina.core.StandardService   : Starting service [Tomcat]
2025-10-29T01:54:08.652-05:00  INFO 23068 --- [user-service] [restartedMain] o.apache.catalina.core.StandardEngine    : Starting Servlet engine: [Apache Tomcat/10.1.46]
2025-10-29T01:54:08.717-05:00  INFO 23068 --- [user-service] [restartedMain] o.a.c.c.C.[Tomcat].[localhost].[/]       : Initializing Spring embedded WebApplicationContext
2025-10-29T01:54:08.718-05:00  INFO 23068 --- [user-service] [restartedMain] w.s.c.ServletWebServerApplicationContext : Root WebApplicationContext: initialization completed in 1377 ms
2025-10-29T01:54:08.928-05:00  INFO 23068 --- [user-service] [restartedMain] com.zaxxer.hikari.HikariDataSource       : HikariPool-2 - Starting...
2025-10-29T01:54:08.949-05:00  INFO 23068 --- [user-service] [restartedMain] com.zaxxer.hikari.pool.HikariPool        : HikariPool-2 - Added connection com.mysql.cj.jdbc.ConnectionImpl@22d2f8c1
2025-10-29T01:54:08.950-05:00  INFO 23068 --- [user-service] [restartedMain] com.zaxxer.hikari.HikariDataSource       : HikariPool-2 - Start completed.
2025-10-29T01:54:08.952-05:00  INFO 23068 --- [user-service] [restartedMain] o.hibernate.jpa.internal.util.LogHelper  : HHH000204: Processing PersistenceUnitInfo [name: default]
2025-10-29T01:54:08.962-05:00  INFO 23068 --- [user-service] [restartedMain] o.h.c.internal.RegionFactoryInitiator    : HHH000026: Second-level cache disabled
2025-10-29T01:54:08.989-05:00  INFO 23068 --- [user-service] [restartedMain] o.s.o.j.p.SpringPersistenceUnitInfo      : No LoadTimeWeaver setup: ignoring JPA class transformer
2025-10-29T01:54:08.994-05:00  INFO 23068 --- [user-service] [restartedMain] org.hibernate.orm.connections.pooling    : HHH10001005: Database info:
	Database JDBC URL [Connecting through datasource 'HikariDataSource (HikariPool-2)']
	Database driver: undefined/unknown
	Database version: 8.0.34
	Autocommit mode: undefined/unknown
	Isolation level: undefined/unknown
	Minimum pool size: undefined/unknown
	Maximum pool size: undefined/unknown
2025-10-29T01:54:09.211-05:00  INFO 23068 --- [user-service] [restartedMain] o.h.e.t.j.p.i.JtaPlatformInitiator       : HHH000489: No JTA platform available (set 'hibernate.transaction.jta.platform' to enable JTA platform integration)
2025-10-29T01:54:09.211-05:00  INFO 23068 --- [user-service] [restartedMain] j.LocalContainerEntityManagerFactoryBean : Initialized JPA EntityManagerFactory for persistence unit 'default'
2025-10-29T01:54:09.445-05:00  WARN 23068 --- [user-service] [restartedMain] JpaBaseConfiguration$JpaWebConfiguration : spring.jpa.open-in-view is enabled by default. Therefore, database queries may be performed during view rendering. Explicitly configure spring.jpa.open-in-view to disable this warning
2025-10-29T01:54:09.849-05:00  INFO 23068 --- [user-service] [restartedMain] o.s.b.a.e.web.EndpointLinksResolver      : Exposing 18 endpoints beneath base path '/actuator'
2025-10-29T01:54:10.268-05:00  WARN 23068 --- [user-service] [restartedMain] o.s.b.d.a.OptionalLiveReloadServer       : Unable to start LiveReload server
2025-10-29T01:54:10.308-05:00  INFO 23068 --- [user-service] [restartedMain] DiscoveryClientOptionalArgsConfiguration : Eureka HTTP Client uses RestTemplate.
2025-10-29T01:54:10.344-05:00  WARN 23068 --- [user-service] [restartedMain] iguration$LoadBalancerCaffeineWarnLogger : Spring Cloud LoadBalancer is currently working with the default cache. While this cache implementation is useful for development and tests, it's recommended to use Caffeine cache in production.You can switch to using Caffeine cache, by adding it and org.springframework.cache.caffeine.CaffeineCacheManager to the classpath.
2025-10-29T01:54:10.408-05:00  INFO 23068 --- [user-service] [restartedMain] o.s.b.w.embedded.tomcat.TomcatWebServer  : Tomcat started on port 60727 (http) with context path '/'
2025-10-29T01:54:10.408-05:00  INFO 23068 --- [user-service] [restartedMain] .s.c.n.e.s.EurekaAutoServiceRegistration : Updating port to 60727
2025-10-29T01:54:10.410-05:00  INFO 23068 --- [user-service] [restartedMain] o.s.c.n.eureka.InstanceInfoFactory       : Setting initial instance status as: STARTING
2025-10-29T01:54:10.415-05:00  INFO 23068 --- [user-service] [restartedMain] com.netflix.discovery.DiscoveryClient    : Initializing Eureka in region us-east-1
2025-10-29T01:54:10.416-05:00  INFO 23068 --- [user-service] [restartedMain] c.n.d.s.r.aws.ConfigClusterResolver      : Resolving eureka endpoints via configuration
2025-10-29T01:54:10.417-05:00  INFO 23068 --- [user-service] [restartedMain] com.netflix.discovery.DiscoveryClient    : Disable delta property : false
2025-10-29T01:54:10.417-05:00  INFO 23068 --- [user-service] [restartedMain] com.netflix.discovery.DiscoveryClient    : Single vip registry refresh property : null
2025-10-29T01:54:10.417-05:00  INFO 23068 --- [user-service] [restartedMain] com.netflix.discovery.DiscoveryClient    : Force full registry fetch : false
2025-10-29T01:54:10.417-05:00  INFO 23068 --- [user-service] [restartedMain] com.netflix.discovery.DiscoveryClient    : Application is null : false
2025-10-29T01:54:10.417-05:00  INFO 23068 --- [user-service] [restartedMain] com.netflix.discovery.DiscoveryClient    : Registered Applications size is zero : true
2025-10-29T01:54:10.417-05:00  INFO 23068 --- [user-service] [restartedMain] com.netflix.discovery.DiscoveryClient    : Application version is -1: true
2025-10-29T01:54:10.417-05:00  INFO 23068 --- [user-service] [restartedMain] com.netflix.discovery.DiscoveryClient    : Getting all instance registry info from the eureka server
2025-10-29T01:54:10.464-05:00  INFO 23068 --- [user-service] [restartedMain] com.netflix.discovery.DiscoveryClient    : The response status is 200
2025-10-29T01:54:10.465-05:00  INFO 23068 --- [user-service] [restartedMain] com.netflix.discovery.DiscoveryClient    : Starting heartbeat executor: renew interval is: 30
2025-10-29T01:54:10.465-05:00  INFO 23068 --- [user-service] [restartedMain] c.n.discovery.InstanceInfoReplicator     : InstanceInfoReplicator onDemand update allowed rate per min is 4
2025-10-29T01:54:10.465-05:00  INFO 23068 --- [user-service] [restartedMain] com.netflix.discovery.DiscoveryClient    : Discovery Client initialized at timestamp 1761720850465 with initial instances count: 6
2025-10-29T01:54:10.469-05:00  INFO 23068 --- [user-service] [restartedMain] o.s.c.n.e.s.EurekaServiceRegistry        : Registering application USER-SERVICE with eureka with status UP
2025-10-29T01:54:10.470-05:00  INFO 23068 --- [user-service] [restartedMain] com.netflix.discovery.DiscoveryClient    : Saw local status change event StatusChangeEvent [timestamp=1761720850470, current=UP, previous=STARTING]
2025-10-29T01:54:10.472-05:00  INFO 23068 --- [user-service] [DiscoveryClient-InstanceInfoReplicator-%d] com.netflix.discovery.DiscoveryClient    : DiscoveryClient_USER-SERVICE/user-service:006a490f403225a60c4bb18010872bba: registering service...
2025-10-29T01:54:10.488-05:00  INFO 23068 --- [user-service] [DiscoveryClient-InstanceInfoReplicator-%d] com.netflix.discovery.DiscoveryClient    : DiscoveryClient_USER-SERVICE/user-service:006a490f403225a60c4bb18010872bba - registration status: 204
2025-10-29T01:54:10.493-05:00  INFO 23068 --- [user-service] [restartedMain] org.cibertec.UserServiceApplication      : Started UserServiceApplication in 3.293 seconds (process running for 526.094)
2025-10-29T01:54:10.497-05:00  INFO 23068 --- [user-service] [restartedMain] .ConditionEvaluationDeltaLoggingListener : Condition evaluation unchanged
2025-10-29T01:54:25.099-05:00  INFO 23068 --- [user-service] [File Watcher] rtingClassPathChangeChangedEventListener : Restarting due to 1 class path change (0 additions, 0 deletions, 1 modification)
2025-10-29T01:54:25.100-05:00  INFO 23068 --- [user-service] [Thread-7] o.s.c.n.e.s.EurekaServiceRegistry        : Unregistering application USER-SERVICE with eureka with status DOWN
2025-10-29T01:54:25.102-05:00  INFO 23068 --- [user-service] [Thread-7] com.netflix.discovery.DiscoveryClient    : Saw local status change event StatusChangeEvent [timestamp=1761720865102, current=DOWN, previous=UP]
2025-10-29T01:54:25.102-05:00  INFO 23068 --- [user-service] [DiscoveryClient-InstanceInfoReplicator-%d] com.netflix.discovery.DiscoveryClient    : DiscoveryClient_USER-SERVICE/user-service:006a490f403225a60c4bb18010872bba: registering service...
2025-10-29T01:54:25.104-05:00  INFO 23068 --- [user-service] [Thread-7] o.s.b.w.e.tomcat.GracefulShutdown        : Commencing graceful shutdown. Waiting for active requests to complete
2025-10-29T01:54:25.113-05:00  INFO 23068 --- [user-service] [tomcat-shutdown] o.s.b.w.e.tomcat.GracefulShutdown        : Graceful shutdown complete
2025-10-29T01:54:25.115-05:00  INFO 23068 --- [user-service] [DiscoveryClient-InstanceInfoReplicator-%d] com.netflix.discovery.DiscoveryClient    : DiscoveryClient_USER-SERVICE/user-service:006a490f403225a60c4bb18010872bba - registration status: 204
2025-10-29T01:54:25.119-05:00  INFO 23068 --- [user-service] [Thread-7] j.LocalContainerEntityManagerFactoryBean : Closing JPA EntityManagerFactory for persistence unit 'default'
2025-10-29T01:54:25.120-05:00  INFO 23068 --- [user-service] [Thread-7] com.zaxxer.hikari.HikariDataSource       : HikariPool-2 - Shutdown initiated...
2025-10-29T01:54:25.131-05:00  INFO 23068 --- [user-service] [Thread-7] com.zaxxer.hikari.HikariDataSource       : HikariPool-2 - Shutdown completed.
2025-10-29T01:54:25.132-05:00  INFO 23068 --- [user-service] [Thread-7] com.netflix.discovery.DiscoveryClient    : Shutting down DiscoveryClient ...
2025-10-29T01:54:28.138-05:00  INFO 23068 --- [user-service] [Thread-7] com.netflix.discovery.DiscoveryClient    : Unregistering ...
2025-10-29T01:54:28.157-05:00  INFO 23068 --- [user-service] [Thread-7] com.netflix.discovery.DiscoveryClient    : DiscoveryClient_USER-SERVICE/user-service:006a490f403225a60c4bb18010872bba - deregister  status: 200
2025-10-29T01:54:28.158-05:00  INFO 23068 --- [user-service] [Thread-7] com.netflix.discovery.DiscoveryClient    : Completed shut down of DiscoveryClient
2025-10-29T01:54:28.370-05:00  INFO 23068 --- [user-service] [restartedMain] org.cibertec.UserServiceApplication      : Starting UserServiceApplication using Java 21.0.8 with PID 23068 (C:\Users\ronca\OneDrive\Escritorio\Dev\DAW2\user-service\target\classes started by Arturo in C:\Users\ronca\OneDrive\Escritorio\Dev\DAW2\user-service)
2025-10-29T01:54:28.371-05:00  INFO 23068 --- [user-service] [restartedMain] org.cibertec.UserServiceApplication      : No active profile set, falling back to 1 default profile: "default"
2025-10-29T01:54:28.374-05:00  INFO 23068 --- [user-service] [restartedMain] o.s.c.c.c.ConfigServerConfigDataLoader   : Fetching config from server at : http://localhost:8888
2025-10-29T01:54:28.374-05:00  INFO 23068 --- [user-service] [restartedMain] o.s.c.c.c.ConfigServerConfigDataLoader   : Located environment: name=user-service, profiles=[default], label=null, version=null, state=null
2025-10-29T01:54:29.130-05:00  INFO 23068 --- [user-service] [restartedMain] .s.d.r.c.RepositoryConfigurationDelegate : Bootstrapping Spring Data JPA repositories in DEFAULT mode.
2025-10-29T01:54:29.152-05:00  INFO 23068 --- [user-service] [restartedMain] .s.d.r.c.RepositoryConfigurationDelegate : Finished Spring Data repository scanning in 19 ms. Found 2 JPA repository interfaces.
2025-10-29T01:54:29.327-05:00  INFO 23068 --- [user-service] [restartedMain] o.s.cloud.context.scope.GenericScope     : BeanFactory id=ce9c1f7c-f6b6-3530-b72a-59d3aaa3356a
2025-10-29T01:54:29.455-05:00  INFO 23068 --- [user-service] [restartedMain] o.s.b.w.embedded.tomcat.TomcatWebServer  : Tomcat initialized with port 0 (http)
2025-10-29T01:54:29.458-05:00  INFO 23068 --- [user-service] [restartedMain] o.apache.catalina.core.StandardService   : Starting service [Tomcat]
2025-10-29T01:54:29.458-05:00  INFO 23068 --- [user-service] [restartedMain] o.apache.catalina.core.StandardEngine    : Starting Servlet engine: [Apache Tomcat/10.1.46]
2025-10-29T01:54:29.516-05:00  INFO 23068 --- [user-service] [restartedMain] o.a.c.c.C.[Tomcat].[localhost].[/]       : Initializing Spring embedded WebApplicationContext
2025-10-29T01:54:29.517-05:00  INFO 23068 --- [user-service] [restartedMain] w.s.c.ServletWebServerApplicationContext : Root WebApplicationContext: initialization completed in 1143 ms
2025-10-29T01:54:29.648-05:00  INFO 23068 --- [user-service] [restartedMain] com.zaxxer.hikari.HikariDataSource       : HikariPool-3 - Starting...
2025-10-29T01:54:29.666-05:00  INFO 23068 --- [user-service] [restartedMain] com.zaxxer.hikari.pool.HikariPool        : HikariPool-3 - Added connection com.mysql.cj.jdbc.ConnectionImpl@40b6e110
2025-10-29T01:54:29.666-05:00  INFO 23068 --- [user-service] [restartedMain] com.zaxxer.hikari.HikariDataSource       : HikariPool-3 - Start completed.
2025-10-29T01:54:29.667-05:00  INFO 23068 --- [user-service] [restartedMain] o.hibernate.jpa.internal.util.LogHelper  : HHH000204: Processing PersistenceUnitInfo [name: default]
2025-10-29T01:54:29.674-05:00  INFO 23068 --- [user-service] [restartedMain] o.h.c.internal.RegionFactoryInitiator    : HHH000026: Second-level cache disabled
2025-10-29T01:54:29.695-05:00  INFO 23068 --- [user-service] [restartedMain] o.s.o.j.p.SpringPersistenceUnitInfo      : No LoadTimeWeaver setup: ignoring JPA class transformer
2025-10-29T01:54:29.700-05:00  INFO 23068 --- [user-service] [restartedMain] org.hibernate.orm.connections.pooling    : HHH10001005: Database info:
	Database JDBC URL [Connecting through datasource 'HikariDataSource (HikariPool-3)']
	Database driver: undefined/unknown
	Database version: 8.0.34
	Autocommit mode: undefined/unknown
	Isolation level: undefined/unknown
	Minimum pool size: undefined/unknown
	Maximum pool size: undefined/unknown
2025-10-29T01:54:29.881-05:00  INFO 23068 --- [user-service] [restartedMain] o.h.e.t.j.p.i.JtaPlatformInitiator       : HHH000489: No JTA platform available (set 'hibernate.transaction.jta.platform' to enable JTA platform integration)
2025-10-29T01:54:29.881-05:00  INFO 23068 --- [user-service] [restartedMain] j.LocalContainerEntityManagerFactoryBean : Initialized JPA EntityManagerFactory for persistence unit 'default'
2025-10-29T01:54:30.054-05:00  WARN 23068 --- [user-service] [restartedMain] JpaBaseConfiguration$JpaWebConfiguration : spring.jpa.open-in-view is enabled by default. Therefore, database queries may be performed during view rendering. Explicitly configure spring.jpa.open-in-view to disable this warning
2025-10-29T01:54:30.456-05:00  INFO 23068 --- [user-service] [restartedMain] o.s.b.a.e.web.EndpointLinksResolver      : Exposing 18 endpoints beneath base path '/actuator'
2025-10-29T01:54:30.720-05:00  WARN 23068 --- [user-service] [restartedMain] o.s.b.d.a.OptionalLiveReloadServer       : Unable to start LiveReload server
2025-10-29T01:54:30.749-05:00  INFO 23068 --- [user-service] [restartedMain] DiscoveryClientOptionalArgsConfiguration : Eureka HTTP Client uses RestTemplate.
2025-10-29T01:54:30.782-05:00  WARN 23068 --- [user-service] [restartedMain] iguration$LoadBalancerCaffeineWarnLogger : Spring Cloud LoadBalancer is currently working with the default cache. While this cache implementation is useful for development and tests, it's recommended to use Caffeine cache in production.You can switch to using Caffeine cache, by adding it and org.springframework.cache.caffeine.CaffeineCacheManager to the classpath.
2025-10-29T01:54:30.845-05:00  INFO 23068 --- [user-service] [restartedMain] o.s.b.w.embedded.tomcat.TomcatWebServer  : Tomcat started on port 60811 (http) with context path '/'
2025-10-29T01:54:30.847-05:00  INFO 23068 --- [user-service] [restartedMain] .s.c.n.e.s.EurekaAutoServiceRegistration : Updating port to 60811
2025-10-29T01:54:30.849-05:00  INFO 23068 --- [user-service] [restartedMain] o.s.c.n.eureka.InstanceInfoFactory       : Setting initial instance status as: STARTING
2025-10-29T01:54:30.852-05:00  INFO 23068 --- [user-service] [restartedMain] com.netflix.discovery.DiscoveryClient    : Initializing Eureka in region us-east-1
2025-10-29T01:54:30.852-05:00  INFO 23068 --- [user-service] [restartedMain] c.n.d.s.r.aws.ConfigClusterResolver      : Resolving eureka endpoints via configuration
2025-10-29T01:54:30.853-05:00  INFO 23068 --- [user-service] [restartedMain] com.netflix.discovery.DiscoveryClient    : Disable delta property : false
2025-10-29T01:54:30.854-05:00  INFO 23068 --- [user-service] [restartedMain] com.netflix.discovery.DiscoveryClient    : Single vip registry refresh property : null
2025-10-29T01:54:30.854-05:00  INFO 23068 --- [user-service] [restartedMain] com.netflix.discovery.DiscoveryClient    : Force full registry fetch : false
2025-10-29T01:54:30.854-05:00  INFO 23068 --- [user-service] [restartedMain] com.netflix.discovery.DiscoveryClient    : Application is null : false
2025-10-29T01:54:30.854-05:00  INFO 23068 --- [user-service] [restartedMain] com.netflix.discovery.DiscoveryClient    : Registered Applications size is zero : true
2025-10-29T01:54:30.854-05:00  INFO 23068 --- [user-service] [restartedMain] com.netflix.discovery.DiscoveryClient    : Application version is -1: true
2025-10-29T01:54:30.854-05:00  INFO 23068 --- [user-service] [restartedMain] com.netflix.discovery.DiscoveryClient    : Getting all instance registry info from the eureka server
2025-10-29T01:54:30.881-05:00  INFO 23068 --- [user-service] [restartedMain] com.netflix.discovery.DiscoveryClient    : The response status is 200
2025-10-29T01:54:30.882-05:00  INFO 23068 --- [user-service] [restartedMain] com.netflix.discovery.DiscoveryClient    : Starting heartbeat executor: renew interval is: 30
2025-10-29T01:54:30.882-05:00  INFO 23068 --- [user-service] [restartedMain] c.n.discovery.InstanceInfoReplicator     : InstanceInfoReplicator onDemand update allowed rate per min is 4
2025-10-29T01:54:30.882-05:00  INFO 23068 --- [user-service] [restartedMain] com.netflix.discovery.DiscoveryClient    : Discovery Client initialized at timestamp 1761720870882 with initial instances count: 2
2025-10-29T01:54:30.884-05:00  INFO 23068 --- [user-service] [restartedMain] o.s.c.n.e.s.EurekaServiceRegistry        : Registering application USER-SERVICE with eureka with status UP
2025-10-29T01:54:30.885-05:00  INFO 23068 --- [user-service] [restartedMain] com.netflix.discovery.DiscoveryClient    : Saw local status change event StatusChangeEvent [timestamp=1761720870885, current=UP, previous=STARTING]
2025-10-29T01:54:30.885-05:00  INFO 23068 --- [user-service] [DiscoveryClient-InstanceInfoReplicator-%d] com.netflix.discovery.DiscoveryClient    : DiscoveryClient_USER-SERVICE/user-service:9cd9594f1810fe2ae375cc0dafbf3757: registering service...
2025-10-29T01:54:30.899-05:00  INFO 23068 --- [user-service] [DiscoveryClient-InstanceInfoReplicator-%d] com.netflix.discovery.DiscoveryClient    : DiscoveryClient_USER-SERVICE/user-service:9cd9594f1810fe2ae375cc0dafbf3757 - registration status: 204
2025-10-29T01:54:30.906-05:00  INFO 23068 --- [user-service] [restartedMain] org.cibertec.UserServiceApplication      : Started UserServiceApplication in 2.658 seconds (process running for 546.507)
2025-10-29T01:54:30.910-05:00  INFO 23068 --- [user-service] [restartedMain] .ConditionEvaluationDeltaLoggingListener : Condition evaluation unchanged
2025-10-29T01:54:40.413-05:00  INFO 23068 --- [user-service] [File Watcher] rtingClassPathChangeChangedEventListener : Restarting due to 1 class path change (0 additions, 0 deletions, 1 modification)
2025-10-29T01:54:40.414-05:00  INFO 23068 --- [user-service] [Thread-13] o.s.c.n.e.s.EurekaServiceRegistry        : Unregistering application USER-SERVICE with eureka with status DOWN
2025-10-29T01:54:40.415-05:00  INFO 23068 --- [user-service] [Thread-13] com.netflix.discovery.DiscoveryClient    : Saw local status change event StatusChangeEvent [timestamp=1761720880415, current=DOWN, previous=UP]
2025-10-29T01:54:40.415-05:00  INFO 23068 --- [user-service] [DiscoveryClient-InstanceInfoReplicator-%d] com.netflix.discovery.DiscoveryClient    : DiscoveryClient_USER-SERVICE/user-service:9cd9594f1810fe2ae375cc0dafbf3757: registering service...
2025-10-29T01:54:40.415-05:00  INFO 23068 --- [user-service] [Thread-13] o.s.b.w.e.tomcat.GracefulShutdown        : Commencing graceful shutdown. Waiting for active requests to complete
2025-10-29T01:54:40.423-05:00  INFO 23068 --- [user-service] [tomcat-shutdown] o.s.b.w.e.tomcat.GracefulShutdown        : Graceful shutdown complete
2025-10-29T01:54:40.428-05:00  INFO 23068 --- [user-service] [Thread-13] j.LocalContainerEntityManagerFactoryBean : Closing JPA EntityManagerFactory for persistence unit 'default'
2025-10-29T01:54:40.429-05:00  INFO 23068 --- [user-service] [DiscoveryClient-InstanceInfoReplicator-%d] com.netflix.discovery.DiscoveryClient    : DiscoveryClient_USER-SERVICE/user-service:9cd9594f1810fe2ae375cc0dafbf3757 - registration status: 204
2025-10-29T01:54:40.429-05:00  INFO 23068 --- [user-service] [Thread-13] com.zaxxer.hikari.HikariDataSource       : HikariPool-3 - Shutdown initiated...
2025-10-29T01:54:40.436-05:00  INFO 23068 --- [user-service] [Thread-13] com.zaxxer.hikari.HikariDataSource       : HikariPool-3 - Shutdown completed.
2025-10-29T01:54:40.437-05:00  INFO 23068 --- [user-service] [Thread-13] com.netflix.discovery.DiscoveryClient    : Shutting down DiscoveryClient ...
2025-10-29T01:54:43.453-05:00  INFO 23068 --- [user-service] [Thread-13] com.netflix.discovery.DiscoveryClient    : Unregistering ...
2025-10-29T01:54:43.471-05:00  INFO 23068 --- [user-service] [Thread-13] com.netflix.discovery.DiscoveryClient    : DiscoveryClient_USER-SERVICE/user-service:9cd9594f1810fe2ae375cc0dafbf3757 - deregister  status: 200
2025-10-29T01:54:43.471-05:00  INFO 23068 --- [user-service] [Thread-13] com.netflix.discovery.DiscoveryClient    : Completed shut down of DiscoveryClient
2025-10-29T01:54:43.631-05:00  INFO 23068 --- [user-service] [restartedMain] org.cibertec.UserServiceApplication      : Starting UserServiceApplication using Java 21.0.8 with PID 23068 (C:\Users\ronca\OneDrive\Escritorio\Dev\DAW2\user-service\target\classes started by Arturo in C:\Users\ronca\OneDrive\Escritorio\Dev\DAW2\user-service)
2025-10-29T01:54:43.631-05:00  INFO 23068 --- [user-service] [restartedMain] org.cibertec.UserServiceApplication      : No active profile set, falling back to 1 default profile: "default"
2025-10-29T01:54:43.634-05:00  INFO 23068 --- [user-service] [restartedMain] o.s.c.c.c.ConfigServerConfigDataLoader   : Fetching config from server at : http://localhost:8888
2025-10-29T01:54:43.635-05:00  INFO 23068 --- [user-service] [restartedMain] o.s.c.c.c.ConfigServerConfigDataLoader   : Located environment: name=user-service, profiles=[default], label=null, version=null, state=null
2025-10-29T01:54:44.424-05:00  INFO 23068 --- [user-service] [restartedMain] .s.d.r.c.RepositoryConfigurationDelegate : Bootstrapping Spring Data JPA repositories in DEFAULT mode.
2025-10-29T01:54:44.448-05:00  INFO 23068 --- [user-service] [restartedMain] .s.d.r.c.RepositoryConfigurationDelegate : Finished Spring Data repository scanning in 21 ms. Found 2 JPA repository interfaces.
2025-10-29T01:54:44.712-05:00  INFO 23068 --- [user-service] [restartedMain] o.s.cloud.context.scope.GenericScope     : BeanFactory id=ce9c1f7c-f6b6-3530-b72a-59d3aaa3356a
2025-10-29T01:54:44.865-05:00  INFO 23068 --- [user-service] [restartedMain] o.s.b.w.embedded.tomcat.TomcatWebServer  : Tomcat initialized with port 0 (http)
2025-10-29T01:54:44.867-05:00  INFO 23068 --- [user-service] [restartedMain] o.apache.catalina.core.StandardService   : Starting service [Tomcat]
2025-10-29T01:54:44.868-05:00  INFO 23068 --- [user-service] [restartedMain] o.apache.catalina.core.StandardEngine    : Starting Servlet engine: [Apache Tomcat/10.1.46]
2025-10-29T01:54:44.922-05:00  INFO 23068 --- [user-service] [restartedMain] o.a.c.c.C.[Tomcat].[localhost].[/]       : Initializing Spring embedded WebApplicationContext
2025-10-29T01:54:44.923-05:00  INFO 23068 --- [user-service] [restartedMain] w.s.c.ServletWebServerApplicationContext : Root WebApplicationContext: initialization completed in 1288 ms
2025-10-29T01:54:45.053-05:00  INFO 23068 --- [user-service] [restartedMain] com.zaxxer.hikari.HikariDataSource       : HikariPool-4 - Starting...
2025-10-29T01:54:45.069-05:00  INFO 23068 --- [user-service] [restartedMain] com.zaxxer.hikari.pool.HikariPool        : HikariPool-4 - Added connection com.mysql.cj.jdbc.ConnectionImpl@514532e2
2025-10-29T01:54:45.069-05:00  INFO 23068 --- [user-service] [restartedMain] com.zaxxer.hikari.HikariDataSource       : HikariPool-4 - Start completed.
2025-10-29T01:54:45.070-05:00  INFO 23068 --- [user-service] [restartedMain] o.hibernate.jpa.internal.util.LogHelper  : HHH000204: Processing PersistenceUnitInfo [name: default]
2025-10-29T01:54:45.076-05:00  INFO 23068 --- [user-service] [restartedMain] o.h.c.internal.RegionFactoryInitiator    : HHH000026: Second-level cache disabled
2025-10-29T01:54:45.093-05:00  INFO 23068 --- [user-service] [restartedMain] o.s.o.j.p.SpringPersistenceUnitInfo      : No LoadTimeWeaver setup: ignoring JPA class transformer
2025-10-29T01:54:45.098-05:00  INFO 23068 --- [user-service] [restartedMain] org.hibernate.orm.connections.pooling    : HHH10001005: Database info:
	Database JDBC URL [Connecting through datasource 'HikariDataSource (HikariPool-4)']
	Database driver: undefined/unknown
	Database version: 8.0.34
	Autocommit mode: undefined/unknown
	Isolation level: undefined/unknown
	Minimum pool size: undefined/unknown
	Maximum pool size: undefined/unknown
2025-10-29T01:54:45.289-05:00  INFO 23068 --- [user-service] [restartedMain] o.h.e.t.j.p.i.JtaPlatformInitiator       : HHH000489: No JTA platform available (set 'hibernate.transaction.jta.platform' to enable JTA platform integration)
2025-10-29T01:54:45.290-05:00  INFO 23068 --- [user-service] [restartedMain] j.LocalContainerEntityManagerFactoryBean : Initialized JPA EntityManagerFactory for persistence unit 'default'
2025-10-29T01:54:45.421-05:00  WARN 23068 --- [user-service] [restartedMain] JpaBaseConfiguration$JpaWebConfiguration : spring.jpa.open-in-view is enabled by default. Therefore, database queries may be performed during view rendering. Explicitly configure spring.jpa.open-in-view to disable this warning
2025-10-29T01:54:45.831-05:00  INFO 23068 --- [user-service] [restartedMain] o.s.b.a.e.web.EndpointLinksResolver      : Exposing 18 endpoints beneath base path '/actuator'
2025-10-29T01:54:46.170-05:00  WARN 23068 --- [user-service] [restartedMain] o.s.b.d.a.OptionalLiveReloadServer       : Unable to start LiveReload server
2025-10-29T01:54:46.209-05:00  INFO 23068 --- [user-service] [restartedMain] DiscoveryClientOptionalArgsConfiguration : Eureka HTTP Client uses RestTemplate.
2025-10-29T01:54:46.242-05:00  WARN 23068 --- [user-service] [restartedMain] iguration$LoadBalancerCaffeineWarnLogger : Spring Cloud LoadBalancer is currently working with the default cache. While this cache implementation is useful for development and tests, it's recommended to use Caffeine cache in production.You can switch to using Caffeine cache, by adding it and org.springframework.cache.caffeine.CaffeineCacheManager to the classpath.
2025-10-29T01:54:46.298-05:00  INFO 23068 --- [user-service] [restartedMain] o.s.b.w.embedded.tomcat.TomcatWebServer  : Tomcat started on port 60869 (http) with context path '/'
2025-10-29T01:54:46.298-05:00  INFO 23068 --- [user-service] [restartedMain] .s.c.n.e.s.EurekaAutoServiceRegistration : Updating port to 60869
2025-10-29T01:54:46.300-05:00  INFO 23068 --- [user-service] [restartedMain] o.s.c.n.eureka.InstanceInfoFactory       : Setting initial instance status as: STARTING
2025-10-29T01:54:46.305-05:00  INFO 23068 --- [user-service] [restartedMain] com.netflix.discovery.DiscoveryClient    : Initializing Eureka in region us-east-1
2025-10-29T01:54:46.305-05:00  INFO 23068 --- [user-service] [restartedMain] c.n.d.s.r.aws.ConfigClusterResolver      : Resolving eureka endpoints via configuration
2025-10-29T01:54:46.305-05:00  INFO 23068 --- [user-service] [restartedMain] com.netflix.discovery.DiscoveryClient    : Disable delta property : false
2025-10-29T01:54:46.305-05:00  INFO 23068 --- [user-service] [restartedMain] com.netflix.discovery.DiscoveryClient    : Single vip registry refresh property : null
2025-10-29T01:54:46.305-05:00  INFO 23068 --- [user-service] [restartedMain] com.netflix.discovery.DiscoveryClient    : Force full registry fetch : false
2025-10-29T01:54:46.305-05:00  INFO 23068 --- [user-service] [restartedMain] com.netflix.discovery.DiscoveryClient    : Application is null : false
2025-10-29T01:54:46.305-05:00  INFO 23068 --- [user-service] [restartedMain] com.netflix.discovery.DiscoveryClient    : Registered Applications size is zero : true
2025-10-29T01:54:46.305-05:00  INFO 23068 --- [user-service] [restartedMain] com.netflix.discovery.DiscoveryClient    : Application version is -1: true
2025-10-29T01:54:46.307-05:00  INFO 23068 --- [user-service] [restartedMain] com.netflix.discovery.DiscoveryClient    : Getting all instance registry info from the eureka server
2025-10-29T01:54:46.338-05:00  INFO 23068 --- [user-service] [restartedMain] com.netflix.discovery.DiscoveryClient    : The response status is 200
2025-10-29T01:54:46.339-05:00  INFO 23068 --- [user-service] [restartedMain] com.netflix.discovery.DiscoveryClient    : Starting heartbeat executor: renew interval is: 30
2025-10-29T01:54:46.339-05:00  INFO 23068 --- [user-service] [restartedMain] c.n.discovery.InstanceInfoReplicator     : InstanceInfoReplicator onDemand update allowed rate per min is 4
2025-10-29T01:54:46.340-05:00  INFO 23068 --- [user-service] [restartedMain] com.netflix.discovery.DiscoveryClient    : Discovery Client initialized at timestamp 1761720886340 with initial instances count: 2
2025-10-29T01:54:46.343-05:00  INFO 23068 --- [user-service] [restartedMain] o.s.c.n.e.s.EurekaServiceRegistry        : Registering application USER-SERVICE with eureka with status UP
2025-10-29T01:54:46.343-05:00  INFO 23068 --- [user-service] [restartedMain] com.netflix.discovery.DiscoveryClient    : Saw local status change event StatusChangeEvent [timestamp=1761720886343, current=UP, previous=STARTING]
2025-10-29T01:54:46.343-05:00  INFO 23068 --- [user-service] [DiscoveryClient-InstanceInfoReplicator-%d] com.netflix.discovery.DiscoveryClient    : DiscoveryClient_USER-SERVICE/user-service:416a450cb23fd084b124ae79bbb32efc: registering service...
2025-10-29T01:54:46.359-05:00  INFO 23068 --- [user-service] [DiscoveryClient-InstanceInfoReplicator-%d] com.netflix.discovery.DiscoveryClient    : DiscoveryClient_USER-SERVICE/user-service:416a450cb23fd084b124ae79bbb32efc - registration status: 204
2025-10-29T01:54:46.364-05:00  INFO 23068 --- [user-service] [restartedMain] org.cibertec.UserServiceApplication      : Started UserServiceApplication in 2.825 seconds (process running for 561.965)
2025-10-29T01:54:46.368-05:00  INFO 23068 --- [user-service] [restartedMain] .ConditionEvaluationDeltaLoggingListener : Condition evaluation unchanged
2025-10-29T01:54:57.885-05:00  INFO 23068 --- [user-service] [File Watcher] rtingClassPathChangeChangedEventListener : Restarting due to 1 class path change (0 additions, 0 deletions, 1 modification)
2025-10-29T01:54:57.887-05:00  INFO 23068 --- [user-service] [Thread-19] o.s.c.n.e.s.EurekaServiceRegistry        : Unregistering application USER-SERVICE with eureka with status DOWN
2025-10-29T01:54:57.887-05:00  INFO 23068 --- [user-service] [Thread-19] com.netflix.discovery.DiscoveryClient    : Saw local status change event StatusChangeEvent [timestamp=1761720897887, current=DOWN, previous=UP]
2025-10-29T01:54:57.887-05:00  INFO 23068 --- [user-service] [DiscoveryClient-InstanceInfoReplicator-%d] com.netflix.discovery.DiscoveryClient    : DiscoveryClient_USER-SERVICE/user-service:416a450cb23fd084b124ae79bbb32efc: registering service...
2025-10-29T01:54:57.888-05:00  INFO 23068 --- [user-service] [Thread-19] o.s.b.w.e.tomcat.GracefulShutdown        : Commencing graceful shutdown. Waiting for active requests to complete
2025-10-29T01:54:57.895-05:00  INFO 23068 --- [user-service] [tomcat-shutdown] o.s.b.w.e.tomcat.GracefulShutdown        : Graceful shutdown complete
2025-10-29T01:54:57.900-05:00  INFO 23068 --- [user-service] [Thread-19] j.LocalContainerEntityManagerFactoryBean : Closing JPA EntityManagerFactory for persistence unit 'default'
2025-10-29T01:54:57.901-05:00  INFO 23068 --- [user-service] [Thread-19] com.zaxxer.hikari.HikariDataSource       : HikariPool-4 - Shutdown initiated...
2025-10-29T01:54:57.901-05:00  INFO 23068 --- [user-service] [DiscoveryClient-InstanceInfoReplicator-%d] com.netflix.discovery.DiscoveryClient    : DiscoveryClient_USER-SERVICE/user-service:416a450cb23fd084b124ae79bbb32efc - registration status: 204
2025-10-29T01:54:57.909-05:00  INFO 23068 --- [user-service] [Thread-19] com.zaxxer.hikari.HikariDataSource       : HikariPool-4 - Shutdown completed.
2025-10-29T01:54:57.910-05:00  INFO 23068 --- [user-service] [Thread-19] com.netflix.discovery.DiscoveryClient    : Shutting down DiscoveryClient ...
2025-10-29T01:55:00.912-05:00  INFO 23068 --- [user-service] [Thread-19] com.netflix.discovery.DiscoveryClient    : Unregistering ...
2025-10-29T01:55:00.930-05:00  INFO 23068 --- [user-service] [Thread-19] com.netflix.discovery.DiscoveryClient    : DiscoveryClient_USER-SERVICE/user-service:416a450cb23fd084b124ae79bbb32efc - deregister  status: 200
2025-10-29T01:55:00.930-05:00  INFO 23068 --- [user-service] [Thread-19] com.netflix.discovery.DiscoveryClient    : Completed shut down of DiscoveryClient
2025-10-29T01:55:01.098-05:00  INFO 23068 --- [user-service] [restartedMain] org.cibertec.UserServiceApplication      : Starting UserServiceApplication using Java 21.0.8 with PID 23068 (C:\Users\ronca\OneDrive\Escritorio\Dev\DAW2\user-service\target\classes started by Arturo in C:\Users\ronca\OneDrive\Escritorio\Dev\DAW2\user-service)
2025-10-29T01:55:01.098-05:00  INFO 23068 --- [user-service] [restartedMain] org.cibertec.UserServiceApplication      : No active profile set, falling back to 1 default profile: "default"
2025-10-29T01:55:01.100-05:00  INFO 23068 --- [user-service] [restartedMain] o.s.c.c.c.ConfigServerConfigDataLoader   : Fetching config from server at : http://localhost:8888
2025-10-29T01:55:01.102-05:00  INFO 23068 --- [user-service] [restartedMain] o.s.c.c.c.ConfigServerConfigDataLoader   : Located environment: name=user-service, profiles=[default], label=null, version=null, state=null
2025-10-29T01:55:01.767-05:00  INFO 23068 --- [user-service] [restartedMain] .s.d.r.c.RepositoryConfigurationDelegate : Bootstrapping Spring Data JPA repositories in DEFAULT mode.
2025-10-29T01:55:01.788-05:00  INFO 23068 --- [user-service] [restartedMain] .s.d.r.c.RepositoryConfigurationDelegate : Finished Spring Data repository scanning in 19 ms. Found 2 JPA repository interfaces.
2025-10-29T01:55:01.981-05:00  INFO 23068 --- [user-service] [restartedMain] o.s.cloud.context.scope.GenericScope     : BeanFactory id=ce9c1f7c-f6b6-3530-b72a-59d3aaa3356a
2025-10-29T01:55:02.143-05:00  INFO 23068 --- [user-service] [restartedMain] o.s.b.w.embedded.tomcat.TomcatWebServer  : Tomcat initialized with port 0 (http)
2025-10-29T01:55:02.145-05:00  INFO 23068 --- [user-service] [restartedMain] o.apache.catalina.core.StandardService   : Starting service [Tomcat]
2025-10-29T01:55:02.145-05:00  INFO 23068 --- [user-service] [restartedMain] o.apache.catalina.core.StandardEngine    : Starting Servlet engine: [Apache Tomcat/10.1.46]
2025-10-29T01:55:02.216-05:00  INFO 23068 --- [user-service] [restartedMain] o.a.c.c.C.[Tomcat].[localhost].[/]       : Initializing Spring embedded WebApplicationContext
2025-10-29T01:55:02.216-05:00  INFO 23068 --- [user-service] [restartedMain] w.s.c.ServletWebServerApplicationContext : Root WebApplicationContext: initialization completed in 1114 ms
2025-10-29T01:55:02.373-05:00  INFO 23068 --- [user-service] [restartedMain] com.zaxxer.hikari.HikariDataSource       : HikariPool-5 - Starting...
2025-10-29T01:55:02.388-05:00  INFO 23068 --- [user-service] [restartedMain] com.zaxxer.hikari.pool.HikariPool        : HikariPool-5 - Added connection com.mysql.cj.jdbc.ConnectionImpl@3f9ad337
2025-10-29T01:55:02.388-05:00  INFO 23068 --- [user-service] [restartedMain] com.zaxxer.hikari.HikariDataSource       : HikariPool-5 - Start completed.
2025-10-29T01:55:02.390-05:00  INFO 23068 --- [user-service] [restartedMain] o.hibernate.jpa.internal.util.LogHelper  : HHH000204: Processing PersistenceUnitInfo [name: default]
2025-10-29T01:55:02.395-05:00  INFO 23068 --- [user-service] [restartedMain] o.h.c.internal.RegionFactoryInitiator    : HHH000026: Second-level cache disabled
2025-10-29T01:55:02.413-05:00  INFO 23068 --- [user-service] [restartedMain] o.s.o.j.p.SpringPersistenceUnitInfo      : No LoadTimeWeaver setup: ignoring JPA class transformer
2025-10-29T01:55:02.416-05:00  INFO 23068 --- [user-service] [restartedMain] org.hibernate.orm.connections.pooling    : HHH10001005: Database info:
	Database JDBC URL [Connecting through datasource 'HikariDataSource (HikariPool-5)']
	Database driver: undefined/unknown
	Database version: 8.0.34
	Autocommit mode: undefined/unknown
	Isolation level: undefined/unknown
	Minimum pool size: undefined/unknown
	Maximum pool size: undefined/unknown
2025-10-29T01:55:02.587-05:00  INFO 23068 --- [user-service] [restartedMain] o.h.e.t.j.p.i.JtaPlatformInitiator       : HHH000489: No JTA platform available (set 'hibernate.transaction.jta.platform' to enable JTA platform integration)
2025-10-29T01:55:02.587-05:00  INFO 23068 --- [user-service] [restartedMain] j.LocalContainerEntityManagerFactoryBean : Initialized JPA EntityManagerFactory for persistence unit 'default'
2025-10-29T01:55:02.711-05:00  WARN 23068 --- [user-service] [restartedMain] JpaBaseConfiguration$JpaWebConfiguration : spring.jpa.open-in-view is enabled by default. Therefore, database queries may be performed during view rendering. Explicitly configure spring.jpa.open-in-view to disable this warning
2025-10-29T01:55:03.140-05:00  INFO 23068 --- [user-service] [restartedMain] o.s.b.a.e.web.EndpointLinksResolver      : Exposing 18 endpoints beneath base path '/actuator'
2025-10-29T01:55:03.402-05:00  WARN 23068 --- [user-service] [restartedMain] o.s.b.d.a.OptionalLiveReloadServer       : Unable to start LiveReload server
2025-10-29T01:55:03.435-05:00  INFO 23068 --- [user-service] [restartedMain] DiscoveryClientOptionalArgsConfiguration : Eureka HTTP Client uses RestTemplate.
2025-10-29T01:55:03.474-05:00  WARN 23068 --- [user-service] [restartedMain] iguration$LoadBalancerCaffeineWarnLogger : Spring Cloud LoadBalancer is currently working with the default cache. While this cache implementation is useful for development and tests, it's recommended to use Caffeine cache in production.You can switch to using Caffeine cache, by adding it and org.springframework.cache.caffeine.CaffeineCacheManager to the classpath.
2025-10-29T01:55:03.558-05:00  INFO 23068 --- [user-service] [restartedMain] o.s.b.w.embedded.tomcat.TomcatWebServer  : Tomcat started on port 60910 (http) with context path '/'
2025-10-29T01:55:03.559-05:00  INFO 23068 --- [user-service] [restartedMain] .s.c.n.e.s.EurekaAutoServiceRegistration : Updating port to 60910
2025-10-29T01:55:03.561-05:00  INFO 23068 --- [user-service] [restartedMain] o.s.c.n.eureka.InstanceInfoFactory       : Setting initial instance status as: STARTING
2025-10-29T01:55:03.569-05:00  INFO 23068 --- [user-service] [restartedMain] com.netflix.discovery.DiscoveryClient    : Initializing Eureka in region us-east-1
2025-10-29T01:55:03.570-05:00  INFO 23068 --- [user-service] [restartedMain] c.n.d.s.r.aws.ConfigClusterResolver      : Resolving eureka endpoints via configuration
2025-10-29T01:55:03.570-05:00  INFO 23068 --- [user-service] [restartedMain] com.netflix.discovery.DiscoveryClient    : Disable delta property : false
2025-10-29T01:55:03.570-05:00  INFO 23068 --- [user-service] [restartedMain] com.netflix.discovery.DiscoveryClient    : Single vip registry refresh property : null
2025-10-29T01:55:03.570-05:00  INFO 23068 --- [user-service] [restartedMain] com.netflix.discovery.DiscoveryClient    : Force full registry fetch : false
2025-10-29T01:55:03.570-05:00  INFO 23068 --- [user-service] [restartedMain] com.netflix.discovery.DiscoveryClient    : Application is null : false
2025-10-29T01:55:03.570-05:00  INFO 23068 --- [user-service] [restartedMain] com.netflix.discovery.DiscoveryClient    : Registered Applications size is zero : true
2025-10-29T01:55:03.571-05:00  INFO 23068 --- [user-service] [restartedMain] com.netflix.discovery.DiscoveryClient    : Application version is -1: true
2025-10-29T01:55:03.571-05:00  INFO 23068 --- [user-service] [restartedMain] com.netflix.discovery.DiscoveryClient    : Getting all instance registry info from the eureka server
2025-10-29T01:55:03.619-05:00  INFO 23068 --- [user-service] [restartedMain] com.netflix.discovery.DiscoveryClient    : The response status is 200
2025-10-29T01:55:03.620-05:00  INFO 23068 --- [user-service] [restartedMain] com.netflix.discovery.DiscoveryClient    : Starting heartbeat executor: renew interval is: 30
2025-10-29T01:55:03.621-05:00  INFO 23068 --- [user-service] [restartedMain] c.n.discovery.InstanceInfoReplicator     : InstanceInfoReplicator onDemand update allowed rate per min is 4
2025-10-29T01:55:03.621-05:00  INFO 23068 --- [user-service] [restartedMain] com.netflix.discovery.DiscoveryClient    : Discovery Client initialized at timestamp 1761720903621 with initial instances count: 6
2025-10-29T01:55:03.625-05:00  INFO 23068 --- [user-service] [restartedMain] o.s.c.n.e.s.EurekaServiceRegistry        : Registering application USER-SERVICE with eureka with status UP
2025-10-29T01:55:03.625-05:00  INFO 23068 --- [user-service] [restartedMain] com.netflix.discovery.DiscoveryClient    : Saw local status change event StatusChangeEvent [timestamp=1761720903625, current=UP, previous=STARTING]
2025-10-29T01:55:03.625-05:00  INFO 23068 --- [user-service] [DiscoveryClient-InstanceInfoReplicator-%d] com.netflix.discovery.DiscoveryClient    : DiscoveryClient_USER-SERVICE/user-service:b49a721c7fba015e94a10bbfadd8764f: registering service...
2025-10-29T01:55:03.645-05:00  INFO 23068 --- [user-service] [DiscoveryClient-InstanceInfoReplicator-%d] com.netflix.discovery.DiscoveryClient    : DiscoveryClient_USER-SERVICE/user-service:b49a721c7fba015e94a10bbfadd8764f - registration status: 204
2025-10-29T01:55:03.651-05:00  INFO 23068 --- [user-service] [restartedMain] org.cibertec.UserServiceApplication      : Started UserServiceApplication in 2.655 seconds (process running for 579.252)
2025-10-29T01:55:03.655-05:00  INFO 23068 --- [user-service] [restartedMain] .ConditionEvaluationDeltaLoggingListener : Condition evaluation unchanged
2025-10-29T01:55:17.212-05:00  INFO 23068 --- [user-service] [File Watcher] rtingClassPathChangeChangedEventListener : Restarting due to 1 class path change (0 additions, 0 deletions, 1 modification)
2025-10-29T01:55:17.213-05:00  INFO 23068 --- [user-service] [Thread-25] o.s.c.n.e.s.EurekaServiceRegistry        : Unregistering application USER-SERVICE with eureka with status DOWN
2025-10-29T01:55:17.213-05:00  INFO 23068 --- [user-service] [Thread-25] com.netflix.discovery.DiscoveryClient    : Saw local status change event StatusChangeEvent [timestamp=1761720917213, current=DOWN, previous=UP]
2025-10-29T01:55:17.213-05:00  INFO 23068 --- [user-service] [DiscoveryClient-InstanceInfoReplicator-%d] com.netflix.discovery.DiscoveryClient    : DiscoveryClient_USER-SERVICE/user-service:b49a721c7fba015e94a10bbfadd8764f: registering service...
2025-10-29T01:55:17.214-05:00  INFO 23068 --- [user-service] [Thread-25] o.s.b.w.e.tomcat.GracefulShutdown        : Commencing graceful shutdown. Waiting for active requests to complete
2025-10-29T01:55:17.220-05:00  INFO 23068 --- [user-service] [tomcat-shutdown] o.s.b.w.e.tomcat.GracefulShutdown        : Graceful shutdown complete
2025-10-29T01:55:17.225-05:00  INFO 23068 --- [user-service] [Thread-25] j.LocalContainerEntityManagerFactoryBean : Closing JPA EntityManagerFactory for persistence unit 'default'
2025-10-29T01:55:17.226-05:00  INFO 23068 --- [user-service] [Thread-25] com.zaxxer.hikari.HikariDataSource       : HikariPool-5 - Shutdown initiated...
2025-10-29T01:55:17.227-05:00  INFO 23068 --- [user-service] [DiscoveryClient-InstanceInfoReplicator-%d] com.netflix.discovery.DiscoveryClient    : DiscoveryClient_USER-SERVICE/user-service:b49a721c7fba015e94a10bbfadd8764f - registration status: 204
2025-10-29T01:55:17.233-05:00  INFO 23068 --- [user-service] [Thread-25] com.zaxxer.hikari.HikariDataSource       : HikariPool-5 - Shutdown completed.
2025-10-29T01:55:17.233-05:00  INFO 23068 --- [user-service] [Thread-25] com.netflix.discovery.DiscoveryClient    : Shutting down DiscoveryClient ...
2025-10-29T01:55:20.238-05:00  INFO 23068 --- [user-service] [Thread-25] com.netflix.discovery.DiscoveryClient    : Unregistering ...
2025-10-29T01:55:20.257-05:00  INFO 23068 --- [user-service] [Thread-25] com.netflix.discovery.DiscoveryClient    : DiscoveryClient_USER-SERVICE/user-service:b49a721c7fba015e94a10bbfadd8764f - deregister  status: 200
2025-10-29T01:55:20.257-05:00  INFO 23068 --- [user-service] [Thread-25] com.netflix.discovery.DiscoveryClient    : Completed shut down of DiscoveryClient
2025-10-29T01:55:20.482-05:00  INFO 23068 --- [user-service] [restartedMain] org.cibertec.UserServiceApplication      : Starting UserServiceApplication using Java 21.0.8 with PID 23068 (C:\Users\ronca\OneDrive\Escritorio\Dev\DAW2\user-service\target\classes started by Arturo in C:\Users\ronca\OneDrive\Escritorio\Dev\DAW2\user-service)
2025-10-29T01:55:20.483-05:00  INFO 23068 --- [user-service] [restartedMain] org.cibertec.UserServiceApplication      : No active profile set, falling back to 1 default profile: "default"
2025-10-29T01:55:20.485-05:00  INFO 23068 --- [user-service] [restartedMain] o.s.c.c.c.ConfigServerConfigDataLoader   : Fetching config from server at : http://localhost:8888
2025-10-29T01:55:20.485-05:00  INFO 23068 --- [user-service] [restartedMain] o.s.c.c.c.ConfigServerConfigDataLoader   : Located environment: name=user-service, profiles=[default], label=null, version=null, state=null
2025-10-29T01:55:21.302-05:00  INFO 23068 --- [user-service] [restartedMain] .s.d.r.c.RepositoryConfigurationDelegate : Bootstrapping Spring Data JPA repositories in DEFAULT mode.
2025-10-29T01:55:21.324-05:00  INFO 23068 --- [user-service] [restartedMain] .s.d.r.c.RepositoryConfigurationDelegate : Finished Spring Data repository scanning in 19 ms. Found 2 JPA repository interfaces.
2025-10-29T01:55:21.507-05:00  INFO 23068 --- [user-service] [restartedMain] o.s.cloud.context.scope.GenericScope     : BeanFactory id=ce9c1f7c-f6b6-3530-b72a-59d3aaa3356a
2025-10-29T01:55:21.642-05:00  INFO 23068 --- [user-service] [restartedMain] o.s.b.w.embedded.tomcat.TomcatWebServer  : Tomcat initialized with port 0 (http)
2025-10-29T01:55:21.643-05:00  INFO 23068 --- [user-service] [restartedMain] o.apache.catalina.core.StandardService   : Starting service [Tomcat]
2025-10-29T01:55:21.643-05:00  INFO 23068 --- [user-service] [restartedMain] o.apache.catalina.core.StandardEngine    : Starting Servlet engine: [Apache Tomcat/10.1.46]
2025-10-29T01:55:21.702-05:00  INFO 23068 --- [user-service] [restartedMain] o.a.c.c.C.[Tomcat].[localhost].[/]       : Initializing Spring embedded WebApplicationContext
2025-10-29T01:55:21.702-05:00  INFO 23068 --- [user-service] [restartedMain] w.s.c.ServletWebServerApplicationContext : Root WebApplicationContext: initialization completed in 1217 ms
2025-10-29T01:55:21.862-05:00  INFO 23068 --- [user-service] [restartedMain] com.zaxxer.hikari.HikariDataSource       : HikariPool-6 - Starting...
2025-10-29T01:55:21.880-05:00  INFO 23068 --- [user-service] [restartedMain] com.zaxxer.hikari.pool.HikariPool        : HikariPool-6 - Added connection com.mysql.cj.jdbc.ConnectionImpl@2f97dac2
2025-10-29T01:55:21.880-05:00  INFO 23068 --- [user-service] [restartedMain] com.zaxxer.hikari.HikariDataSource       : HikariPool-6 - Start completed.
2025-10-29T01:55:21.882-05:00  INFO 23068 --- [user-service] [restartedMain] o.hibernate.jpa.internal.util.LogHelper  : HHH000204: Processing PersistenceUnitInfo [name: default]
2025-10-29T01:55:21.890-05:00  INFO 23068 --- [user-service] [restartedMain] o.h.c.internal.RegionFactoryInitiator    : HHH000026: Second-level cache disabled
2025-10-29T01:55:21.924-05:00  INFO 23068 --- [user-service] [restartedMain] o.s.o.j.p.SpringPersistenceUnitInfo      : No LoadTimeWeaver setup: ignoring JPA class transformer
2025-10-29T01:55:21.929-05:00  INFO 23068 --- [user-service] [restartedMain] org.hibernate.orm.connections.pooling    : HHH10001005: Database info:
	Database JDBC URL [Connecting through datasource 'HikariDataSource (HikariPool-6)']
	Database driver: undefined/unknown
	Database version: 8.0.34
	Autocommit mode: undefined/unknown
	Isolation level: undefined/unknown
	Minimum pool size: undefined/unknown
	Maximum pool size: undefined/unknown
2025-10-29T01:55:22.090-05:00  INFO 23068 --- [user-service] [restartedMain] o.h.e.t.j.p.i.JtaPlatformInitiator       : HHH000489: No JTA platform available (set 'hibernate.transaction.jta.platform' to enable JTA platform integration)
2025-10-29T01:55:22.090-05:00  INFO 23068 --- [user-service] [restartedMain] j.LocalContainerEntityManagerFactoryBean : Initialized JPA EntityManagerFactory for persistence unit 'default'
2025-10-29T01:55:22.242-05:00  WARN 23068 --- [user-service] [restartedMain] JpaBaseConfiguration$JpaWebConfiguration : spring.jpa.open-in-view is enabled by default. Therefore, database queries may be performed during view rendering. Explicitly configure spring.jpa.open-in-view to disable this warning
2025-10-29T01:55:22.650-05:00  INFO 23068 --- [user-service] [restartedMain] o.s.b.a.e.web.EndpointLinksResolver      : Exposing 18 endpoints beneath base path '/actuator'
2025-10-29T01:55:22.900-05:00  WARN 23068 --- [user-service] [restartedMain] o.s.b.d.a.OptionalLiveReloadServer       : Unable to start LiveReload server
2025-10-29T01:55:22.920-05:00  INFO 23068 --- [user-service] [restartedMain] DiscoveryClientOptionalArgsConfiguration : Eureka HTTP Client uses RestTemplate.
2025-10-29T01:55:22.949-05:00  WARN 23068 --- [user-service] [restartedMain] iguration$LoadBalancerCaffeineWarnLogger : Spring Cloud LoadBalancer is currently working with the default cache. While this cache implementation is useful for development and tests, it's recommended to use Caffeine cache in production.You can switch to using Caffeine cache, by adding it and org.springframework.cache.caffeine.CaffeineCacheManager to the classpath.
2025-10-29T01:55:23.008-05:00  INFO 23068 --- [user-service] [restartedMain] o.s.b.w.embedded.tomcat.TomcatWebServer  : Tomcat started on port 60983 (http) with context path '/'
2025-10-29T01:55:23.008-05:00  INFO 23068 --- [user-service] [restartedMain] .s.c.n.e.s.EurekaAutoServiceRegistration : Updating port to 60983
2025-10-29T01:55:23.011-05:00  INFO 23068 --- [user-service] [restartedMain] o.s.c.n.eureka.InstanceInfoFactory       : Setting initial instance status as: STARTING
2025-10-29T01:55:23.016-05:00  INFO 23068 --- [user-service] [restartedMain] com.netflix.discovery.DiscoveryClient    : Initializing Eureka in region us-east-1
2025-10-29T01:55:23.016-05:00  INFO 23068 --- [user-service] [restartedMain] c.n.d.s.r.aws.ConfigClusterResolver      : Resolving eureka endpoints via configuration
2025-10-29T01:55:23.016-05:00  INFO 23068 --- [user-service] [restartedMain] com.netflix.discovery.DiscoveryClient    : Disable delta property : false
2025-10-29T01:55:23.016-05:00  INFO 23068 --- [user-service] [restartedMain] com.netflix.discovery.DiscoveryClient    : Single vip registry refresh property : null
2025-10-29T01:55:23.016-05:00  INFO 23068 --- [user-service] [restartedMain] com.netflix.discovery.DiscoveryClient    : Force full registry fetch : false
2025-10-29T01:55:23.017-05:00  INFO 23068 --- [user-service] [restartedMain] com.netflix.discovery.DiscoveryClient    : Application is null : false
2025-10-29T01:55:23.017-05:00  INFO 23068 --- [user-service] [restartedMain] com.netflix.discovery.DiscoveryClient    : Registered Applications size is zero : true
2025-10-29T01:55:23.017-05:00  INFO 23068 --- [user-service] [restartedMain] com.netflix.discovery.DiscoveryClient    : Application version is -1: true
2025-10-29T01:55:23.017-05:00  INFO 23068 --- [user-service] [restartedMain] com.netflix.discovery.DiscoveryClient    : Getting all instance registry info from the eureka server
2025-10-29T01:55:23.058-05:00  INFO 23068 --- [user-service] [restartedMain] com.netflix.discovery.DiscoveryClient    : The response status is 200
2025-10-29T01:55:23.059-05:00  INFO 23068 --- [user-service] [restartedMain] com.netflix.discovery.DiscoveryClient    : Starting heartbeat executor: renew interval is: 30
2025-10-29T01:55:23.060-05:00  INFO 23068 --- [user-service] [restartedMain] c.n.discovery.InstanceInfoReplicator     : InstanceInfoReplicator onDemand update allowed rate per min is 4
2025-10-29T01:55:23.060-05:00  INFO 23068 --- [user-service] [restartedMain] com.netflix.discovery.DiscoveryClient    : Discovery Client initialized at timestamp 1761720923060 with initial instances count: 6
2025-10-29T01:55:23.064-05:00  INFO 23068 --- [user-service] [restartedMain] o.s.c.n.e.s.EurekaServiceRegistry        : Registering application USER-SERVICE with eureka with status UP
2025-10-29T01:55:23.064-05:00  INFO 23068 --- [user-service] [restartedMain] com.netflix.discovery.DiscoveryClient    : Saw local status change event StatusChangeEvent [timestamp=1761720923064, current=UP, previous=STARTING]
2025-10-29T01:55:23.066-05:00  INFO 23068 --- [user-service] [DiscoveryClient-InstanceInfoReplicator-%d] com.netflix.discovery.DiscoveryClient    : DiscoveryClient_USER-SERVICE/user-service:b9fa094ffa2f79729e8280200457eefb: registering service...
2025-10-29T01:55:23.090-05:00  INFO 23068 --- [user-service] [DiscoveryClient-InstanceInfoReplicator-%d] com.netflix.discovery.DiscoveryClient    : DiscoveryClient_USER-SERVICE/user-service:b9fa094ffa2f79729e8280200457eefb - registration status: 204
2025-10-29T01:55:23.098-05:00  INFO 23068 --- [user-service] [restartedMain] org.cibertec.UserServiceApplication      : Started UserServiceApplication in 2.738 seconds (process running for 598.7)
2025-10-29T01:55:23.101-05:00  INFO 23068 --- [user-service] [restartedMain] .ConditionEvaluationDeltaLoggingListener : Condition evaluation unchanged
2025-10-29T01:55:33.587-05:00  INFO 23068 --- [user-service] [File Watcher] rtingClassPathChangeChangedEventListener : Restarting due to 1 class path change (0 additions, 0 deletions, 1 modification)
2025-10-29T01:55:33.588-05:00  INFO 23068 --- [user-service] [Thread-31] o.s.c.n.e.s.EurekaServiceRegistry        : Unregistering application USER-SERVICE with eureka with status DOWN
2025-10-29T01:55:33.588-05:00  INFO 23068 --- [user-service] [Thread-31] com.netflix.discovery.DiscoveryClient    : Saw local status change event StatusChangeEvent [timestamp=1761720933588, current=DOWN, previous=UP]
2025-10-29T01:55:33.588-05:00  INFO 23068 --- [user-service] [DiscoveryClient-InstanceInfoReplicator-%d] com.netflix.discovery.DiscoveryClient    : DiscoveryClient_USER-SERVICE/user-service:b9fa094ffa2f79729e8280200457eefb: registering service...
2025-10-29T01:55:33.589-05:00  INFO 23068 --- [user-service] [Thread-31] o.s.b.w.e.tomcat.GracefulShutdown        : Commencing graceful shutdown. Waiting for active requests to complete
2025-10-29T01:55:33.597-05:00  INFO 23068 --- [user-service] [tomcat-shutdown] o.s.b.w.e.tomcat.GracefulShutdown        : Graceful shutdown complete
2025-10-29T01:55:33.604-05:00  INFO 23068 --- [user-service] [DiscoveryClient-InstanceInfoReplicator-%d] com.netflix.discovery.DiscoveryClient    : DiscoveryClient_USER-SERVICE/user-service:b9fa094ffa2f79729e8280200457eefb - registration status: 204
2025-10-29T01:55:33.608-05:00  INFO 23068 --- [user-service] [Thread-31] j.LocalContainerEntityManagerFactoryBean : Closing JPA EntityManagerFactory for persistence unit 'default'
2025-10-29T01:55:33.609-05:00  INFO 23068 --- [user-service] [Thread-31] com.zaxxer.hikari.HikariDataSource       : HikariPool-6 - Shutdown initiated...
2025-10-29T01:55:33.617-05:00  INFO 23068 --- [user-service] [Thread-31] com.zaxxer.hikari.HikariDataSource       : HikariPool-6 - Shutdown completed.
2025-10-29T01:55:33.618-05:00  INFO 23068 --- [user-service] [Thread-31] com.netflix.discovery.DiscoveryClient    : Shutting down DiscoveryClient ...
2025-10-29T01:55:36.624-05:00  INFO 23068 --- [user-service] [Thread-31] com.netflix.discovery.DiscoveryClient    : Unregistering ...
2025-10-29T01:55:36.642-05:00  INFO 23068 --- [user-service] [Thread-31] com.netflix.discovery.DiscoveryClient    : DiscoveryClient_USER-SERVICE/user-service:b9fa094ffa2f79729e8280200457eefb - deregister  status: 200
2025-10-29T01:55:36.643-05:00  INFO 23068 --- [user-service] [Thread-31] com.netflix.discovery.DiscoveryClient    : Completed shut down of DiscoveryClient
2025-10-29T01:55:36.845-05:00  INFO 23068 --- [user-service] [restartedMain] org.cibertec.UserServiceApplication      : Starting UserServiceApplication using Java 21.0.8 with PID 23068 (C:\Users\ronca\OneDrive\Escritorio\Dev\DAW2\user-service\target\classes started by Arturo in C:\Users\ronca\OneDrive\Escritorio\Dev\DAW2\user-service)
2025-10-29T01:55:36.845-05:00  INFO 23068 --- [user-service] [restartedMain] org.cibertec.UserServiceApplication      : No active profile set, falling back to 1 default profile: "default"
2025-10-29T01:55:36.848-05:00  INFO 23068 --- [user-service] [restartedMain] o.s.c.c.c.ConfigServerConfigDataLoader   : Fetching config from server at : http://localhost:8888
2025-10-29T01:55:36.848-05:00  INFO 23068 --- [user-service] [restartedMain] o.s.c.c.c.ConfigServerConfigDataLoader   : Located environment: name=user-service, profiles=[default], label=null, version=null, state=null
2025-10-29T01:55:37.561-05:00  INFO 23068 --- [user-service] [restartedMain] .s.d.r.c.RepositoryConfigurationDelegate : Bootstrapping Spring Data JPA repositories in DEFAULT mode.
2025-10-29T01:55:37.587-05:00  INFO 23068 --- [user-service] [restartedMain] .s.d.r.c.RepositoryConfigurationDelegate : Finished Spring Data repository scanning in 22 ms. Found 2 JPA repository interfaces.
2025-10-29T01:55:37.763-05:00  INFO 23068 --- [user-service] [restartedMain] o.s.cloud.context.scope.GenericScope     : BeanFactory id=ce9c1f7c-f6b6-3530-b72a-59d3aaa3356a
2025-10-29T01:55:37.882-05:00  INFO 23068 --- [user-service] [restartedMain] o.s.b.w.embedded.tomcat.TomcatWebServer  : Tomcat initialized with port 0 (http)
2025-10-29T01:55:37.884-05:00  INFO 23068 --- [user-service] [restartedMain] o.apache.catalina.core.StandardService   : Starting service [Tomcat]
2025-10-29T01:55:37.884-05:00  INFO 23068 --- [user-service] [restartedMain] o.apache.catalina.core.StandardEngine    : Starting Servlet engine: [Apache Tomcat/10.1.46]
2025-10-29T01:55:37.942-05:00  INFO 23068 --- [user-service] [restartedMain] o.a.c.c.C.[Tomcat].[localhost].[/]       : Initializing Spring embedded WebApplicationContext
2025-10-29T01:55:37.942-05:00  INFO 23068 --- [user-service] [restartedMain] w.s.c.ServletWebServerApplicationContext : Root WebApplicationContext: initialization completed in 1094 ms
2025-10-29T01:55:38.089-05:00  INFO 23068 --- [user-service] [restartedMain] com.zaxxer.hikari.HikariDataSource       : HikariPool-7 - Starting...
2025-10-29T01:55:38.103-05:00  INFO 23068 --- [user-service] [restartedMain] com.zaxxer.hikari.pool.HikariPool        : HikariPool-7 - Added connection com.mysql.cj.jdbc.ConnectionImpl@2326dec
2025-10-29T01:55:38.103-05:00  INFO 23068 --- [user-service] [restartedMain] com.zaxxer.hikari.HikariDataSource       : HikariPool-7 - Start completed.
2025-10-29T01:55:38.105-05:00  INFO 23068 --- [user-service] [restartedMain] o.hibernate.jpa.internal.util.LogHelper  : HHH000204: Processing PersistenceUnitInfo [name: default]
2025-10-29T01:55:38.110-05:00  INFO 23068 --- [user-service] [restartedMain] o.h.c.internal.RegionFactoryInitiator    : HHH000026: Second-level cache disabled
2025-10-29T01:55:38.127-05:00  INFO 23068 --- [user-service] [restartedMain] o.s.o.j.p.SpringPersistenceUnitInfo      : No LoadTimeWeaver setup: ignoring JPA class transformer
2025-10-29T01:55:38.130-05:00  INFO 23068 --- [user-service] [restartedMain] org.hibernate.orm.connections.pooling    : HHH10001005: Database info:
	Database JDBC URL [Connecting through datasource 'HikariDataSource (HikariPool-7)']
	Database driver: undefined/unknown
	Database version: 8.0.34
	Autocommit mode: undefined/unknown
	Isolation level: undefined/unknown
	Minimum pool size: undefined/unknown
	Maximum pool size: undefined/unknown
2025-10-29T01:55:38.285-05:00  INFO 23068 --- [user-service] [restartedMain] o.h.e.t.j.p.i.JtaPlatformInitiator       : HHH000489: No JTA platform available (set 'hibernate.transaction.jta.platform' to enable JTA platform integration)
2025-10-29T01:55:38.285-05:00  INFO 23068 --- [user-service] [restartedMain] j.LocalContainerEntityManagerFactoryBean : Initialized JPA EntityManagerFactory for persistence unit 'default'
2025-10-29T01:55:38.420-05:00  WARN 23068 --- [user-service] [restartedMain] JpaBaseConfiguration$JpaWebConfiguration : spring.jpa.open-in-view is enabled by default. Therefore, database queries may be performed during view rendering. Explicitly configure spring.jpa.open-in-view to disable this warning
2025-10-29T01:55:38.797-05:00  INFO 23068 --- [user-service] [restartedMain] o.s.b.a.e.web.EndpointLinksResolver      : Exposing 18 endpoints beneath base path '/actuator'
2025-10-29T01:55:39.066-05:00  WARN 23068 --- [user-service] [restartedMain] o.s.b.d.a.OptionalLiveReloadServer       : Unable to start LiveReload server
2025-10-29T01:55:39.098-05:00  INFO 23068 --- [user-service] [restartedMain] DiscoveryClientOptionalArgsConfiguration : Eureka HTTP Client uses RestTemplate.
2025-10-29T01:55:39.130-05:00  WARN 23068 --- [user-service] [restartedMain] iguration$LoadBalancerCaffeineWarnLogger : Spring Cloud LoadBalancer is currently working with the default cache. While this cache implementation is useful for development and tests, it's recommended to use Caffeine cache in production.You can switch to using Caffeine cache, by adding it and org.springframework.cache.caffeine.CaffeineCacheManager to the classpath.
2025-10-29T01:55:39.209-05:00  INFO 23068 --- [user-service] [restartedMain] o.s.b.w.embedded.tomcat.TomcatWebServer  : Tomcat started on port 50775 (http) with context path '/'
2025-10-29T01:55:39.210-05:00  INFO 23068 --- [user-service] [restartedMain] .s.c.n.e.s.EurekaAutoServiceRegistration : Updating port to 50775
2025-10-29T01:55:39.213-05:00  INFO 23068 --- [user-service] [restartedMain] o.s.c.n.eureka.InstanceInfoFactory       : Setting initial instance status as: STARTING
2025-10-29T01:55:39.219-05:00  INFO 23068 --- [user-service] [restartedMain] com.netflix.discovery.DiscoveryClient    : Initializing Eureka in region us-east-1
2025-10-29T01:55:39.219-05:00  INFO 23068 --- [user-service] [restartedMain] c.n.d.s.r.aws.ConfigClusterResolver      : Resolving eureka endpoints via configuration
2025-10-29T01:55:39.220-05:00  INFO 23068 --- [user-service] [restartedMain] com.netflix.discovery.DiscoveryClient    : Disable delta property : false
2025-10-29T01:55:39.220-05:00  INFO 23068 --- [user-service] [restartedMain] com.netflix.discovery.DiscoveryClient    : Single vip registry refresh property : null
2025-10-29T01:55:39.220-05:00  INFO 23068 --- [user-service] [restartedMain] com.netflix.discovery.DiscoveryClient    : Force full registry fetch : false
2025-10-29T01:55:39.220-05:00  INFO 23068 --- [user-service] [restartedMain] com.netflix.discovery.DiscoveryClient    : Application is null : false
2025-10-29T01:55:39.220-05:00  INFO 23068 --- [user-service] [restartedMain] com.netflix.discovery.DiscoveryClient    : Registered Applications size is zero : true
2025-10-29T01:55:39.220-05:00  INFO 23068 --- [user-service] [restartedMain] com.netflix.discovery.DiscoveryClient    : Application version is -1: true
2025-10-29T01:55:39.220-05:00  INFO 23068 --- [user-service] [restartedMain] com.netflix.discovery.DiscoveryClient    : Getting all instance registry info from the eureka server
2025-10-29T01:55:39.261-05:00  INFO 23068 --- [user-service] [restartedMain] com.netflix.discovery.DiscoveryClient    : The response status is 200
2025-10-29T01:55:39.261-05:00  INFO 23068 --- [user-service] [restartedMain] com.netflix.discovery.DiscoveryClient    : Starting heartbeat executor: renew interval is: 30
2025-10-29T01:55:39.262-05:00  INFO 23068 --- [user-service] [restartedMain] c.n.discovery.InstanceInfoReplicator     : InstanceInfoReplicator onDemand update allowed rate per min is 4
2025-10-29T01:55:39.262-05:00  INFO 23068 --- [user-service] [restartedMain] com.netflix.discovery.DiscoveryClient    : Discovery Client initialized at timestamp 1761720939262 with initial instances count: 6
2025-10-29T01:55:39.265-05:00  INFO 23068 --- [user-service] [restartedMain] o.s.c.n.e.s.EurekaServiceRegistry        : Registering application USER-SERVICE with eureka with status UP
2025-10-29T01:55:39.265-05:00  INFO 23068 --- [user-service] [restartedMain] com.netflix.discovery.DiscoveryClient    : Saw local status change event StatusChangeEvent [timestamp=1761720939265, current=UP, previous=STARTING]
2025-10-29T01:55:39.265-05:00  INFO 23068 --- [user-service] [DiscoveryClient-InstanceInfoReplicator-%d] com.netflix.discovery.DiscoveryClient    : DiscoveryClient_USER-SERVICE/user-service:2716af7d96ee0120ca4f0c57557ce5dc: registering service...
2025-10-29T01:55:39.278-05:00  INFO 23068 --- [user-service] [DiscoveryClient-InstanceInfoReplicator-%d] com.netflix.discovery.DiscoveryClient    : DiscoveryClient_USER-SERVICE/user-service:2716af7d96ee0120ca4f0c57557ce5dc - registration status: 204
2025-10-29T01:55:39.288-05:00  INFO 23068 --- [user-service] [restartedMain] org.cibertec.UserServiceApplication      : Started UserServiceApplication in 2.544 seconds (process running for 614.889)
2025-10-29T01:55:39.292-05:00  INFO 23068 --- [user-service] [restartedMain] .ConditionEvaluationDeltaLoggingListener : Condition evaluation unchanged
2025-10-29T01:55:59.648-05:00  INFO 23068 --- [user-service] [RMI TCP Connection(27)-127.0.0.1] inMXBeanRegistrar$SpringApplicationAdmin : Application shutdown requested.
2025-10-29T01:55:59.649-05:00  INFO 23068 --- [user-service] [RMI TCP Connection(27)-127.0.0.1] o.s.c.n.e.s.EurekaServiceRegistry        : Unregistering application USER-SERVICE with eureka with status DOWN
2025-10-29T01:55:59.649-05:00  INFO 23068 --- [user-service] [RMI TCP Connection(27)-127.0.0.1] com.netflix.discovery.DiscoveryClient    : Saw local status change event StatusChangeEvent [timestamp=1761720959649, current=DOWN, previous=UP]
2025-10-29T01:55:59.649-05:00  INFO 23068 --- [user-service] [DiscoveryClient-InstanceInfoReplicator-%d] com.netflix.discovery.DiscoveryClient    : DiscoveryClient_USER-SERVICE/user-service:2716af7d96ee0120ca4f0c57557ce5dc: registering service...
2025-10-29T01:55:59.650-05:00  INFO 23068 --- [user-service] [RMI TCP Connection(27)-127.0.0.1] o.s.b.w.e.tomcat.GracefulShutdown        : Commencing graceful shutdown. Waiting for active requests to complete
2025-10-29T01:55:59.660-05:00  INFO 23068 --- [user-service] [DiscoveryClient-InstanceInfoReplicator-%d] com.netflix.discovery.DiscoveryClient    : DiscoveryClient_USER-SERVICE/user-service:2716af7d96ee0120ca4f0c57557ce5dc - registration status: 204
2025-10-29T01:55:59.662-05:00  INFO 23068 --- [user-service] [tomcat-shutdown] o.s.b.w.e.tomcat.GracefulShutdown        : Graceful shutdown complete
2025-10-29T01:55:59.667-05:00  INFO 23068 --- [user-service] [RMI TCP Connection(27)-127.0.0.1] j.LocalContainerEntityManagerFactoryBean : Closing JPA EntityManagerFactory for persistence unit 'default'
2025-10-29T01:55:59.668-05:00  INFO 23068 --- [user-service] [RMI TCP Connection(27)-127.0.0.1] com.zaxxer.hikari.HikariDataSource       : HikariPool-7 - Shutdown initiated...
2025-10-29T01:55:59.676-05:00  INFO 23068 --- [user-service] [RMI TCP Connection(27)-127.0.0.1] com.zaxxer.hikari.HikariDataSource       : HikariPool-7 - Shutdown completed.
2025-10-29T01:55:59.676-05:00  INFO 23068 --- [user-service] [RMI TCP Connection(27)-127.0.0.1] com.netflix.discovery.DiscoveryClient    : Shutting down DiscoveryClient ...
2025-10-29T01:56:02.685-05:00  INFO 23068 --- [user-service] [RMI TCP Connection(27)-127.0.0.1] com.netflix.discovery.DiscoveryClient    : Unregistering ...
2025-10-29T01:56:02.703-05:00  INFO 23068 --- [user-service] [RMI TCP Connection(27)-127.0.0.1] com.netflix.discovery.DiscoveryClient    : DiscoveryClient_USER-SERVICE/user-service:2716af7d96ee0120ca4f0c57557ce5dc - deregister  status: 200
2025-10-29T01:56:02.703-05:00  INFO 23068 --- [user-service] [RMI TCP Connection(27)-127.0.0.1] com.netflix.discovery.DiscoveryClient    : Completed shut down of DiscoveryClient
2025-10-29T01:56:13.131-05:00  INFO 28340 --- [user-service] [restartedMain] org.cibertec.UserServiceApplication      : Starting UserServiceApplication using Java 21.0.8 with PID 28340 (C:\Users\ronca\OneDrive\Escritorio\Dev\DAW2\user-service\target\classes started by Arturo in C:\Users\ronca\OneDrive\Escritorio\Dev\DAW2\user-service)
2025-10-29T01:56:13.135-05:00  INFO 28340 --- [user-service] [restartedMain] org.cibertec.UserServiceApplication      : No active profile set, falling back to 1 default profile: "default"
2025-10-29T01:56:13.239-05:00  INFO 28340 --- [user-service] [restartedMain] o.s.c.c.c.ConfigServerConfigDataLoader   : Fetching config from server at : http://localhost:8888
2025-10-29T01:56:13.239-05:00  INFO 28340 --- [user-service] [restartedMain] o.s.c.c.c.ConfigServerConfigDataLoader   : Located environment: name=user-service, profiles=[default], label=null, version=null, state=null
2025-10-29T01:56:13.242-05:00  INFO 28340 --- [user-service] [restartedMain] .e.DevToolsPropertyDefaultsPostProcessor : Devtools property defaults active! Set 'spring.devtools.add-properties' to 'false' to disable
2025-10-29T01:56:13.242-05:00  INFO 28340 --- [user-service] [restartedMain] .e.DevToolsPropertyDefaultsPostProcessor : For additional web related logging consider setting the 'logging.level.web' property to 'DEBUG'
2025-10-29T01:56:15.841-05:00  INFO 28340 --- [user-service] [restartedMain] .s.d.r.c.RepositoryConfigurationDelegate : Bootstrapping Spring Data JPA repositories in DEFAULT mode.
2025-10-29T01:56:16.142-05:00  INFO 28340 --- [user-service] [restartedMain] .s.d.r.c.RepositoryConfigurationDelegate : Finished Spring Data repository scanning in 279 ms. Found 2 JPA repository interfaces.
2025-10-29T01:56:16.860-05:00  INFO 28340 --- [user-service] [restartedMain] o.s.cloud.context.scope.GenericScope     : BeanFactory id=ce9c1f7c-f6b6-3530-b72a-59d3aaa3356a
2025-10-29T01:56:18.439-05:00  INFO 28340 --- [user-service] [restartedMain] o.s.b.w.embedded.tomcat.TomcatWebServer  : Tomcat initialized with port 0 (http)
2025-10-29T01:56:18.471-05:00  INFO 28340 --- [user-service] [restartedMain] o.apache.catalina.core.StandardService   : Starting service [Tomcat]
2025-10-29T01:56:18.472-05:00  INFO 28340 --- [user-service] [restartedMain] o.apache.catalina.core.StandardEngine    : Starting Servlet engine: [Apache Tomcat/10.1.46]
2025-10-29T01:56:18.603-05:00  INFO 28340 --- [user-service] [restartedMain] o.a.c.c.C.[Tomcat].[localhost].[/]       : Initializing Spring embedded WebApplicationContext
2025-10-29T01:56:18.603-05:00  INFO 28340 --- [user-service] [restartedMain] w.s.c.ServletWebServerApplicationContext : Root WebApplicationContext: initialization completed in 5360 ms
2025-10-29T01:56:19.197-05:00  INFO 28340 --- [user-service] [restartedMain] com.zaxxer.hikari.HikariDataSource       : HikariPool-1 - Starting...
2025-10-29T01:56:19.897-05:00  INFO 28340 --- [user-service] [restartedMain] com.zaxxer.hikari.pool.HikariPool        : HikariPool-1 - Added connection com.mysql.cj.jdbc.ConnectionImpl@3a36902f
2025-10-29T01:56:19.901-05:00  INFO 28340 --- [user-service] [restartedMain] com.zaxxer.hikari.HikariDataSource       : HikariPool-1 - Start completed.
2025-10-29T01:56:20.059-05:00  INFO 28340 --- [user-service] [restartedMain] o.hibernate.jpa.internal.util.LogHelper  : HHH000204: Processing PersistenceUnitInfo [name: default]
2025-10-29T01:56:20.285-05:00  INFO 28340 --- [user-service] [restartedMain] org.hibernate.Version                    : HHH000412: Hibernate ORM core version 6.6.29.Final
2025-10-29T01:56:20.412-05:00  INFO 28340 --- [user-service] [restartedMain] o.h.c.internal.RegionFactoryInitiator    : HHH000026: Second-level cache disabled
2025-10-29T01:56:21.193-05:00  INFO 28340 --- [user-service] [restartedMain] o.s.o.j.p.SpringPersistenceUnitInfo      : No LoadTimeWeaver setup: ignoring JPA class transformer
2025-10-29T01:56:21.496-05:00  INFO 28340 --- [user-service] [restartedMain] org.hibernate.orm.connections.pooling    : HHH10001005: Database info:
	Database JDBC URL [Connecting through datasource 'HikariDataSource (HikariPool-1)']
	Database driver: undefined/unknown
	Database version: 8.0.34
	Autocommit mode: undefined/unknown
	Isolation level: undefined/unknown
	Minimum pool size: undefined/unknown
	Maximum pool size: undefined/unknown
2025-10-29T01:56:24.064-05:00  INFO 28340 --- [user-service] [restartedMain] o.h.e.t.j.p.i.JtaPlatformInitiator       : HHH000489: No JTA platform available (set 'hibernate.transaction.jta.platform' to enable JTA platform integration)
2025-10-29T01:56:24.071-05:00  INFO 28340 --- [user-service] [restartedMain] j.LocalContainerEntityManagerFactoryBean : Initialized JPA EntityManagerFactory for persistence unit 'default'
2025-10-29T01:56:25.127-05:00  WARN 28340 --- [user-service] [restartedMain] JpaBaseConfiguration$JpaWebConfiguration : spring.jpa.open-in-view is enabled by default. Therefore, database queries may be performed during view rendering. Explicitly configure spring.jpa.open-in-view to disable this warning
2025-10-29T01:56:26.469-05:00  INFO 28340 --- [user-service] [restartedMain] o.s.b.a.e.web.EndpointLinksResolver      : Exposing 18 endpoints beneath base path '/actuator'
2025-10-29T01:56:27.808-05:00  WARN 28340 --- [user-service] [restartedMain] o.s.b.d.a.OptionalLiveReloadServer       : Unable to start LiveReload server
2025-10-29T01:56:27.914-05:00  INFO 28340 --- [user-service] [restartedMain] DiscoveryClientOptionalArgsConfiguration : Eureka HTTP Client uses RestTemplate.
2025-10-29T01:56:28.031-05:00  WARN 28340 --- [user-service] [restartedMain] iguration$LoadBalancerCaffeineWarnLogger : Spring Cloud LoadBalancer is currently working with the default cache. While this cache implementation is useful for development and tests, it's recommended to use Caffeine cache in production.You can switch to using Caffeine cache, by adding it and org.springframework.cache.caffeine.CaffeineCacheManager to the classpath.
2025-10-29T01:56:28.309-05:00  INFO 28340 --- [user-service] [restartedMain] o.s.b.w.embedded.tomcat.TomcatWebServer  : Tomcat started on port 59976 (http) with context path '/'
2025-10-29T01:56:28.315-05:00  INFO 28340 --- [user-service] [restartedMain] .s.c.n.e.s.EurekaAutoServiceRegistration : Updating port to 59976
2025-10-29T01:56:28.328-05:00  INFO 28340 --- [user-service] [restartedMain] o.s.c.n.eureka.InstanceInfoFactory       : Setting initial instance status as: STARTING
2025-10-29T01:56:28.391-05:00  INFO 28340 --- [user-service] [restartedMain] com.netflix.discovery.DiscoveryClient    : Initializing Eureka in region us-east-1
2025-10-29T01:56:28.409-05:00  INFO 28340 --- [user-service] [restartedMain] c.n.d.s.r.aws.ConfigClusterResolver      : Resolving eureka endpoints via configuration
2025-10-29T01:56:28.435-05:00  INFO 28340 --- [user-service] [restartedMain] com.netflix.discovery.DiscoveryClient    : Disable delta property : false
2025-10-29T01:56:28.435-05:00  INFO 28340 --- [user-service] [restartedMain] com.netflix.discovery.DiscoveryClient    : Single vip registry refresh property : null
2025-10-29T01:56:28.435-05:00  INFO 28340 --- [user-service] [restartedMain] com.netflix.discovery.DiscoveryClient    : Force full registry fetch : false
2025-10-29T01:56:28.435-05:00  INFO 28340 --- [user-service] [restartedMain] com.netflix.discovery.DiscoveryClient    : Application is null : false
2025-10-29T01:56:28.435-05:00  INFO 28340 --- [user-service] [restartedMain] com.netflix.discovery.DiscoveryClient    : Registered Applications size is zero : true
2025-10-29T01:56:28.436-05:00  INFO 28340 --- [user-service] [restartedMain] com.netflix.discovery.DiscoveryClient    : Application version is -1: true
2025-10-29T01:56:28.436-05:00  INFO 28340 --- [user-service] [restartedMain] com.netflix.discovery.DiscoveryClient    : Getting all instance registry info from the eureka server
2025-10-29T01:56:28.928-05:00  INFO 28340 --- [user-service] [restartedMain] com.netflix.discovery.DiscoveryClient    : The response status is 200
2025-10-29T01:56:28.931-05:00  INFO 28340 --- [user-service] [restartedMain] com.netflix.discovery.DiscoveryClient    : Starting heartbeat executor: renew interval is: 30
2025-10-29T01:56:28.935-05:00  INFO 28340 --- [user-service] [restartedMain] c.n.discovery.InstanceInfoReplicator     : InstanceInfoReplicator onDemand update allowed rate per min is 4
2025-10-29T01:56:28.936-05:00  INFO 28340 --- [user-service] [restartedMain] com.netflix.discovery.DiscoveryClient    : Discovery Client initialized at timestamp 1761720988936 with initial instances count: 6
2025-10-29T01:56:28.943-05:00  INFO 28340 --- [user-service] [restartedMain] o.s.c.n.e.s.EurekaServiceRegistry        : Registering application USER-SERVICE with eureka with status UP
2025-10-29T01:56:28.944-05:00  INFO 28340 --- [user-service] [restartedMain] com.netflix.discovery.DiscoveryClient    : Saw local status change event StatusChangeEvent [timestamp=1761720988944, current=UP, previous=STARTING]
2025-10-29T01:56:28.947-05:00  INFO 28340 --- [user-service] [DiscoveryClient-InstanceInfoReplicator-%d] com.netflix.discovery.DiscoveryClient    : DiscoveryClient_USER-SERVICE/user-service:b5bedc44a70674aec126eeb44e6f26f6: registering service...
2025-10-29T01:56:28.992-05:00  INFO 28340 --- [user-service] [restartedMain] org.cibertec.UserServiceApplication      : Started UserServiceApplication in 17.952 seconds (process running for 20.054)
2025-10-29T01:56:29.057-05:00  INFO 28340 --- [user-service] [DiscoveryClient-InstanceInfoReplicator-%d] com.netflix.discovery.DiscoveryClient    : DiscoveryClient_USER-SERVICE/user-service:b5bedc44a70674aec126eeb44e6f26f6 - registration status: 204
2025-10-29T01:56:29.673-05:00  INFO 28340 --- [user-service] [RMI TCP Connection(5)-127.0.0.1] o.a.c.c.C.[Tomcat].[localhost].[/]       : Initializing Spring DispatcherServlet 'dispatcherServlet'
2025-10-29T01:56:29.673-05:00  INFO 28340 --- [user-service] [RMI TCP Connection(5)-127.0.0.1] o.s.web.servlet.DispatcherServlet        : Initializing Servlet 'dispatcherServlet'
2025-10-29T01:56:29.675-05:00  INFO 28340 --- [user-service] [RMI TCP Connection(5)-127.0.0.1] o.s.web.servlet.DispatcherServlet        : Completed initialization in 2 ms
2025-10-29T02:00:55.942-05:00  INFO 28340 --- [user-service] [File Watcher] rtingClassPathChangeChangedEventListener : Restarting due to 1 class path change (0 additions, 0 deletions, 1 modification)
2025-10-29T02:00:55.945-05:00  INFO 28340 --- [user-service] [Thread-1] o.s.c.n.e.s.EurekaServiceRegistry        : Unregistering application USER-SERVICE with eureka with status DOWN
2025-10-29T02:00:55.945-05:00  INFO 28340 --- [user-service] [Thread-1] com.netflix.discovery.DiscoveryClient    : Saw local status change event StatusChangeEvent [timestamp=1761721255945, current=DOWN, previous=UP]
2025-10-29T02:00:55.945-05:00  INFO 28340 --- [user-service] [DiscoveryClient-InstanceInfoReplicator-%d] com.netflix.discovery.DiscoveryClient    : DiscoveryClient_USER-SERVICE/user-service:b5bedc44a70674aec126eeb44e6f26f6: registering service...
2025-10-29T02:00:55.948-05:00  INFO 28340 --- [user-service] [Thread-1] o.s.b.w.e.tomcat.GracefulShutdown        : Commencing graceful shutdown. Waiting for active requests to complete
2025-10-29T02:00:55.950-05:00  INFO 28340 --- [user-service] [DiscoveryClient-InstanceInfoReplicator-%d] com.netflix.discovery.DiscoveryClient    : DiscoveryClient_USER-SERVICE/user-service:b5bedc44a70674aec126eeb44e6f26f6 - registration status: 204
2025-10-29T02:00:55.957-05:00  INFO 28340 --- [user-service] [tomcat-shutdown] o.s.b.w.e.tomcat.GracefulShutdown        : Graceful shutdown complete
2025-10-29T02:00:55.974-05:00  INFO 28340 --- [user-service] [Thread-1] j.LocalContainerEntityManagerFactoryBean : Closing JPA EntityManagerFactory for persistence unit 'default'
2025-10-29T02:00:55.979-05:00  INFO 28340 --- [user-service] [Thread-1] com.zaxxer.hikari.HikariDataSource       : HikariPool-1 - Shutdown initiated...
2025-10-29T02:00:55.990-05:00  INFO 28340 --- [user-service] [Thread-1] com.zaxxer.hikari.HikariDataSource       : HikariPool-1 - Shutdown completed.
2025-10-29T02:00:55.991-05:00  INFO 28340 --- [user-service] [Thread-1] com.netflix.discovery.DiscoveryClient    : Shutting down DiscoveryClient ...
2025-10-29T02:00:58.992-05:00  INFO 28340 --- [user-service] [Thread-1] com.netflix.discovery.DiscoveryClient    : Unregistering ...
2025-10-29T02:00:58.998-05:00  INFO 28340 --- [user-service] [Thread-1] com.netflix.discovery.DiscoveryClient    : DiscoveryClient_USER-SERVICE/user-service:b5bedc44a70674aec126eeb44e6f26f6 - deregister  status: 200
2025-10-29T02:00:58.998-05:00  INFO 28340 --- [user-service] [Thread-1] com.netflix.discovery.DiscoveryClient    : Completed shut down of DiscoveryClient
2025-10-29T02:00:59.161-05:00  INFO 28340 --- [user-service] [restartedMain] org.cibertec.UserServiceApplication      : Starting UserServiceApplication using Java 21.0.8 with PID 28340 (C:\Users\ronca\OneDrive\Escritorio\Dev\DAW2\user-service\target\classes started by Arturo in C:\Users\ronca\OneDrive\Escritorio\Dev\DAW2\user-service)
2025-10-29T02:00:59.162-05:00  INFO 28340 --- [user-service] [restartedMain] org.cibertec.UserServiceApplication      : No active profile set, falling back to 1 default profile: "default"
2025-10-29T02:00:59.165-05:00  INFO 28340 --- [user-service] [restartedMain] o.s.c.c.c.ConfigServerConfigDataLoader   : Fetching config from server at : http://localhost:8888
2025-10-29T02:00:59.165-05:00  INFO 28340 --- [user-service] [restartedMain] o.s.c.c.c.ConfigServerConfigDataLoader   : Located environment: name=user-service, profiles=[default], label=null, version=null, state=null
2025-10-29T02:00:59.812-05:00  INFO 28340 --- [user-service] [restartedMain] .s.d.r.c.RepositoryConfigurationDelegate : Bootstrapping Spring Data JPA repositories in DEFAULT mode.
2025-10-29T02:00:59.831-05:00  INFO 28340 --- [user-service] [restartedMain] .s.d.r.c.RepositoryConfigurationDelegate : Finished Spring Data repository scanning in 16 ms. Found 2 JPA repository interfaces.
2025-10-29T02:00:59.978-05:00  INFO 28340 --- [user-service] [restartedMain] o.s.cloud.context.scope.GenericScope     : BeanFactory id=ce9c1f7c-f6b6-3530-b72a-59d3aaa3356a
2025-10-29T02:01:00.108-05:00  INFO 28340 --- [user-service] [restartedMain] o.s.b.w.embedded.tomcat.TomcatWebServer  : Tomcat initialized with port 0 (http)
2025-10-29T02:01:00.112-05:00  INFO 28340 --- [user-service] [restartedMain] o.apache.catalina.core.StandardService   : Starting service [Tomcat]
2025-10-29T02:01:00.113-05:00  INFO 28340 --- [user-service] [restartedMain] o.apache.catalina.core.StandardEngine    : Starting Servlet engine: [Apache Tomcat/10.1.46]
2025-10-29T02:01:00.168-05:00  INFO 28340 --- [user-service] [restartedMain] o.a.c.c.C.[Tomcat].[localhost].[/]       : Initializing Spring embedded WebApplicationContext
2025-10-29T02:01:00.168-05:00  INFO 28340 --- [user-service] [restartedMain] w.s.c.ServletWebServerApplicationContext : Root WebApplicationContext: initialization completed in 1002 ms
2025-10-29T02:01:00.304-05:00  INFO 28340 --- [user-service] [restartedMain] com.zaxxer.hikari.HikariDataSource       : HikariPool-2 - Starting...
2025-10-29T02:01:00.333-05:00  INFO 28340 --- [user-service] [restartedMain] com.zaxxer.hikari.pool.HikariPool        : HikariPool-2 - Added connection com.mysql.cj.jdbc.ConnectionImpl@a8e04de
2025-10-29T02:01:00.333-05:00  INFO 28340 --- [user-service] [restartedMain] com.zaxxer.hikari.HikariDataSource       : HikariPool-2 - Start completed.
2025-10-29T02:01:00.336-05:00  INFO 28340 --- [user-service] [restartedMain] o.hibernate.jpa.internal.util.LogHelper  : HHH000204: Processing PersistenceUnitInfo [name: default]
2025-10-29T02:01:00.342-05:00  INFO 28340 --- [user-service] [restartedMain] o.h.c.internal.RegionFactoryInitiator    : HHH000026: Second-level cache disabled
2025-10-29T02:01:00.357-05:00  INFO 28340 --- [user-service] [restartedMain] o.s.o.j.p.SpringPersistenceUnitInfo      : No LoadTimeWeaver setup: ignoring JPA class transformer
2025-10-29T02:01:00.360-05:00  INFO 28340 --- [user-service] [restartedMain] org.hibernate.orm.connections.pooling    : HHH10001005: Database info:
	Database JDBC URL [Connecting through datasource 'HikariDataSource (HikariPool-2)']
	Database driver: undefined/unknown
	Database version: 8.0.34
	Autocommit mode: undefined/unknown
	Isolation level: undefined/unknown
	Minimum pool size: undefined/unknown
	Maximum pool size: undefined/unknown
2025-10-29T02:01:00.515-05:00  INFO 28340 --- [user-service] [restartedMain] o.h.e.t.j.p.i.JtaPlatformInitiator       : HHH000489: No JTA platform available (set 'hibernate.transaction.jta.platform' to enable JTA platform integration)
2025-10-29T02:01:00.515-05:00  INFO 28340 --- [user-service] [restartedMain] j.LocalContainerEntityManagerFactoryBean : Initialized JPA EntityManagerFactory for persistence unit 'default'
2025-10-29T02:01:00.628-05:00  WARN 28340 --- [user-service] [restartedMain] JpaBaseConfiguration$JpaWebConfiguration : spring.jpa.open-in-view is enabled by default. Therefore, database queries may be performed during view rendering. Explicitly configure spring.jpa.open-in-view to disable this warning
2025-10-29T02:01:00.899-05:00  INFO 28340 --- [user-service] [restartedMain] o.s.b.a.e.web.EndpointLinksResolver      : Exposing 18 endpoints beneath base path '/actuator'
2025-10-29T02:01:01.163-05:00  WARN 28340 --- [user-service] [restartedMain] o.s.b.d.a.OptionalLiveReloadServer       : Unable to start LiveReload server
2025-10-29T02:01:01.188-05:00  INFO 28340 --- [user-service] [restartedMain] DiscoveryClientOptionalArgsConfiguration : Eureka HTTP Client uses RestTemplate.
2025-10-29T02:01:01.213-05:00  WARN 28340 --- [user-service] [restartedMain] iguration$LoadBalancerCaffeineWarnLogger : Spring Cloud LoadBalancer is currently working with the default cache. While this cache implementation is useful for development and tests, it's recommended to use Caffeine cache in production.You can switch to using Caffeine cache, by adding it and org.springframework.cache.caffeine.CaffeineCacheManager to the classpath.
2025-10-29T02:01:01.258-05:00  INFO 28340 --- [user-service] [restartedMain] o.s.b.w.embedded.tomcat.TomcatWebServer  : Tomcat started on port 58445 (http) with context path '/'
2025-10-29T02:01:01.260-05:00  INFO 28340 --- [user-service] [restartedMain] .s.c.n.e.s.EurekaAutoServiceRegistration : Updating port to 58445
2025-10-29T02:01:01.261-05:00  INFO 28340 --- [user-service] [restartedMain] o.s.c.n.eureka.InstanceInfoFactory       : Setting initial instance status as: STARTING
2025-10-29T02:01:01.265-05:00  INFO 28340 --- [user-service] [restartedMain] com.netflix.discovery.DiscoveryClient    : Initializing Eureka in region us-east-1
2025-10-29T02:01:01.266-05:00  INFO 28340 --- [user-service] [restartedMain] c.n.d.s.r.aws.ConfigClusterResolver      : Resolving eureka endpoints via configuration
2025-10-29T02:01:01.266-05:00  INFO 28340 --- [user-service] [restartedMain] com.netflix.discovery.DiscoveryClient    : Disable delta property : false
2025-10-29T02:01:01.266-05:00  INFO 28340 --- [user-service] [restartedMain] com.netflix.discovery.DiscoveryClient    : Single vip registry refresh property : null
2025-10-29T02:01:01.267-05:00  INFO 28340 --- [user-service] [restartedMain] com.netflix.discovery.DiscoveryClient    : Force full registry fetch : false
2025-10-29T02:01:01.267-05:00  INFO 28340 --- [user-service] [restartedMain] com.netflix.discovery.DiscoveryClient    : Application is null : false
2025-10-29T02:01:01.267-05:00  INFO 28340 --- [user-service] [restartedMain] com.netflix.discovery.DiscoveryClient    : Registered Applications size is zero : true
2025-10-29T02:01:01.267-05:00  INFO 28340 --- [user-service] [restartedMain] com.netflix.discovery.DiscoveryClient    : Application version is -1: true
2025-10-29T02:01:01.267-05:00  INFO 28340 --- [user-service] [restartedMain] com.netflix.discovery.DiscoveryClient    : Getting all instance registry info from the eureka server
2025-10-29T02:01:01.306-05:00  INFO 28340 --- [user-service] [restartedMain] com.netflix.discovery.DiscoveryClient    : The response status is 200
2025-10-29T02:01:01.306-05:00  INFO 28340 --- [user-service] [restartedMain] com.netflix.discovery.DiscoveryClient    : Starting heartbeat executor: renew interval is: 30
2025-10-29T02:01:01.307-05:00  INFO 28340 --- [user-service] [restartedMain] c.n.discovery.InstanceInfoReplicator     : InstanceInfoReplicator onDemand update allowed rate per min is 4
2025-10-29T02:01:01.307-05:00  INFO 28340 --- [user-service] [restartedMain] com.netflix.discovery.DiscoveryClient    : Discovery Client initialized at timestamp 1761721261307 with initial instances count: 5
2025-10-29T02:01:01.310-05:00  INFO 28340 --- [user-service] [restartedMain] o.s.c.n.e.s.EurekaServiceRegistry        : Registering application USER-SERVICE with eureka with status UP
2025-10-29T02:01:01.310-05:00  INFO 28340 --- [user-service] [restartedMain] com.netflix.discovery.DiscoveryClient    : Saw local status change event StatusChangeEvent [timestamp=1761721261310, current=UP, previous=STARTING]
2025-10-29T02:01:01.310-05:00  INFO 28340 --- [user-service] [DiscoveryClient-InstanceInfoReplicator-%d] com.netflix.discovery.DiscoveryClient    : DiscoveryClient_USER-SERVICE/user-service:8e844009751d4bd5554ddd6829dd87c7: registering service...
2025-10-29T02:01:01.323-05:00  INFO 28340 --- [user-service] [DiscoveryClient-InstanceInfoReplicator-%d] com.netflix.discovery.DiscoveryClient    : DiscoveryClient_USER-SERVICE/user-service:8e844009751d4bd5554ddd6829dd87c7 - registration status: 204
2025-10-29T02:01:01.326-05:00  INFO 28340 --- [user-service] [restartedMain] org.cibertec.UserServiceApplication      : Started UserServiceApplication in 2.255 seconds (process running for 292.387)
2025-10-29T02:01:01.329-05:00  INFO 28340 --- [user-service] [restartedMain] .ConditionEvaluationDeltaLoggingListener : Condition evaluation unchanged
2025-10-29T02:02:16.845-05:00  INFO 28340 --- [user-service] [RMI TCP Connection(21)-127.0.0.1] inMXBeanRegistrar$SpringApplicationAdmin : Application shutdown requested.
2025-10-29T02:02:16.845-05:00  INFO 28340 --- [user-service] [RMI TCP Connection(21)-127.0.0.1] o.s.c.n.e.s.EurekaServiceRegistry        : Unregistering application USER-SERVICE with eureka with status DOWN
2025-10-29T02:02:16.846-05:00  INFO 28340 --- [user-service] [RMI TCP Connection(21)-127.0.0.1] com.netflix.discovery.DiscoveryClient    : Saw local status change event StatusChangeEvent [timestamp=1761721336846, current=DOWN, previous=UP]
2025-10-29T02:02:16.846-05:00  INFO 28340 --- [user-service] [DiscoveryClient-InstanceInfoReplicator-%d] com.netflix.discovery.DiscoveryClient    : DiscoveryClient_USER-SERVICE/user-service:8e844009751d4bd5554ddd6829dd87c7: registering service...
2025-10-29T02:02:16.847-05:00  INFO 28340 --- [user-service] [RMI TCP Connection(21)-127.0.0.1] o.s.b.w.e.tomcat.GracefulShutdown        : Commencing graceful shutdown. Waiting for active requests to complete
2025-10-29T02:02:16.858-05:00  INFO 28340 --- [user-service] [tomcat-shutdown] o.s.b.w.e.tomcat.GracefulShutdown        : Graceful shutdown complete
2025-10-29T02:02:16.867-05:00  INFO 28340 --- [user-service] [RMI TCP Connection(21)-127.0.0.1] j.LocalContainerEntityManagerFactoryBean : Closing JPA EntityManagerFactory for persistence unit 'default'
2025-10-29T02:02:16.869-05:00  INFO 28340 --- [user-service] [RMI TCP Connection(21)-127.0.0.1] com.zaxxer.hikari.HikariDataSource       : HikariPool-2 - Shutdown initiated...
2025-10-29T02:02:16.871-05:00  INFO 28340 --- [user-service] [DiscoveryClient-InstanceInfoReplicator-%d] com.netflix.discovery.DiscoveryClient    : DiscoveryClient_USER-SERVICE/user-service:8e844009751d4bd5554ddd6829dd87c7 - registration status: 204
2025-10-29T02:02:16.882-05:00  INFO 28340 --- [user-service] [RMI TCP Connection(21)-127.0.0.1] com.zaxxer.hikari.HikariDataSource       : HikariPool-2 - Shutdown completed.
2025-10-29T02:02:16.882-05:00  INFO 28340 --- [user-service] [RMI TCP Connection(21)-127.0.0.1] com.netflix.discovery.DiscoveryClient    : Shutting down DiscoveryClient ...
2025-10-29T02:02:19.899-05:00  INFO 28340 --- [user-service] [RMI TCP Connection(21)-127.0.0.1] com.netflix.discovery.DiscoveryClient    : Unregistering ...
2025-10-29T02:02:19.917-05:00  INFO 28340 --- [user-service] [RMI TCP Connection(21)-127.0.0.1] com.netflix.discovery.DiscoveryClient    : DiscoveryClient_USER-SERVICE/user-service:8e844009751d4bd5554ddd6829dd87c7 - deregister  status: 200
2025-10-29T02:02:19.917-05:00  INFO 28340 --- [user-service] [RMI TCP Connection(21)-127.0.0.1] com.netflix.discovery.DiscoveryClient    : Completed shut down of DiscoveryClient
2025-10-29T02:02:28.949-05:00  INFO 21008 --- [user-service] [restartedMain] org.cibertec.UserServiceApplication      : Starting UserServiceApplication using Java 21.0.8 with PID 21008 (C:\Users\ronca\OneDrive\Escritorio\Dev\DAW2\user-service\target\classes started by Arturo in C:\Users\ronca\OneDrive\Escritorio\Dev\DAW2\user-service)
2025-10-29T02:02:28.952-05:00  INFO 21008 --- [user-service] [restartedMain] org.cibertec.UserServiceApplication      : No active profile set, falling back to 1 default profile: "default"
2025-10-29T02:02:29.025-05:00  INFO 21008 --- [user-service] [restartedMain] o.s.c.c.c.ConfigServerConfigDataLoader   : Fetching config from server at : http://localhost:8888
2025-10-29T02:02:29.025-05:00  INFO 21008 --- [user-service] [restartedMain] o.s.c.c.c.ConfigServerConfigDataLoader   : Located environment: name=user-service, profiles=[default], label=null, version=null, state=null
2025-10-29T02:02:29.029-05:00  INFO 21008 --- [user-service] [restartedMain] .e.DevToolsPropertyDefaultsPostProcessor : Devtools property defaults active! Set 'spring.devtools.add-properties' to 'false' to disable
2025-10-29T02:02:29.030-05:00  INFO 21008 --- [user-service] [restartedMain] .e.DevToolsPropertyDefaultsPostProcessor : For additional web related logging consider setting the 'logging.level.web' property to 'DEBUG'
2025-10-29T02:02:31.493-05:00  INFO 21008 --- [user-service] [restartedMain] .s.d.r.c.RepositoryConfigurationDelegate : Bootstrapping Spring Data JPA repositories in DEFAULT mode.
2025-10-29T02:02:31.752-05:00  INFO 21008 --- [user-service] [restartedMain] .s.d.r.c.RepositoryConfigurationDelegate : Finished Spring Data repository scanning in 240 ms. Found 2 JPA repository interfaces.
2025-10-29T02:02:32.315-05:00  INFO 21008 --- [user-service] [restartedMain] o.s.cloud.context.scope.GenericScope     : BeanFactory id=ce9c1f7c-f6b6-3530-b72a-59d3aaa3356a
2025-10-29T02:02:33.295-05:00  INFO 21008 --- [user-service] [restartedMain] o.s.b.w.embedded.tomcat.TomcatWebServer  : Tomcat initialized with port 0 (http)
2025-10-29T02:02:33.323-05:00  INFO 21008 --- [user-service] [restartedMain] o.apache.catalina.core.StandardService   : Starting service [Tomcat]
2025-10-29T02:02:33.325-05:00  INFO 21008 --- [user-service] [restartedMain] o.apache.catalina.core.StandardEngine    : Starting Servlet engine: [Apache Tomcat/10.1.46]
2025-10-29T02:02:33.450-05:00  INFO 21008 --- [user-service] [restartedMain] o.a.c.c.C.[Tomcat].[localhost].[/]       : Initializing Spring embedded WebApplicationContext
2025-10-29T02:02:33.450-05:00  INFO 21008 --- [user-service] [restartedMain] w.s.c.ServletWebServerApplicationContext : Root WebApplicationContext: initialization completed in 4420 ms
2025-10-29T02:02:33.973-05:00  INFO 21008 --- [user-service] [restartedMain] com.zaxxer.hikari.HikariDataSource       : HikariPool-1 - Starting...
2025-10-29T02:02:34.619-05:00  INFO 21008 --- [user-service] [restartedMain] com.zaxxer.hikari.pool.HikariPool        : HikariPool-1 - Added connection com.mysql.cj.jdbc.ConnectionImpl@186015db
2025-10-29T02:02:34.622-05:00  INFO 21008 --- [user-service] [restartedMain] com.zaxxer.hikari.HikariDataSource       : HikariPool-1 - Start completed.
2025-10-29T02:02:34.731-05:00  INFO 21008 --- [user-service] [restartedMain] o.hibernate.jpa.internal.util.LogHelper  : HHH000204: Processing PersistenceUnitInfo [name: default]
2025-10-29T02:02:34.909-05:00  INFO 21008 --- [user-service] [restartedMain] org.hibernate.Version                    : HHH000412: Hibernate ORM core version 6.6.29.Final
2025-10-29T02:02:35.023-05:00  INFO 21008 --- [user-service] [restartedMain] o.h.c.internal.RegionFactoryInitiator    : HHH000026: Second-level cache disabled
2025-10-29T02:02:35.729-05:00  INFO 21008 --- [user-service] [restartedMain] o.s.o.j.p.SpringPersistenceUnitInfo      : No LoadTimeWeaver setup: ignoring JPA class transformer
2025-10-29T02:02:35.957-05:00  INFO 21008 --- [user-service] [restartedMain] org.hibernate.orm.connections.pooling    : HHH10001005: Database info:
	Database JDBC URL [Connecting through datasource 'HikariDataSource (HikariPool-1)']
	Database driver: undefined/unknown
	Database version: 8.0.34
	Autocommit mode: undefined/unknown
	Isolation level: undefined/unknown
	Minimum pool size: undefined/unknown
	Maximum pool size: undefined/unknown
2025-10-29T02:02:38.167-05:00  INFO 21008 --- [user-service] [restartedMain] o.h.e.t.j.p.i.JtaPlatformInitiator       : HHH000489: No JTA platform available (set 'hibernate.transaction.jta.platform' to enable JTA platform integration)
2025-10-29T02:02:38.178-05:00  INFO 21008 --- [user-service] [restartedMain] j.LocalContainerEntityManagerFactoryBean : Initialized JPA EntityManagerFactory for persistence unit 'default'
2025-10-29T02:02:39.060-05:00  WARN 21008 --- [user-service] [restartedMain] JpaBaseConfiguration$JpaWebConfiguration : spring.jpa.open-in-view is enabled by default. Therefore, database queries may be performed during view rendering. Explicitly configure spring.jpa.open-in-view to disable this warning
2025-10-29T02:02:40.271-05:00  INFO 21008 --- [user-service] [restartedMain] o.s.b.a.e.web.EndpointLinksResolver      : Exposing 18 endpoints beneath base path '/actuator'
2025-10-29T02:02:41.128-05:00  WARN 21008 --- [user-service] [restartedMain] o.s.b.d.a.OptionalLiveReloadServer       : Unable to start LiveReload server
2025-10-29T02:02:41.194-05:00  INFO 21008 --- [user-service] [restartedMain] DiscoveryClientOptionalArgsConfiguration : Eureka HTTP Client uses RestTemplate.
2025-10-29T02:02:41.279-05:00  WARN 21008 --- [user-service] [restartedMain] iguration$LoadBalancerCaffeineWarnLogger : Spring Cloud LoadBalancer is currently working with the default cache. While this cache implementation is useful for development and tests, it's recommended to use Caffeine cache in production.You can switch to using Caffeine cache, by adding it and org.springframework.cache.caffeine.CaffeineCacheManager to the classpath.
2025-10-29T02:02:41.489-05:00  INFO 21008 --- [user-service] [restartedMain] o.s.b.w.embedded.tomcat.TomcatWebServer  : Tomcat started on port 57128 (http) with context path '/'
2025-10-29T02:02:41.494-05:00  INFO 21008 --- [user-service] [restartedMain] .s.c.n.e.s.EurekaAutoServiceRegistration : Updating port to 57128
2025-10-29T02:02:41.506-05:00  INFO 21008 --- [user-service] [restartedMain] o.s.c.n.eureka.InstanceInfoFactory       : Setting initial instance status as: STARTING
2025-10-29T02:02:41.551-05:00  INFO 21008 --- [user-service] [restartedMain] com.netflix.discovery.DiscoveryClient    : Initializing Eureka in region us-east-1
2025-10-29T02:02:41.557-05:00  INFO 21008 --- [user-service] [restartedMain] c.n.d.s.r.aws.ConfigClusterResolver      : Resolving eureka endpoints via configuration
2025-10-29T02:02:41.574-05:00  INFO 21008 --- [user-service] [restartedMain] com.netflix.discovery.DiscoveryClient    : Disable delta property : false
2025-10-29T02:02:41.574-05:00  INFO 21008 --- [user-service] [restartedMain] com.netflix.discovery.DiscoveryClient    : Single vip registry refresh property : null
2025-10-29T02:02:41.574-05:00  INFO 21008 --- [user-service] [restartedMain] com.netflix.discovery.DiscoveryClient    : Force full registry fetch : false
2025-10-29T02:02:41.574-05:00  INFO 21008 --- [user-service] [restartedMain] com.netflix.discovery.DiscoveryClient    : Application is null : false
2025-10-29T02:02:41.575-05:00  INFO 21008 --- [user-service] [restartedMain] com.netflix.discovery.DiscoveryClient    : Registered Applications size is zero : true
2025-10-29T02:02:41.575-05:00  INFO 21008 --- [user-service] [restartedMain] com.netflix.discovery.DiscoveryClient    : Application version is -1: true
2025-10-29T02:02:41.575-05:00  INFO 21008 --- [user-service] [restartedMain] com.netflix.discovery.DiscoveryClient    : Getting all instance registry info from the eureka server
2025-10-29T02:02:41.965-05:00  INFO 21008 --- [user-service] [restartedMain] com.netflix.discovery.DiscoveryClient    : The response status is 200
2025-10-29T02:02:41.970-05:00  INFO 21008 --- [user-service] [restartedMain] com.netflix.discovery.DiscoveryClient    : Starting heartbeat executor: renew interval is: 30
2025-10-29T02:02:41.973-05:00  INFO 21008 --- [user-service] [restartedMain] c.n.discovery.InstanceInfoReplicator     : InstanceInfoReplicator onDemand update allowed rate per min is 4
2025-10-29T02:02:41.977-05:00  INFO 21008 --- [user-service] [restartedMain] com.netflix.discovery.DiscoveryClient    : Discovery Client initialized at timestamp 1761721361976 with initial instances count: 2
2025-10-29T02:02:41.983-05:00  INFO 21008 --- [user-service] [restartedMain] o.s.c.n.e.s.EurekaServiceRegistry        : Registering application USER-SERVICE with eureka with status UP
2025-10-29T02:02:41.984-05:00  INFO 21008 --- [user-service] [restartedMain] com.netflix.discovery.DiscoveryClient    : Saw local status change event StatusChangeEvent [timestamp=1761721361984, current=UP, previous=STARTING]
2025-10-29T02:02:41.986-05:00  INFO 21008 --- [user-service] [DiscoveryClient-InstanceInfoReplicator-%d] com.netflix.discovery.DiscoveryClient    : DiscoveryClient_USER-SERVICE/user-service:b79d90cb8ca09f7056051473c8671c73: registering service...
2025-10-29T02:02:42.012-05:00  INFO 21008 --- [user-service] [restartedMain] org.cibertec.UserServiceApplication      : Started UserServiceApplication in 14.683 seconds (process running for 16.642)
2025-10-29T02:02:42.057-05:00  INFO 21008 --- [user-service] [DiscoveryClient-InstanceInfoReplicator-%d] com.netflix.discovery.DiscoveryClient    : DiscoveryClient_USER-SERVICE/user-service:b79d90cb8ca09f7056051473c8671c73 - registration status: 204
2025-10-29T02:02:42.610-05:00  INFO 21008 --- [user-service] [RMI TCP Connection(4)-127.0.0.1] o.a.c.c.C.[Tomcat].[localhost].[/]       : Initializing Spring DispatcherServlet 'dispatcherServlet'
2025-10-29T02:02:42.612-05:00  INFO 21008 --- [user-service] [RMI TCP Connection(4)-127.0.0.1] o.s.web.servlet.DispatcherServlet        : Initializing Servlet 'dispatcherServlet'
2025-10-29T02:02:42.615-05:00  INFO 21008 --- [user-service] [RMI TCP Connection(4)-127.0.0.1] o.s.web.servlet.DispatcherServlet        : Completed initialization in 3 ms
2025-10-29T02:06:27.750-05:00  INFO 21008 --- [user-service] [File Watcher] rtingClassPathChangeChangedEventListener : Restarting due to 1 class path change (0 additions, 0 deletions, 1 modification)
2025-10-29T02:06:27.752-05:00  INFO 21008 --- [user-service] [Thread-1] o.s.c.n.e.s.EurekaServiceRegistry        : Unregistering application USER-SERVICE with eureka with status DOWN
2025-10-29T02:06:27.752-05:00  INFO 21008 --- [user-service] [Thread-1] com.netflix.discovery.DiscoveryClient    : Saw local status change event StatusChangeEvent [timestamp=1761721587752, current=DOWN, previous=UP]
2025-10-29T02:06:27.752-05:00  INFO 21008 --- [user-service] [DiscoveryClient-InstanceInfoReplicator-%d] com.netflix.discovery.DiscoveryClient    : DiscoveryClient_USER-SERVICE/user-service:b79d90cb8ca09f7056051473c8671c73: registering service...
2025-10-29T02:06:27.756-05:00  INFO 21008 --- [user-service] [Thread-1] o.s.b.w.e.tomcat.GracefulShutdown        : Commencing graceful shutdown. Waiting for active requests to complete
2025-10-29T02:06:27.763-05:00  INFO 21008 --- [user-service] [DiscoveryClient-InstanceInfoReplicator-%d] com.netflix.discovery.DiscoveryClient    : DiscoveryClient_USER-SERVICE/user-service:b79d90cb8ca09f7056051473c8671c73 - registration status: 204
2025-10-29T02:06:27.766-05:00  INFO 21008 --- [user-service] [tomcat-shutdown] o.s.b.w.e.tomcat.GracefulShutdown        : Graceful shutdown complete
2025-10-29T02:06:27.784-05:00  INFO 21008 --- [user-service] [Thread-1] j.LocalContainerEntityManagerFactoryBean : Closing JPA EntityManagerFactory for persistence unit 'default'
2025-10-29T02:06:27.788-05:00  INFO 21008 --- [user-service] [Thread-1] com.zaxxer.hikari.HikariDataSource       : HikariPool-1 - Shutdown initiated...
2025-10-29T02:06:27.801-05:00  INFO 21008 --- [user-service] [Thread-1] com.zaxxer.hikari.HikariDataSource       : HikariPool-1 - Shutdown completed.
2025-10-29T02:06:27.802-05:00  INFO 21008 --- [user-service] [Thread-1] com.netflix.discovery.DiscoveryClient    : Shutting down DiscoveryClient ...
2025-10-29T02:06:30.814-05:00  INFO 21008 --- [user-service] [Thread-1] com.netflix.discovery.DiscoveryClient    : Unregistering ...
2025-10-29T02:06:30.832-05:00  INFO 21008 --- [user-service] [Thread-1] com.netflix.discovery.DiscoveryClient    : DiscoveryClient_USER-SERVICE/user-service:b79d90cb8ca09f7056051473c8671c73 - deregister  status: 200
2025-10-29T02:06:30.833-05:00  INFO 21008 --- [user-service] [Thread-1] com.netflix.discovery.DiscoveryClient    : Completed shut down of DiscoveryClient
2025-10-29T02:06:31.082-05:00  INFO 21008 --- [user-service] [restartedMain] org.cibertec.UserServiceApplication      : Starting UserServiceApplication using Java 21.0.8 with PID 21008 (C:\Users\ronca\OneDrive\Escritorio\Dev\DAW2\user-service\target\classes started by Arturo in C:\Users\ronca\OneDrive\Escritorio\Dev\DAW2\user-service)
2025-10-29T02:06:31.083-05:00  INFO 21008 --- [user-service] [restartedMain] org.cibertec.UserServiceApplication      : No active profile set, falling back to 1 default profile: "default"
2025-10-29T02:06:31.085-05:00  INFO 21008 --- [user-service] [restartedMain] o.s.c.c.c.ConfigServerConfigDataLoader   : Fetching config from server at : http://localhost:8888
2025-10-29T02:06:31.086-05:00  INFO 21008 --- [user-service] [restartedMain] o.s.c.c.c.ConfigServerConfigDataLoader   : Located environment: name=user-service, profiles=[default], label=null, version=null, state=null
2025-10-29T02:06:31.870-05:00  INFO 21008 --- [user-service] [restartedMain] .s.d.r.c.RepositoryConfigurationDelegate : Bootstrapping Spring Data JPA repositories in DEFAULT mode.
2025-10-29T02:06:31.890-05:00  INFO 21008 --- [user-service] [restartedMain] .s.d.r.c.RepositoryConfigurationDelegate : Finished Spring Data repository scanning in 18 ms. Found 2 JPA repository interfaces.
2025-10-29T02:06:32.039-05:00  INFO 21008 --- [user-service] [restartedMain] o.s.cloud.context.scope.GenericScope     : BeanFactory id=ce9c1f7c-f6b6-3530-b72a-59d3aaa3356a
2025-10-29T02:06:32.160-05:00  INFO 21008 --- [user-service] [restartedMain] o.s.b.w.embedded.tomcat.TomcatWebServer  : Tomcat initialized with port 0 (http)
2025-10-29T02:06:32.161-05:00  INFO 21008 --- [user-service] [restartedMain] o.apache.catalina.core.StandardService   : Starting service [Tomcat]
2025-10-29T02:06:32.161-05:00  INFO 21008 --- [user-service] [restartedMain] o.apache.catalina.core.StandardEngine    : Starting Servlet engine: [Apache Tomcat/10.1.46]
2025-10-29T02:06:32.221-05:00  INFO 21008 --- [user-service] [restartedMain] o.a.c.c.C.[Tomcat].[localhost].[/]       : Initializing Spring embedded WebApplicationContext
2025-10-29T02:06:32.222-05:00  INFO 21008 --- [user-service] [restartedMain] w.s.c.ServletWebServerApplicationContext : Root WebApplicationContext: initialization completed in 1135 ms
2025-10-29T02:06:32.382-05:00  INFO 21008 --- [user-service] [restartedMain] com.zaxxer.hikari.HikariDataSource       : HikariPool-2 - Starting...
2025-10-29T02:06:32.401-05:00  INFO 21008 --- [user-service] [restartedMain] com.zaxxer.hikari.pool.HikariPool        : HikariPool-2 - Added connection com.mysql.cj.jdbc.ConnectionImpl@6407e197
2025-10-29T02:06:32.402-05:00  INFO 21008 --- [user-service] [restartedMain] com.zaxxer.hikari.HikariDataSource       : HikariPool-2 - Start completed.
2025-10-29T02:06:32.404-05:00  INFO 21008 --- [user-service] [restartedMain] o.hibernate.jpa.internal.util.LogHelper  : HHH000204: Processing PersistenceUnitInfo [name: default]
2025-10-29T02:06:32.412-05:00  INFO 21008 --- [user-service] [restartedMain] o.h.c.internal.RegionFactoryInitiator    : HHH000026: Second-level cache disabled
2025-10-29T02:06:32.432-05:00  INFO 21008 --- [user-service] [restartedMain] o.s.o.j.p.SpringPersistenceUnitInfo      : No LoadTimeWeaver setup: ignoring JPA class transformer
2025-10-29T02:06:32.436-05:00  INFO 21008 --- [user-service] [restartedMain] org.hibernate.orm.connections.pooling    : HHH10001005: Database info:
	Database JDBC URL [Connecting through datasource 'HikariDataSource (HikariPool-2)']
	Database driver: undefined/unknown
	Database version: 8.0.34
	Autocommit mode: undefined/unknown
	Isolation level: undefined/unknown
	Minimum pool size: undefined/unknown
	Maximum pool size: undefined/unknown
2025-10-29T02:06:32.701-05:00  INFO 21008 --- [user-service] [restartedMain] o.h.e.t.j.p.i.JtaPlatformInitiator       : HHH000489: No JTA platform available (set 'hibernate.transaction.jta.platform' to enable JTA platform integration)
2025-10-29T02:06:32.703-05:00  INFO 21008 --- [user-service] [restartedMain] j.LocalContainerEntityManagerFactoryBean : Initialized JPA EntityManagerFactory for persistence unit 'default'
2025-10-29T02:06:32.853-05:00  WARN 21008 --- [user-service] [restartedMain] JpaBaseConfiguration$JpaWebConfiguration : spring.jpa.open-in-view is enabled by default. Therefore, database queries may be performed during view rendering. Explicitly configure spring.jpa.open-in-view to disable this warning
2025-10-29T02:06:33.226-05:00  INFO 21008 --- [user-service] [restartedMain] o.s.b.a.e.web.EndpointLinksResolver      : Exposing 18 endpoints beneath base path '/actuator'
2025-10-29T02:06:33.533-05:00  WARN 21008 --- [user-service] [restartedMain] o.s.b.d.a.OptionalLiveReloadServer       : Unable to start LiveReload server
2025-10-29T02:06:33.558-05:00  INFO 21008 --- [user-service] [restartedMain] DiscoveryClientOptionalArgsConfiguration : Eureka HTTP Client uses RestTemplate.
2025-10-29T02:06:33.591-05:00  WARN 21008 --- [user-service] [restartedMain] iguration$LoadBalancerCaffeineWarnLogger : Spring Cloud LoadBalancer is currently working with the default cache. While this cache implementation is useful for development and tests, it's recommended to use Caffeine cache in production.You can switch to using Caffeine cache, by adding it and org.springframework.cache.caffeine.CaffeineCacheManager to the classpath.
2025-10-29T02:06:33.654-05:00  INFO 21008 --- [user-service] [restartedMain] o.s.b.w.embedded.tomcat.TomcatWebServer  : Tomcat started on port 65434 (http) with context path '/'
2025-10-29T02:06:33.655-05:00  INFO 21008 --- [user-service] [restartedMain] .s.c.n.e.s.EurekaAutoServiceRegistration : Updating port to 65434
2025-10-29T02:06:33.657-05:00  INFO 21008 --- [user-service] [restartedMain] o.s.c.n.eureka.InstanceInfoFactory       : Setting initial instance status as: STARTING
2025-10-29T02:06:33.661-05:00  INFO 21008 --- [user-service] [restartedMain] com.netflix.discovery.DiscoveryClient    : Initializing Eureka in region us-east-1
2025-10-29T02:06:33.661-05:00  INFO 21008 --- [user-service] [restartedMain] c.n.d.s.r.aws.ConfigClusterResolver      : Resolving eureka endpoints via configuration
2025-10-29T02:06:33.662-05:00  INFO 21008 --- [user-service] [restartedMain] com.netflix.discovery.DiscoveryClient    : Disable delta property : false
2025-10-29T02:06:33.662-05:00  INFO 21008 --- [user-service] [restartedMain] com.netflix.discovery.DiscoveryClient    : Single vip registry refresh property : null
2025-10-29T02:06:33.662-05:00  INFO 21008 --- [user-service] [restartedMain] com.netflix.discovery.DiscoveryClient    : Force full registry fetch : false
2025-10-29T02:06:33.662-05:00  INFO 21008 --- [user-service] [restartedMain] com.netflix.discovery.DiscoveryClient    : Application is null : false
2025-10-29T02:06:33.662-05:00  INFO 21008 --- [user-service] [restartedMain] com.netflix.discovery.DiscoveryClient    : Registered Applications size is zero : true
2025-10-29T02:06:33.663-05:00  INFO 21008 --- [user-service] [restartedMain] com.netflix.discovery.DiscoveryClient    : Application version is -1: true
2025-10-29T02:06:33.663-05:00  INFO 21008 --- [user-service] [restartedMain] com.netflix.discovery.DiscoveryClient    : Getting all instance registry info from the eureka server
2025-10-29T02:06:33.730-05:00  INFO 21008 --- [user-service] [restartedMain] com.netflix.discovery.DiscoveryClient    : The response status is 200
2025-10-29T02:06:33.732-05:00  INFO 21008 --- [user-service] [restartedMain] com.netflix.discovery.DiscoveryClient    : Starting heartbeat executor: renew interval is: 30
2025-10-29T02:06:33.733-05:00  INFO 21008 --- [user-service] [restartedMain] c.n.discovery.InstanceInfoReplicator     : InstanceInfoReplicator onDemand update allowed rate per min is 4
2025-10-29T02:06:33.733-05:00  INFO 21008 --- [user-service] [restartedMain] com.netflix.discovery.DiscoveryClient    : Discovery Client initialized at timestamp 1761721593733 with initial instances count: 6
2025-10-29T02:06:33.737-05:00  INFO 21008 --- [user-service] [restartedMain] o.s.c.n.e.s.EurekaServiceRegistry        : Registering application USER-SERVICE with eureka with status UP
2025-10-29T02:06:33.737-05:00  INFO 21008 --- [user-service] [restartedMain] com.netflix.discovery.DiscoveryClient    : Saw local status change event StatusChangeEvent [timestamp=1761721593737, current=UP, previous=STARTING]
2025-10-29T02:06:33.738-05:00  INFO 21008 --- [user-service] [DiscoveryClient-InstanceInfoReplicator-%d] com.netflix.discovery.DiscoveryClient    : DiscoveryClient_USER-SERVICE/user-service:2e033fe1c0e3827ea3e65f4cd1fcbf4e: registering service...
2025-10-29T02:06:33.785-05:00  INFO 21008 --- [user-service] [DiscoveryClient-InstanceInfoReplicator-%d] com.netflix.discovery.DiscoveryClient    : DiscoveryClient_USER-SERVICE/user-service:2e033fe1c0e3827ea3e65f4cd1fcbf4e - registration status: 204
2025-10-29T02:06:33.792-05:00  INFO 21008 --- [user-service] [restartedMain] org.cibertec.UserServiceApplication      : Started UserServiceApplication in 2.85 seconds (process running for 248.422)
2025-10-29T02:06:33.796-05:00  INFO 21008 --- [user-service] [restartedMain] .ConditionEvaluationDeltaLoggingListener : Condition evaluation unchanged
2025-10-29T02:06:34.966-05:00  INFO 21008 --- [user-service] [File Watcher] rtingClassPathChangeChangedEventListener : Restarting due to 1 class path change (0 additions, 0 deletions, 1 modification)
2025-10-29T02:06:34.967-05:00  INFO 21008 --- [user-service] [Thread-7] o.s.c.n.e.s.EurekaServiceRegistry        : Unregistering application USER-SERVICE with eureka with status DOWN
2025-10-29T02:06:34.968-05:00  INFO 21008 --- [user-service] [Thread-7] com.netflix.discovery.DiscoveryClient    : Saw local status change event StatusChangeEvent [timestamp=1761721594968, current=DOWN, previous=UP]
2025-10-29T02:06:34.968-05:00  INFO 21008 --- [user-service] [DiscoveryClient-InstanceInfoReplicator-%d] com.netflix.discovery.DiscoveryClient    : DiscoveryClient_USER-SERVICE/user-service:2e033fe1c0e3827ea3e65f4cd1fcbf4e: registering service...
2025-10-29T02:06:34.969-05:00  INFO 21008 --- [user-service] [Thread-7] o.s.b.w.e.tomcat.GracefulShutdown        : Commencing graceful shutdown. Waiting for active requests to complete
2025-10-29T02:06:34.972-05:00  INFO 21008 --- [user-service] [DiscoveryClient-InstanceInfoReplicator-%d] com.netflix.discovery.DiscoveryClient    : DiscoveryClient_USER-SERVICE/user-service:2e033fe1c0e3827ea3e65f4cd1fcbf4e - registration status: 204
2025-10-29T02:06:34.977-05:00  INFO 21008 --- [user-service] [tomcat-shutdown] o.s.b.w.e.tomcat.GracefulShutdown        : Graceful shutdown complete
2025-10-29T02:06:34.982-05:00  INFO 21008 --- [user-service] [Thread-7] j.LocalContainerEntityManagerFactoryBean : Closing JPA EntityManagerFactory for persistence unit 'default'
2025-10-29T02:06:34.983-05:00  INFO 21008 --- [user-service] [Thread-7] com.zaxxer.hikari.HikariDataSource       : HikariPool-2 - Shutdown initiated...
2025-10-29T02:06:34.990-05:00  INFO 21008 --- [user-service] [Thread-7] com.zaxxer.hikari.HikariDataSource       : HikariPool-2 - Shutdown completed.
2025-10-29T02:06:34.992-05:00  INFO 21008 --- [user-service] [Thread-7] com.netflix.discovery.DiscoveryClient    : Shutting down DiscoveryClient ...
2025-10-29T02:06:38.004-05:00  INFO 21008 --- [user-service] [Thread-7] com.netflix.discovery.DiscoveryClient    : Unregistering ...
2025-10-29T02:06:38.020-05:00  INFO 21008 --- [user-service] [Thread-7] com.netflix.discovery.DiscoveryClient    : DiscoveryClient_USER-SERVICE/user-service:2e033fe1c0e3827ea3e65f4cd1fcbf4e - deregister  status: 200
2025-10-29T02:06:38.020-05:00  INFO 21008 --- [user-service] [Thread-7] com.netflix.discovery.DiscoveryClient    : Completed shut down of DiscoveryClient
2025-10-29T02:06:38.226-05:00  INFO 21008 --- [user-service] [restartedMain] org.cibertec.UserServiceApplication      : Starting UserServiceApplication using Java 21.0.8 with PID 21008 (C:\Users\ronca\OneDrive\Escritorio\Dev\DAW2\user-service\target\classes started by Arturo in C:\Users\ronca\OneDrive\Escritorio\Dev\DAW2\user-service)
2025-10-29T02:06:38.227-05:00  INFO 21008 --- [user-service] [restartedMain] org.cibertec.UserServiceApplication      : No active profile set, falling back to 1 default profile: "default"
2025-10-29T02:06:38.230-05:00  INFO 21008 --- [user-service] [restartedMain] o.s.c.c.c.ConfigServerConfigDataLoader   : Fetching config from server at : http://localhost:8888
2025-10-29T02:06:38.230-05:00  INFO 21008 --- [user-service] [restartedMain] o.s.c.c.c.ConfigServerConfigDataLoader   : Located environment: name=user-service, profiles=[default], label=null, version=null, state=null
2025-10-29T02:06:38.922-05:00  INFO 21008 --- [user-service] [restartedMain] .s.d.r.c.RepositoryConfigurationDelegate : Bootstrapping Spring Data JPA repositories in DEFAULT mode.
2025-10-29T02:06:38.949-05:00  INFO 21008 --- [user-service] [restartedMain] .s.d.r.c.RepositoryConfigurationDelegate : Finished Spring Data repository scanning in 21 ms. Found 2 JPA repository interfaces.
2025-10-29T02:06:39.143-05:00  INFO 21008 --- [user-service] [restartedMain] o.s.cloud.context.scope.GenericScope     : BeanFactory id=ce9c1f7c-f6b6-3530-b72a-59d3aaa3356a
2025-10-29T02:06:39.302-05:00  INFO 21008 --- [user-service] [restartedMain] o.s.b.w.embedded.tomcat.TomcatWebServer  : Tomcat initialized with port 0 (http)
2025-10-29T02:06:39.302-05:00  INFO 21008 --- [user-service] [restartedMain] o.apache.catalina.core.StandardService   : Starting service [Tomcat]
2025-10-29T02:06:39.302-05:00  INFO 21008 --- [user-service] [restartedMain] o.apache.catalina.core.StandardEngine    : Starting Servlet engine: [Apache Tomcat/10.1.46]
2025-10-29T02:06:39.367-05:00  INFO 21008 --- [user-service] [restartedMain] o.a.c.c.C.[Tomcat].[localhost].[/]       : Initializing Spring embedded WebApplicationContext
2025-10-29T02:06:39.368-05:00  INFO 21008 --- [user-service] [restartedMain] w.s.c.ServletWebServerApplicationContext : Root WebApplicationContext: initialization completed in 1137 ms
2025-10-29T02:06:39.526-05:00  INFO 21008 --- [user-service] [restartedMain] com.zaxxer.hikari.HikariDataSource       : HikariPool-3 - Starting...
2025-10-29T02:06:39.544-05:00  INFO 21008 --- [user-service] [restartedMain] com.zaxxer.hikari.pool.HikariPool        : HikariPool-3 - Added connection com.mysql.cj.jdbc.ConnectionImpl@62ec3906
2025-10-29T02:06:39.544-05:00  INFO 21008 --- [user-service] [restartedMain] com.zaxxer.hikari.HikariDataSource       : HikariPool-3 - Start completed.
2025-10-29T02:06:39.545-05:00  INFO 21008 --- [user-service] [restartedMain] o.hibernate.jpa.internal.util.LogHelper  : HHH000204: Processing PersistenceUnitInfo [name: default]
2025-10-29T02:06:39.553-05:00  INFO 21008 --- [user-service] [restartedMain] o.h.c.internal.RegionFactoryInitiator    : HHH000026: Second-level cache disabled
2025-10-29T02:06:39.574-05:00  INFO 21008 --- [user-service] [restartedMain] o.s.o.j.p.SpringPersistenceUnitInfo      : No LoadTimeWeaver setup: ignoring JPA class transformer
2025-10-29T02:06:39.579-05:00  INFO 21008 --- [user-service] [restartedMain] org.hibernate.orm.connections.pooling    : HHH10001005: Database info:
	Database JDBC URL [Connecting through datasource 'HikariDataSource (HikariPool-3)']
	Database driver: undefined/unknown
	Database version: 8.0.34
	Autocommit mode: undefined/unknown
	Isolation level: undefined/unknown
	Minimum pool size: undefined/unknown
	Maximum pool size: undefined/unknown
2025-10-29T02:06:39.856-05:00  INFO 21008 --- [user-service] [restartedMain] o.h.e.t.j.p.i.JtaPlatformInitiator       : HHH000489: No JTA platform available (set 'hibernate.transaction.jta.platform' to enable JTA platform integration)
2025-10-29T02:06:39.856-05:00  INFO 21008 --- [user-service] [restartedMain] j.LocalContainerEntityManagerFactoryBean : Initialized JPA EntityManagerFactory for persistence unit 'default'
2025-10-29T02:06:40.060-05:00  WARN 21008 --- [user-service] [restartedMain] JpaBaseConfiguration$JpaWebConfiguration : spring.jpa.open-in-view is enabled by default. Therefore, database queries may be performed during view rendering. Explicitly configure spring.jpa.open-in-view to disable this warning
2025-10-29T02:06:40.570-05:00  INFO 21008 --- [user-service] [restartedMain] o.s.b.a.e.web.EndpointLinksResolver      : Exposing 18 endpoints beneath base path '/actuator'
2025-10-29T02:06:40.935-05:00  WARN 21008 --- [user-service] [restartedMain] o.s.b.d.a.OptionalLiveReloadServer       : Unable to start LiveReload server
2025-10-29T02:06:40.965-05:00  INFO 21008 --- [user-service] [restartedMain] DiscoveryClientOptionalArgsConfiguration : Eureka HTTP Client uses RestTemplate.
2025-10-29T02:06:41.002-05:00  WARN 21008 --- [user-service] [restartedMain] iguration$LoadBalancerCaffeineWarnLogger : Spring Cloud LoadBalancer is currently working with the default cache. While this cache implementation is useful for development and tests, it's recommended to use Caffeine cache in production.You can switch to using Caffeine cache, by adding it and org.springframework.cache.caffeine.CaffeineCacheManager to the classpath.
2025-10-29T02:06:41.063-05:00  INFO 21008 --- [user-service] [restartedMain] o.s.b.w.embedded.tomcat.TomcatWebServer  : Tomcat started on port 65503 (http) with context path '/'
2025-10-29T02:06:41.064-05:00  INFO 21008 --- [user-service] [restartedMain] .s.c.n.e.s.EurekaAutoServiceRegistration : Updating port to 65503
2025-10-29T02:06:41.066-05:00  INFO 21008 --- [user-service] [restartedMain] o.s.c.n.eureka.InstanceInfoFactory       : Setting initial instance status as: STARTING
2025-10-29T02:06:41.074-05:00  INFO 21008 --- [user-service] [restartedMain] com.netflix.discovery.DiscoveryClient    : Initializing Eureka in region us-east-1
2025-10-29T02:06:41.074-05:00  INFO 21008 --- [user-service] [restartedMain] c.n.d.s.r.aws.ConfigClusterResolver      : Resolving eureka endpoints via configuration
2025-10-29T02:06:41.074-05:00  INFO 21008 --- [user-service] [restartedMain] com.netflix.discovery.DiscoveryClient    : Disable delta property : false
2025-10-29T02:06:41.075-05:00  INFO 21008 --- [user-service] [restartedMain] com.netflix.discovery.DiscoveryClient    : Single vip registry refresh property : null
2025-10-29T02:06:41.075-05:00  INFO 21008 --- [user-service] [restartedMain] com.netflix.discovery.DiscoveryClient    : Force full registry fetch : false
2025-10-29T02:06:41.075-05:00  INFO 21008 --- [user-service] [restartedMain] com.netflix.discovery.DiscoveryClient    : Application is null : false
2025-10-29T02:06:41.075-05:00  INFO 21008 --- [user-service] [restartedMain] com.netflix.discovery.DiscoveryClient    : Registered Applications size is zero : true
2025-10-29T02:06:41.075-05:00  INFO 21008 --- [user-service] [restartedMain] com.netflix.discovery.DiscoveryClient    : Application version is -1: true
2025-10-29T02:06:41.075-05:00  INFO 21008 --- [user-service] [restartedMain] com.netflix.discovery.DiscoveryClient    : Getting all instance registry info from the eureka server
2025-10-29T02:06:41.110-05:00  INFO 21008 --- [user-service] [restartedMain] com.netflix.discovery.DiscoveryClient    : The response status is 200
2025-10-29T02:06:41.111-05:00  INFO 21008 --- [user-service] [restartedMain] com.netflix.discovery.DiscoveryClient    : Starting heartbeat executor: renew interval is: 30
2025-10-29T02:06:41.111-05:00  INFO 21008 --- [user-service] [restartedMain] c.n.discovery.InstanceInfoReplicator     : InstanceInfoReplicator onDemand update allowed rate per min is 4
2025-10-29T02:06:41.112-05:00  INFO 21008 --- [user-service] [restartedMain] com.netflix.discovery.DiscoveryClient    : Discovery Client initialized at timestamp 1761721601111 with initial instances count: 6
2025-10-29T02:06:41.115-05:00  INFO 21008 --- [user-service] [restartedMain] o.s.c.n.e.s.EurekaServiceRegistry        : Registering application USER-SERVICE with eureka with status UP
2025-10-29T02:06:41.115-05:00  INFO 21008 --- [user-service] [restartedMain] com.netflix.discovery.DiscoveryClient    : Saw local status change event StatusChangeEvent [timestamp=1761721601115, current=UP, previous=STARTING]
2025-10-29T02:06:41.115-05:00  INFO 21008 --- [user-service] [DiscoveryClient-InstanceInfoReplicator-%d] com.netflix.discovery.DiscoveryClient    : DiscoveryClient_USER-SERVICE/user-service:6014d02a8e15ad058b76d6105355393e: registering service...
2025-10-29T02:06:41.132-05:00  INFO 21008 --- [user-service] [DiscoveryClient-InstanceInfoReplicator-%d] com.netflix.discovery.DiscoveryClient    : DiscoveryClient_USER-SERVICE/user-service:6014d02a8e15ad058b76d6105355393e - registration status: 204
2025-10-29T02:06:41.137-05:00  INFO 21008 --- [user-service] [restartedMain] org.cibertec.UserServiceApplication      : Started UserServiceApplication in 3.044 seconds (process running for 255.767)
2025-10-29T02:06:41.140-05:00  INFO 21008 --- [user-service] [restartedMain] .ConditionEvaluationDeltaLoggingListener : Condition evaluation unchanged
2025-10-29T02:07:15.273-05:00  INFO 21008 --- [user-service] [File Watcher] rtingClassPathChangeChangedEventListener : Restarting due to 1 class path change (0 additions, 0 deletions, 1 modification)
2025-10-29T02:07:15.274-05:00  INFO 21008 --- [user-service] [Thread-13] o.s.c.n.e.s.EurekaServiceRegistry        : Unregistering application USER-SERVICE with eureka with status DOWN
2025-10-29T02:07:15.275-05:00  INFO 21008 --- [user-service] [Thread-13] com.netflix.discovery.DiscoveryClient    : Saw local status change event StatusChangeEvent [timestamp=1761721635275, current=DOWN, previous=UP]
2025-10-29T02:07:15.275-05:00  INFO 21008 --- [user-service] [DiscoveryClient-InstanceInfoReplicator-%d] com.netflix.discovery.DiscoveryClient    : DiscoveryClient_USER-SERVICE/user-service:6014d02a8e15ad058b76d6105355393e: registering service...
2025-10-29T02:07:15.276-05:00  INFO 21008 --- [user-service] [Thread-13] o.s.b.w.e.tomcat.GracefulShutdown        : Commencing graceful shutdown. Waiting for active requests to complete
2025-10-29T02:07:15.283-05:00  INFO 21008 --- [user-service] [tomcat-shutdown] o.s.b.w.e.tomcat.GracefulShutdown        : Graceful shutdown complete
2025-10-29T02:07:15.288-05:00  INFO 21008 --- [user-service] [Thread-13] j.LocalContainerEntityManagerFactoryBean : Closing JPA EntityManagerFactory for persistence unit 'default'
2025-10-29T02:07:15.289-05:00  INFO 21008 --- [user-service] [DiscoveryClient-InstanceInfoReplicator-%d] com.netflix.discovery.DiscoveryClient    : DiscoveryClient_USER-SERVICE/user-service:6014d02a8e15ad058b76d6105355393e - registration status: 204
2025-10-29T02:07:15.289-05:00  INFO 21008 --- [user-service] [Thread-13] com.zaxxer.hikari.HikariDataSource       : HikariPool-3 - Shutdown initiated...
2025-10-29T02:07:15.297-05:00  INFO 21008 --- [user-service] [Thread-13] com.zaxxer.hikari.HikariDataSource       : HikariPool-3 - Shutdown completed.
2025-10-29T02:07:15.298-05:00  INFO 21008 --- [user-service] [Thread-13] com.netflix.discovery.DiscoveryClient    : Shutting down DiscoveryClient ...
2025-10-29T02:07:18.309-05:00  INFO 21008 --- [user-service] [Thread-13] com.netflix.discovery.DiscoveryClient    : Unregistering ...
2025-10-29T02:07:18.326-05:00  INFO 21008 --- [user-service] [Thread-13] com.netflix.discovery.DiscoveryClient    : DiscoveryClient_USER-SERVICE/user-service:6014d02a8e15ad058b76d6105355393e - deregister  status: 200
2025-10-29T02:07:18.326-05:00  INFO 21008 --- [user-service] [Thread-13] com.netflix.discovery.DiscoveryClient    : Completed shut down of DiscoveryClient
2025-10-29T02:07:18.523-05:00  INFO 21008 --- [user-service] [restartedMain] org.cibertec.UserServiceApplication      : Starting UserServiceApplication using Java 21.0.8 with PID 21008 (C:\Users\ronca\OneDrive\Escritorio\Dev\DAW2\user-service\target\classes started by Arturo in C:\Users\ronca\OneDrive\Escritorio\Dev\DAW2\user-service)
2025-10-29T02:07:18.523-05:00  INFO 21008 --- [user-service] [restartedMain] org.cibertec.UserServiceApplication      : No active profile set, falling back to 1 default profile: "default"
2025-10-29T02:07:18.527-05:00  INFO 21008 --- [user-service] [restartedMain] o.s.c.c.c.ConfigServerConfigDataLoader   : Fetching config from server at : http://localhost:8888
2025-10-29T02:07:18.528-05:00  INFO 21008 --- [user-service] [restartedMain] o.s.c.c.c.ConfigServerConfigDataLoader   : Located environment: name=user-service, profiles=[default], label=null, version=null, state=null
2025-10-29T02:07:19.218-05:00  INFO 21008 --- [user-service] [restartedMain] .s.d.r.c.RepositoryConfigurationDelegate : Bootstrapping Spring Data JPA repositories in DEFAULT mode.
2025-10-29T02:07:19.242-05:00  INFO 21008 --- [user-service] [restartedMain] .s.d.r.c.RepositoryConfigurationDelegate : Finished Spring Data repository scanning in 21 ms. Found 2 JPA repository interfaces.
2025-10-29T02:07:19.432-05:00  INFO 21008 --- [user-service] [restartedMain] o.s.cloud.context.scope.GenericScope     : BeanFactory id=ce9c1f7c-f6b6-3530-b72a-59d3aaa3356a
2025-10-29T02:07:19.546-05:00  INFO 21008 --- [user-service] [restartedMain] o.s.b.w.embedded.tomcat.TomcatWebServer  : Tomcat initialized with port 0 (http)
2025-10-29T02:07:19.547-05:00  INFO 21008 --- [user-service] [restartedMain] o.apache.catalina.core.StandardService   : Starting service [Tomcat]
2025-10-29T02:07:19.547-05:00  INFO 21008 --- [user-service] [restartedMain] o.apache.catalina.core.StandardEngine    : Starting Servlet engine: [Apache Tomcat/10.1.46]
2025-10-29T02:07:19.611-05:00  INFO 21008 --- [user-service] [restartedMain] o.a.c.c.C.[Tomcat].[localhost].[/]       : Initializing Spring embedded WebApplicationContext
2025-10-29T02:07:19.611-05:00  INFO 21008 --- [user-service] [restartedMain] w.s.c.ServletWebServerApplicationContext : Root WebApplicationContext: initialization completed in 1083 ms
2025-10-29T02:07:19.745-05:00  INFO 21008 --- [user-service] [restartedMain] com.zaxxer.hikari.HikariDataSource       : HikariPool-4 - Starting...
2025-10-29T02:07:19.762-05:00  INFO 21008 --- [user-service] [restartedMain] com.zaxxer.hikari.pool.HikariPool        : HikariPool-4 - Added connection com.mysql.cj.jdbc.ConnectionImpl@6ee7a88a
2025-10-29T02:07:19.762-05:00  INFO 21008 --- [user-service] [restartedMain] com.zaxxer.hikari.HikariDataSource       : HikariPool-4 - Start completed.
2025-10-29T02:07:19.763-05:00  INFO 21008 --- [user-service] [restartedMain] o.hibernate.jpa.internal.util.LogHelper  : HHH000204: Processing PersistenceUnitInfo [name: default]
2025-10-29T02:07:19.770-05:00  INFO 21008 --- [user-service] [restartedMain] o.h.c.internal.RegionFactoryInitiator    : HHH000026: Second-level cache disabled
2025-10-29T02:07:19.787-05:00  INFO 21008 --- [user-service] [restartedMain] o.s.o.j.p.SpringPersistenceUnitInfo      : No LoadTimeWeaver setup: ignoring JPA class transformer
2025-10-29T02:07:19.791-05:00  INFO 21008 --- [user-service] [restartedMain] org.hibernate.orm.connections.pooling    : HHH10001005: Database info:
	Database JDBC URL [Connecting through datasource 'HikariDataSource (HikariPool-4)']
	Database driver: undefined/unknown
	Database version: 8.0.34
	Autocommit mode: undefined/unknown
	Isolation level: undefined/unknown
	Minimum pool size: undefined/unknown
	Maximum pool size: undefined/unknown
2025-10-29T02:07:19.970-05:00  INFO 21008 --- [user-service] [restartedMain] o.h.e.t.j.p.i.JtaPlatformInitiator       : HHH000489: No JTA platform available (set 'hibernate.transaction.jta.platform' to enable JTA platform integration)
2025-10-29T02:07:19.970-05:00  INFO 21008 --- [user-service] [restartedMain] j.LocalContainerEntityManagerFactoryBean : Initialized JPA EntityManagerFactory for persistence unit 'default'
2025-10-29T02:07:20.117-05:00  WARN 21008 --- [user-service] [restartedMain] JpaBaseConfiguration$JpaWebConfiguration : spring.jpa.open-in-view is enabled by default. Therefore, database queries may be performed during view rendering. Explicitly configure spring.jpa.open-in-view to disable this warning
2025-10-29T02:07:20.534-05:00  INFO 21008 --- [user-service] [restartedMain] o.s.b.a.e.web.EndpointLinksResolver      : Exposing 18 endpoints beneath base path '/actuator'
2025-10-29T02:07:20.794-05:00  WARN 21008 --- [user-service] [restartedMain] o.s.b.d.a.OptionalLiveReloadServer       : Unable to start LiveReload server
2025-10-29T02:07:20.820-05:00  INFO 21008 --- [user-service] [restartedMain] DiscoveryClientOptionalArgsConfiguration : Eureka HTTP Client uses RestTemplate.
2025-10-29T02:07:20.861-05:00  WARN 21008 --- [user-service] [restartedMain] iguration$LoadBalancerCaffeineWarnLogger : Spring Cloud LoadBalancer is currently working with the default cache. While this cache implementation is useful for development and tests, it's recommended to use Caffeine cache in production.You can switch to using Caffeine cache, by adding it and org.springframework.cache.caffeine.CaffeineCacheManager to the classpath.
2025-10-29T02:07:20.932-05:00  INFO 21008 --- [user-service] [restartedMain] o.s.b.w.embedded.tomcat.TomcatWebServer  : Tomcat started on port 49209 (http) with context path '/'
2025-10-29T02:07:20.933-05:00  INFO 21008 --- [user-service] [restartedMain] .s.c.n.e.s.EurekaAutoServiceRegistration : Updating port to 49209
2025-10-29T02:07:20.935-05:00  INFO 21008 --- [user-service] [restartedMain] o.s.c.n.eureka.InstanceInfoFactory       : Setting initial instance status as: STARTING
2025-10-29T02:07:20.940-05:00  INFO 21008 --- [user-service] [restartedMain] com.netflix.discovery.DiscoveryClient    : Initializing Eureka in region us-east-1
2025-10-29T02:07:20.940-05:00  INFO 21008 --- [user-service] [restartedMain] c.n.d.s.r.aws.ConfigClusterResolver      : Resolving eureka endpoints via configuration
2025-10-29T02:07:20.942-05:00  INFO 21008 --- [user-service] [restartedMain] com.netflix.discovery.DiscoveryClient    : Disable delta property : false
2025-10-29T02:07:20.942-05:00  INFO 21008 --- [user-service] [restartedMain] com.netflix.discovery.DiscoveryClient    : Single vip registry refresh property : null
2025-10-29T02:07:20.942-05:00  INFO 21008 --- [user-service] [restartedMain] com.netflix.discovery.DiscoveryClient    : Force full registry fetch : false
2025-10-29T02:07:20.942-05:00  INFO 21008 --- [user-service] [restartedMain] com.netflix.discovery.DiscoveryClient    : Application is null : false
2025-10-29T02:07:20.942-05:00  INFO 21008 --- [user-service] [restartedMain] com.netflix.discovery.DiscoveryClient    : Registered Applications size is zero : true
2025-10-29T02:07:20.942-05:00  INFO 21008 --- [user-service] [restartedMain] com.netflix.discovery.DiscoveryClient    : Application version is -1: true
2025-10-29T02:07:20.942-05:00  INFO 21008 --- [user-service] [restartedMain] com.netflix.discovery.DiscoveryClient    : Getting all instance registry info from the eureka server
2025-10-29T02:07:20.984-05:00  INFO 21008 --- [user-service] [restartedMain] com.netflix.discovery.DiscoveryClient    : The response status is 200
2025-10-29T02:07:20.985-05:00  INFO 21008 --- [user-service] [restartedMain] com.netflix.discovery.DiscoveryClient    : Starting heartbeat executor: renew interval is: 30
2025-10-29T02:07:20.985-05:00  INFO 21008 --- [user-service] [restartedMain] c.n.discovery.InstanceInfoReplicator     : InstanceInfoReplicator onDemand update allowed rate per min is 4
2025-10-29T02:07:20.986-05:00  INFO 21008 --- [user-service] [restartedMain] com.netflix.discovery.DiscoveryClient    : Discovery Client initialized at timestamp 1761721640985 with initial instances count: 6
2025-10-29T02:07:20.988-05:00  INFO 21008 --- [user-service] [restartedMain] o.s.c.n.e.s.EurekaServiceRegistry        : Registering application USER-SERVICE with eureka with status UP
2025-10-29T02:07:20.988-05:00  INFO 21008 --- [user-service] [restartedMain] com.netflix.discovery.DiscoveryClient    : Saw local status change event StatusChangeEvent [timestamp=1761721640988, current=UP, previous=STARTING]
2025-10-29T02:07:20.988-05:00  INFO 21008 --- [user-service] [DiscoveryClient-InstanceInfoReplicator-%d] com.netflix.discovery.DiscoveryClient    : DiscoveryClient_USER-SERVICE/user-service:6816dfcb268566e1083101ef2a52e468: registering service...
2025-10-29T02:07:21.002-05:00  INFO 21008 --- [user-service] [DiscoveryClient-InstanceInfoReplicator-%d] com.netflix.discovery.DiscoveryClient    : DiscoveryClient_USER-SERVICE/user-service:6816dfcb268566e1083101ef2a52e468 - registration status: 204
2025-10-29T02:07:21.009-05:00  INFO 21008 --- [user-service] [restartedMain] org.cibertec.UserServiceApplication      : Started UserServiceApplication in 2.593 seconds (process running for 295.639)
2025-10-29T02:07:21.012-05:00  INFO 21008 --- [user-service] [restartedMain] .ConditionEvaluationDeltaLoggingListener : Condition evaluation unchanged
2025-10-29T02:09:26.554-05:00  INFO 21008 --- [user-service] [File Watcher] rtingClassPathChangeChangedEventListener : Restarting due to 1 class path change (0 additions, 0 deletions, 1 modification)
2025-10-29T02:09:26.555-05:00  INFO 21008 --- [user-service] [Thread-19] o.s.c.n.e.s.EurekaServiceRegistry        : Unregistering application USER-SERVICE with eureka with status DOWN
2025-10-29T02:09:26.556-05:00  INFO 21008 --- [user-service] [Thread-19] com.netflix.discovery.DiscoveryClient    : Saw local status change event StatusChangeEvent [timestamp=1761721766556, current=DOWN, previous=UP]
2025-10-29T02:09:26.556-05:00  INFO 21008 --- [user-service] [DiscoveryClient-InstanceInfoReplicator-%d] com.netflix.discovery.DiscoveryClient    : DiscoveryClient_USER-SERVICE/user-service:6816dfcb268566e1083101ef2a52e468: registering service...
2025-10-29T02:09:26.556-05:00  INFO 21008 --- [user-service] [Thread-19] o.s.b.w.e.tomcat.GracefulShutdown        : Commencing graceful shutdown. Waiting for active requests to complete
2025-10-29T02:09:26.564-05:00  INFO 21008 --- [user-service] [tomcat-shutdown] o.s.b.w.e.tomcat.GracefulShutdown        : Graceful shutdown complete
2025-10-29T02:09:26.568-05:00  INFO 21008 --- [user-service] [Thread-19] j.LocalContainerEntityManagerFactoryBean : Closing JPA EntityManagerFactory for persistence unit 'default'
2025-10-29T02:09:26.569-05:00  INFO 21008 --- [user-service] [DiscoveryClient-InstanceInfoReplicator-%d] com.netflix.discovery.DiscoveryClient    : DiscoveryClient_USER-SERVICE/user-service:6816dfcb268566e1083101ef2a52e468 - registration status: 204
2025-10-29T02:09:26.569-05:00  INFO 21008 --- [user-service] [Thread-19] com.zaxxer.hikari.HikariDataSource       : HikariPool-4 - Shutdown initiated...
2025-10-29T02:09:26.576-05:00  INFO 21008 --- [user-service] [Thread-19] com.zaxxer.hikari.HikariDataSource       : HikariPool-4 - Shutdown completed.
2025-10-29T02:09:26.577-05:00  INFO 21008 --- [user-service] [Thread-19] com.netflix.discovery.DiscoveryClient    : Shutting down DiscoveryClient ...
2025-10-29T02:09:29.579-05:00  INFO 21008 --- [user-service] [Thread-19] com.netflix.discovery.DiscoveryClient    : Unregistering ...
2025-10-29T02:09:29.597-05:00  INFO 21008 --- [user-service] [Thread-19] com.netflix.discovery.DiscoveryClient    : DiscoveryClient_USER-SERVICE/user-service:6816dfcb268566e1083101ef2a52e468 - deregister  status: 200
2025-10-29T02:09:29.597-05:00  INFO 21008 --- [user-service] [Thread-19] com.netflix.discovery.DiscoveryClient    : Completed shut down of DiscoveryClient
2025-10-29T02:09:29.804-05:00  INFO 21008 --- [user-service] [restartedMain] org.cibertec.UserServiceApplication      : Starting UserServiceApplication using Java 21.0.8 with PID 21008 (C:\Users\ronca\OneDrive\Escritorio\Dev\DAW2\user-service\target\classes started by Arturo in C:\Users\ronca\OneDrive\Escritorio\Dev\DAW2\user-service)
2025-10-29T02:09:29.804-05:00  INFO 21008 --- [user-service] [restartedMain] org.cibertec.UserServiceApplication      : No active profile set, falling back to 1 default profile: "default"
2025-10-29T02:09:29.809-05:00  INFO 21008 --- [user-service] [restartedMain] o.s.c.c.c.ConfigServerConfigDataLoader   : Fetching config from server at : http://localhost:8888
2025-10-29T02:09:29.811-05:00  INFO 21008 --- [user-service] [restartedMain] o.s.c.c.c.ConfigServerConfigDataLoader   : Located environment: name=user-service, profiles=[default], label=null, version=null, state=null
2025-10-29T02:09:30.639-05:00  INFO 21008 --- [user-service] [restartedMain] .s.d.r.c.RepositoryConfigurationDelegate : Bootstrapping Spring Data JPA repositories in DEFAULT mode.
2025-10-29T02:09:30.660-05:00  INFO 21008 --- [user-service] [restartedMain] .s.d.r.c.RepositoryConfigurationDelegate : Finished Spring Data repository scanning in 18 ms. Found 2 JPA repository interfaces.
2025-10-29T02:09:30.846-05:00  INFO 21008 --- [user-service] [restartedMain] o.s.cloud.context.scope.GenericScope     : BeanFactory id=ce9c1f7c-f6b6-3530-b72a-59d3aaa3356a
2025-10-29T02:09:31.026-05:00  INFO 21008 --- [user-service] [restartedMain] o.s.b.w.embedded.tomcat.TomcatWebServer  : Tomcat initialized with port 0 (http)
2025-10-29T02:09:31.030-05:00  INFO 21008 --- [user-service] [restartedMain] o.apache.catalina.core.StandardService   : Starting service [Tomcat]
2025-10-29T02:09:31.032-05:00  INFO 21008 --- [user-service] [restartedMain] o.apache.catalina.core.StandardEngine    : Starting Servlet engine: [Apache Tomcat/10.1.46]
2025-10-29T02:09:31.096-05:00  INFO 21008 --- [user-service] [restartedMain] o.a.c.c.C.[Tomcat].[localhost].[/]       : Initializing Spring embedded WebApplicationContext
2025-10-29T02:09:31.096-05:00  INFO 21008 --- [user-service] [restartedMain] w.s.c.ServletWebServerApplicationContext : Root WebApplicationContext: initialization completed in 1285 ms
2025-10-29T02:09:31.286-05:00  INFO 21008 --- [user-service] [restartedMain] com.zaxxer.hikari.HikariDataSource       : HikariPool-5 - Starting...
2025-10-29T02:09:31.306-05:00  INFO 21008 --- [user-service] [restartedMain] com.zaxxer.hikari.pool.HikariPool        : HikariPool-5 - Added connection com.mysql.cj.jdbc.ConnectionImpl@2ff607ff
2025-10-29T02:09:31.306-05:00  INFO 21008 --- [user-service] [restartedMain] com.zaxxer.hikari.HikariDataSource       : HikariPool-5 - Start completed.
2025-10-29T02:09:31.308-05:00  INFO 21008 --- [user-service] [restartedMain] o.hibernate.jpa.internal.util.LogHelper  : HHH000204: Processing PersistenceUnitInfo [name: default]
2025-10-29T02:09:31.314-05:00  INFO 21008 --- [user-service] [restartedMain] o.h.c.internal.RegionFactoryInitiator    : HHH000026: Second-level cache disabled
2025-10-29T02:09:31.330-05:00  INFO 21008 --- [user-service] [restartedMain] o.s.o.j.p.SpringPersistenceUnitInfo      : No LoadTimeWeaver setup: ignoring JPA class transformer
2025-10-29T02:09:31.332-05:00  INFO 21008 --- [user-service] [restartedMain] org.hibernate.orm.connections.pooling    : HHH10001005: Database info:
	Database JDBC URL [Connecting through datasource 'HikariDataSource (HikariPool-5)']
	Database driver: undefined/unknown
	Database version: 8.0.34
	Autocommit mode: undefined/unknown
	Isolation level: undefined/unknown
	Minimum pool size: undefined/unknown
	Maximum pool size: undefined/unknown
2025-10-29T02:09:31.519-05:00  INFO 21008 --- [user-service] [restartedMain] o.h.e.t.j.p.i.JtaPlatformInitiator       : HHH000489: No JTA platform available (set 'hibernate.transaction.jta.platform' to enable JTA platform integration)
2025-10-29T02:09:31.519-05:00  INFO 21008 --- [user-service] [restartedMain] j.LocalContainerEntityManagerFactoryBean : Initialized JPA EntityManagerFactory for persistence unit 'default'
2025-10-29T02:09:31.660-05:00  WARN 21008 --- [user-service] [restartedMain] JpaBaseConfiguration$JpaWebConfiguration : spring.jpa.open-in-view is enabled by default. Therefore, database queries may be performed during view rendering. Explicitly configure spring.jpa.open-in-view to disable this warning
2025-10-29T02:09:32.006-05:00  INFO 21008 --- [user-service] [restartedMain] o.s.b.a.e.web.EndpointLinksResolver      : Exposing 18 endpoints beneath base path '/actuator'
2025-10-29T02:09:32.273-05:00  WARN 21008 --- [user-service] [restartedMain] o.s.b.d.a.OptionalLiveReloadServer       : Unable to start LiveReload server
2025-10-29T02:09:32.300-05:00  INFO 21008 --- [user-service] [restartedMain] DiscoveryClientOptionalArgsConfiguration : Eureka HTTP Client uses RestTemplate.
2025-10-29T02:09:32.328-05:00  WARN 21008 --- [user-service] [restartedMain] iguration$LoadBalancerCaffeineWarnLogger : Spring Cloud LoadBalancer is currently working with the default cache. While this cache implementation is useful for development and tests, it's recommended to use Caffeine cache in production.You can switch to using Caffeine cache, by adding it and org.springframework.cache.caffeine.CaffeineCacheManager to the classpath.
2025-10-29T02:09:32.376-05:00  INFO 21008 --- [user-service] [restartedMain] o.s.b.w.embedded.tomcat.TomcatWebServer  : Tomcat started on port 51123 (http) with context path '/'
2025-10-29T02:09:32.377-05:00  INFO 21008 --- [user-service] [restartedMain] .s.c.n.e.s.EurekaAutoServiceRegistration : Updating port to 51123
2025-10-29T02:09:32.379-05:00  INFO 21008 --- [user-service] [restartedMain] o.s.c.n.eureka.InstanceInfoFactory       : Setting initial instance status as: STARTING
2025-10-29T02:09:32.384-05:00  INFO 21008 --- [user-service] [restartedMain] com.netflix.discovery.DiscoveryClient    : Initializing Eureka in region us-east-1
2025-10-29T02:09:32.385-05:00  INFO 21008 --- [user-service] [restartedMain] c.n.d.s.r.aws.ConfigClusterResolver      : Resolving eureka endpoints via configuration
2025-10-29T02:09:32.385-05:00  INFO 21008 --- [user-service] [restartedMain] com.netflix.discovery.DiscoveryClient    : Disable delta property : false
2025-10-29T02:09:32.385-05:00  INFO 21008 --- [user-service] [restartedMain] com.netflix.discovery.DiscoveryClient    : Single vip registry refresh property : null
2025-10-29T02:09:32.385-05:00  INFO 21008 --- [user-service] [restartedMain] com.netflix.discovery.DiscoveryClient    : Force full registry fetch : false
2025-10-29T02:09:32.385-05:00  INFO 21008 --- [user-service] [restartedMain] com.netflix.discovery.DiscoveryClient    : Application is null : false
2025-10-29T02:09:32.385-05:00  INFO 21008 --- [user-service] [restartedMain] com.netflix.discovery.DiscoveryClient    : Registered Applications size is zero : true
2025-10-29T02:09:32.385-05:00  INFO 21008 --- [user-service] [restartedMain] com.netflix.discovery.DiscoveryClient    : Application version is -1: true
2025-10-29T02:09:32.386-05:00  INFO 21008 --- [user-service] [restartedMain] com.netflix.discovery.DiscoveryClient    : Getting all instance registry info from the eureka server
2025-10-29T02:09:32.424-05:00  INFO 21008 --- [user-service] [restartedMain] com.netflix.discovery.DiscoveryClient    : The response status is 200
2025-10-29T02:09:32.426-05:00  INFO 21008 --- [user-service] [restartedMain] com.netflix.discovery.DiscoveryClient    : Starting heartbeat executor: renew interval is: 30
2025-10-29T02:09:32.426-05:00  INFO 21008 --- [user-service] [restartedMain] c.n.discovery.InstanceInfoReplicator     : InstanceInfoReplicator onDemand update allowed rate per min is 4
2025-10-29T02:09:32.426-05:00  INFO 21008 --- [user-service] [restartedMain] com.netflix.discovery.DiscoveryClient    : Discovery Client initialized at timestamp 1761721772426 with initial instances count: 2
2025-10-29T02:09:32.429-05:00  INFO 21008 --- [user-service] [restartedMain] o.s.c.n.e.s.EurekaServiceRegistry        : Registering application USER-SERVICE with eureka with status UP
2025-10-29T02:09:32.429-05:00  INFO 21008 --- [user-service] [restartedMain] com.netflix.discovery.DiscoveryClient    : Saw local status change event StatusChangeEvent [timestamp=1761721772429, current=UP, previous=STARTING]
2025-10-29T02:09:32.429-05:00  INFO 21008 --- [user-service] [DiscoveryClient-InstanceInfoReplicator-%d] com.netflix.discovery.DiscoveryClient    : DiscoveryClient_USER-SERVICE/user-service:1e70c0dddff35dda8e98b36d08e6d7d4: registering service...
2025-10-29T02:09:32.442-05:00  INFO 21008 --- [user-service] [DiscoveryClient-InstanceInfoReplicator-%d] com.netflix.discovery.DiscoveryClient    : DiscoveryClient_USER-SERVICE/user-service:1e70c0dddff35dda8e98b36d08e6d7d4 - registration status: 204
2025-10-29T02:09:32.445-05:00  INFO 21008 --- [user-service] [restartedMain] org.cibertec.UserServiceApplication      : Started UserServiceApplication in 2.751 seconds (process running for 427.076)
2025-10-29T02:09:32.447-05:00  INFO 21008 --- [user-service] [restartedMain] .ConditionEvaluationDeltaLoggingListener : Condition evaluation unchanged
2025-10-29T02:09:35.769-05:00  INFO 21008 --- [user-service] [File Watcher] rtingClassPathChangeChangedEventListener : Restarting due to 2 class path changes (0 additions, 0 deletions, 2 modifications)
2025-10-29T02:09:35.770-05:00  INFO 21008 --- [user-service] [Thread-25] o.s.c.n.e.s.EurekaServiceRegistry        : Unregistering application USER-SERVICE with eureka with status DOWN
2025-10-29T02:09:35.770-05:00  INFO 21008 --- [user-service] [Thread-25] com.netflix.discovery.DiscoveryClient    : Saw local status change event StatusChangeEvent [timestamp=1761721775770, current=DOWN, previous=UP]
2025-10-29T02:09:35.770-05:00  INFO 21008 --- [user-service] [DiscoveryClient-InstanceInfoReplicator-%d] com.netflix.discovery.DiscoveryClient    : DiscoveryClient_USER-SERVICE/user-service:1e70c0dddff35dda8e98b36d08e6d7d4: registering service...
2025-10-29T02:09:35.771-05:00  INFO 21008 --- [user-service] [Thread-25] o.s.b.w.e.tomcat.GracefulShutdown        : Commencing graceful shutdown. Waiting for active requests to complete
2025-10-29T02:09:35.778-05:00  INFO 21008 --- [user-service] [tomcat-shutdown] o.s.b.w.e.tomcat.GracefulShutdown        : Graceful shutdown complete
2025-10-29T02:09:35.788-05:00  INFO 21008 --- [user-service] [DiscoveryClient-InstanceInfoReplicator-%d] com.netflix.discovery.DiscoveryClient    : DiscoveryClient_USER-SERVICE/user-service:1e70c0dddff35dda8e98b36d08e6d7d4 - registration status: 204
2025-10-29T02:09:35.790-05:00  INFO 21008 --- [user-service] [Thread-25] j.LocalContainerEntityManagerFactoryBean : Closing JPA EntityManagerFactory for persistence unit 'default'
2025-10-29T02:09:35.791-05:00  INFO 21008 --- [user-service] [Thread-25] com.zaxxer.hikari.HikariDataSource       : HikariPool-5 - Shutdown initiated...
2025-10-29T02:09:35.802-05:00  INFO 21008 --- [user-service] [Thread-25] com.zaxxer.hikari.HikariDataSource       : HikariPool-5 - Shutdown completed.
2025-10-29T02:09:35.803-05:00  INFO 21008 --- [user-service] [Thread-25] com.netflix.discovery.DiscoveryClient    : Shutting down DiscoveryClient ...
2025-10-29T02:09:38.807-05:00  INFO 21008 --- [user-service] [Thread-25] com.netflix.discovery.DiscoveryClient    : Unregistering ...
2025-10-29T02:09:38.825-05:00  INFO 21008 --- [user-service] [Thread-25] com.netflix.discovery.DiscoveryClient    : DiscoveryClient_USER-SERVICE/user-service:1e70c0dddff35dda8e98b36d08e6d7d4 - deregister  status: 200
2025-10-29T02:09:38.825-05:00  INFO 21008 --- [user-service] [Thread-25] com.netflix.discovery.DiscoveryClient    : Completed shut down of DiscoveryClient
2025-10-29T02:09:39.055-05:00  INFO 21008 --- [user-service] [restartedMain] org.cibertec.UserServiceApplication      : Starting UserServiceApplication using Java 21.0.8 with PID 21008 (C:\Users\ronca\OneDrive\Escritorio\Dev\DAW2\user-service\target\classes started by Arturo in C:\Users\ronca\OneDrive\Escritorio\Dev\DAW2\user-service)
2025-10-29T02:09:39.056-05:00  INFO 21008 --- [user-service] [restartedMain] org.cibertec.UserServiceApplication      : No active profile set, falling back to 1 default profile: "default"
2025-10-29T02:09:39.061-05:00  INFO 21008 --- [user-service] [restartedMain] o.s.c.c.c.ConfigServerConfigDataLoader   : Fetching config from server at : http://localhost:8888
2025-10-29T02:09:39.061-05:00  INFO 21008 --- [user-service] [restartedMain] o.s.c.c.c.ConfigServerConfigDataLoader   : Located environment: name=user-service, profiles=[default], label=null, version=null, state=null
2025-10-29T02:09:39.722-05:00  INFO 21008 --- [user-service] [restartedMain] .s.d.r.c.RepositoryConfigurationDelegate : Bootstrapping Spring Data JPA repositories in DEFAULT mode.
2025-10-29T02:09:39.738-05:00  INFO 21008 --- [user-service] [restartedMain] .s.d.r.c.RepositoryConfigurationDelegate : Finished Spring Data repository scanning in 14 ms. Found 2 JPA repository interfaces.
2025-10-29T02:09:39.899-05:00  INFO 21008 --- [user-service] [restartedMain] o.s.cloud.context.scope.GenericScope     : BeanFactory id=ce9c1f7c-f6b6-3530-b72a-59d3aaa3356a
2025-10-29T02:09:40.017-05:00  INFO 21008 --- [user-service] [restartedMain] o.s.b.w.embedded.tomcat.TomcatWebServer  : Tomcat initialized with port 0 (http)
2025-10-29T02:09:40.018-05:00  INFO 21008 --- [user-service] [restartedMain] o.apache.catalina.core.StandardService   : Starting service [Tomcat]
2025-10-29T02:09:40.018-05:00  INFO 21008 --- [user-service] [restartedMain] o.apache.catalina.core.StandardEngine    : Starting Servlet engine: [Apache Tomcat/10.1.46]
2025-10-29T02:09:40.072-05:00  INFO 21008 --- [user-service] [restartedMain] o.a.c.c.C.[Tomcat].[localhost].[/]       : Initializing Spring embedded WebApplicationContext
2025-10-29T02:09:40.072-05:00  INFO 21008 --- [user-service] [restartedMain] w.s.c.ServletWebServerApplicationContext : Root WebApplicationContext: initialization completed in 1010 ms
2025-10-29T02:09:40.226-05:00  INFO 21008 --- [user-service] [restartedMain] com.zaxxer.hikari.HikariDataSource       : HikariPool-6 - Starting...
2025-10-29T02:09:40.242-05:00  INFO 21008 --- [user-service] [restartedMain] com.zaxxer.hikari.pool.HikariPool        : HikariPool-6 - Added connection com.mysql.cj.jdbc.ConnectionImpl@4ecb204a
2025-10-29T02:09:40.242-05:00  INFO 21008 --- [user-service] [restartedMain] com.zaxxer.hikari.HikariDataSource       : HikariPool-6 - Start completed.
2025-10-29T02:09:40.244-05:00  INFO 21008 --- [user-service] [restartedMain] o.hibernate.jpa.internal.util.LogHelper  : HHH000204: Processing PersistenceUnitInfo [name: default]
2025-10-29T02:09:40.250-05:00  INFO 21008 --- [user-service] [restartedMain] o.h.c.internal.RegionFactoryInitiator    : HHH000026: Second-level cache disabled
2025-10-29T02:09:40.268-05:00  INFO 21008 --- [user-service] [restartedMain] o.s.o.j.p.SpringPersistenceUnitInfo      : No LoadTimeWeaver setup: ignoring JPA class transformer
2025-10-29T02:09:40.271-05:00  INFO 21008 --- [user-service] [restartedMain] org.hibernate.orm.connections.pooling    : HHH10001005: Database info:
	Database JDBC URL [Connecting through datasource 'HikariDataSource (HikariPool-6)']
	Database driver: undefined/unknown
	Database version: 8.0.34
	Autocommit mode: undefined/unknown
	Isolation level: undefined/unknown
	Minimum pool size: undefined/unknown
	Maximum pool size: undefined/unknown
2025-10-29T02:09:40.434-05:00  INFO 21008 --- [user-service] [restartedMain] o.h.e.t.j.p.i.JtaPlatformInitiator       : HHH000489: No JTA platform available (set 'hibernate.transaction.jta.platform' to enable JTA platform integration)
2025-10-29T02:09:40.434-05:00  INFO 21008 --- [user-service] [restartedMain] j.LocalContainerEntityManagerFactoryBean : Initialized JPA EntityManagerFactory for persistence unit 'default'
2025-10-29T02:09:40.571-05:00  WARN 21008 --- [user-service] [restartedMain] JpaBaseConfiguration$JpaWebConfiguration : spring.jpa.open-in-view is enabled by default. Therefore, database queries may be performed during view rendering. Explicitly configure spring.jpa.open-in-view to disable this warning
2025-10-29T02:09:40.894-05:00  INFO 21008 --- [user-service] [restartedMain] o.s.b.a.e.web.EndpointLinksResolver      : Exposing 18 endpoints beneath base path '/actuator'
2025-10-29T02:09:41.116-05:00  WARN 21008 --- [user-service] [restartedMain] o.s.b.d.a.OptionalLiveReloadServer       : Unable to start LiveReload server
2025-10-29T02:09:41.140-05:00  INFO 21008 --- [user-service] [restartedMain] DiscoveryClientOptionalArgsConfiguration : Eureka HTTP Client uses RestTemplate.
2025-10-29T02:09:41.166-05:00  WARN 21008 --- [user-service] [restartedMain] iguration$LoadBalancerCaffeineWarnLogger : Spring Cloud LoadBalancer is currently working with the default cache. While this cache implementation is useful for development and tests, it's recommended to use Caffeine cache in production.You can switch to using Caffeine cache, by adding it and org.springframework.cache.caffeine.CaffeineCacheManager to the classpath.
2025-10-29T02:09:41.212-05:00  INFO 21008 --- [user-service] [restartedMain] o.s.b.w.embedded.tomcat.TomcatWebServer  : Tomcat started on port 51182 (http) with context path '/'
2025-10-29T02:09:41.213-05:00  INFO 21008 --- [user-service] [restartedMain] .s.c.n.e.s.EurekaAutoServiceRegistration : Updating port to 51182
2025-10-29T02:09:41.215-05:00  INFO 21008 --- [user-service] [restartedMain] o.s.c.n.eureka.InstanceInfoFactory       : Setting initial instance status as: STARTING
2025-10-29T02:09:41.218-05:00  INFO 21008 --- [user-service] [restartedMain] com.netflix.discovery.DiscoveryClient    : Initializing Eureka in region us-east-1
2025-10-29T02:09:41.219-05:00  INFO 21008 --- [user-service] [restartedMain] c.n.d.s.r.aws.ConfigClusterResolver      : Resolving eureka endpoints via configuration
2025-10-29T02:09:41.219-05:00  INFO 21008 --- [user-service] [restartedMain] com.netflix.discovery.DiscoveryClient    : Disable delta property : false
2025-10-29T02:09:41.219-05:00  INFO 21008 --- [user-service] [restartedMain] com.netflix.discovery.DiscoveryClient    : Single vip registry refresh property : null
2025-10-29T02:09:41.219-05:00  INFO 21008 --- [user-service] [restartedMain] com.netflix.discovery.DiscoveryClient    : Force full registry fetch : false
2025-10-29T02:09:41.219-05:00  INFO 21008 --- [user-service] [restartedMain] com.netflix.discovery.DiscoveryClient    : Application is null : false
2025-10-29T02:09:41.219-05:00  INFO 21008 --- [user-service] [restartedMain] com.netflix.discovery.DiscoveryClient    : Registered Applications size is zero : true
2025-10-29T02:09:41.219-05:00  INFO 21008 --- [user-service] [restartedMain] com.netflix.discovery.DiscoveryClient    : Application version is -1: true
2025-10-29T02:09:41.219-05:00  INFO 21008 --- [user-service] [restartedMain] com.netflix.discovery.DiscoveryClient    : Getting all instance registry info from the eureka server
2025-10-29T02:09:41.245-05:00  INFO 21008 --- [user-service] [restartedMain] com.netflix.discovery.DiscoveryClient    : The response status is 200
2025-10-29T02:09:41.246-05:00  INFO 21008 --- [user-service] [restartedMain] com.netflix.discovery.DiscoveryClient    : Starting heartbeat executor: renew interval is: 30
2025-10-29T02:09:41.246-05:00  INFO 21008 --- [user-service] [restartedMain] c.n.discovery.InstanceInfoReplicator     : InstanceInfoReplicator onDemand update allowed rate per min is 4
2025-10-29T02:09:41.247-05:00  INFO 21008 --- [user-service] [restartedMain] com.netflix.discovery.DiscoveryClient    : Discovery Client initialized at timestamp 1761721781247 with initial instances count: 2
2025-10-29T02:09:41.249-05:00  INFO 21008 --- [user-service] [restartedMain] o.s.c.n.e.s.EurekaServiceRegistry        : Registering application USER-SERVICE with eureka with status UP
2025-10-29T02:09:41.249-05:00  INFO 21008 --- [user-service] [restartedMain] com.netflix.discovery.DiscoveryClient    : Saw local status change event StatusChangeEvent [timestamp=1761721781249, current=UP, previous=STARTING]
2025-10-29T02:09:41.249-05:00  INFO 21008 --- [user-service] [DiscoveryClient-InstanceInfoReplicator-%d] com.netflix.discovery.DiscoveryClient    : DiscoveryClient_USER-SERVICE/user-service:6678f92823dccc4749c30bca07a9e7c6: registering service...
2025-10-29T02:09:41.261-05:00  INFO 21008 --- [user-service] [DiscoveryClient-InstanceInfoReplicator-%d] com.netflix.discovery.DiscoveryClient    : DiscoveryClient_USER-SERVICE/user-service:6678f92823dccc4749c30bca07a9e7c6 - registration status: 204
2025-10-29T02:09:41.267-05:00  INFO 21008 --- [user-service] [restartedMain] org.cibertec.UserServiceApplication      : Started UserServiceApplication in 2.357 seconds (process running for 435.897)
2025-10-29T02:09:41.270-05:00  INFO 21008 --- [user-service] [restartedMain] .ConditionEvaluationDeltaLoggingListener : Condition evaluation unchanged
2025-10-29T02:09:46.389-05:00  INFO 21008 --- [user-service] [RMI TCP Connection(28)-127.0.0.1] inMXBeanRegistrar$SpringApplicationAdmin : Application shutdown requested.
2025-10-29T02:09:46.390-05:00  INFO 21008 --- [user-service] [RMI TCP Connection(28)-127.0.0.1] o.s.c.n.e.s.EurekaServiceRegistry        : Unregistering application USER-SERVICE with eureka with status DOWN
2025-10-29T02:09:46.390-05:00  INFO 21008 --- [user-service] [RMI TCP Connection(28)-127.0.0.1] com.netflix.discovery.DiscoveryClient    : Saw local status change event StatusChangeEvent [timestamp=1761721786390, current=DOWN, previous=UP]
2025-10-29T02:09:46.392-05:00  INFO 21008 --- [user-service] [RMI TCP Connection(28)-127.0.0.1] o.s.b.w.e.tomcat.GracefulShutdown        : Commencing graceful shutdown. Waiting for active requests to complete
2025-10-29T02:09:46.393-05:00  INFO 21008 --- [user-service] [DiscoveryClient-InstanceInfoReplicator-%d] com.netflix.discovery.DiscoveryClient    : DiscoveryClient_USER-SERVICE/user-service:6678f92823dccc4749c30bca07a9e7c6: registering service...
2025-10-29T02:09:46.403-05:00  INFO 21008 --- [user-service] [DiscoveryClient-InstanceInfoReplicator-%d] com.netflix.discovery.DiscoveryClient    : DiscoveryClient_USER-SERVICE/user-service:6678f92823dccc4749c30bca07a9e7c6 - registration status: 204
2025-10-29T02:09:46.414-05:00  INFO 21008 --- [user-service] [tomcat-shutdown] o.s.b.w.e.tomcat.GracefulShutdown        : Graceful shutdown complete
2025-10-29T02:09:46.430-05:00  INFO 21008 --- [user-service] [RMI TCP Connection(28)-127.0.0.1] j.LocalContainerEntityManagerFactoryBean : Closing JPA EntityManagerFactory for persistence unit 'default'
2025-10-29T02:09:46.431-05:00  INFO 21008 --- [user-service] [RMI TCP Connection(28)-127.0.0.1] com.zaxxer.hikari.HikariDataSource       : HikariPool-6 - Shutdown initiated...
2025-10-29T02:09:46.441-05:00  INFO 21008 --- [user-service] [RMI TCP Connection(28)-127.0.0.1] com.zaxxer.hikari.HikariDataSource       : HikariPool-6 - Shutdown completed.
2025-10-29T02:09:46.443-05:00  INFO 21008 --- [user-service] [RMI TCP Connection(28)-127.0.0.1] com.netflix.discovery.DiscoveryClient    : Shutting down DiscoveryClient ...
2025-10-29T02:09:49.455-05:00  INFO 21008 --- [user-service] [RMI TCP Connection(28)-127.0.0.1] com.netflix.discovery.DiscoveryClient    : Unregistering ...
2025-10-29T02:09:49.466-05:00  INFO 21008 --- [user-service] [RMI TCP Connection(28)-127.0.0.1] c.n.d.s.t.d.RedirectingEurekaHttpClient  : Request execution error. endpoint=DefaultEndpoint{ serviceUrl='http://localhost:8761/eureka/} exception=I/O error on DELETE request for "http://localhost:8761/eureka/apps/USER-SERVICE/user-service:6678f92823dccc4749c30bca07a9e7c6": Connect to http://localhost:8761 [localhost/127.0.0.1, localhost/0:0:0:0:0:0:0:1] failed: Connection refused: getsockopt stacktrace=org.springframework.web.client.ResourceAccessException: I/O error on DELETE request for "http://localhost:8761/eureka/apps/USER-SERVICE/user-service:6678f92823dccc4749c30bca07a9e7c6": Connect to http://localhost:8761 [localhost/127.0.0.1, localhost/0:0:0:0:0:0:0:1] failed: Connection refused: getsockopt
	at org.springframework.web.client.RestTemplate.createResourceAccessException(RestTemplate.java:926)
	at org.springframework.web.client.RestTemplate.doExecute(RestTemplate.java:906)
	at org.springframework.web.client.RestTemplate.execute(RestTemplate.java:841)
	at org.springframework.web.client.RestTemplate.exchange(RestTemplate.java:702)
	at org.springframework.cloud.netflix.eureka.http.RestTemplateEurekaHttpClient.cancel(RestTemplateEurekaHttpClient.java:100)
	at com.netflix.discovery.shared.transport.decorator.EurekaHttpClientDecorator$2.execute(EurekaHttpClientDecorator.java:74)
	at com.netflix.discovery.shared.transport.decorator.RedirectingEurekaHttpClient.execute(RedirectingEurekaHttpClient.java:91)
	at com.netflix.discovery.shared.transport.decorator.EurekaHttpClientDecorator.cancel(EurekaHttpClientDecorator.java:71)
	at com.netflix.discovery.shared.transport.decorator.EurekaHttpClientDecorator$2.execute(EurekaHttpClientDecorator.java:74)
	at com.netflix.discovery.shared.transport.decorator.RetryableEurekaHttpClient.execute(RetryableEurekaHttpClient.java:120)
	at com.netflix.discovery.shared.transport.decorator.EurekaHttpClientDecorator.cancel(EurekaHttpClientDecorator.java:71)
	at com.netflix.discovery.shared.transport.decorator.EurekaHttpClientDecorator$2.execute(EurekaHttpClientDecorator.java:74)
	at com.netflix.discovery.shared.transport.decorator.SessionedEurekaHttpClient.execute(SessionedEurekaHttpClient.java:76)
	at com.netflix.discovery.shared.transport.decorator.EurekaHttpClientDecorator.cancel(EurekaHttpClientDecorator.java:71)
	at com.netflix.discovery.DiscoveryClient.unregister(DiscoveryClient.java:919)
	at com.netflix.discovery.DiscoveryClient.shutdown(DiscoveryClient.java:900)
	at java.base/jdk.internal.reflect.DirectMethodHandleAccessor.invoke(DirectMethodHandleAccessor.java:103)
	at java.base/java.lang.reflect.Method.invoke(Method.java:580)
	at org.springframework.beans.factory.annotation.InitDestroyAnnotationBeanPostProcessor$LifecycleMethod.invoke(InitDestroyAnnotationBeanPostProcessor.java:457)
	at org.springframework.beans.factory.annotation.InitDestroyAnnotationBeanPostProcessor$LifecycleMetadata.invokeDestroyMethods(InitDestroyAnnotationBeanPostProcessor.java:415)
	at org.springframework.beans.factory.annotation.InitDestroyAnnotationBeanPostProcessor.postProcessBeforeDestruction(InitDestroyAnnotationBeanPostProcessor.java:239)
	at org.springframework.beans.factory.support.DisposableBeanAdapter.destroy(DisposableBeanAdapter.java:203)
	at org.springframework.beans.factory.support.DisposableBeanAdapter.run(DisposableBeanAdapter.java:196)
	at org.springframework.cloud.context.scope.GenericScope$BeanLifecycleWrapper.destroy(GenericScope.java:389)
	at org.springframework.cloud.context.scope.GenericScope.destroy(GenericScope.java:136)
	at org.springframework.beans.factory.support.DisposableBeanAdapter.destroy(DisposableBeanAdapter.java:212)
	at org.springframework.beans.factory.support.DefaultSingletonBeanRegistry.destroyBean(DefaultSingletonBeanRegistry.java:798)
	at org.springframework.beans.factory.support.DefaultSingletonBeanRegistry.destroySingleton(DefaultSingletonBeanRegistry.java:748)
	at org.springframework.beans.factory.support.DefaultListableBeanFactory.destroySingleton(DefaultListableBeanFactory.java:1489)
	at org.springframework.beans.factory.support.DefaultSingletonBeanRegistry.destroySingletons(DefaultSingletonBeanRegistry.java:707)
	at org.springframework.beans.factory.support.DefaultListableBeanFactory.destroySingletons(DefaultListableBeanFactory.java:1482)
	at org.springframework.context.support.AbstractApplicationContext.destroyBeans(AbstractApplicationContext.java:1219)
	at org.springframework.context.support.AbstractApplicationContext.doClose(AbstractApplicationContext.java:1180)
	at org.springframework.boot.web.servlet.context.ServletWebServerApplicationContext.doClose(ServletWebServerApplicationContext.java:179)
	at org.springframework.context.support.AbstractApplicationContext.close(AbstractApplicationContext.java:1126)
	at org.springframework.boot.admin.SpringApplicationAdminMXBeanRegistrar$SpringApplicationAdmin.shutdown(SpringApplicationAdminMXBeanRegistrar.java:160)
	at java.base/jdk.internal.reflect.DirectMethodHandleAccessor.invoke(DirectMethodHandleAccessor.java:103)
	at java.base/java.lang.reflect.Method.invoke(Method.java:580)
	at sun.reflect.misc.Trampoline.invoke(MethodUtil.java:64)
	at java.base/jdk.internal.reflect.DirectMethodHandleAccessor.invoke(DirectMethodHandleAccessor.java:103)
	at java.base/java.lang.reflect.Method.invoke(Method.java:580)
	at java.base/sun.reflect.misc.MethodUtil.invoke(MethodUtil.java:97)
	at java.management/com.sun.jmx.mbeanserver.ConvertingMethod.invokeWithOpenReturn(ConvertingMethod.java:193)
	at java.management/com.sun.jmx.mbeanserver.ConvertingMethod.invokeWithOpenReturn(ConvertingMethod.java:175)
	at java.management/com.sun.jmx.mbeanserver.MXBeanIntrospector.invokeM2(MXBeanIntrospector.java:115)
	at java.management/com.sun.jmx.mbeanserver.MXBeanIntrospector.invokeM2(MXBeanIntrospector.java:52)
	at java.management/com.sun.jmx.mbeanserver.MBeanIntrospector.invokeM(MBeanIntrospector.java:236)
	at java.management/com.sun.jmx.mbeanserver.PerInterface.invoke(PerInterface.java:138)
	at java.management/com.sun.jmx.mbeanserver.MBeanSupport.invoke(MBeanSupport.java:252)
	at java.management/com.sun.jmx.interceptor.DefaultMBeanServerInterceptor.invoke(DefaultMBeanServerInterceptor.java:803)
	at java.management/com.sun.jmx.mbeanserver.JmxMBeanServer.invoke(JmxMBeanServer.java:802)
	at java.management.rmi/javax.management.remote.rmi.RMIConnectionImpl.doOperation(RMIConnectionImpl.java:1472)
	at java.management.rmi/javax.management.remote.rmi.RMIConnectionImpl$PrivilegedOperation.run(RMIConnectionImpl.java:1310)
	at java.management.rmi/javax.management.remote.rmi.RMIConnectionImpl.doPrivilegedOperation(RMIConnectionImpl.java:1405)
	at java.management.rmi/javax.management.remote.rmi.RMIConnectionImpl.invoke(RMIConnectionImpl.java:829)
	at java.base/jdk.internal.reflect.DirectMethodHandleAccessor.invoke(DirectMethodHandleAccessor.java:103)
	at java.base/java.lang.reflect.Method.invoke(Method.java:580)
	at java.rmi/sun.rmi.server.UnicastServerRef.dispatch(UnicastServerRef.java:360)
	at java.rmi/sun.rmi.transport.Transport$1.run(Transport.java:200)
	at java.rmi/sun.rmi.transport.Transport$1.run(Transport.java:197)
	at java.base/java.security.AccessController.doPrivileged(AccessController.java:714)
	at java.rmi/sun.rmi.transport.Transport.serviceCall(Transport.java:196)
	at java.rmi/sun.rmi.transport.tcp.TCPTransport.handleMessages(TCPTransport.java:598)
	at java.rmi/sun.rmi.transport.tcp.TCPTransport$ConnectionHandler.run0(TCPTransport.java:844)
	at java.rmi/sun.rmi.transport.tcp.TCPTransport$ConnectionHandler.lambda$run$0(TCPTransport.java:721)
	at java.base/java.security.AccessController.doPrivileged(AccessController.java:400)
	at java.rmi/sun.rmi.transport.tcp.TCPTransport$ConnectionHandler.run(TCPTransport.java:720)
	at java.base/java.util.concurrent.ThreadPoolExecutor.runWorker(ThreadPoolExecutor.java:1144)
	at java.base/java.util.concurrent.ThreadPoolExecutor$Worker.run(ThreadPoolExecutor.java:642)
	at java.base/java.lang.Thread.run(Thread.java:1583)
Caused by: org.apache.hc.client5.http.HttpHostConnectException: Connect to http://localhost:8761 [localhost/127.0.0.1, localhost/0:0:0:0:0:0:0:1] failed: Connection refused: getsockopt
	at java.base/sun.nio.ch.Net.pollConnect(Native Method)
	at java.base/sun.nio.ch.Net.pollConnectNow(Net.java:682)
	at java.base/sun.nio.ch.NioSocketImpl.timedFinishConnect(NioSocketImpl.java:542)
	at java.base/sun.nio.ch.NioSocketImpl.connect(NioSocketImpl.java:592)
	at java.base/java.net.SocksSocketImpl.connect(SocksSocketImpl.java:327)
	at java.base/java.net.Socket.connect(Socket.java:751)
	at org.apache.hc.client5.http.impl.io.DefaultHttpClientConnectionOperator.connect(DefaultHttpClientConnectionOperator.java:216)
	at org.apache.hc.client5.http.impl.io.PoolingHttpClientConnectionManager.connect(PoolingHttpClientConnectionManager.java:490)
	at org.apache.hc.client5.http.impl.classic.InternalExecRuntime.connectEndpoint(InternalExecRuntime.java:164)
	at org.apache.hc.client5.http.impl.classic.InternalExecRuntime.connectEndpoint(InternalExecRuntime.java:174)
	at org.apache.hc.client5.http.impl.classic.ConnectExec.execute(ConnectExec.java:144)
	at org.apache.hc.client5.http.impl.classic.ExecChainElement.execute(ExecChainElement.java:51)
	at org.apache.hc.client5.http.impl.classic.ProtocolExec.execute(ProtocolExec.java:192)
	at org.apache.hc.client5.http.impl.classic.ExecChainElement.execute(ExecChainElement.java:51)
	at org.apache.hc.client5.http.impl.classic.ContentCompressionExec.execute(ContentCompressionExec.java:150)
	at org.apache.hc.client5.http.impl.classic.ExecChainElement.execute(ExecChainElement.java:51)
	at org.apache.hc.client5.http.impl.classic.HttpRequestRetryExec.execute(HttpRequestRetryExec.java:113)
	at org.apache.hc.client5.http.impl.classic.ExecChainElement.execute(ExecChainElement.java:51)
	at org.apache.hc.client5.http.impl.classic.RedirectExec.execute(RedirectExec.java:110)
	at org.apache.hc.client5.http.impl.classic.ExecChainElement.execute(ExecChainElement.java:51)
	at org.apache.hc.client5.http.impl.classic.InternalHttpClient.doExecute(InternalHttpClient.java:183)
	at org.apache.hc.client5.http.impl.classic.CloseableHttpClient.execute(CloseableHttpClient.java:87)
	at org.apache.hc.client5.http.impl.classic.CloseableHttpClient.execute(CloseableHttpClient.java:55)
	at org.apache.hc.client5.http.classic.HttpClient.executeOpen(HttpClient.java:183)
	at org.springframework.http.client.HttpComponentsClientHttpRequest.executeInternal(HttpComponentsClientHttpRequest.java:99)
	at org.springframework.http.client.AbstractStreamingClientHttpRequest.executeInternal(AbstractStreamingClientHttpRequest.java:71)
	at org.springframework.http.client.AbstractClientHttpRequest.execute(AbstractClientHttpRequest.java:81)
	at org.springframework.http.client.InterceptingClientHttpRequest$InterceptingRequestExecution.execute(InterceptingClientHttpRequest.java:117)
	at org.springframework.cloud.netflix.eureka.http.RestTemplateTransportClientFactory.lambda$restTemplate$3(RestTemplateTransportClientFactory.java:141)
	at org.springframework.http.client.InterceptingClientHttpRequest$InterceptingRequestExecution.execute(InterceptingClientHttpRequest.java:88)
	at org.springframework.http.client.InterceptingClientHttpRequest.executeInternal(InterceptingClientHttpRequest.java:72)
	at org.springframework.http.client.AbstractBufferingClientHttpRequest.executeInternal(AbstractBufferingClientHttpRequest.java:48)
	at org.springframework.http.client.AbstractClientHttpRequest.execute(AbstractClientHttpRequest.java:81)
	at org.springframework.web.client.RestTemplate.doExecute(RestTemplate.java:900)
	... 68 more

2025-10-29T02:09:49.467-05:00  WARN 21008 --- [user-service] [RMI TCP Connection(28)-127.0.0.1] c.n.d.s.t.d.RetryableEurekaHttpClient    : Request execution failed with message: I/O error on DELETE request for "http://localhost:8761/eureka/apps/USER-SERVICE/user-service:6678f92823dccc4749c30bca07a9e7c6": Connect to http://localhost:8761 [localhost/127.0.0.1, localhost/0:0:0:0:0:0:0:1] failed: Connection refused: getsockopt
2025-10-29T02:09:49.474-05:00  INFO 21008 --- [user-service] [RMI TCP Connection(28)-127.0.0.1] c.n.d.s.t.d.RedirectingEurekaHttpClient  : Request execution error. endpoint=DefaultEndpoint{ serviceUrl='http://localhost:8761/eureka/}, exception=I/O error on DELETE request for "http://localhost:8761/eureka/apps/USER-SERVICE/user-service:6678f92823dccc4749c30bca07a9e7c6": Connect to http://localhost:8761 [localhost/127.0.0.1, localhost/0:0:0:0:0:0:0:1] failed: Connection refused: getsockopt stacktrace=org.springframework.web.client.ResourceAccessException: I/O error on DELETE request for "http://localhost:8761/eureka/apps/USER-SERVICE/user-service:6678f92823dccc4749c30bca07a9e7c6": Connect to http://localhost:8761 [localhost/127.0.0.1, localhost/0:0:0:0:0:0:0:1] failed: Connection refused: getsockopt
	at org.springframework.web.client.RestTemplate.createResourceAccessException(RestTemplate.java:926)
	at org.springframework.web.client.RestTemplate.doExecute(RestTemplate.java:906)
	at org.springframework.web.client.RestTemplate.execute(RestTemplate.java:841)
	at org.springframework.web.client.RestTemplate.exchange(RestTemplate.java:702)
	at org.springframework.cloud.netflix.eureka.http.RestTemplateEurekaHttpClient.cancel(RestTemplateEurekaHttpClient.java:100)
	at com.netflix.discovery.shared.transport.decorator.EurekaHttpClientDecorator$2.execute(EurekaHttpClientDecorator.java:74)
	at com.netflix.discovery.shared.transport.decorator.RedirectingEurekaHttpClient.executeOnNewServer(RedirectingEurekaHttpClient.java:121)
	at com.netflix.discovery.shared.transport.decorator.RedirectingEurekaHttpClient.execute(RedirectingEurekaHttpClient.java:80)
	at com.netflix.discovery.shared.transport.decorator.EurekaHttpClientDecorator.cancel(EurekaHttpClientDecorator.java:71)
	at com.netflix.discovery.shared.transport.decorator.EurekaHttpClientDecorator$2.execute(EurekaHttpClientDecorator.java:74)
	at com.netflix.discovery.shared.transport.decorator.RetryableEurekaHttpClient.execute(RetryableEurekaHttpClient.java:120)
	at com.netflix.discovery.shared.transport.decorator.EurekaHttpClientDecorator.cancel(EurekaHttpClientDecorator.java:71)
	at com.netflix.discovery.shared.transport.decorator.EurekaHttpClientDecorator$2.execute(EurekaHttpClientDecorator.java:74)
	at com.netflix.discovery.shared.transport.decorator.SessionedEurekaHttpClient.execute(SessionedEurekaHttpClient.java:76)
	at com.netflix.discovery.shared.transport.decorator.EurekaHttpClientDecorator.cancel(EurekaHttpClientDecorator.java:71)
	at com.netflix.discovery.DiscoveryClient.unregister(DiscoveryClient.java:919)
	at com.netflix.discovery.DiscoveryClient.shutdown(DiscoveryClient.java:900)
	at java.base/jdk.internal.reflect.DirectMethodHandleAccessor.invoke(DirectMethodHandleAccessor.java:103)
	at java.base/java.lang.reflect.Method.invoke(Method.java:580)
	at org.springframework.beans.factory.annotation.InitDestroyAnnotationBeanPostProcessor$LifecycleMethod.invoke(InitDestroyAnnotationBeanPostProcessor.java:457)
	at org.springframework.beans.factory.annotation.InitDestroyAnnotationBeanPostProcessor$LifecycleMetadata.invokeDestroyMethods(InitDestroyAnnotationBeanPostProcessor.java:415)
	at org.springframework.beans.factory.annotation.InitDestroyAnnotationBeanPostProcessor.postProcessBeforeDestruction(InitDestroyAnnotationBeanPostProcessor.java:239)
	at org.springframework.beans.factory.support.DisposableBeanAdapter.destroy(DisposableBeanAdapter.java:203)
	at org.springframework.beans.factory.support.DisposableBeanAdapter.run(DisposableBeanAdapter.java:196)
	at org.springframework.cloud.context.scope.GenericScope$BeanLifecycleWrapper.destroy(GenericScope.java:389)
	at org.springframework.cloud.context.scope.GenericScope.destroy(GenericScope.java:136)
	at org.springframework.beans.factory.support.DisposableBeanAdapter.destroy(DisposableBeanAdapter.java:212)
	at org.springframework.beans.factory.support.DefaultSingletonBeanRegistry.destroyBean(DefaultSingletonBeanRegistry.java:798)
	at org.springframework.beans.factory.support.DefaultSingletonBeanRegistry.destroySingleton(DefaultSingletonBeanRegistry.java:748)
	at org.springframework.beans.factory.support.DefaultListableBeanFactory.destroySingleton(DefaultListableBeanFactory.java:1489)
	at org.springframework.beans.factory.support.DefaultSingletonBeanRegistry.destroySingletons(DefaultSingletonBeanRegistry.java:707)
	at org.springframework.beans.factory.support.DefaultListableBeanFactory.destroySingletons(DefaultListableBeanFactory.java:1482)
	at org.springframework.context.support.AbstractApplicationContext.destroyBeans(AbstractApplicationContext.java:1219)
	at org.springframework.context.support.AbstractApplicationContext.doClose(AbstractApplicationContext.java:1180)
	at org.springframework.boot.web.servlet.context.ServletWebServerApplicationContext.doClose(ServletWebServerApplicationContext.java:179)
	at org.springframework.context.support.AbstractApplicationContext.close(AbstractApplicationContext.java:1126)
	at org.springframework.boot.admin.SpringApplicationAdminMXBeanRegistrar$SpringApplicationAdmin.shutdown(SpringApplicationAdminMXBeanRegistrar.java:160)
	at java.base/jdk.internal.reflect.DirectMethodHandleAccessor.invoke(DirectMethodHandleAccessor.java:103)
	at java.base/java.lang.reflect.Method.invoke(Method.java:580)
	at sun.reflect.misc.Trampoline.invoke(MethodUtil.java:64)
	at java.base/jdk.internal.reflect.DirectMethodHandleAccessor.invoke(DirectMethodHandleAccessor.java:103)
	at java.base/java.lang.reflect.Method.invoke(Method.java:580)
	at java.base/sun.reflect.misc.MethodUtil.invoke(MethodUtil.java:97)
	at java.management/com.sun.jmx.mbeanserver.ConvertingMethod.invokeWithOpenReturn(ConvertingMethod.java:193)
	at java.management/com.sun.jmx.mbeanserver.ConvertingMethod.invokeWithOpenReturn(ConvertingMethod.java:175)
	at java.management/com.sun.jmx.mbeanserver.MXBeanIntrospector.invokeM2(MXBeanIntrospector.java:115)
	at java.management/com.sun.jmx.mbeanserver.MXBeanIntrospector.invokeM2(MXBeanIntrospector.java:52)
	at java.management/com.sun.jmx.mbeanserver.MBeanIntrospector.invokeM(MBeanIntrospector.java:236)
	at java.management/com.sun.jmx.mbeanserver.PerInterface.invoke(PerInterface.java:138)
	at java.management/com.sun.jmx.mbeanserver.MBeanSupport.invoke(MBeanSupport.java:252)
	at java.management/com.sun.jmx.interceptor.DefaultMBeanServerInterceptor.invoke(DefaultMBeanServerInterceptor.java:803)
	at java.management/com.sun.jmx.mbeanserver.JmxMBeanServer.invoke(JmxMBeanServer.java:802)
	at java.management.rmi/javax.management.remote.rmi.RMIConnectionImpl.doOperation(RMIConnectionImpl.java:1472)
	at java.management.rmi/javax.management.remote.rmi.RMIConnectionImpl$PrivilegedOperation.run(RMIConnectionImpl.java:1310)
	at java.management.rmi/javax.management.remote.rmi.RMIConnectionImpl.doPrivilegedOperation(RMIConnectionImpl.java:1405)
	at java.management.rmi/javax.management.remote.rmi.RMIConnectionImpl.invoke(RMIConnectionImpl.java:829)
	at java.base/jdk.internal.reflect.DirectMethodHandleAccessor.invoke(DirectMethodHandleAccessor.java:103)
	at java.base/java.lang.reflect.Method.invoke(Method.java:580)
	at java.rmi/sun.rmi.server.UnicastServerRef.dispatch(UnicastServerRef.java:360)
	at java.rmi/sun.rmi.transport.Transport$1.run(Transport.java:200)
	at java.rmi/sun.rmi.transport.Transport$1.run(Transport.java:197)
	at java.base/java.security.AccessController.doPrivileged(AccessController.java:714)
	at java.rmi/sun.rmi.transport.Transport.serviceCall(Transport.java:196)
	at java.rmi/sun.rmi.transport.tcp.TCPTransport.handleMessages(TCPTransport.java:598)
	at java.rmi/sun.rmi.transport.tcp.TCPTransport$ConnectionHandler.run0(TCPTransport.java:844)
	at java.rmi/sun.rmi.transport.tcp.TCPTransport$ConnectionHandler.lambda$run$0(TCPTransport.java:721)
	at java.base/java.security.AccessController.doPrivileged(AccessController.java:400)
	at java.rmi/sun.rmi.transport.tcp.TCPTransport$ConnectionHandler.run(TCPTransport.java:720)
	at java.base/java.util.concurrent.ThreadPoolExecutor.runWorker(ThreadPoolExecutor.java:1144)
	at java.base/java.util.concurrent.ThreadPoolExecutor$Worker.run(ThreadPoolExecutor.java:642)
	at java.base/java.lang.Thread.run(Thread.java:1583)
Caused by: org.apache.hc.client5.http.HttpHostConnectException: Connect to http://localhost:8761 [localhost/127.0.0.1, localhost/0:0:0:0:0:0:0:1] failed: Connection refused: getsockopt
	at java.base/sun.nio.ch.Net.pollConnect(Native Method)
	at java.base/sun.nio.ch.Net.pollConnectNow(Net.java:682)
	at java.base/sun.nio.ch.NioSocketImpl.timedFinishConnect(NioSocketImpl.java:542)
	at java.base/sun.nio.ch.NioSocketImpl.connect(NioSocketImpl.java:592)
	at java.base/java.net.SocksSocketImpl.connect(SocksSocketImpl.java:327)
	at java.base/java.net.Socket.connect(Socket.java:751)
	at org.apache.hc.client5.http.impl.io.DefaultHttpClientConnectionOperator.connect(DefaultHttpClientConnectionOperator.java:216)
	at org.apache.hc.client5.http.impl.io.PoolingHttpClientConnectionManager.connect(PoolingHttpClientConnectionManager.java:490)
	at org.apache.hc.client5.http.impl.classic.InternalExecRuntime.connectEndpoint(InternalExecRuntime.java:164)
	at org.apache.hc.client5.http.impl.classic.InternalExecRuntime.connectEndpoint(InternalExecRuntime.java:174)
	at org.apache.hc.client5.http.impl.classic.ConnectExec.execute(ConnectExec.java:144)
	at org.apache.hc.client5.http.impl.classic.ExecChainElement.execute(ExecChainElement.java:51)
	at org.apache.hc.client5.http.impl.classic.ProtocolExec.execute(ProtocolExec.java:192)
	at org.apache.hc.client5.http.impl.classic.ExecChainElement.execute(ExecChainElement.java:51)
	at org.apache.hc.client5.http.impl.classic.ContentCompressionExec.execute(ContentCompressionExec.java:150)
	at org.apache.hc.client5.http.impl.classic.ExecChainElement.execute(ExecChainElement.java:51)
	at org.apache.hc.client5.http.impl.classic.HttpRequestRetryExec.execute(HttpRequestRetryExec.java:113)
	at org.apache.hc.client5.http.impl.classic.ExecChainElement.execute(ExecChainElement.java:51)
	at org.apache.hc.client5.http.impl.classic.RedirectExec.execute(RedirectExec.java:110)
	at org.apache.hc.client5.http.impl.classic.ExecChainElement.execute(ExecChainElement.java:51)
	at org.apache.hc.client5.http.impl.classic.InternalHttpClient.doExecute(InternalHttpClient.java:183)
	at org.apache.hc.client5.http.impl.classic.CloseableHttpClient.execute(CloseableHttpClient.java:87)
	at org.apache.hc.client5.http.impl.classic.CloseableHttpClient.execute(CloseableHttpClient.java:55)
	at org.apache.hc.client5.http.classic.HttpClient.executeOpen(HttpClient.java:183)
	at org.springframework.http.client.HttpComponentsClientHttpRequest.executeInternal(HttpComponentsClientHttpRequest.java:99)
	at org.springframework.http.client.AbstractStreamingClientHttpRequest.executeInternal(AbstractStreamingClientHttpRequest.java:71)
	at org.springframework.http.client.AbstractClientHttpRequest.execute(AbstractClientHttpRequest.java:81)
	at org.springframework.http.client.InterceptingClientHttpRequest$InterceptingRequestExecution.execute(InterceptingClientHttpRequest.java:117)
	at org.springframework.cloud.netflix.eureka.http.RestTemplateTransportClientFactory.lambda$restTemplate$3(RestTemplateTransportClientFactory.java:141)
	at org.springframework.http.client.InterceptingClientHttpRequest$InterceptingRequestExecution.execute(InterceptingClientHttpRequest.java:88)
	at org.springframework.http.client.InterceptingClientHttpRequest.executeInternal(InterceptingClientHttpRequest.java:72)
	at org.springframework.http.client.AbstractBufferingClientHttpRequest.executeInternal(AbstractBufferingClientHttpRequest.java:48)
	at org.springframework.http.client.AbstractClientHttpRequest.execute(AbstractClientHttpRequest.java:81)
	at org.springframework.web.client.RestTemplate.doExecute(RestTemplate.java:900)
	... 69 more

2025-10-29T02:09:49.475-05:00  WARN 21008 --- [user-service] [RMI TCP Connection(28)-127.0.0.1] c.n.d.s.t.d.RetryableEurekaHttpClient    : Request execution failed with message: I/O error on DELETE request for "http://localhost:8761/eureka/apps/USER-SERVICE/user-service:6678f92823dccc4749c30bca07a9e7c6": Connect to http://localhost:8761 [localhost/127.0.0.1, localhost/0:0:0:0:0:0:0:1] failed: Connection refused: getsockopt
2025-10-29T02:09:49.475-05:00 ERROR 21008 --- [user-service] [RMI TCP Connection(28)-127.0.0.1] com.netflix.discovery.DiscoveryClient    : DiscoveryClient_USER-SERVICE/user-service:6678f92823dccc4749c30bca07a9e7c6 - de-registration failedCannot execute request on any known server

com.netflix.discovery.shared.transport.TransportException: Cannot execute request on any known server
	at com.netflix.discovery.shared.transport.decorator.RetryableEurekaHttpClient.execute(RetryableEurekaHttpClient.java:112) ~[eureka-client-2.0.4.jar:2.0.4]
	at com.netflix.discovery.shared.transport.decorator.EurekaHttpClientDecorator.cancel(EurekaHttpClientDecorator.java:71) ~[eureka-client-2.0.4.jar:2.0.4]
	at com.netflix.discovery.shared.transport.decorator.EurekaHttpClientDecorator$2.execute(EurekaHttpClientDecorator.java:74) ~[eureka-client-2.0.4.jar:2.0.4]
	at com.netflix.discovery.shared.transport.decorator.SessionedEurekaHttpClient.execute(SessionedEurekaHttpClient.java:76) ~[eureka-client-2.0.4.jar:2.0.4]
	at com.netflix.discovery.shared.transport.decorator.EurekaHttpClientDecorator.cancel(EurekaHttpClientDecorator.java:71) ~[eureka-client-2.0.4.jar:2.0.4]
	at com.netflix.discovery.DiscoveryClient.unregister(DiscoveryClient.java:919) ~[eureka-client-2.0.4.jar:2.0.4]
	at com.netflix.discovery.DiscoveryClient.shutdown(DiscoveryClient.java:900) ~[eureka-client-2.0.4.jar:2.0.4]
	at java.base/jdk.internal.reflect.DirectMethodHandleAccessor.invoke(DirectMethodHandleAccessor.java:103) ~[na:na]
	at java.base/java.lang.reflect.Method.invoke(Method.java:580) ~[na:na]
	at org.springframework.beans.factory.annotation.InitDestroyAnnotationBeanPostProcessor$LifecycleMethod.invoke(InitDestroyAnnotationBeanPostProcessor.java:457) ~[spring-beans-6.2.11.jar:6.2.11]
	at org.springframework.beans.factory.annotation.InitDestroyAnnotationBeanPostProcessor$LifecycleMetadata.invokeDestroyMethods(InitDestroyAnnotationBeanPostProcessor.java:415) ~[spring-beans-6.2.11.jar:6.2.11]
	at org.springframework.beans.factory.annotation.InitDestroyAnnotationBeanPostProcessor.postProcessBeforeDestruction(InitDestroyAnnotationBeanPostProcessor.java:239) ~[spring-beans-6.2.11.jar:6.2.11]
	at org.springframework.beans.factory.support.DisposableBeanAdapter.destroy(DisposableBeanAdapter.java:203) ~[spring-beans-6.2.11.jar:6.2.11]
	at org.springframework.beans.factory.support.DisposableBeanAdapter.run(DisposableBeanAdapter.java:196) ~[spring-beans-6.2.11.jar:6.2.11]
	at org.springframework.cloud.context.scope.GenericScope$BeanLifecycleWrapper.destroy(GenericScope.java:389) ~[spring-cloud-context-4.2.0.jar:4.2.0]
	at org.springframework.cloud.context.scope.GenericScope.destroy(GenericScope.java:136) ~[spring-cloud-context-4.2.0.jar:4.2.0]
	at org.springframework.beans.factory.support.DisposableBeanAdapter.destroy(DisposableBeanAdapter.java:212) ~[spring-beans-6.2.11.jar:6.2.11]
	at org.springframework.beans.factory.support.DefaultSingletonBeanRegistry.destroyBean(DefaultSingletonBeanRegistry.java:798) ~[spring-beans-6.2.11.jar:6.2.11]
	at org.springframework.beans.factory.support.DefaultSingletonBeanRegistry.destroySingleton(DefaultSingletonBeanRegistry.java:748) ~[spring-beans-6.2.11.jar:6.2.11]
	at org.springframework.beans.factory.support.DefaultListableBeanFactory.destroySingleton(DefaultListableBeanFactory.java:1489) ~[spring-beans-6.2.11.jar:6.2.11]
	at org.springframework.beans.factory.support.DefaultSingletonBeanRegistry.destroySingletons(DefaultSingletonBeanRegistry.java:707) ~[spring-beans-6.2.11.jar:6.2.11]
	at org.springframework.beans.factory.support.DefaultListableBeanFactory.destroySingletons(DefaultListableBeanFactory.java:1482) ~[spring-beans-6.2.11.jar:6.2.11]
	at org.springframework.context.support.AbstractApplicationContext.destroyBeans(AbstractApplicationContext.java:1219) ~[spring-context-6.2.11.jar:6.2.11]
	at org.springframework.context.support.AbstractApplicationContext.doClose(AbstractApplicationContext.java:1180) ~[spring-context-6.2.11.jar:6.2.11]
	at org.springframework.boot.web.servlet.context.ServletWebServerApplicationContext.doClose(ServletWebServerApplicationContext.java:179) ~[spring-boot-3.4.10.jar:3.4.10]
	at org.springframework.context.support.AbstractApplicationContext.close(AbstractApplicationContext.java:1126) ~[spring-context-6.2.11.jar:6.2.11]
	at org.springframework.boot.admin.SpringApplicationAdminMXBeanRegistrar$SpringApplicationAdmin.shutdown(SpringApplicationAdminMXBeanRegistrar.java:160) ~[spring-boot-3.4.10.jar:3.4.10]
	at java.base/jdk.internal.reflect.DirectMethodHandleAccessor.invoke(DirectMethodHandleAccessor.java:103) ~[na:na]
	at java.base/java.lang.reflect.Method.invoke(Method.java:580) ~[na:na]
	at sun.reflect.misc.Trampoline.invoke(MethodUtil.java:64) ~[na:na]
	at java.base/jdk.internal.reflect.DirectMethodHandleAccessor.invoke(DirectMethodHandleAccessor.java:103) ~[na:na]
	at java.base/java.lang.reflect.Method.invoke(Method.java:580) ~[na:na]
	at java.base/sun.reflect.misc.MethodUtil.invoke(MethodUtil.java:97) ~[na:na]
	at java.management/com.sun.jmx.mbeanserver.ConvertingMethod.invokeWithOpenReturn(ConvertingMethod.java:193) ~[na:na]
	at java.management/com.sun.jmx.mbeanserver.ConvertingMethod.invokeWithOpenReturn(ConvertingMethod.java:175) ~[na:na]
	at java.management/com.sun.jmx.mbeanserver.MXBeanIntrospector.invokeM2(MXBeanIntrospector.java:115) ~[na:na]
	at java.management/com.sun.jmx.mbeanserver.MXBeanIntrospector.invokeM2(MXBeanIntrospector.java:52) ~[na:na]
	at java.management/com.sun.jmx.mbeanserver.MBeanIntrospector.invokeM(MBeanIntrospector.java:236) ~[na:na]
	at java.management/com.sun.jmx.mbeanserver.PerInterface.invoke(PerInterface.java:138) ~[na:na]
	at java.management/com.sun.jmx.mbeanserver.MBeanSupport.invoke(MBeanSupport.java:252) ~[na:na]
	at java.management/com.sun.jmx.interceptor.DefaultMBeanServerInterceptor.invoke(DefaultMBeanServerInterceptor.java:803) ~[na:na]
	at java.management/com.sun.jmx.mbeanserver.JmxMBeanServer.invoke(JmxMBeanServer.java:802) ~[na:na]
	at java.management.rmi/javax.management.remote.rmi.RMIConnectionImpl.doOperation(RMIConnectionImpl.java:1472) ~[na:na]
	at java.management.rmi/javax.management.remote.rmi.RMIConnectionImpl$PrivilegedOperation.run(RMIConnectionImpl.java:1310) ~[na:na]
	at java.management.rmi/javax.management.remote.rmi.RMIConnectionImpl.doPrivilegedOperation(RMIConnectionImpl.java:1405) ~[na:na]
	at java.management.rmi/javax.management.remote.rmi.RMIConnectionImpl.invoke(RMIConnectionImpl.java:829) ~[na:na]
	at java.base/jdk.internal.reflect.DirectMethodHandleAccessor.invoke(DirectMethodHandleAccessor.java:103) ~[na:na]
	at java.base/java.lang.reflect.Method.invoke(Method.java:580) ~[na:na]
	at java.rmi/sun.rmi.server.UnicastServerRef.dispatch(UnicastServerRef.java:360) ~[na:na]
	at java.rmi/sun.rmi.transport.Transport$1.run(Transport.java:200) ~[na:na]
	at java.rmi/sun.rmi.transport.Transport$1.run(Transport.java:197) ~[na:na]
	at java.base/java.security.AccessController.doPrivileged(AccessController.java:714) ~[na:na]
	at java.rmi/sun.rmi.transport.Transport.serviceCall(Transport.java:196) ~[na:na]
	at java.rmi/sun.rmi.transport.tcp.TCPTransport.handleMessages(TCPTransport.java:598) ~[na:na]
	at java.rmi/sun.rmi.transport.tcp.TCPTransport$ConnectionHandler.run0(TCPTransport.java:844) ~[na:na]
	at java.rmi/sun.rmi.transport.tcp.TCPTransport$ConnectionHandler.lambda$run$0(TCPTransport.java:721) ~[na:na]
	at java.base/java.security.AccessController.doPrivileged(AccessController.java:400) ~[na:na]
	at java.rmi/sun.rmi.transport.tcp.TCPTransport$ConnectionHandler.run(TCPTransport.java:720) ~[na:na]
	at java.base/java.util.concurrent.ThreadPoolExecutor.runWorker(ThreadPoolExecutor.java:1144) ~[na:na]
	at java.base/java.util.concurrent.ThreadPoolExecutor$Worker.run(ThreadPoolExecutor.java:642) ~[na:na]
	at java.base/java.lang.Thread.run(Thread.java:1583) ~[na:na]

2025-10-29T02:09:49.483-05:00  INFO 21008 --- [user-service] [RMI TCP Connection(28)-127.0.0.1] com.netflix.discovery.DiscoveryClient    : Completed shut down of DiscoveryClient
2025-10-29T02:12:57.617-05:00  INFO 30524 --- [user-service] [restartedMain] org.cibertec.UserServiceApplication      : Starting UserServiceApplication using Java 21.0.8 with PID 30524 (C:\Users\ronca\OneDrive\Escritorio\Dev\DAW2\user-service\target\classes started by Arturo in C:\Users\ronca\OneDrive\Escritorio\Dev\DAW2\user-service)
2025-10-29T02:12:57.621-05:00  INFO 30524 --- [user-service] [restartedMain] org.cibertec.UserServiceApplication      : No active profile set, falling back to 1 default profile: "default"
2025-10-29T02:12:57.709-05:00  INFO 30524 --- [user-service] [restartedMain] o.s.c.c.c.ConfigServerConfigDataLoader   : Fetching config from server at : http://localhost:8888
2025-10-29T02:12:57.709-05:00  INFO 30524 --- [user-service] [restartedMain] o.s.c.c.c.ConfigServerConfigDataLoader   : Located environment: name=user-service, profiles=[default], label=null, version=null, state=null
2025-10-29T02:12:57.713-05:00  INFO 30524 --- [user-service] [restartedMain] .e.DevToolsPropertyDefaultsPostProcessor : Devtools property defaults active! Set 'spring.devtools.add-properties' to 'false' to disable
2025-10-29T02:12:57.713-05:00  INFO 30524 --- [user-service] [restartedMain] .e.DevToolsPropertyDefaultsPostProcessor : For additional web related logging consider setting the 'logging.level.web' property to 'DEBUG'
2025-10-29T02:13:00.476-05:00  INFO 30524 --- [user-service] [restartedMain] .s.d.r.c.RepositoryConfigurationDelegate : Bootstrapping Spring Data JPA repositories in DEFAULT mode.
2025-10-29T02:13:00.850-05:00  INFO 30524 --- [user-service] [restartedMain] .s.d.r.c.RepositoryConfigurationDelegate : Finished Spring Data repository scanning in 343 ms. Found 2 JPA repository interfaces.
2025-10-29T02:13:01.631-05:00  INFO 30524 --- [user-service] [restartedMain] o.s.cloud.context.scope.GenericScope     : BeanFactory id=ce9c1f7c-f6b6-3530-b72a-59d3aaa3356a
2025-10-29T02:13:02.755-05:00  INFO 30524 --- [user-service] [restartedMain] o.s.b.w.embedded.tomcat.TomcatWebServer  : Tomcat initialized with port 0 (http)
2025-10-29T02:13:02.790-05:00  INFO 30524 --- [user-service] [restartedMain] o.apache.catalina.core.StandardService   : Starting service [Tomcat]
2025-10-29T02:13:02.791-05:00  INFO 30524 --- [user-service] [restartedMain] o.apache.catalina.core.StandardEngine    : Starting Servlet engine: [Apache Tomcat/10.1.46]
2025-10-29T02:13:02.921-05:00  INFO 30524 --- [user-service] [restartedMain] o.a.c.c.C.[Tomcat].[localhost].[/]       : Initializing Spring embedded WebApplicationContext
2025-10-29T02:13:02.922-05:00  INFO 30524 --- [user-service] [restartedMain] w.s.c.ServletWebServerApplicationContext : Root WebApplicationContext: initialization completed in 5207 ms
2025-10-29T02:13:03.743-05:00  INFO 30524 --- [user-service] [restartedMain] com.zaxxer.hikari.HikariDataSource       : HikariPool-1 - Starting...
2025-10-29T02:13:04.548-05:00  INFO 30524 --- [user-service] [restartedMain] com.zaxxer.hikari.pool.HikariPool        : HikariPool-1 - Added connection com.mysql.cj.jdbc.ConnectionImpl@703d29ed
2025-10-29T02:13:04.553-05:00  INFO 30524 --- [user-service] [restartedMain] com.zaxxer.hikari.HikariDataSource       : HikariPool-1 - Start completed.
2025-10-29T02:13:04.698-05:00  INFO 30524 --- [user-service] [restartedMain] o.hibernate.jpa.internal.util.LogHelper  : HHH000204: Processing PersistenceUnitInfo [name: default]
2025-10-29T02:13:04.863-05:00  INFO 30524 --- [user-service] [restartedMain] org.hibernate.Version                    : HHH000412: Hibernate ORM core version 6.6.29.Final
2025-10-29T02:13:04.970-05:00  INFO 30524 --- [user-service] [restartedMain] o.h.c.internal.RegionFactoryInitiator    : HHH000026: Second-level cache disabled
2025-10-29T02:13:05.895-05:00  INFO 30524 --- [user-service] [restartedMain] o.s.o.j.p.SpringPersistenceUnitInfo      : No LoadTimeWeaver setup: ignoring JPA class transformer
2025-10-29T02:13:06.148-05:00  INFO 30524 --- [user-service] [restartedMain] org.hibernate.orm.connections.pooling    : HHH10001005: Database info:
	Database JDBC URL [Connecting through datasource 'HikariDataSource (HikariPool-1)']
	Database driver: undefined/unknown
	Database version: 8.0.34
	Autocommit mode: undefined/unknown
	Isolation level: undefined/unknown
	Minimum pool size: undefined/unknown
	Maximum pool size: undefined/unknown
2025-10-29T02:13:08.400-05:00  INFO 30524 --- [user-service] [restartedMain] o.h.e.t.j.p.i.JtaPlatformInitiator       : HHH000489: No JTA platform available (set 'hibernate.transaction.jta.platform' to enable JTA platform integration)
2025-10-29T02:13:08.409-05:00  INFO 30524 --- [user-service] [restartedMain] j.LocalContainerEntityManagerFactoryBean : Initialized JPA EntityManagerFactory for persistence unit 'default'
2025-10-29T02:13:09.152-05:00  WARN 30524 --- [user-service] [restartedMain] JpaBaseConfiguration$JpaWebConfiguration : spring.jpa.open-in-view is enabled by default. Therefore, database queries may be performed during view rendering. Explicitly configure spring.jpa.open-in-view to disable this warning
2025-10-29T02:13:10.161-05:00  INFO 30524 --- [user-service] [restartedMain] o.s.b.a.e.web.EndpointLinksResolver      : Exposing 18 endpoints beneath base path '/actuator'
2025-10-29T02:13:10.933-05:00  WARN 30524 --- [user-service] [restartedMain] o.s.b.d.a.OptionalLiveReloadServer       : Unable to start LiveReload server
2025-10-29T02:13:10.974-05:00  INFO 30524 --- [user-service] [restartedMain] DiscoveryClientOptionalArgsConfiguration : Eureka HTTP Client uses RestTemplate.
2025-10-29T02:13:11.043-05:00  WARN 30524 --- [user-service] [restartedMain] iguration$LoadBalancerCaffeineWarnLogger : Spring Cloud LoadBalancer is currently working with the default cache. While this cache implementation is useful for development and tests, it's recommended to use Caffeine cache in production.You can switch to using Caffeine cache, by adding it and org.springframework.cache.caffeine.CaffeineCacheManager to the classpath.
2025-10-29T02:13:11.227-05:00  INFO 30524 --- [user-service] [restartedMain] o.s.b.w.embedded.tomcat.TomcatWebServer  : Tomcat started on port 53238 (http) with context path '/'
2025-10-29T02:13:11.229-05:00  INFO 30524 --- [user-service] [restartedMain] .s.c.n.e.s.EurekaAutoServiceRegistration : Updating port to 53238
2025-10-29T02:13:11.238-05:00  INFO 30524 --- [user-service] [restartedMain] o.s.c.n.eureka.InstanceInfoFactory       : Setting initial instance status as: STARTING
2025-10-29T02:13:11.286-05:00  INFO 30524 --- [user-service] [restartedMain] com.netflix.discovery.DiscoveryClient    : Initializing Eureka in region us-east-1
2025-10-29T02:13:11.294-05:00  INFO 30524 --- [user-service] [restartedMain] c.n.d.s.r.aws.ConfigClusterResolver      : Resolving eureka endpoints via configuration
2025-10-29T02:13:11.311-05:00  INFO 30524 --- [user-service] [restartedMain] com.netflix.discovery.DiscoveryClient    : Disable delta property : false
2025-10-29T02:13:11.311-05:00  INFO 30524 --- [user-service] [restartedMain] com.netflix.discovery.DiscoveryClient    : Single vip registry refresh property : null
2025-10-29T02:13:11.311-05:00  INFO 30524 --- [user-service] [restartedMain] com.netflix.discovery.DiscoveryClient    : Force full registry fetch : false
2025-10-29T02:13:11.311-05:00  INFO 30524 --- [user-service] [restartedMain] com.netflix.discovery.DiscoveryClient    : Application is null : false
2025-10-29T02:13:11.311-05:00  INFO 30524 --- [user-service] [restartedMain] com.netflix.discovery.DiscoveryClient    : Registered Applications size is zero : true
2025-10-29T02:13:11.311-05:00  INFO 30524 --- [user-service] [restartedMain] com.netflix.discovery.DiscoveryClient    : Application version is -1: true
2025-10-29T02:13:11.311-05:00  INFO 30524 --- [user-service] [restartedMain] com.netflix.discovery.DiscoveryClient    : Getting all instance registry info from the eureka server
2025-10-29T02:13:11.690-05:00  INFO 30524 --- [user-service] [restartedMain] com.netflix.discovery.DiscoveryClient    : The response status is 200
2025-10-29T02:13:11.693-05:00  INFO 30524 --- [user-service] [restartedMain] com.netflix.discovery.DiscoveryClient    : Starting heartbeat executor: renew interval is: 30
2025-10-29T02:13:11.697-05:00  INFO 30524 --- [user-service] [restartedMain] c.n.discovery.InstanceInfoReplicator     : InstanceInfoReplicator onDemand update allowed rate per min is 4
2025-10-29T02:13:11.700-05:00  INFO 30524 --- [user-service] [restartedMain] com.netflix.discovery.DiscoveryClient    : Discovery Client initialized at timestamp 1761721991699 with initial instances count: 0
2025-10-29T02:13:11.705-05:00  INFO 30524 --- [user-service] [restartedMain] o.s.c.n.e.s.EurekaServiceRegistry        : Registering application USER-SERVICE with eureka with status UP
2025-10-29T02:13:11.706-05:00  INFO 30524 --- [user-service] [restartedMain] com.netflix.discovery.DiscoveryClient    : Saw local status change event StatusChangeEvent [timestamp=1761721991706, current=UP, previous=STARTING]
2025-10-29T02:13:11.708-05:00  INFO 30524 --- [user-service] [DiscoveryClient-InstanceInfoReplicator-%d] com.netflix.discovery.DiscoveryClient    : DiscoveryClient_USER-SERVICE/user-service:d910f9cb2e1048696077eae677cf4dec: registering service...
2025-10-29T02:13:11.748-05:00  INFO 30524 --- [user-service] [restartedMain] org.cibertec.UserServiceApplication      : Started UserServiceApplication in 16.45 seconds (process running for 19.439)
2025-10-29T02:13:11.919-05:00  INFO 30524 --- [user-service] [DiscoveryClient-InstanceInfoReplicator-%d] com.netflix.discovery.DiscoveryClient    : DiscoveryClient_USER-SERVICE/user-service:d910f9cb2e1048696077eae677cf4dec - registration status: 204
2025-10-29T02:13:12.236-05:00  INFO 30524 --- [user-service] [RMI TCP Connection(7)-127.0.0.1] o.a.c.c.C.[Tomcat].[localhost].[/]       : Initializing Spring DispatcherServlet 'dispatcherServlet'
2025-10-29T02:13:12.236-05:00  INFO 30524 --- [user-service] [RMI TCP Connection(7)-127.0.0.1] o.s.web.servlet.DispatcherServlet        : Initializing Servlet 'dispatcherServlet'
2025-10-29T02:13:12.239-05:00  INFO 30524 --- [user-service] [RMI TCP Connection(7)-127.0.0.1] o.s.web.servlet.DispatcherServlet        : Completed initialization in 1 ms
2025-10-29T02:13:41.694-05:00  INFO 30524 --- [user-service] [DiscoveryClient-CacheRefreshExecutor-%d] com.netflix.discovery.DiscoveryClient    : Disable delta property : false
2025-10-29T02:13:41.695-05:00  INFO 30524 --- [user-service] [DiscoveryClient-CacheRefreshExecutor-%d] com.netflix.discovery.DiscoveryClient    : Single vip registry refresh property : null
2025-10-29T02:13:41.695-05:00  INFO 30524 --- [user-service] [DiscoveryClient-CacheRefreshExecutor-%d] com.netflix.discovery.DiscoveryClient    : Force full registry fetch : false
2025-10-29T02:13:41.695-05:00  INFO 30524 --- [user-service] [DiscoveryClient-CacheRefreshExecutor-%d] com.netflix.discovery.DiscoveryClient    : Application is null : false
2025-10-29T02:13:41.695-05:00  INFO 30524 --- [user-service] [DiscoveryClient-CacheRefreshExecutor-%d] com.netflix.discovery.DiscoveryClient    : Registered Applications size is zero : true
2025-10-29T02:13:41.695-05:00  INFO 30524 --- [user-service] [DiscoveryClient-CacheRefreshExecutor-%d] com.netflix.discovery.DiscoveryClient    : Application version is -1: false
2025-10-29T02:13:41.695-05:00  INFO 30524 --- [user-service] [DiscoveryClient-CacheRefreshExecutor-%d] com.netflix.discovery.DiscoveryClient    : Getting all instance registry info from the eureka server
2025-10-29T02:13:41.729-05:00  INFO 30524 --- [user-service] [DiscoveryClient-CacheRefreshExecutor-%d] com.netflix.discovery.DiscoveryClient    : The response status is 200
2025-10-29T02:18:11.323-05:00  INFO 30524 --- [user-service] [AsyncResolver-bootstrap-executor-%d] c.n.d.s.r.aws.ConfigClusterResolver      : Resolving eureka endpoints via configuration
2025-10-29T02:23:11.328-05:00  INFO 30524 --- [user-service] [AsyncResolver-bootstrap-executor-%d] c.n.d.s.r.aws.ConfigClusterResolver      : Resolving eureka endpoints via configuration
2025-10-29T02:28:11.337-05:00  INFO 30524 --- [user-service] [AsyncResolver-bootstrap-executor-%d] c.n.d.s.r.aws.ConfigClusterResolver      : Resolving eureka endpoints via configuration
2025-10-29T02:28:28.629-05:00  INFO 30524 --- [user-service] [File Watcher] rtingClassPathChangeChangedEventListener : Restarting due to 1 class path change (0 additions, 0 deletions, 1 modification)
2025-10-29T02:28:28.632-05:00  INFO 30524 --- [user-service] [Thread-1] o.s.c.n.e.s.EurekaServiceRegistry        : Unregistering application USER-SERVICE with eureka with status DOWN
2025-10-29T02:28:28.632-05:00  INFO 30524 --- [user-service] [Thread-1] com.netflix.discovery.DiscoveryClient    : Saw local status change event StatusChangeEvent [timestamp=1761722908632, current=DOWN, previous=UP]
2025-10-29T02:28:28.633-05:00  INFO 30524 --- [user-service] [DiscoveryClient-InstanceInfoReplicator-%d] com.netflix.discovery.DiscoveryClient    : DiscoveryClient_USER-SERVICE/user-service:d910f9cb2e1048696077eae677cf4dec: registering service...
2025-10-29T02:28:28.639-05:00  INFO 30524 --- [user-service] [Thread-1] o.s.b.w.e.tomcat.GracefulShutdown        : Commencing graceful shutdown. Waiting for active requests to complete
2025-10-29T02:28:28.653-05:00  INFO 30524 --- [user-service] [tomcat-shutdown] o.s.b.w.e.tomcat.GracefulShutdown        : Graceful shutdown complete
2025-10-29T02:28:28.656-05:00  INFO 30524 --- [user-service] [DiscoveryClient-InstanceInfoReplicator-%d] com.netflix.discovery.DiscoveryClient    : DiscoveryClient_USER-SERVICE/user-service:d910f9cb2e1048696077eae677cf4dec - registration status: 204
2025-10-29T02:28:28.675-05:00  INFO 30524 --- [user-service] [Thread-1] j.LocalContainerEntityManagerFactoryBean : Closing JPA EntityManagerFactory for persistence unit 'default'
2025-10-29T02:28:28.680-05:00  INFO 30524 --- [user-service] [Thread-1] com.zaxxer.hikari.HikariDataSource       : HikariPool-1 - Shutdown initiated...
2025-10-29T02:28:28.694-05:00  INFO 30524 --- [user-service] [Thread-1] com.zaxxer.hikari.HikariDataSource       : HikariPool-1 - Shutdown completed.
2025-10-29T02:28:28.695-05:00  INFO 30524 --- [user-service] [Thread-1] com.netflix.discovery.DiscoveryClient    : Shutting down DiscoveryClient ...
2025-10-29T02:28:31.697-05:00  INFO 30524 --- [user-service] [Thread-1] com.netflix.discovery.DiscoveryClient    : Unregistering ...
2025-10-29T02:28:31.720-05:00  INFO 30524 --- [user-service] [Thread-1] com.netflix.discovery.DiscoveryClient    : DiscoveryClient_USER-SERVICE/user-service:d910f9cb2e1048696077eae677cf4dec - deregister  status: 200
2025-10-29T02:28:31.720-05:00  INFO 30524 --- [user-service] [Thread-1] com.netflix.discovery.DiscoveryClient    : Completed shut down of DiscoveryClient
2025-10-29T02:28:31.993-05:00  INFO 30524 --- [user-service] [restartedMain] org.cibertec.UserServiceApplication      : Starting UserServiceApplication using Java 21.0.8 with PID 30524 (C:\Users\ronca\OneDrive\Escritorio\Dev\DAW2\user-service\target\classes started by Arturo in C:\Users\ronca\OneDrive\Escritorio\Dev\DAW2\user-service)
2025-10-29T02:28:31.994-05:00  INFO 30524 --- [user-service] [restartedMain] org.cibertec.UserServiceApplication      : No active profile set, falling back to 1 default profile: "default"
2025-10-29T02:28:31.999-05:00  INFO 30524 --- [user-service] [restartedMain] o.s.c.c.c.ConfigServerConfigDataLoader   : Fetching config from server at : http://localhost:8888
2025-10-29T02:28:31.999-05:00  INFO 30524 --- [user-service] [restartedMain] o.s.c.c.c.ConfigServerConfigDataLoader   : Located environment: name=user-service, profiles=[default], label=null, version=null, state=null
2025-10-29T02:28:33.054-05:00  INFO 30524 --- [user-service] [restartedMain] .s.d.r.c.RepositoryConfigurationDelegate : Bootstrapping Spring Data JPA repositories in DEFAULT mode.
2025-10-29T02:28:33.082-05:00  INFO 30524 --- [user-service] [restartedMain] .s.d.r.c.RepositoryConfigurationDelegate : Finished Spring Data repository scanning in 24 ms. Found 2 JPA repository interfaces.
2025-10-29T02:28:33.326-05:00  INFO 30524 --- [user-service] [restartedMain] o.s.cloud.context.scope.GenericScope     : BeanFactory id=ce9c1f7c-f6b6-3530-b72a-59d3aaa3356a
2025-10-29T02:28:33.519-05:00  INFO 30524 --- [user-service] [restartedMain] o.s.b.w.embedded.tomcat.TomcatWebServer  : Tomcat initialized with port 0 (http)
2025-10-29T02:28:33.523-05:00  INFO 30524 --- [user-service] [restartedMain] o.apache.catalina.core.StandardService   : Starting service [Tomcat]
2025-10-29T02:28:33.523-05:00  INFO 30524 --- [user-service] [restartedMain] o.apache.catalina.core.StandardEngine    : Starting Servlet engine: [Apache Tomcat/10.1.46]
2025-10-29T02:28:33.592-05:00  INFO 30524 --- [user-service] [restartedMain] o.a.c.c.C.[Tomcat].[localhost].[/]       : Initializing Spring embedded WebApplicationContext
2025-10-29T02:28:33.592-05:00  INFO 30524 --- [user-service] [restartedMain] w.s.c.ServletWebServerApplicationContext : Root WebApplicationContext: initialization completed in 1592 ms
2025-10-29T02:28:33.779-05:00  INFO 30524 --- [user-service] [restartedMain] com.zaxxer.hikari.HikariDataSource       : HikariPool-2 - Starting...
2025-10-29T02:28:33.823-05:00  INFO 30524 --- [user-service] [restartedMain] com.zaxxer.hikari.pool.HikariPool        : HikariPool-2 - Added connection com.mysql.cj.jdbc.ConnectionImpl@76f90bc4
2025-10-29T02:28:33.824-05:00  INFO 30524 --- [user-service] [restartedMain] com.zaxxer.hikari.HikariDataSource       : HikariPool-2 - Start completed.
2025-10-29T02:28:33.826-05:00  INFO 30524 --- [user-service] [restartedMain] o.hibernate.jpa.internal.util.LogHelper  : HHH000204: Processing PersistenceUnitInfo [name: default]
2025-10-29T02:28:33.836-05:00  INFO 30524 --- [user-service] [restartedMain] o.h.c.internal.RegionFactoryInitiator    : HHH000026: Second-level cache disabled
2025-10-29T02:28:33.868-05:00  INFO 30524 --- [user-service] [restartedMain] o.s.o.j.p.SpringPersistenceUnitInfo      : No LoadTimeWeaver setup: ignoring JPA class transformer
2025-10-29T02:28:33.873-05:00  INFO 30524 --- [user-service] [restartedMain] org.hibernate.orm.connections.pooling    : HHH10001005: Database info:
	Database JDBC URL [Connecting through datasource 'HikariDataSource (HikariPool-2)']
	Database driver: undefined/unknown
	Database version: 8.0.34
	Autocommit mode: undefined/unknown
	Isolation level: undefined/unknown
	Minimum pool size: undefined/unknown
	Maximum pool size: undefined/unknown
2025-10-29T02:28:34.149-05:00  INFO 30524 --- [user-service] [restartedMain] o.h.e.t.j.p.i.JtaPlatformInitiator       : HHH000489: No JTA platform available (set 'hibernate.transaction.jta.platform' to enable JTA platform integration)
2025-10-29T02:28:34.149-05:00  INFO 30524 --- [user-service] [restartedMain] j.LocalContainerEntityManagerFactoryBean : Initialized JPA EntityManagerFactory for persistence unit 'default'
2025-10-29T02:28:34.311-05:00  WARN 30524 --- [user-service] [restartedMain] JpaBaseConfiguration$JpaWebConfiguration : spring.jpa.open-in-view is enabled by default. Therefore, database queries may be performed during view rendering. Explicitly configure spring.jpa.open-in-view to disable this warning
2025-10-29T02:28:34.866-05:00  INFO 30524 --- [user-service] [restartedMain] o.s.b.a.e.web.EndpointLinksResolver      : Exposing 18 endpoints beneath base path '/actuator'
2025-10-29T02:28:35.181-05:00  WARN 30524 --- [user-service] [restartedMain] o.s.b.d.a.OptionalLiveReloadServer       : Unable to start LiveReload server
2025-10-29T02:28:35.210-05:00  INFO 30524 --- [user-service] [restartedMain] DiscoveryClientOptionalArgsConfiguration : Eureka HTTP Client uses RestTemplate.
2025-10-29T02:28:35.257-05:00  WARN 30524 --- [user-service] [restartedMain] iguration$LoadBalancerCaffeineWarnLogger : Spring Cloud LoadBalancer is currently working with the default cache. While this cache implementation is useful for development and tests, it's recommended to use Caffeine cache in production.You can switch to using Caffeine cache, by adding it and org.springframework.cache.caffeine.CaffeineCacheManager to the classpath.
2025-10-29T02:28:35.345-05:00  INFO 30524 --- [user-service] [restartedMain] o.s.b.w.embedded.tomcat.TomcatWebServer  : Tomcat started on port 53144 (http) with context path '/'
2025-10-29T02:28:35.346-05:00  INFO 30524 --- [user-service] [restartedMain] .s.c.n.e.s.EurekaAutoServiceRegistration : Updating port to 53144
2025-10-29T02:28:35.348-05:00  INFO 30524 --- [user-service] [restartedMain] o.s.c.n.eureka.InstanceInfoFactory       : Setting initial instance status as: STARTING
2025-10-29T02:28:35.355-05:00  INFO 30524 --- [user-service] [restartedMain] com.netflix.discovery.DiscoveryClient    : Initializing Eureka in region us-east-1
2025-10-29T02:28:35.356-05:00  INFO 30524 --- [user-service] [restartedMain] c.n.d.s.r.aws.ConfigClusterResolver      : Resolving eureka endpoints via configuration
2025-10-29T02:28:35.357-05:00  INFO 30524 --- [user-service] [restartedMain] com.netflix.discovery.DiscoveryClient    : Disable delta property : false
2025-10-29T02:28:35.357-05:00  INFO 30524 --- [user-service] [restartedMain] com.netflix.discovery.DiscoveryClient    : Single vip registry refresh property : null
2025-10-29T02:28:35.357-05:00  INFO 30524 --- [user-service] [restartedMain] com.netflix.discovery.DiscoveryClient    : Force full registry fetch : false
2025-10-29T02:28:35.358-05:00  INFO 30524 --- [user-service] [restartedMain] com.netflix.discovery.DiscoveryClient    : Application is null : false
2025-10-29T02:28:35.358-05:00  INFO 30524 --- [user-service] [restartedMain] com.netflix.discovery.DiscoveryClient    : Registered Applications size is zero : true
2025-10-29T02:28:35.358-05:00  INFO 30524 --- [user-service] [restartedMain] com.netflix.discovery.DiscoveryClient    : Application version is -1: true
2025-10-29T02:28:35.358-05:00  INFO 30524 --- [user-service] [restartedMain] com.netflix.discovery.DiscoveryClient    : Getting all instance registry info from the eureka server
2025-10-29T02:28:35.420-05:00  INFO 30524 --- [user-service] [restartedMain] com.netflix.discovery.DiscoveryClient    : The response status is 200
2025-10-29T02:28:35.421-05:00  INFO 30524 --- [user-service] [restartedMain] com.netflix.discovery.DiscoveryClient    : Starting heartbeat executor: renew interval is: 30
2025-10-29T02:28:35.421-05:00  INFO 30524 --- [user-service] [restartedMain] c.n.discovery.InstanceInfoReplicator     : InstanceInfoReplicator onDemand update allowed rate per min is 4
2025-10-29T02:28:35.421-05:00  INFO 30524 --- [user-service] [restartedMain] com.netflix.discovery.DiscoveryClient    : Discovery Client initialized at timestamp 1761722915421 with initial instances count: 6
2025-10-29T02:28:35.424-05:00  INFO 30524 --- [user-service] [restartedMain] o.s.c.n.e.s.EurekaServiceRegistry        : Registering application USER-SERVICE with eureka with status UP
2025-10-29T02:28:35.424-05:00  INFO 30524 --- [user-service] [restartedMain] com.netflix.discovery.DiscoveryClient    : Saw local status change event StatusChangeEvent [timestamp=1761722915424, current=UP, previous=STARTING]
2025-10-29T02:28:35.424-05:00  INFO 30524 --- [user-service] [DiscoveryClient-InstanceInfoReplicator-%d] com.netflix.discovery.DiscoveryClient    : DiscoveryClient_USER-SERVICE/user-service:33f0dd571250b9ddd879e8917e254026: registering service...
2025-10-29T02:28:35.440-05:00  INFO 30524 --- [user-service] [DiscoveryClient-InstanceInfoReplicator-%d] com.netflix.discovery.DiscoveryClient    : DiscoveryClient_USER-SERVICE/user-service:33f0dd571250b9ddd879e8917e254026 - registration status: 204
2025-10-29T02:28:35.447-05:00  INFO 30524 --- [user-service] [restartedMain] org.cibertec.UserServiceApplication      : Started UserServiceApplication in 3.618 seconds (process running for 943.139)
2025-10-29T02:28:35.452-05:00  INFO 30524 --- [user-service] [restartedMain] .ConditionEvaluationDeltaLoggingListener : Condition evaluation unchanged
2025-10-29T02:28:36.627-05:00  INFO 30524 --- [user-service] [File Watcher] rtingClassPathChangeChangedEventListener : Restarting due to 1 class path change (0 additions, 0 deletions, 1 modification)
2025-10-29T02:28:36.629-05:00  INFO 30524 --- [user-service] [Thread-7] o.s.c.n.e.s.EurekaServiceRegistry        : Unregistering application USER-SERVICE with eureka with status DOWN
2025-10-29T02:28:36.629-05:00  INFO 30524 --- [user-service] [Thread-7] com.netflix.discovery.DiscoveryClient    : Saw local status change event StatusChangeEvent [timestamp=1761722916629, current=DOWN, previous=UP]
2025-10-29T02:28:36.629-05:00  INFO 30524 --- [user-service] [DiscoveryClient-InstanceInfoReplicator-%d] com.netflix.discovery.DiscoveryClient    : DiscoveryClient_USER-SERVICE/user-service:33f0dd571250b9ddd879e8917e254026: registering service...
2025-10-29T02:28:36.630-05:00  INFO 30524 --- [user-service] [Thread-7] o.s.b.w.e.tomcat.GracefulShutdown        : Commencing graceful shutdown. Waiting for active requests to complete
2025-10-29T02:28:36.633-05:00  INFO 30524 --- [user-service] [DiscoveryClient-InstanceInfoReplicator-%d] com.netflix.discovery.DiscoveryClient    : DiscoveryClient_USER-SERVICE/user-service:33f0dd571250b9ddd879e8917e254026 - registration status: 204
2025-10-29T02:28:36.638-05:00  INFO 30524 --- [user-service] [tomcat-shutdown] o.s.b.w.e.tomcat.GracefulShutdown        : Graceful shutdown complete
2025-10-29T02:28:36.643-05:00  INFO 30524 --- [user-service] [Thread-7] j.LocalContainerEntityManagerFactoryBean : Closing JPA EntityManagerFactory for persistence unit 'default'
2025-10-29T02:28:36.644-05:00  INFO 30524 --- [user-service] [Thread-7] com.zaxxer.hikari.HikariDataSource       : HikariPool-2 - Shutdown initiated...
2025-10-29T02:28:36.651-05:00  INFO 30524 --- [user-service] [Thread-7] com.zaxxer.hikari.HikariDataSource       : HikariPool-2 - Shutdown completed.
2025-10-29T02:28:36.652-05:00  INFO 30524 --- [user-service] [Thread-7] com.netflix.discovery.DiscoveryClient    : Shutting down DiscoveryClient ...
2025-10-29T02:28:39.666-05:00  INFO 30524 --- [user-service] [Thread-7] com.netflix.discovery.DiscoveryClient    : Unregistering ...
2025-10-29T02:28:39.683-05:00  INFO 30524 --- [user-service] [Thread-7] com.netflix.discovery.DiscoveryClient    : DiscoveryClient_USER-SERVICE/user-service:33f0dd571250b9ddd879e8917e254026 - deregister  status: 200
2025-10-29T02:28:39.685-05:00  INFO 30524 --- [user-service] [Thread-7] com.netflix.discovery.DiscoveryClient    : Completed shut down of DiscoveryClient
2025-10-29T02:28:39.853-05:00  INFO 30524 --- [user-service] [restartedMain] org.cibertec.UserServiceApplication      : Starting UserServiceApplication using Java 21.0.8 with PID 30524 (C:\Users\ronca\OneDrive\Escritorio\Dev\DAW2\user-service\target\classes started by Arturo in C:\Users\ronca\OneDrive\Escritorio\Dev\DAW2\user-service)
2025-10-29T02:28:39.853-05:00  INFO 30524 --- [user-service] [restartedMain] org.cibertec.UserServiceApplication      : No active profile set, falling back to 1 default profile: "default"
2025-10-29T02:28:39.856-05:00  INFO 30524 --- [user-service] [restartedMain] o.s.c.c.c.ConfigServerConfigDataLoader   : Fetching config from server at : http://localhost:8888
2025-10-29T02:28:39.856-05:00  INFO 30524 --- [user-service] [restartedMain] o.s.c.c.c.ConfigServerConfigDataLoader   : Located environment: name=user-service, profiles=[default], label=null, version=null, state=null
2025-10-29T02:28:40.608-05:00  INFO 30524 --- [user-service] [restartedMain] .s.d.r.c.RepositoryConfigurationDelegate : Bootstrapping Spring Data JPA repositories in DEFAULT mode.
2025-10-29T02:28:40.629-05:00  INFO 30524 --- [user-service] [restartedMain] .s.d.r.c.RepositoryConfigurationDelegate : Finished Spring Data repository scanning in 18 ms. Found 2 JPA repository interfaces.
2025-10-29T02:28:40.801-05:00  INFO 30524 --- [user-service] [restartedMain] o.s.cloud.context.scope.GenericScope     : BeanFactory id=ce9c1f7c-f6b6-3530-b72a-59d3aaa3356a
2025-10-29T02:28:40.942-05:00  INFO 30524 --- [user-service] [restartedMain] o.s.b.w.embedded.tomcat.TomcatWebServer  : Tomcat initialized with port 0 (http)
2025-10-29T02:28:40.943-05:00  INFO 30524 --- [user-service] [restartedMain] o.apache.catalina.core.StandardService   : Starting service [Tomcat]
2025-10-29T02:28:40.943-05:00  INFO 30524 --- [user-service] [restartedMain] o.apache.catalina.core.StandardEngine    : Starting Servlet engine: [Apache Tomcat/10.1.46]
2025-10-29T02:28:41.001-05:00  INFO 30524 --- [user-service] [restartedMain] o.a.c.c.C.[Tomcat].[localhost].[/]       : Initializing Spring embedded WebApplicationContext
2025-10-29T02:28:41.001-05:00  INFO 30524 --- [user-service] [restartedMain] w.s.c.ServletWebServerApplicationContext : Root WebApplicationContext: initialization completed in 1145 ms
2025-10-29T02:28:41.152-05:00  INFO 30524 --- [user-service] [restartedMain] com.zaxxer.hikari.HikariDataSource       : HikariPool-3 - Starting...
2025-10-29T02:28:41.172-05:00  INFO 30524 --- [user-service] [restartedMain] com.zaxxer.hikari.pool.HikariPool        : HikariPool-3 - Added connection com.mysql.cj.jdbc.ConnectionImpl@5445687
2025-10-29T02:28:41.172-05:00  INFO 30524 --- [user-service] [restartedMain] com.zaxxer.hikari.HikariDataSource       : HikariPool-3 - Start completed.
2025-10-29T02:28:41.174-05:00  INFO 30524 --- [user-service] [restartedMain] o.hibernate.jpa.internal.util.LogHelper  : HHH000204: Processing PersistenceUnitInfo [name: default]
2025-10-29T02:28:41.181-05:00  INFO 30524 --- [user-service] [restartedMain] o.h.c.internal.RegionFactoryInitiator    : HHH000026: Second-level cache disabled
2025-10-29T02:28:41.203-05:00  INFO 30524 --- [user-service] [restartedMain] o.s.o.j.p.SpringPersistenceUnitInfo      : No LoadTimeWeaver setup: ignoring JPA class transformer
2025-10-29T02:28:41.208-05:00  INFO 30524 --- [user-service] [restartedMain] org.hibernate.orm.connections.pooling    : HHH10001005: Database info:
	Database JDBC URL [Connecting through datasource 'HikariDataSource (HikariPool-3)']
	Database driver: undefined/unknown
	Database version: 8.0.34
	Autocommit mode: undefined/unknown
	Isolation level: undefined/unknown
	Minimum pool size: undefined/unknown
	Maximum pool size: undefined/unknown
2025-10-29T02:28:41.380-05:00  INFO 30524 --- [user-service] [restartedMain] o.h.e.t.j.p.i.JtaPlatformInitiator       : HHH000489: No JTA platform available (set 'hibernate.transaction.jta.platform' to enable JTA platform integration)
2025-10-29T02:28:41.381-05:00  INFO 30524 --- [user-service] [restartedMain] j.LocalContainerEntityManagerFactoryBean : Initialized JPA EntityManagerFactory for persistence unit 'default'
2025-10-29T02:28:41.515-05:00  WARN 30524 --- [user-service] [restartedMain] JpaBaseConfiguration$JpaWebConfiguration : spring.jpa.open-in-view is enabled by default. Therefore, database queries may be performed during view rendering. Explicitly configure spring.jpa.open-in-view to disable this warning
2025-10-29T02:28:42.049-05:00  INFO 30524 --- [user-service] [restartedMain] o.s.b.a.e.web.EndpointLinksResolver      : Exposing 18 endpoints beneath base path '/actuator'
2025-10-29T02:28:42.350-05:00  WARN 30524 --- [user-service] [restartedMain] o.s.b.d.a.OptionalLiveReloadServer       : Unable to start LiveReload server
2025-10-29T02:28:42.381-05:00  INFO 30524 --- [user-service] [restartedMain] DiscoveryClientOptionalArgsConfiguration : Eureka HTTP Client uses RestTemplate.
2025-10-29T02:28:42.408-05:00  WARN 30524 --- [user-service] [restartedMain] iguration$LoadBalancerCaffeineWarnLogger : Spring Cloud LoadBalancer is currently working with the default cache. While this cache implementation is useful for development and tests, it's recommended to use Caffeine cache in production.You can switch to using Caffeine cache, by adding it and org.springframework.cache.caffeine.CaffeineCacheManager to the classpath.
2025-10-29T02:28:42.476-05:00  INFO 30524 --- [user-service] [restartedMain] o.s.b.w.embedded.tomcat.TomcatWebServer  : Tomcat started on port 53224 (http) with context path '/'
2025-10-29T02:28:42.476-05:00  INFO 30524 --- [user-service] [restartedMain] .s.c.n.e.s.EurekaAutoServiceRegistration : Updating port to 53224
2025-10-29T02:28:42.478-05:00  INFO 30524 --- [user-service] [restartedMain] o.s.c.n.eureka.InstanceInfoFactory       : Setting initial instance status as: STARTING
2025-10-29T02:28:42.482-05:00  INFO 30524 --- [user-service] [restartedMain] com.netflix.discovery.DiscoveryClient    : Initializing Eureka in region us-east-1
2025-10-29T02:28:42.483-05:00  INFO 30524 --- [user-service] [restartedMain] c.n.d.s.r.aws.ConfigClusterResolver      : Resolving eureka endpoints via configuration
2025-10-29T02:28:42.483-05:00  INFO 30524 --- [user-service] [restartedMain] com.netflix.discovery.DiscoveryClient    : Disable delta property : false
2025-10-29T02:28:42.483-05:00  INFO 30524 --- [user-service] [restartedMain] com.netflix.discovery.DiscoveryClient    : Single vip registry refresh property : null
2025-10-29T02:28:42.483-05:00  INFO 30524 --- [user-service] [restartedMain] com.netflix.discovery.DiscoveryClient    : Force full registry fetch : false
2025-10-29T02:28:42.484-05:00  INFO 30524 --- [user-service] [restartedMain] com.netflix.discovery.DiscoveryClient    : Application is null : false
2025-10-29T02:28:42.484-05:00  INFO 30524 --- [user-service] [restartedMain] com.netflix.discovery.DiscoveryClient    : Registered Applications size is zero : true
2025-10-29T02:28:42.484-05:00  INFO 30524 --- [user-service] [restartedMain] com.netflix.discovery.DiscoveryClient    : Application version is -1: true
2025-10-29T02:28:42.484-05:00  INFO 30524 --- [user-service] [restartedMain] com.netflix.discovery.DiscoveryClient    : Getting all instance registry info from the eureka server
2025-10-29T02:28:42.524-05:00  INFO 30524 --- [user-service] [restartedMain] com.netflix.discovery.DiscoveryClient    : The response status is 200
2025-10-29T02:28:42.525-05:00  INFO 30524 --- [user-service] [restartedMain] com.netflix.discovery.DiscoveryClient    : Starting heartbeat executor: renew interval is: 30
2025-10-29T02:28:42.526-05:00  INFO 30524 --- [user-service] [restartedMain] c.n.discovery.InstanceInfoReplicator     : InstanceInfoReplicator onDemand update allowed rate per min is 4
2025-10-29T02:28:42.527-05:00  INFO 30524 --- [user-service] [restartedMain] com.netflix.discovery.DiscoveryClient    : Discovery Client initialized at timestamp 1761722922527 with initial instances count: 6
2025-10-29T02:28:42.531-05:00  INFO 30524 --- [user-service] [restartedMain] o.s.c.n.e.s.EurekaServiceRegistry        : Registering application USER-SERVICE with eureka with status UP
2025-10-29T02:28:42.531-05:00  INFO 30524 --- [user-service] [restartedMain] com.netflix.discovery.DiscoveryClient    : Saw local status change event StatusChangeEvent [timestamp=1761722922531, current=UP, previous=STARTING]
2025-10-29T02:28:42.531-05:00  INFO 30524 --- [user-service] [DiscoveryClient-InstanceInfoReplicator-%d] com.netflix.discovery.DiscoveryClient    : DiscoveryClient_USER-SERVICE/user-service:6e2a8f83ee05f13cc71adef7cac7b638: registering service...
2025-10-29T02:28:42.547-05:00  INFO 30524 --- [user-service] [DiscoveryClient-InstanceInfoReplicator-%d] com.netflix.discovery.DiscoveryClient    : DiscoveryClient_USER-SERVICE/user-service:6e2a8f83ee05f13cc71adef7cac7b638 - registration status: 204
2025-10-29T02:28:42.555-05:00  INFO 30524 --- [user-service] [restartedMain] org.cibertec.UserServiceApplication      : Started UserServiceApplication in 2.795 seconds (process running for 950.246)
2025-10-29T02:28:42.559-05:00  INFO 30524 --- [user-service] [restartedMain] .ConditionEvaluationDeltaLoggingListener : Condition evaluation unchanged
2025-10-29T02:33:42.494-05:00  INFO 30524 --- [user-service] [AsyncResolver-bootstrap-executor-%d] c.n.d.s.r.aws.ConfigClusterResolver      : Resolving eureka endpoints via configuration
2025-10-29T02:38:42.499-05:00  INFO 30524 --- [user-service] [AsyncResolver-bootstrap-executor-%d] c.n.d.s.r.aws.ConfigClusterResolver      : Resolving eureka endpoints via configuration
2025-10-29T02:43:42.513-05:00  INFO 30524 --- [user-service] [AsyncResolver-bootstrap-executor-%d] c.n.d.s.r.aws.ConfigClusterResolver      : Resolving eureka endpoints via configuration
2025-10-29T02:44:16.910-05:00  INFO 30524 --- [user-service] [RMI TCP Connection(50)-127.0.0.1] inMXBeanRegistrar$SpringApplicationAdmin : Application shutdown requested.
2025-10-29T02:44:16.911-05:00  INFO 30524 --- [user-service] [RMI TCP Connection(50)-127.0.0.1] o.s.c.n.e.s.EurekaServiceRegistry        : Unregistering application USER-SERVICE with eureka with status DOWN
2025-10-29T02:44:16.912-05:00  INFO 30524 --- [user-service] [RMI TCP Connection(50)-127.0.0.1] com.netflix.discovery.DiscoveryClient    : Saw local status change event StatusChangeEvent [timestamp=1761723856912, current=DOWN, previous=UP]
2025-10-29T02:44:16.912-05:00  INFO 30524 --- [user-service] [DiscoveryClient-InstanceInfoReplicator-%d] com.netflix.discovery.DiscoveryClient    : DiscoveryClient_USER-SERVICE/user-service:6e2a8f83ee05f13cc71adef7cac7b638: registering service...
2025-10-29T02:44:16.912-05:00  INFO 30524 --- [user-service] [RMI TCP Connection(50)-127.0.0.1] o.s.b.w.e.tomcat.GracefulShutdown        : Commencing graceful shutdown. Waiting for active requests to complete
2025-10-29T02:44:16.927-05:00  INFO 30524 --- [user-service] [tomcat-shutdown] o.s.b.w.e.tomcat.GracefulShutdown        : Graceful shutdown complete
2025-10-29T02:44:16.928-05:00  INFO 30524 --- [user-service] [DiscoveryClient-InstanceInfoReplicator-%d] com.netflix.discovery.DiscoveryClient    : DiscoveryClient_USER-SERVICE/user-service:6e2a8f83ee05f13cc71adef7cac7b638 - registration status: 204
2025-10-29T02:44:16.936-05:00  INFO 30524 --- [user-service] [RMI TCP Connection(50)-127.0.0.1] j.LocalContainerEntityManagerFactoryBean : Closing JPA EntityManagerFactory for persistence unit 'default'
2025-10-29T02:44:16.937-05:00  INFO 30524 --- [user-service] [RMI TCP Connection(50)-127.0.0.1] com.zaxxer.hikari.HikariDataSource       : HikariPool-3 - Shutdown initiated...
2025-10-29T02:44:16.950-05:00  INFO 30524 --- [user-service] [RMI TCP Connection(50)-127.0.0.1] com.zaxxer.hikari.HikariDataSource       : HikariPool-3 - Shutdown completed.
2025-10-29T02:44:16.950-05:00  INFO 30524 --- [user-service] [RMI TCP Connection(50)-127.0.0.1] com.netflix.discovery.DiscoveryClient    : Shutting down DiscoveryClient ...
2025-10-29T02:44:19.953-05:00  INFO 30524 --- [user-service] [RMI TCP Connection(50)-127.0.0.1] com.netflix.discovery.DiscoveryClient    : Unregistering ...
2025-10-29T02:44:19.970-05:00  INFO 30524 --- [user-service] [RMI TCP Connection(50)-127.0.0.1] com.netflix.discovery.DiscoveryClient    : DiscoveryClient_USER-SERVICE/user-service:6e2a8f83ee05f13cc71adef7cac7b638 - deregister  status: 200
2025-10-29T02:44:19.970-05:00  INFO 30524 --- [user-service] [RMI TCP Connection(50)-127.0.0.1] com.netflix.discovery.DiscoveryClient    : Completed shut down of DiscoveryClient
2025-10-29T02:44:31.150-05:00  INFO 9244 --- [user-service] [restartedMain] org.cibertec.UserServiceApplication      : Starting UserServiceApplication using Java 21.0.8 with PID 9244 (C:\Users\ronca\OneDrive\Escritorio\Dev\DAW2\user-service\target\classes started by Arturo in C:\Users\ronca\OneDrive\Escritorio\Dev\DAW2\user-service)
2025-10-29T02:44:31.155-05:00  INFO 9244 --- [user-service] [restartedMain] org.cibertec.UserServiceApplication      : No active profile set, falling back to 1 default profile: "default"
2025-10-29T02:44:31.244-05:00  INFO 9244 --- [user-service] [restartedMain] o.s.c.c.c.ConfigServerConfigDataLoader   : Fetching config from server at : http://localhost:8888
2025-10-29T02:44:31.245-05:00  INFO 9244 --- [user-service] [restartedMain] o.s.c.c.c.ConfigServerConfigDataLoader   : Located environment: name=user-service, profiles=[default], label=null, version=null, state=null
2025-10-29T02:44:31.249-05:00  INFO 9244 --- [user-service] [restartedMain] .e.DevToolsPropertyDefaultsPostProcessor : Devtools property defaults active! Set 'spring.devtools.add-properties' to 'false' to disable
2025-10-29T02:44:31.249-05:00  INFO 9244 --- [user-service] [restartedMain] .e.DevToolsPropertyDefaultsPostProcessor : For additional web related logging consider setting the 'logging.level.web' property to 'DEBUG'
2025-10-29T02:44:33.806-05:00  INFO 9244 --- [user-service] [restartedMain] .s.d.r.c.RepositoryConfigurationDelegate : Bootstrapping Spring Data JPA repositories in DEFAULT mode.
2025-10-29T02:44:34.116-05:00  INFO 9244 --- [user-service] [restartedMain] .s.d.r.c.RepositoryConfigurationDelegate : Finished Spring Data repository scanning in 289 ms. Found 2 JPA repository interfaces.
2025-10-29T02:44:34.768-05:00  INFO 9244 --- [user-service] [restartedMain] o.s.cloud.context.scope.GenericScope     : BeanFactory id=ce9c1f7c-f6b6-3530-b72a-59d3aaa3356a
2025-10-29T02:44:36.254-05:00  INFO 9244 --- [user-service] [restartedMain] o.s.b.w.embedded.tomcat.TomcatWebServer  : Tomcat initialized with port 0 (http)
2025-10-29T02:44:36.293-05:00  INFO 9244 --- [user-service] [restartedMain] o.apache.catalina.core.StandardService   : Starting service [Tomcat]
2025-10-29T02:44:36.295-05:00  INFO 9244 --- [user-service] [restartedMain] o.apache.catalina.core.StandardEngine    : Starting Servlet engine: [Apache Tomcat/10.1.46]
2025-10-29T02:44:36.478-05:00  INFO 9244 --- [user-service] [restartedMain] o.a.c.c.C.[Tomcat].[localhost].[/]       : Initializing Spring embedded WebApplicationContext
2025-10-29T02:44:36.479-05:00  INFO 9244 --- [user-service] [restartedMain] w.s.c.ServletWebServerApplicationContext : Root WebApplicationContext: initialization completed in 5229 ms
2025-10-29T02:44:37.377-05:00  INFO 9244 --- [user-service] [restartedMain] com.zaxxer.hikari.HikariDataSource       : HikariPool-1 - Starting...
2025-10-29T02:44:38.244-05:00  INFO 9244 --- [user-service] [restartedMain] com.zaxxer.hikari.pool.HikariPool        : HikariPool-1 - Added connection com.mysql.cj.jdbc.ConnectionImpl@3a36902f
2025-10-29T02:44:38.254-05:00  INFO 9244 --- [user-service] [restartedMain] com.zaxxer.hikari.HikariDataSource       : HikariPool-1 - Start completed.
2025-10-29T02:44:38.432-05:00  INFO 9244 --- [user-service] [restartedMain] o.hibernate.jpa.internal.util.LogHelper  : HHH000204: Processing PersistenceUnitInfo [name: default]
2025-10-29T02:44:38.644-05:00  INFO 9244 --- [user-service] [restartedMain] org.hibernate.Version                    : HHH000412: Hibernate ORM core version 6.6.29.Final
2025-10-29T02:44:38.768-05:00  INFO 9244 --- [user-service] [restartedMain] o.h.c.internal.RegionFactoryInitiator    : HHH000026: Second-level cache disabled
2025-10-29T02:44:39.765-05:00  INFO 9244 --- [user-service] [restartedMain] o.s.o.j.p.SpringPersistenceUnitInfo      : No LoadTimeWeaver setup: ignoring JPA class transformer
2025-10-29T02:44:40.071-05:00  INFO 9244 --- [user-service] [restartedMain] org.hibernate.orm.connections.pooling    : HHH10001005: Database info:
	Database JDBC URL [Connecting through datasource 'HikariDataSource (HikariPool-1)']
	Database driver: undefined/unknown
	Database version: 8.0.34
	Autocommit mode: undefined/unknown
	Isolation level: undefined/unknown
	Minimum pool size: undefined/unknown
	Maximum pool size: undefined/unknown
2025-10-29T02:44:42.459-05:00  INFO 9244 --- [user-service] [restartedMain] o.h.e.t.j.p.i.JtaPlatformInitiator       : HHH000489: No JTA platform available (set 'hibernate.transaction.jta.platform' to enable JTA platform integration)
2025-10-29T02:44:42.465-05:00  INFO 9244 --- [user-service] [restartedMain] j.LocalContainerEntityManagerFactoryBean : Initialized JPA EntityManagerFactory for persistence unit 'default'
2025-10-29T02:44:43.281-05:00  WARN 9244 --- [user-service] [restartedMain] JpaBaseConfiguration$JpaWebConfiguration : spring.jpa.open-in-view is enabled by default. Therefore, database queries may be performed during view rendering. Explicitly configure spring.jpa.open-in-view to disable this warning
2025-10-29T02:44:44.464-05:00  INFO 9244 --- [user-service] [restartedMain] o.s.b.a.e.web.EndpointLinksResolver      : Exposing 18 endpoints beneath base path '/actuator'
2025-10-29T02:44:45.566-05:00  WARN 9244 --- [user-service] [restartedMain] o.s.b.d.a.OptionalLiveReloadServer       : Unable to start LiveReload server
2025-10-29T02:44:45.607-05:00  INFO 9244 --- [user-service] [restartedMain] DiscoveryClientOptionalArgsConfiguration : Eureka HTTP Client uses RestTemplate.
2025-10-29T02:44:45.695-05:00  WARN 9244 --- [user-service] [restartedMain] iguration$LoadBalancerCaffeineWarnLogger : Spring Cloud LoadBalancer is currently working with the default cache. While this cache implementation is useful for development and tests, it's recommended to use Caffeine cache in production.You can switch to using Caffeine cache, by adding it and org.springframework.cache.caffeine.CaffeineCacheManager to the classpath.
2025-10-29T02:44:45.946-05:00  INFO 9244 --- [user-service] [restartedMain] o.s.b.w.embedded.tomcat.TomcatWebServer  : Tomcat started on port 51278 (http) with context path '/'
2025-10-29T02:44:45.974-05:00  INFO 9244 --- [user-service] [restartedMain] .s.c.n.e.s.EurekaAutoServiceRegistration : Updating port to 51278
2025-10-29T02:44:45.991-05:00  INFO 9244 --- [user-service] [restartedMain] o.s.c.n.eureka.InstanceInfoFactory       : Setting initial instance status as: STARTING
2025-10-29T02:44:46.055-05:00  INFO 9244 --- [user-service] [restartedMain] com.netflix.discovery.DiscoveryClient    : Initializing Eureka in region us-east-1
2025-10-29T02:44:46.064-05:00  INFO 9244 --- [user-service] [restartedMain] c.n.d.s.r.aws.ConfigClusterResolver      : Resolving eureka endpoints via configuration
2025-10-29T02:44:46.092-05:00  INFO 9244 --- [user-service] [restartedMain] com.netflix.discovery.DiscoveryClient    : Disable delta property : false
2025-10-29T02:44:46.092-05:00  INFO 9244 --- [user-service] [restartedMain] com.netflix.discovery.DiscoveryClient    : Single vip registry refresh property : null
2025-10-29T02:44:46.093-05:00  INFO 9244 --- [user-service] [restartedMain] com.netflix.discovery.DiscoveryClient    : Force full registry fetch : false
2025-10-29T02:44:46.093-05:00  INFO 9244 --- [user-service] [restartedMain] com.netflix.discovery.DiscoveryClient    : Application is null : false
2025-10-29T02:44:46.093-05:00  INFO 9244 --- [user-service] [restartedMain] com.netflix.discovery.DiscoveryClient    : Registered Applications size is zero : true
2025-10-29T02:44:46.093-05:00  INFO 9244 --- [user-service] [restartedMain] com.netflix.discovery.DiscoveryClient    : Application version is -1: true
2025-10-29T02:44:46.093-05:00  INFO 9244 --- [user-service] [restartedMain] com.netflix.discovery.DiscoveryClient    : Getting all instance registry info from the eureka server
2025-10-29T02:44:46.542-05:00  INFO 9244 --- [user-service] [restartedMain] com.netflix.discovery.DiscoveryClient    : The response status is 200
2025-10-29T02:44:46.544-05:00  INFO 9244 --- [user-service] [restartedMain] com.netflix.discovery.DiscoveryClient    : Starting heartbeat executor: renew interval is: 30
2025-10-29T02:44:46.550-05:00  INFO 9244 --- [user-service] [restartedMain] c.n.discovery.InstanceInfoReplicator     : InstanceInfoReplicator onDemand update allowed rate per min is 4
2025-10-29T02:44:46.553-05:00  INFO 9244 --- [user-service] [restartedMain] com.netflix.discovery.DiscoveryClient    : Discovery Client initialized at timestamp 1761723886553 with initial instances count: 1
2025-10-29T02:44:46.560-05:00  INFO 9244 --- [user-service] [restartedMain] o.s.c.n.e.s.EurekaServiceRegistry        : Registering application USER-SERVICE with eureka with status UP
2025-10-29T02:44:46.562-05:00  INFO 9244 --- [user-service] [restartedMain] com.netflix.discovery.DiscoveryClient    : Saw local status change event StatusChangeEvent [timestamp=1761723886562, current=UP, previous=STARTING]
2025-10-29T02:44:46.565-05:00  INFO 9244 --- [user-service] [DiscoveryClient-InstanceInfoReplicator-%d] com.netflix.discovery.DiscoveryClient    : DiscoveryClient_USER-SERVICE/user-service:64308709c4d2e42f1f03c98480fcd2f5: registering service...
2025-10-29T02:44:46.598-05:00  INFO 9244 --- [user-service] [restartedMain] org.cibertec.UserServiceApplication      : Started UserServiceApplication in 17.786 seconds (process running for 20.124)
2025-10-29T02:44:46.648-05:00  INFO 9244 --- [user-service] [DiscoveryClient-InstanceInfoReplicator-%d] com.netflix.discovery.DiscoveryClient    : DiscoveryClient_USER-SERVICE/user-service:64308709c4d2e42f1f03c98480fcd2f5 - registration status: 204
2025-10-29T02:44:47.003-05:00  INFO 9244 --- [user-service] [RMI TCP Connection(6)-127.0.0.1] o.a.c.c.C.[Tomcat].[localhost].[/]       : Initializing Spring DispatcherServlet 'dispatcherServlet'
2025-10-29T02:44:47.003-05:00  INFO 9244 --- [user-service] [RMI TCP Connection(6)-127.0.0.1] o.s.web.servlet.DispatcherServlet        : Initializing Servlet 'dispatcherServlet'
2025-10-29T02:44:47.006-05:00  INFO 9244 --- [user-service] [RMI TCP Connection(6)-127.0.0.1] o.s.web.servlet.DispatcherServlet        : Completed initialization in 1 ms
2025-10-29T02:49:46.106-05:00  INFO 9244 --- [user-service] [AsyncResolver-bootstrap-executor-%d] c.n.d.s.r.aws.ConfigClusterResolver      : Resolving eureka endpoints via configuration
2025-10-29T02:54:46.116-05:00  INFO 9244 --- [user-service] [AsyncResolver-bootstrap-executor-%d] c.n.d.s.r.aws.ConfigClusterResolver      : Resolving eureka endpoints via configuration
2025-10-29T02:59:46.122-05:00  INFO 9244 --- [user-service] [AsyncResolver-bootstrap-executor-%d] c.n.d.s.r.aws.ConfigClusterResolver      : Resolving eureka endpoints via configuration
2025-10-29T03:04:46.127-05:00  INFO 9244 --- [user-service] [AsyncResolver-bootstrap-executor-%d] c.n.d.s.r.aws.ConfigClusterResolver      : Resolving eureka endpoints via configuration
2025-10-29T03:09:46.133-05:00  INFO 9244 --- [user-service] [AsyncResolver-bootstrap-executor-%d] c.n.d.s.r.aws.ConfigClusterResolver      : Resolving eureka endpoints via configuration
2025-10-29T03:10:23.532-05:00  INFO 9244 --- [user-service] [File Watcher] rtingClassPathChangeChangedEventListener : Restarting due to 3 class path changes (0 additions, 0 deletions, 3 modifications)
2025-10-29T03:10:23.537-05:00  INFO 9244 --- [user-service] [Thread-1] o.s.c.n.e.s.EurekaServiceRegistry        : Unregistering application USER-SERVICE with eureka with status DOWN
2025-10-29T03:10:23.537-05:00  INFO 9244 --- [user-service] [Thread-1] com.netflix.discovery.DiscoveryClient    : Saw local status change event StatusChangeEvent [timestamp=1761725423537, current=DOWN, previous=UP]
2025-10-29T03:10:23.538-05:00  INFO 9244 --- [user-service] [DiscoveryClient-InstanceInfoReplicator-%d] com.netflix.discovery.DiscoveryClient    : DiscoveryClient_USER-SERVICE/user-service:64308709c4d2e42f1f03c98480fcd2f5: registering service...
2025-10-29T03:10:23.542-05:00  INFO 9244 --- [user-service] [Thread-1] o.s.b.w.e.tomcat.GracefulShutdown        : Commencing graceful shutdown. Waiting for active requests to complete
2025-10-29T03:10:23.553-05:00  INFO 9244 --- [user-service] [tomcat-shutdown] o.s.b.w.e.tomcat.GracefulShutdown        : Graceful shutdown complete
2025-10-29T03:10:23.559-05:00  INFO 9244 --- [user-service] [DiscoveryClient-InstanceInfoReplicator-%d] com.netflix.discovery.DiscoveryClient    : DiscoveryClient_USER-SERVICE/user-service:64308709c4d2e42f1f03c98480fcd2f5 - registration status: 204
2025-10-29T03:10:23.573-05:00  INFO 9244 --- [user-service] [Thread-1] j.LocalContainerEntityManagerFactoryBean : Closing JPA EntityManagerFactory for persistence unit 'default'
2025-10-29T03:10:23.578-05:00  INFO 9244 --- [user-service] [Thread-1] com.zaxxer.hikari.HikariDataSource       : HikariPool-1 - Shutdown initiated...
2025-10-29T03:10:23.592-05:00  INFO 9244 --- [user-service] [Thread-1] com.zaxxer.hikari.HikariDataSource       : HikariPool-1 - Shutdown completed.
2025-10-29T03:10:23.593-05:00  INFO 9244 --- [user-service] [Thread-1] com.netflix.discovery.DiscoveryClient    : Shutting down DiscoveryClient ...
2025-10-29T03:10:26.600-05:00  INFO 9244 --- [user-service] [Thread-1] com.netflix.discovery.DiscoveryClient    : Unregistering ...
2025-10-29T03:10:26.616-05:00  INFO 9244 --- [user-service] [Thread-1] com.netflix.discovery.DiscoveryClient    : DiscoveryClient_USER-SERVICE/user-service:64308709c4d2e42f1f03c98480fcd2f5 - deregister  status: 200
2025-10-29T03:10:26.617-05:00  INFO 9244 --- [user-service] [Thread-1] com.netflix.discovery.DiscoveryClient    : Completed shut down of DiscoveryClient
2025-10-29T03:10:26.830-05:00  INFO 9244 --- [user-service] [restartedMain] org.cibertec.UserServiceApplication      : Starting UserServiceApplication using Java 21.0.8 with PID 9244 (C:\Users\ronca\OneDrive\Escritorio\Dev\DAW2\user-service\target\classes started by Arturo in C:\Users\ronca\OneDrive\Escritorio\Dev\DAW2\user-service)
2025-10-29T03:10:26.830-05:00  INFO 9244 --- [user-service] [restartedMain] org.cibertec.UserServiceApplication      : No active profile set, falling back to 1 default profile: "default"
2025-10-29T03:10:26.834-05:00  INFO 9244 --- [user-service] [restartedMain] o.s.c.c.c.ConfigServerConfigDataLoader   : Fetching config from server at : http://localhost:8888
2025-10-29T03:10:26.834-05:00  INFO 9244 --- [user-service] [restartedMain] o.s.c.c.c.ConfigServerConfigDataLoader   : Located environment: name=user-service, profiles=[default], label=null, version=null, state=null
2025-10-29T03:10:27.605-05:00  INFO 9244 --- [user-service] [restartedMain] .s.d.r.c.RepositoryConfigurationDelegate : Bootstrapping Spring Data JPA repositories in DEFAULT mode.
2025-10-29T03:10:27.627-05:00  INFO 9244 --- [user-service] [restartedMain] .s.d.r.c.RepositoryConfigurationDelegate : Finished Spring Data repository scanning in 20 ms. Found 2 JPA repository interfaces.
2025-10-29T03:10:27.802-05:00  INFO 9244 --- [user-service] [restartedMain] o.s.cloud.context.scope.GenericScope     : BeanFactory id=ce9c1f7c-f6b6-3530-b72a-59d3aaa3356a
2025-10-29T03:10:27.947-05:00  INFO 9244 --- [user-service] [restartedMain] o.s.b.w.embedded.tomcat.TomcatWebServer  : Tomcat initialized with port 0 (http)
2025-10-29T03:10:27.950-05:00  INFO 9244 --- [user-service] [restartedMain] o.apache.catalina.core.StandardService   : Starting service [Tomcat]
2025-10-29T03:10:27.950-05:00  INFO 9244 --- [user-service] [restartedMain] o.apache.catalina.core.StandardEngine    : Starting Servlet engine: [Apache Tomcat/10.1.46]
2025-10-29T03:10:28.010-05:00  INFO 9244 --- [user-service] [restartedMain] o.a.c.c.C.[Tomcat].[localhost].[/]       : Initializing Spring embedded WebApplicationContext
2025-10-29T03:10:28.010-05:00  INFO 9244 --- [user-service] [restartedMain] w.s.c.ServletWebServerApplicationContext : Root WebApplicationContext: initialization completed in 1175 ms
2025-10-29T03:10:28.157-05:00  INFO 9244 --- [user-service] [restartedMain] com.zaxxer.hikari.HikariDataSource       : HikariPool-2 - Starting...
2025-10-29T03:10:28.198-05:00  INFO 9244 --- [user-service] [restartedMain] com.zaxxer.hikari.pool.HikariPool        : HikariPool-2 - Added connection com.mysql.cj.jdbc.ConnectionImpl@30d1e7f5
2025-10-29T03:10:28.199-05:00  INFO 9244 --- [user-service] [restartedMain] com.zaxxer.hikari.HikariDataSource       : HikariPool-2 - Start completed.
2025-10-29T03:10:28.202-05:00  INFO 9244 --- [user-service] [restartedMain] o.hibernate.jpa.internal.util.LogHelper  : HHH000204: Processing PersistenceUnitInfo [name: default]
2025-10-29T03:10:28.208-05:00  INFO 9244 --- [user-service] [restartedMain] o.h.c.internal.RegionFactoryInitiator    : HHH000026: Second-level cache disabled
2025-10-29T03:10:28.235-05:00  INFO 9244 --- [user-service] [restartedMain] o.s.o.j.p.SpringPersistenceUnitInfo      : No LoadTimeWeaver setup: ignoring JPA class transformer
2025-10-29T03:10:28.240-05:00  INFO 9244 --- [user-service] [restartedMain] org.hibernate.orm.connections.pooling    : HHH10001005: Database info:
	Database JDBC URL [Connecting through datasource 'HikariDataSource (HikariPool-2)']
	Database driver: undefined/unknown
	Database version: 8.0.34
	Autocommit mode: undefined/unknown
	Isolation level: undefined/unknown
	Minimum pool size: undefined/unknown
	Maximum pool size: undefined/unknown
2025-10-29T03:10:28.426-05:00  INFO 9244 --- [user-service] [restartedMain] o.h.e.t.j.p.i.JtaPlatformInitiator       : HHH000489: No JTA platform available (set 'hibernate.transaction.jta.platform' to enable JTA platform integration)
2025-10-29T03:10:28.427-05:00  INFO 9244 --- [user-service] [restartedMain] j.LocalContainerEntityManagerFactoryBean : Initialized JPA EntityManagerFactory for persistence unit 'default'
2025-10-29T03:10:28.542-05:00  WARN 9244 --- [user-service] [restartedMain] JpaBaseConfiguration$JpaWebConfiguration : spring.jpa.open-in-view is enabled by default. Therefore, database queries may be performed during view rendering. Explicitly configure spring.jpa.open-in-view to disable this warning
2025-10-29T03:10:28.849-05:00  INFO 9244 --- [user-service] [restartedMain] o.s.b.a.e.web.EndpointLinksResolver      : Exposing 18 endpoints beneath base path '/actuator'
2025-10-29T03:10:29.095-05:00  WARN 9244 --- [user-service] [restartedMain] o.s.b.d.a.OptionalLiveReloadServer       : Unable to start LiveReload server
2025-10-29T03:10:29.119-05:00  INFO 9244 --- [user-service] [restartedMain] DiscoveryClientOptionalArgsConfiguration : Eureka HTTP Client uses RestTemplate.
2025-10-29T03:10:29.145-05:00  WARN 9244 --- [user-service] [restartedMain] iguration$LoadBalancerCaffeineWarnLogger : Spring Cloud LoadBalancer is currently working with the default cache. While this cache implementation is useful for development and tests, it's recommended to use Caffeine cache in production.You can switch to using Caffeine cache, by adding it and org.springframework.cache.caffeine.CaffeineCacheManager to the classpath.
2025-10-29T03:10:29.203-05:00  INFO 9244 --- [user-service] [restartedMain] o.s.b.w.embedded.tomcat.TomcatWebServer  : Tomcat started on port 57810 (http) with context path '/'
2025-10-29T03:10:29.205-05:00  INFO 9244 --- [user-service] [restartedMain] .s.c.n.e.s.EurekaAutoServiceRegistration : Updating port to 57810
2025-10-29T03:10:29.207-05:00  INFO 9244 --- [user-service] [restartedMain] o.s.c.n.eureka.InstanceInfoFactory       : Setting initial instance status as: STARTING
2025-10-29T03:10:29.212-05:00  INFO 9244 --- [user-service] [restartedMain] com.netflix.discovery.DiscoveryClient    : Initializing Eureka in region us-east-1
2025-10-29T03:10:29.213-05:00  INFO 9244 --- [user-service] [restartedMain] c.n.d.s.r.aws.ConfigClusterResolver      : Resolving eureka endpoints via configuration
2025-10-29T03:10:29.213-05:00  INFO 9244 --- [user-service] [restartedMain] com.netflix.discovery.DiscoveryClient    : Disable delta property : false
2025-10-29T03:10:29.213-05:00  INFO 9244 --- [user-service] [restartedMain] com.netflix.discovery.DiscoveryClient    : Single vip registry refresh property : null
2025-10-29T03:10:29.213-05:00  INFO 9244 --- [user-service] [restartedMain] com.netflix.discovery.DiscoveryClient    : Force full registry fetch : false
2025-10-29T03:10:29.214-05:00  INFO 9244 --- [user-service] [restartedMain] com.netflix.discovery.DiscoveryClient    : Application is null : false
2025-10-29T03:10:29.214-05:00  INFO 9244 --- [user-service] [restartedMain] com.netflix.discovery.DiscoveryClient    : Registered Applications size is zero : true
2025-10-29T03:10:29.214-05:00  INFO 9244 --- [user-service] [restartedMain] com.netflix.discovery.DiscoveryClient    : Application version is -1: true
2025-10-29T03:10:29.214-05:00  INFO 9244 --- [user-service] [restartedMain] com.netflix.discovery.DiscoveryClient    : Getting all instance registry info from the eureka server
2025-10-29T03:10:29.275-05:00  INFO 9244 --- [user-service] [restartedMain] com.netflix.discovery.DiscoveryClient    : The response status is 200
2025-10-29T03:10:29.276-05:00  INFO 9244 --- [user-service] [restartedMain] com.netflix.discovery.DiscoveryClient    : Starting heartbeat executor: renew interval is: 30
2025-10-29T03:10:29.277-05:00  INFO 9244 --- [user-service] [restartedMain] c.n.discovery.InstanceInfoReplicator     : InstanceInfoReplicator onDemand update allowed rate per min is 4
2025-10-29T03:10:29.278-05:00  INFO 9244 --- [user-service] [restartedMain] com.netflix.discovery.DiscoveryClient    : Discovery Client initialized at timestamp 1761725429278 with initial instances count: 5
2025-10-29T03:10:29.283-05:00  INFO 9244 --- [user-service] [restartedMain] o.s.c.n.e.s.EurekaServiceRegistry        : Registering application USER-SERVICE with eureka with status UP
2025-10-29T03:10:29.283-05:00  INFO 9244 --- [user-service] [restartedMain] com.netflix.discovery.DiscoveryClient    : Saw local status change event StatusChangeEvent [timestamp=1761725429283, current=UP, previous=STARTING]
2025-10-29T03:10:29.284-05:00  INFO 9244 --- [user-service] [DiscoveryClient-InstanceInfoReplicator-%d] com.netflix.discovery.DiscoveryClient    : DiscoveryClient_USER-SERVICE/user-service:120bc5994d6dd6f7b654397a3f195521: registering service...
2025-10-29T03:10:29.313-05:00  INFO 9244 --- [user-service] [DiscoveryClient-InstanceInfoReplicator-%d] com.netflix.discovery.DiscoveryClient    : DiscoveryClient_USER-SERVICE/user-service:120bc5994d6dd6f7b654397a3f195521 - registration status: 204
2025-10-29T03:10:29.316-05:00  INFO 9244 --- [user-service] [restartedMain] org.cibertec.UserServiceApplication      : Started UserServiceApplication in 2.611 seconds (process running for 1562.842)
2025-10-29T03:10:29.320-05:00  INFO 9244 --- [user-service] [restartedMain] .ConditionEvaluationDeltaLoggingListener : Condition evaluation unchanged
2025-10-29T03:10:30.549-05:00  INFO 9244 --- [user-service] [File Watcher] rtingClassPathChangeChangedEventListener : Restarting due to 11 class path changes (0 additions, 0 deletions, 11 modifications)
2025-10-29T03:10:30.551-05:00  INFO 9244 --- [user-service] [Thread-7] o.s.c.n.e.s.EurekaServiceRegistry        : Unregistering application USER-SERVICE with eureka with status DOWN
2025-10-29T03:10:30.552-05:00  INFO 9244 --- [user-service] [Thread-7] com.netflix.discovery.DiscoveryClient    : Saw local status change event StatusChangeEvent [timestamp=1761725430552, current=DOWN, previous=UP]
2025-10-29T03:10:30.552-05:00  INFO 9244 --- [user-service] [DiscoveryClient-InstanceInfoReplicator-%d] com.netflix.discovery.DiscoveryClient    : DiscoveryClient_USER-SERVICE/user-service:120bc5994d6dd6f7b654397a3f195521: registering service...
2025-10-29T03:10:30.554-05:00  INFO 9244 --- [user-service] [Thread-7] o.s.b.w.e.tomcat.GracefulShutdown        : Commencing graceful shutdown. Waiting for active requests to complete
2025-10-29T03:10:30.557-05:00  INFO 9244 --- [user-service] [DiscoveryClient-InstanceInfoReplicator-%d] com.netflix.discovery.DiscoveryClient    : DiscoveryClient_USER-SERVICE/user-service:120bc5994d6dd6f7b654397a3f195521 - registration status: 204
2025-10-29T03:10:30.565-05:00  INFO 9244 --- [user-service] [tomcat-shutdown] o.s.b.w.e.tomcat.GracefulShutdown        : Graceful shutdown complete
2025-10-29T03:10:30.572-05:00  INFO 9244 --- [user-service] [Thread-7] j.LocalContainerEntityManagerFactoryBean : Closing JPA EntityManagerFactory for persistence unit 'default'
2025-10-29T03:10:30.574-05:00  INFO 9244 --- [user-service] [Thread-7] com.zaxxer.hikari.HikariDataSource       : HikariPool-2 - Shutdown initiated...
2025-10-29T03:10:30.587-05:00  INFO 9244 --- [user-service] [Thread-7] com.zaxxer.hikari.HikariDataSource       : HikariPool-2 - Shutdown completed.
2025-10-29T03:10:30.588-05:00  INFO 9244 --- [user-service] [Thread-7] com.netflix.discovery.DiscoveryClient    : Shutting down DiscoveryClient ...
2025-10-29T03:10:33.603-05:00  INFO 9244 --- [user-service] [Thread-7] com.netflix.discovery.DiscoveryClient    : Unregistering ...
2025-10-29T03:10:33.620-05:00  INFO 9244 --- [user-service] [Thread-7] com.netflix.discovery.DiscoveryClient    : DiscoveryClient_USER-SERVICE/user-service:120bc5994d6dd6f7b654397a3f195521 - deregister  status: 200
2025-10-29T03:10:33.620-05:00  INFO 9244 --- [user-service] [Thread-7] com.netflix.discovery.DiscoveryClient    : Completed shut down of DiscoveryClient
2025-10-29T03:10:33.797-05:00  INFO 9244 --- [user-service] [restartedMain] org.cibertec.UserServiceApplication      : Starting UserServiceApplication using Java 21.0.8 with PID 9244 (C:\Users\ronca\OneDrive\Escritorio\Dev\DAW2\user-service\target\classes started by Arturo in C:\Users\ronca\OneDrive\Escritorio\Dev\DAW2\user-service)
2025-10-29T03:10:33.797-05:00  INFO 9244 --- [user-service] [restartedMain] org.cibertec.UserServiceApplication      : No active profile set, falling back to 1 default profile: "default"
2025-10-29T03:10:33.800-05:00  INFO 9244 --- [user-service] [restartedMain] o.s.c.c.c.ConfigServerConfigDataLoader   : Fetching config from server at : http://localhost:8888
2025-10-29T03:10:33.800-05:00  INFO 9244 --- [user-service] [restartedMain] o.s.c.c.c.ConfigServerConfigDataLoader   : Located environment: name=user-service, profiles=[default], label=null, version=null, state=null
2025-10-29T03:10:34.405-05:00  INFO 9244 --- [user-service] [restartedMain] .s.d.r.c.RepositoryConfigurationDelegate : Bootstrapping Spring Data JPA repositories in DEFAULT mode.
2025-10-29T03:10:34.425-05:00  INFO 9244 --- [user-service] [restartedMain] .s.d.r.c.RepositoryConfigurationDelegate : Finished Spring Data repository scanning in 17 ms. Found 2 JPA repository interfaces.
2025-10-29T03:10:34.594-05:00  INFO 9244 --- [user-service] [restartedMain] o.s.cloud.context.scope.GenericScope     : BeanFactory id=ce9c1f7c-f6b6-3530-b72a-59d3aaa3356a
2025-10-29T03:10:34.705-05:00  INFO 9244 --- [user-service] [restartedMain] o.s.b.w.embedded.tomcat.TomcatWebServer  : Tomcat initialized with port 0 (http)
2025-10-29T03:10:34.706-05:00  INFO 9244 --- [user-service] [restartedMain] o.apache.catalina.core.StandardService   : Starting service [Tomcat]
2025-10-29T03:10:34.707-05:00  INFO 9244 --- [user-service] [restartedMain] o.apache.catalina.core.StandardEngine    : Starting Servlet engine: [Apache Tomcat/10.1.46]
2025-10-29T03:10:34.759-05:00  INFO 9244 --- [user-service] [restartedMain] o.a.c.c.C.[Tomcat].[localhost].[/]       : Initializing Spring embedded WebApplicationContext
2025-10-29T03:10:34.759-05:00  INFO 9244 --- [user-service] [restartedMain] w.s.c.ServletWebServerApplicationContext : Root WebApplicationContext: initialization completed in 959 ms
2025-10-29T03:10:34.895-05:00  INFO 9244 --- [user-service] [restartedMain] com.zaxxer.hikari.HikariDataSource       : HikariPool-3 - Starting...
2025-10-29T03:10:34.913-05:00  INFO 9244 --- [user-service] [restartedMain] com.zaxxer.hikari.pool.HikariPool        : HikariPool-3 - Added connection com.mysql.cj.jdbc.ConnectionImpl@31b2c9e9
2025-10-29T03:10:34.913-05:00  INFO 9244 --- [user-service] [restartedMain] com.zaxxer.hikari.HikariDataSource       : HikariPool-3 - Start completed.
2025-10-29T03:10:34.914-05:00  INFO 9244 --- [user-service] [restartedMain] o.hibernate.jpa.internal.util.LogHelper  : HHH000204: Processing PersistenceUnitInfo [name: default]
2025-10-29T03:10:34.921-05:00  INFO 9244 --- [user-service] [restartedMain] o.h.c.internal.RegionFactoryInitiator    : HHH000026: Second-level cache disabled
2025-10-29T03:10:34.941-05:00  INFO 9244 --- [user-service] [restartedMain] o.s.o.j.p.SpringPersistenceUnitInfo      : No LoadTimeWeaver setup: ignoring JPA class transformer
2025-10-29T03:10:34.944-05:00  INFO 9244 --- [user-service] [restartedMain] org.hibernate.orm.connections.pooling    : HHH10001005: Database info:
	Database JDBC URL [Connecting through datasource 'HikariDataSource (HikariPool-3)']
	Database driver: undefined/unknown
	Database version: 8.0.34
	Autocommit mode: undefined/unknown
	Isolation level: undefined/unknown
	Minimum pool size: undefined/unknown
	Maximum pool size: undefined/unknown
2025-10-29T03:10:35.148-05:00  INFO 9244 --- [user-service] [restartedMain] o.h.e.t.j.p.i.JtaPlatformInitiator       : HHH000489: No JTA platform available (set 'hibernate.transaction.jta.platform' to enable JTA platform integration)
2025-10-29T03:10:35.148-05:00  INFO 9244 --- [user-service] [restartedMain] j.LocalContainerEntityManagerFactoryBean : Initialized JPA EntityManagerFactory for persistence unit 'default'
2025-10-29T03:10:35.354-05:00  WARN 9244 --- [user-service] [restartedMain] JpaBaseConfiguration$JpaWebConfiguration : spring.jpa.open-in-view is enabled by default. Therefore, database queries may be performed during view rendering. Explicitly configure spring.jpa.open-in-view to disable this warning
2025-10-29T03:10:35.705-05:00  INFO 9244 --- [user-service] [restartedMain] o.s.b.a.e.web.EndpointLinksResolver      : Exposing 18 endpoints beneath base path '/actuator'
2025-10-29T03:10:35.925-05:00  WARN 9244 --- [user-service] [restartedMain] o.s.b.d.a.OptionalLiveReloadServer       : Unable to start LiveReload server
2025-10-29T03:10:35.945-05:00  INFO 9244 --- [user-service] [restartedMain] DiscoveryClientOptionalArgsConfiguration : Eureka HTTP Client uses RestTemplate.
2025-10-29T03:10:35.966-05:00  WARN 9244 --- [user-service] [restartedMain] iguration$LoadBalancerCaffeineWarnLogger : Spring Cloud LoadBalancer is currently working with the default cache. While this cache implementation is useful for development and tests, it's recommended to use Caffeine cache in production.You can switch to using Caffeine cache, by adding it and org.springframework.cache.caffeine.CaffeineCacheManager to the classpath.
2025-10-29T03:10:36.012-05:00  INFO 9244 --- [user-service] [restartedMain] o.s.b.w.embedded.tomcat.TomcatWebServer  : Tomcat started on port 57834 (http) with context path '/'
2025-10-29T03:10:36.012-05:00  INFO 9244 --- [user-service] [restartedMain] .s.c.n.e.s.EurekaAutoServiceRegistration : Updating port to 57834
2025-10-29T03:10:36.015-05:00  INFO 9244 --- [user-service] [restartedMain] o.s.c.n.eureka.InstanceInfoFactory       : Setting initial instance status as: STARTING
2025-10-29T03:10:36.019-05:00  INFO 9244 --- [user-service] [restartedMain] com.netflix.discovery.DiscoveryClient    : Initializing Eureka in region us-east-1
2025-10-29T03:10:36.019-05:00  INFO 9244 --- [user-service] [restartedMain] c.n.d.s.r.aws.ConfigClusterResolver      : Resolving eureka endpoints via configuration
2025-10-29T03:10:36.019-05:00  INFO 9244 --- [user-service] [restartedMain] com.netflix.discovery.DiscoveryClient    : Disable delta property : false
2025-10-29T03:10:36.019-05:00  INFO 9244 --- [user-service] [restartedMain] com.netflix.discovery.DiscoveryClient    : Single vip registry refresh property : null
2025-10-29T03:10:36.020-05:00  INFO 9244 --- [user-service] [restartedMain] com.netflix.discovery.DiscoveryClient    : Force full registry fetch : false
2025-10-29T03:10:36.020-05:00  INFO 9244 --- [user-service] [restartedMain] com.netflix.discovery.DiscoveryClient    : Application is null : false
2025-10-29T03:10:36.020-05:00  INFO 9244 --- [user-service] [restartedMain] com.netflix.discovery.DiscoveryClient    : Registered Applications size is zero : true
2025-10-29T03:10:36.020-05:00  INFO 9244 --- [user-service] [restartedMain] com.netflix.discovery.DiscoveryClient    : Application version is -1: true
2025-10-29T03:10:36.020-05:00  INFO 9244 --- [user-service] [restartedMain] com.netflix.discovery.DiscoveryClient    : Getting all instance registry info from the eureka server
2025-10-29T03:10:36.052-05:00  INFO 9244 --- [user-service] [restartedMain] com.netflix.discovery.DiscoveryClient    : The response status is 200
2025-10-29T03:10:36.052-05:00  INFO 9244 --- [user-service] [restartedMain] com.netflix.discovery.DiscoveryClient    : Starting heartbeat executor: renew interval is: 30
2025-10-29T03:10:36.053-05:00  INFO 9244 --- [user-service] [restartedMain] c.n.discovery.InstanceInfoReplicator     : InstanceInfoReplicator onDemand update allowed rate per min is 4
2025-10-29T03:10:36.053-05:00  INFO 9244 --- [user-service] [restartedMain] com.netflix.discovery.DiscoveryClient    : Discovery Client initialized at timestamp 1761725436053 with initial instances count: 6
2025-10-29T03:10:36.055-05:00  INFO 9244 --- [user-service] [restartedMain] o.s.c.n.e.s.EurekaServiceRegistry        : Registering application USER-SERVICE with eureka with status UP
2025-10-29T03:10:36.055-05:00  INFO 9244 --- [user-service] [restartedMain] com.netflix.discovery.DiscoveryClient    : Saw local status change event StatusChangeEvent [timestamp=1761725436055, current=UP, previous=STARTING]
2025-10-29T03:10:36.056-05:00  INFO 9244 --- [user-service] [DiscoveryClient-InstanceInfoReplicator-%d] com.netflix.discovery.DiscoveryClient    : DiscoveryClient_USER-SERVICE/user-service:765966670da8cec013c897c227736713: registering service...
2025-10-29T03:10:36.067-05:00  INFO 9244 --- [user-service] [DiscoveryClient-InstanceInfoReplicator-%d] com.netflix.discovery.DiscoveryClient    : DiscoveryClient_USER-SERVICE/user-service:765966670da8cec013c897c227736713 - registration status: 204
2025-10-29T03:10:36.073-05:00  INFO 9244 --- [user-service] [restartedMain] org.cibertec.UserServiceApplication      : Started UserServiceApplication in 2.379 seconds (process running for 1569.598)
2025-10-29T03:10:36.075-05:00  INFO 9244 --- [user-service] [restartedMain] .ConditionEvaluationDeltaLoggingListener : Condition evaluation unchanged
2025-10-29T03:15:36.034-05:00  INFO 9244 --- [user-service] [AsyncResolver-bootstrap-executor-%d] c.n.d.s.r.aws.ConfigClusterResolver      : Resolving eureka endpoints via configuration
2025-10-29T03:20:01.248-05:00  INFO 9244 --- [user-service] [RMI TCP Connection(56)-127.0.0.1] inMXBeanRegistrar$SpringApplicationAdmin : Application shutdown requested.
2025-10-29T03:20:01.249-05:00  INFO 9244 --- [user-service] [RMI TCP Connection(56)-127.0.0.1] o.s.c.n.e.s.EurekaServiceRegistry        : Unregistering application USER-SERVICE with eureka with status DOWN
2025-10-29T03:20:01.249-05:00  INFO 9244 --- [user-service] [RMI TCP Connection(56)-127.0.0.1] com.netflix.discovery.DiscoveryClient    : Saw local status change event StatusChangeEvent [timestamp=1761726001249, current=DOWN, previous=UP]
2025-10-29T03:20:01.249-05:00  INFO 9244 --- [user-service] [DiscoveryClient-InstanceInfoReplicator-%d] com.netflix.discovery.DiscoveryClient    : DiscoveryClient_USER-SERVICE/user-service:765966670da8cec013c897c227736713: registering service...
2025-10-29T03:20:01.250-05:00  INFO 9244 --- [user-service] [RMI TCP Connection(56)-127.0.0.1] o.s.b.w.e.tomcat.GracefulShutdown        : Commencing graceful shutdown. Waiting for active requests to complete
2025-10-29T03:20:01.259-05:00  INFO 9244 --- [user-service] [tomcat-shutdown] o.s.b.w.e.tomcat.GracefulShutdown        : Graceful shutdown complete
2025-10-29T03:20:01.264-05:00  INFO 9244 --- [user-service] [DiscoveryClient-InstanceInfoReplicator-%d] c.n.d.s.t.d.RedirectingEurekaHttpClient  : Request execution error. endpoint=DefaultEndpoint{ serviceUrl='http://localhost:8761/eureka/} exception=I/O error on POST request for "http://localhost:8761/eureka/apps/USER-SERVICE": Connect to http://localhost:8761 [localhost/127.0.0.1, localhost/0:0:0:0:0:0:0:1] failed: Connection refused: getsockopt stacktrace=org.springframework.web.client.ResourceAccessException: I/O error on POST request for "http://localhost:8761/eureka/apps/USER-SERVICE": Connect to http://localhost:8761 [localhost/127.0.0.1, localhost/0:0:0:0:0:0:0:1] failed: Connection refused: getsockopt
	at org.springframework.web.client.RestTemplate.createResourceAccessException(RestTemplate.java:926)
	at org.springframework.web.client.RestTemplate.doExecute(RestTemplate.java:906)
	at org.springframework.web.client.RestTemplate.execute(RestTemplate.java:841)
	at org.springframework.web.client.RestTemplate.exchange(RestTemplate.java:702)
	at org.springframework.cloud.netflix.eureka.http.RestTemplateEurekaHttpClient.register(RestTemplateEurekaHttpClient.java:87)
	at com.netflix.discovery.shared.transport.decorator.EurekaHttpClientDecorator$1.execute(EurekaHttpClientDecorator.java:59)
	at com.netflix.discovery.shared.transport.decorator.RedirectingEurekaHttpClient.execute(RedirectingEurekaHttpClient.java:91)
	at com.netflix.discovery.shared.transport.decorator.EurekaHttpClientDecorator.register(EurekaHttpClientDecorator.java:56)
	at com.netflix.discovery.shared.transport.decorator.EurekaHttpClientDecorator$1.execute(EurekaHttpClientDecorator.java:59)
	at com.netflix.discovery.shared.transport.decorator.RetryableEurekaHttpClient.execute(RetryableEurekaHttpClient.java:120)
	at com.netflix.discovery.shared.transport.decorator.EurekaHttpClientDecorator.register(EurekaHttpClientDecorator.java:56)
	at com.netflix.discovery.shared.transport.decorator.EurekaHttpClientDecorator$1.execute(EurekaHttpClientDecorator.java:59)
	at com.netflix.discovery.shared.transport.decorator.SessionedEurekaHttpClient.execute(SessionedEurekaHttpClient.java:76)
	at com.netflix.discovery.shared.transport.decorator.EurekaHttpClientDecorator.register(EurekaHttpClientDecorator.java:56)
	at com.netflix.discovery.DiscoveryClient.register(DiscoveryClient.java:828)
	at com.netflix.discovery.InstanceInfoReplicator.run(InstanceInfoReplicator.java:125)
	at com.netflix.discovery.InstanceInfoReplicator$2.run(InstanceInfoReplicator.java:105)
	at java.base/java.util.concurrent.Executors$RunnableAdapter.call(Executors.java:572)
	at java.base/java.util.concurrent.FutureTask.run(FutureTask.java:317)
	at java.base/java.util.concurrent.ScheduledThreadPoolExecutor$ScheduledFutureTask.run(ScheduledThreadPoolExecutor.java:304)
	at java.base/java.util.concurrent.ThreadPoolExecutor.runWorker(ThreadPoolExecutor.java:1144)
	at java.base/java.util.concurrent.ThreadPoolExecutor$Worker.run(ThreadPoolExecutor.java:642)
	at java.base/java.lang.Thread.run(Thread.java:1583)
Caused by: org.apache.hc.client5.http.HttpHostConnectException: Connect to http://localhost:8761 [localhost/127.0.0.1, localhost/0:0:0:0:0:0:0:1] failed: Connection refused: getsockopt
	at java.base/sun.nio.ch.Net.pollConnect(Native Method)
	at java.base/sun.nio.ch.Net.pollConnectNow(Net.java:682)
	at java.base/sun.nio.ch.NioSocketImpl.timedFinishConnect(NioSocketImpl.java:542)
	at java.base/sun.nio.ch.NioSocketImpl.connect(NioSocketImpl.java:592)
	at java.base/java.net.SocksSocketImpl.connect(SocksSocketImpl.java:327)
	at java.base/java.net.Socket.connect(Socket.java:751)
	at org.apache.hc.client5.http.impl.io.DefaultHttpClientConnectionOperator.connect(DefaultHttpClientConnectionOperator.java:216)
	at org.apache.hc.client5.http.impl.io.PoolingHttpClientConnectionManager.connect(PoolingHttpClientConnectionManager.java:490)
	at org.apache.hc.client5.http.impl.classic.InternalExecRuntime.connectEndpoint(InternalExecRuntime.java:164)
	at org.apache.hc.client5.http.impl.classic.InternalExecRuntime.connectEndpoint(InternalExecRuntime.java:174)
	at org.apache.hc.client5.http.impl.classic.ConnectExec.execute(ConnectExec.java:144)
	at org.apache.hc.client5.http.impl.classic.ExecChainElement.execute(ExecChainElement.java:51)
	at org.apache.hc.client5.http.impl.classic.ProtocolExec.execute(ProtocolExec.java:192)
	at org.apache.hc.client5.http.impl.classic.ExecChainElement.execute(ExecChainElement.java:51)
	at org.apache.hc.client5.http.impl.classic.ContentCompressionExec.execute(ContentCompressionExec.java:150)
	at org.apache.hc.client5.http.impl.classic.ExecChainElement.execute(ExecChainElement.java:51)
	at org.apache.hc.client5.http.impl.classic.HttpRequestRetryExec.execute(HttpRequestRetryExec.java:113)
	at org.apache.hc.client5.http.impl.classic.ExecChainElement.execute(ExecChainElement.java:51)
	at org.apache.hc.client5.http.impl.classic.RedirectExec.execute(RedirectExec.java:110)
	at org.apache.hc.client5.http.impl.classic.ExecChainElement.execute(ExecChainElement.java:51)
	at org.apache.hc.client5.http.impl.classic.InternalHttpClient.doExecute(InternalHttpClient.java:183)
	at org.apache.hc.client5.http.impl.classic.CloseableHttpClient.execute(CloseableHttpClient.java:87)
	at org.apache.hc.client5.http.impl.classic.CloseableHttpClient.execute(CloseableHttpClient.java:55)
	at org.apache.hc.client5.http.classic.HttpClient.executeOpen(HttpClient.java:183)
	at org.springframework.http.client.HttpComponentsClientHttpRequest.executeInternal(HttpComponentsClientHttpRequest.java:99)
	at org.springframework.http.client.AbstractStreamingClientHttpRequest.executeInternal(AbstractStreamingClientHttpRequest.java:71)
	at org.springframework.http.client.AbstractClientHttpRequest.execute(AbstractClientHttpRequest.java:81)
	at org.springframework.http.client.InterceptingClientHttpRequest$InterceptingRequestExecution.execute(InterceptingClientHttpRequest.java:117)
	at org.springframework.cloud.netflix.eureka.http.RestTemplateTransportClientFactory.lambda$restTemplate$3(RestTemplateTransportClientFactory.java:141)
	at org.springframework.http.client.InterceptingClientHttpRequest$InterceptingRequestExecution.execute(InterceptingClientHttpRequest.java:88)
	at org.springframework.http.client.InterceptingClientHttpRequest.executeInternal(InterceptingClientHttpRequest.java:72)
	at org.springframework.http.client.AbstractBufferingClientHttpRequest.executeInternal(AbstractBufferingClientHttpRequest.java:48)
	at org.springframework.http.client.AbstractClientHttpRequest.execute(AbstractClientHttpRequest.java:81)
	at org.springframework.web.client.RestTemplate.doExecute(RestTemplate.java:900)
	... 21 more

2025-10-29T03:20:01.264-05:00  WARN 9244 --- [user-service] [DiscoveryClient-InstanceInfoReplicator-%d] c.n.d.s.t.d.RetryableEurekaHttpClient    : Request execution failed with message: I/O error on POST request for "http://localhost:8761/eureka/apps/USER-SERVICE": Connect to http://localhost:8761 [localhost/127.0.0.1, localhost/0:0:0:0:0:0:0:1] failed: Connection refused: getsockopt
2025-10-29T03:20:01.265-05:00  INFO 9244 --- [user-service] [RMI TCP Connection(56)-127.0.0.1] j.LocalContainerEntityManagerFactoryBean : Closing JPA EntityManagerFactory for persistence unit 'default'
2025-10-29T03:20:01.266-05:00  INFO 9244 --- [user-service] [RMI TCP Connection(56)-127.0.0.1] com.zaxxer.hikari.HikariDataSource       : HikariPool-3 - Shutdown initiated...
2025-10-29T03:20:01.276-05:00  INFO 9244 --- [user-service] [DiscoveryClient-InstanceInfoReplicator-%d] c.n.d.s.t.d.RedirectingEurekaHttpClient  : Request execution error. endpoint=DefaultEndpoint{ serviceUrl='http://localhost:8761/eureka/}, exception=I/O error on POST request for "http://localhost:8761/eureka/apps/USER-SERVICE": Connect to http://localhost:8761 [localhost/127.0.0.1, localhost/0:0:0:0:0:0:0:1] failed: Connection refused: getsockopt stacktrace=org.springframework.web.client.ResourceAccessException: I/O error on POST request for "http://localhost:8761/eureka/apps/USER-SERVICE": Connect to http://localhost:8761 [localhost/127.0.0.1, localhost/0:0:0:0:0:0:0:1] failed: Connection refused: getsockopt
	at org.springframework.web.client.RestTemplate.createResourceAccessException(RestTemplate.java:926)
	at org.springframework.web.client.RestTemplate.doExecute(RestTemplate.java:906)
	at org.springframework.web.client.RestTemplate.execute(RestTemplate.java:841)
	at org.springframework.web.client.RestTemplate.exchange(RestTemplate.java:702)
	at org.springframework.cloud.netflix.eureka.http.RestTemplateEurekaHttpClient.register(RestTemplateEurekaHttpClient.java:87)
	at com.netflix.discovery.shared.transport.decorator.EurekaHttpClientDecorator$1.execute(EurekaHttpClientDecorator.java:59)
	at com.netflix.discovery.shared.transport.decorator.RedirectingEurekaHttpClient.executeOnNewServer(RedirectingEurekaHttpClient.java:121)
	at com.netflix.discovery.shared.transport.decorator.RedirectingEurekaHttpClient.execute(RedirectingEurekaHttpClient.java:80)
	at com.netflix.discovery.shared.transport.decorator.EurekaHttpClientDecorator.register(EurekaHttpClientDecorator.java:56)
	at com.netflix.discovery.shared.transport.decorator.EurekaHttpClientDecorator$1.execute(EurekaHttpClientDecorator.java:59)
	at com.netflix.discovery.shared.transport.decorator.RetryableEurekaHttpClient.execute(RetryableEurekaHttpClient.java:120)
	at com.netflix.discovery.shared.transport.decorator.EurekaHttpClientDecorator.register(EurekaHttpClientDecorator.java:56)
	at com.netflix.discovery.shared.transport.decorator.EurekaHttpClientDecorator$1.execute(EurekaHttpClientDecorator.java:59)
	at com.netflix.discovery.shared.transport.decorator.SessionedEurekaHttpClient.execute(SessionedEurekaHttpClient.java:76)
	at com.netflix.discovery.shared.transport.decorator.EurekaHttpClientDecorator.register(EurekaHttpClientDecorator.java:56)
	at com.netflix.discovery.DiscoveryClient.register(DiscoveryClient.java:828)
	at com.netflix.discovery.InstanceInfoReplicator.run(InstanceInfoReplicator.java:125)
	at com.netflix.discovery.InstanceInfoReplicator$2.run(InstanceInfoReplicator.java:105)
	at java.base/java.util.concurrent.Executors$RunnableAdapter.call(Executors.java:572)
	at java.base/java.util.concurrent.FutureTask.run(FutureTask.java:317)
	at java.base/java.util.concurrent.ScheduledThreadPoolExecutor$ScheduledFutureTask.run(ScheduledThreadPoolExecutor.java:304)
	at java.base/java.util.concurrent.ThreadPoolExecutor.runWorker(ThreadPoolExecutor.java:1144)
	at java.base/java.util.concurrent.ThreadPoolExecutor$Worker.run(ThreadPoolExecutor.java:642)
	at java.base/java.lang.Thread.run(Thread.java:1583)
Caused by: org.apache.hc.client5.http.HttpHostConnectException: Connect to http://localhost:8761 [localhost/127.0.0.1, localhost/0:0:0:0:0:0:0:1] failed: Connection refused: getsockopt
	at java.base/sun.nio.ch.Net.pollConnect(Native Method)
	at java.base/sun.nio.ch.Net.pollConnectNow(Net.java:682)
	at java.base/sun.nio.ch.NioSocketImpl.timedFinishConnect(NioSocketImpl.java:542)
	at java.base/sun.nio.ch.NioSocketImpl.connect(NioSocketImpl.java:592)
	at java.base/java.net.SocksSocketImpl.connect(SocksSocketImpl.java:327)
	at java.base/java.net.Socket.connect(Socket.java:751)
	at org.apache.hc.client5.http.impl.io.DefaultHttpClientConnectionOperator.connect(DefaultHttpClientConnectionOperator.java:216)
	at org.apache.hc.client5.http.impl.io.PoolingHttpClientConnectionManager.connect(PoolingHttpClientConnectionManager.java:490)
	at org.apache.hc.client5.http.impl.classic.InternalExecRuntime.connectEndpoint(InternalExecRuntime.java:164)
	at org.apache.hc.client5.http.impl.classic.InternalExecRuntime.connectEndpoint(InternalExecRuntime.java:174)
	at org.apache.hc.client5.http.impl.classic.ConnectExec.execute(ConnectExec.java:144)
	at org.apache.hc.client5.http.impl.classic.ExecChainElement.execute(ExecChainElement.java:51)
	at org.apache.hc.client5.http.impl.classic.ProtocolExec.execute(ProtocolExec.java:192)
	at org.apache.hc.client5.http.impl.classic.ExecChainElement.execute(ExecChainElement.java:51)
	at org.apache.hc.client5.http.impl.classic.ContentCompressionExec.execute(ContentCompressionExec.java:150)
	at org.apache.hc.client5.http.impl.classic.ExecChainElement.execute(ExecChainElement.java:51)
	at org.apache.hc.client5.http.impl.classic.HttpRequestRetryExec.execute(HttpRequestRetryExec.java:113)
	at org.apache.hc.client5.http.impl.classic.ExecChainElement.execute(ExecChainElement.java:51)
	at org.apache.hc.client5.http.impl.classic.RedirectExec.execute(RedirectExec.java:110)
	at org.apache.hc.client5.http.impl.classic.ExecChainElement.execute(ExecChainElement.java:51)
	at org.apache.hc.client5.http.impl.classic.InternalHttpClient.doExecute(InternalHttpClient.java:183)
	at org.apache.hc.client5.http.impl.classic.CloseableHttpClient.execute(CloseableHttpClient.java:87)
	at org.apache.hc.client5.http.impl.classic.CloseableHttpClient.execute(CloseableHttpClient.java:55)
	at org.apache.hc.client5.http.classic.HttpClient.executeOpen(HttpClient.java:183)
	at org.springframework.http.client.HttpComponentsClientHttpRequest.executeInternal(HttpComponentsClientHttpRequest.java:99)
	at org.springframework.http.client.AbstractStreamingClientHttpRequest.executeInternal(AbstractStreamingClientHttpRequest.java:71)
	at org.springframework.http.client.AbstractClientHttpRequest.execute(AbstractClientHttpRequest.java:81)
	at org.springframework.http.client.InterceptingClientHttpRequest$InterceptingRequestExecution.execute(InterceptingClientHttpRequest.java:117)
	at org.springframework.cloud.netflix.eureka.http.RestTemplateTransportClientFactory.lambda$restTemplate$3(RestTemplateTransportClientFactory.java:141)
	at org.springframework.http.client.InterceptingClientHttpRequest$InterceptingRequestExecution.execute(InterceptingClientHttpRequest.java:88)
	at org.springframework.http.client.InterceptingClientHttpRequest.executeInternal(InterceptingClientHttpRequest.java:72)
	at org.springframework.http.client.AbstractBufferingClientHttpRequest.executeInternal(AbstractBufferingClientHttpRequest.java:48)
	at org.springframework.http.client.AbstractClientHttpRequest.execute(AbstractClientHttpRequest.java:81)
	at org.springframework.web.client.RestTemplate.doExecute(RestTemplate.java:900)
	... 22 more

2025-10-29T03:20:01.277-05:00  WARN 9244 --- [user-service] [DiscoveryClient-InstanceInfoReplicator-%d] c.n.d.s.t.d.RetryableEurekaHttpClient    : Request execution failed with message: I/O error on POST request for "http://localhost:8761/eureka/apps/USER-SERVICE": Connect to http://localhost:8761 [localhost/127.0.0.1, localhost/0:0:0:0:0:0:0:1] failed: Connection refused: getsockopt
2025-10-29T03:20:01.277-05:00  INFO 9244 --- [user-service] [RMI TCP Connection(56)-127.0.0.1] com.zaxxer.hikari.HikariDataSource       : HikariPool-3 - Shutdown completed.
2025-10-29T03:20:01.278-05:00  INFO 9244 --- [user-service] [RMI TCP Connection(56)-127.0.0.1] com.netflix.discovery.DiscoveryClient    : Shutting down DiscoveryClient ...
2025-10-29T03:20:01.277-05:00  WARN 9244 --- [user-service] [DiscoveryClient-InstanceInfoReplicator-%d] com.netflix.discovery.DiscoveryClient    : DiscoveryClient_USER-SERVICE/user-service:765966670da8cec013c897c227736713 - registration failed Cannot execute request on any known server

com.netflix.discovery.shared.transport.TransportException: Cannot execute request on any known server
	at com.netflix.discovery.shared.transport.decorator.RetryableEurekaHttpClient.execute(RetryableEurekaHttpClient.java:112) ~[eureka-client-2.0.4.jar:2.0.4]
	at com.netflix.discovery.shared.transport.decorator.EurekaHttpClientDecorator.register(EurekaHttpClientDecorator.java:56) ~[eureka-client-2.0.4.jar:2.0.4]
	at com.netflix.discovery.shared.transport.decorator.EurekaHttpClientDecorator$1.execute(EurekaHttpClientDecorator.java:59) ~[eureka-client-2.0.4.jar:2.0.4]
	at com.netflix.discovery.shared.transport.decorator.SessionedEurekaHttpClient.execute(SessionedEurekaHttpClient.java:76) ~[eureka-client-2.0.4.jar:2.0.4]
	at com.netflix.discovery.shared.transport.decorator.EurekaHttpClientDecorator.register(EurekaHttpClientDecorator.java:56) ~[eureka-client-2.0.4.jar:2.0.4]
	at com.netflix.discovery.DiscoveryClient.register(DiscoveryClient.java:828) ~[eureka-client-2.0.4.jar:2.0.4]
	at com.netflix.discovery.InstanceInfoReplicator.run(InstanceInfoReplicator.java:125) ~[eureka-client-2.0.4.jar:2.0.4]
	at com.netflix.discovery.InstanceInfoReplicator$2.run(InstanceInfoReplicator.java:105) ~[eureka-client-2.0.4.jar:2.0.4]
	at java.base/java.util.concurrent.Executors$RunnableAdapter.call(Executors.java:572) ~[na:na]
	at java.base/java.util.concurrent.FutureTask.run(FutureTask.java:317) ~[na:na]
	at java.base/java.util.concurrent.ScheduledThreadPoolExecutor$ScheduledFutureTask.run(ScheduledThreadPoolExecutor.java:304) ~[na:na]
	at java.base/java.util.concurrent.ThreadPoolExecutor.runWorker(ThreadPoolExecutor.java:1144) ~[na:na]
	at java.base/java.util.concurrent.ThreadPoolExecutor$Worker.run(ThreadPoolExecutor.java:642) ~[na:na]
	at java.base/java.lang.Thread.run(Thread.java:1583) ~[na:na]

2025-10-29T03:20:01.286-05:00  WARN 9244 --- [user-service] [DiscoveryClient-InstanceInfoReplicator-%d] c.n.discovery.InstanceInfoReplicator     : There was a problem with the instance info replicator

com.netflix.discovery.shared.transport.TransportException: Cannot execute request on any known server
	at com.netflix.discovery.shared.transport.decorator.RetryableEurekaHttpClient.execute(RetryableEurekaHttpClient.java:112) ~[eureka-client-2.0.4.jar:2.0.4]
	at com.netflix.discovery.shared.transport.decorator.EurekaHttpClientDecorator.register(EurekaHttpClientDecorator.java:56) ~[eureka-client-2.0.4.jar:2.0.4]
	at com.netflix.discovery.shared.transport.decorator.EurekaHttpClientDecorator$1.execute(EurekaHttpClientDecorator.java:59) ~[eureka-client-2.0.4.jar:2.0.4]
	at com.netflix.discovery.shared.transport.decorator.SessionedEurekaHttpClient.execute(SessionedEurekaHttpClient.java:76) ~[eureka-client-2.0.4.jar:2.0.4]
	at com.netflix.discovery.shared.transport.decorator.EurekaHttpClientDecorator.register(EurekaHttpClientDecorator.java:56) ~[eureka-client-2.0.4.jar:2.0.4]
	at com.netflix.discovery.DiscoveryClient.register(DiscoveryClient.java:828) ~[eureka-client-2.0.4.jar:2.0.4]
	at com.netflix.discovery.InstanceInfoReplicator.run(InstanceInfoReplicator.java:125) ~[eureka-client-2.0.4.jar:2.0.4]
	at com.netflix.discovery.InstanceInfoReplicator$2.run(InstanceInfoReplicator.java:105) ~[eureka-client-2.0.4.jar:2.0.4]
	at java.base/java.util.concurrent.Executors$RunnableAdapter.call(Executors.java:572) ~[na:na]
	at java.base/java.util.concurrent.FutureTask.run(FutureTask.java:317) ~[na:na]
	at java.base/java.util.concurrent.ScheduledThreadPoolExecutor$ScheduledFutureTask.run(ScheduledThreadPoolExecutor.java:304) ~[na:na]
	at java.base/java.util.concurrent.ThreadPoolExecutor.runWorker(ThreadPoolExecutor.java:1144) ~[na:na]
	at java.base/java.util.concurrent.ThreadPoolExecutor$Worker.run(ThreadPoolExecutor.java:642) ~[na:na]
	at java.base/java.lang.Thread.run(Thread.java:1583) ~[na:na]

2025-10-29T03:20:01.288-05:00  INFO 9244 --- [user-service] [RMI TCP Connection(56)-127.0.0.1] com.netflix.discovery.DiscoveryClient    : Unregistering ...
2025-10-29T03:20:01.295-05:00  INFO 9244 --- [user-service] [RMI TCP Connection(56)-127.0.0.1] c.n.d.s.t.d.RedirectingEurekaHttpClient  : Request execution error. endpoint=DefaultEndpoint{ serviceUrl='http://localhost:8761/eureka/}, exception=I/O error on DELETE request for "http://localhost:8761/eureka/apps/USER-SERVICE/user-service:765966670da8cec013c897c227736713": Connect to http://localhost:8761 [localhost/127.0.0.1, localhost/0:0:0:0:0:0:0:1] failed: Connection refused: getsockopt stacktrace=org.springframework.web.client.ResourceAccessException: I/O error on DELETE request for "http://localhost:8761/eureka/apps/USER-SERVICE/user-service:765966670da8cec013c897c227736713": Connect to http://localhost:8761 [localhost/127.0.0.1, localhost/0:0:0:0:0:0:0:1] failed: Connection refused: getsockopt
	at org.springframework.web.client.RestTemplate.createResourceAccessException(RestTemplate.java:926)
	at org.springframework.web.client.RestTemplate.doExecute(RestTemplate.java:906)
	at org.springframework.web.client.RestTemplate.execute(RestTemplate.java:841)
	at org.springframework.web.client.RestTemplate.exchange(RestTemplate.java:702)
	at org.springframework.cloud.netflix.eureka.http.RestTemplateEurekaHttpClient.cancel(RestTemplateEurekaHttpClient.java:100)
	at com.netflix.discovery.shared.transport.decorator.EurekaHttpClientDecorator$2.execute(EurekaHttpClientDecorator.java:74)
	at com.netflix.discovery.shared.transport.decorator.RedirectingEurekaHttpClient.executeOnNewServer(RedirectingEurekaHttpClient.java:121)
	at com.netflix.discovery.shared.transport.decorator.RedirectingEurekaHttpClient.execute(RedirectingEurekaHttpClient.java:80)
	at com.netflix.discovery.shared.transport.decorator.EurekaHttpClientDecorator.cancel(EurekaHttpClientDecorator.java:71)
	at com.netflix.discovery.shared.transport.decorator.EurekaHttpClientDecorator$2.execute(EurekaHttpClientDecorator.java:74)
	at com.netflix.discovery.shared.transport.decorator.RetryableEurekaHttpClient.execute(RetryableEurekaHttpClient.java:120)
	at com.netflix.discovery.shared.transport.decorator.EurekaHttpClientDecorator.cancel(EurekaHttpClientDecorator.java:71)
	at com.netflix.discovery.shared.transport.decorator.EurekaHttpClientDecorator$2.execute(EurekaHttpClientDecorator.java:74)
	at com.netflix.discovery.shared.transport.decorator.SessionedEurekaHttpClient.execute(SessionedEurekaHttpClient.java:76)
	at com.netflix.discovery.shared.transport.decorator.EurekaHttpClientDecorator.cancel(EurekaHttpClientDecorator.java:71)
	at com.netflix.discovery.DiscoveryClient.unregister(DiscoveryClient.java:919)
	at com.netflix.discovery.DiscoveryClient.shutdown(DiscoveryClient.java:900)
	at java.base/jdk.internal.reflect.DirectMethodHandleAccessor.invoke(DirectMethodHandleAccessor.java:103)
	at java.base/java.lang.reflect.Method.invoke(Method.java:580)
	at org.springframework.beans.factory.annotation.InitDestroyAnnotationBeanPostProcessor$LifecycleMethod.invoke(InitDestroyAnnotationBeanPostProcessor.java:457)
	at org.springframework.beans.factory.annotation.InitDestroyAnnotationBeanPostProcessor$LifecycleMetadata.invokeDestroyMethods(InitDestroyAnnotationBeanPostProcessor.java:415)
	at org.springframework.beans.factory.annotation.InitDestroyAnnotationBeanPostProcessor.postProcessBeforeDestruction(InitDestroyAnnotationBeanPostProcessor.java:239)
	at org.springframework.beans.factory.support.DisposableBeanAdapter.destroy(DisposableBeanAdapter.java:203)
	at org.springframework.beans.factory.support.DisposableBeanAdapter.run(DisposableBeanAdapter.java:196)
	at org.springframework.cloud.context.scope.GenericScope$BeanLifecycleWrapper.destroy(GenericScope.java:389)
	at org.springframework.cloud.context.scope.GenericScope.destroy(GenericScope.java:136)
	at org.springframework.beans.factory.support.DisposableBeanAdapter.destroy(DisposableBeanAdapter.java:212)
	at org.springframework.beans.factory.support.DefaultSingletonBeanRegistry.destroyBean(DefaultSingletonBeanRegistry.java:798)
	at org.springframework.beans.factory.support.DefaultSingletonBeanRegistry.destroySingleton(DefaultSingletonBeanRegistry.java:748)
	at org.springframework.beans.factory.support.DefaultListableBeanFactory.destroySingleton(DefaultListableBeanFactory.java:1489)
	at org.springframework.beans.factory.support.DefaultSingletonBeanRegistry.destroySingletons(DefaultSingletonBeanRegistry.java:707)
	at org.springframework.beans.factory.support.DefaultListableBeanFactory.destroySingletons(DefaultListableBeanFactory.java:1482)
	at org.springframework.context.support.AbstractApplicationContext.destroyBeans(AbstractApplicationContext.java:1219)
	at org.springframework.context.support.AbstractApplicationContext.doClose(AbstractApplicationContext.java:1180)
	at org.springframework.boot.web.servlet.context.ServletWebServerApplicationContext.doClose(ServletWebServerApplicationContext.java:179)
	at org.springframework.context.support.AbstractApplicationContext.close(AbstractApplicationContext.java:1126)
	at org.springframework.boot.admin.SpringApplicationAdminMXBeanRegistrar$SpringApplicationAdmin.shutdown(SpringApplicationAdminMXBeanRegistrar.java:160)
	at java.base/jdk.internal.reflect.DirectMethodHandleAccessor.invoke(DirectMethodHandleAccessor.java:103)
	at java.base/java.lang.reflect.Method.invoke(Method.java:580)
	at sun.reflect.misc.Trampoline.invoke(MethodUtil.java:64)
	at java.base/jdk.internal.reflect.DirectMethodHandleAccessor.invoke(DirectMethodHandleAccessor.java:103)
	at java.base/java.lang.reflect.Method.invoke(Method.java:580)
	at java.base/sun.reflect.misc.MethodUtil.invoke(MethodUtil.java:97)
	at java.management/com.sun.jmx.mbeanserver.ConvertingMethod.invokeWithOpenReturn(ConvertingMethod.java:193)
	at java.management/com.sun.jmx.mbeanserver.ConvertingMethod.invokeWithOpenReturn(ConvertingMethod.java:175)
	at java.management/com.sun.jmx.mbeanserver.MXBeanIntrospector.invokeM2(MXBeanIntrospector.java:115)
	at java.management/com.sun.jmx.mbeanserver.MXBeanIntrospector.invokeM2(MXBeanIntrospector.java:52)
	at java.management/com.sun.jmx.mbeanserver.MBeanIntrospector.invokeM(MBeanIntrospector.java:236)
	at java.management/com.sun.jmx.mbeanserver.PerInterface.invoke(PerInterface.java:138)
	at java.management/com.sun.jmx.mbeanserver.MBeanSupport.invoke(MBeanSupport.java:252)
	at java.management/com.sun.jmx.interceptor.DefaultMBeanServerInterceptor.invoke(DefaultMBeanServerInterceptor.java:803)
	at java.management/com.sun.jmx.mbeanserver.JmxMBeanServer.invoke(JmxMBeanServer.java:802)
	at java.management.rmi/javax.management.remote.rmi.RMIConnectionImpl.doOperation(RMIConnectionImpl.java:1472)
	at java.management.rmi/javax.management.remote.rmi.RMIConnectionImpl$PrivilegedOperation.run(RMIConnectionImpl.java:1310)
	at java.management.rmi/javax.management.remote.rmi.RMIConnectionImpl.doPrivilegedOperation(RMIConnectionImpl.java:1405)
	at java.management.rmi/javax.management.remote.rmi.RMIConnectionImpl.invoke(RMIConnectionImpl.java:829)
	at java.base/jdk.internal.reflect.DirectMethodHandleAccessor.invoke(DirectMethodHandleAccessor.java:103)
	at java.base/java.lang.reflect.Method.invoke(Method.java:580)
	at java.rmi/sun.rmi.server.UnicastServerRef.dispatch(UnicastServerRef.java:360)
	at java.rmi/sun.rmi.transport.Transport$1.run(Transport.java:200)
	at java.rmi/sun.rmi.transport.Transport$1.run(Transport.java:197)
	at java.base/java.security.AccessController.doPrivileged(AccessController.java:714)
	at java.rmi/sun.rmi.transport.Transport.serviceCall(Transport.java:196)
	at java.rmi/sun.rmi.transport.tcp.TCPTransport.handleMessages(TCPTransport.java:598)
	at java.rmi/sun.rmi.transport.tcp.TCPTransport$ConnectionHandler.run0(TCPTransport.java:844)
	at java.rmi/sun.rmi.transport.tcp.TCPTransport$ConnectionHandler.lambda$run$0(TCPTransport.java:721)
	at java.base/java.security.AccessController.doPrivileged(AccessController.java:400)
	at java.rmi/sun.rmi.transport.tcp.TCPTransport$ConnectionHandler.run(TCPTransport.java:720)
	at java.base/java.util.concurrent.ThreadPoolExecutor.runWorker(ThreadPoolExecutor.java:1144)
	at java.base/java.util.concurrent.ThreadPoolExecutor$Worker.run(ThreadPoolExecutor.java:642)
	at java.base/java.lang.Thread.run(Thread.java:1583)
Caused by: org.apache.hc.client5.http.HttpHostConnectException: Connect to http://localhost:8761 [localhost/127.0.0.1, localhost/0:0:0:0:0:0:0:1] failed: Connection refused: getsockopt
	at java.base/sun.nio.ch.Net.pollConnect(Native Method)
	at java.base/sun.nio.ch.Net.pollConnectNow(Net.java:682)
	at java.base/sun.nio.ch.NioSocketImpl.timedFinishConnect(NioSocketImpl.java:542)
	at java.base/sun.nio.ch.NioSocketImpl.connect(NioSocketImpl.java:592)
	at java.base/java.net.SocksSocketImpl.connect(SocksSocketImpl.java:327)
	at java.base/java.net.Socket.connect(Socket.java:751)
	at org.apache.hc.client5.http.impl.io.DefaultHttpClientConnectionOperator.connect(DefaultHttpClientConnectionOperator.java:216)
	at org.apache.hc.client5.http.impl.io.PoolingHttpClientConnectionManager.connect(PoolingHttpClientConnectionManager.java:490)
	at org.apache.hc.client5.http.impl.classic.InternalExecRuntime.connectEndpoint(InternalExecRuntime.java:164)
	at org.apache.hc.client5.http.impl.classic.InternalExecRuntime.connectEndpoint(InternalExecRuntime.java:174)
	at org.apache.hc.client5.http.impl.classic.ConnectExec.execute(ConnectExec.java:144)
	at org.apache.hc.client5.http.impl.classic.ExecChainElement.execute(ExecChainElement.java:51)
	at org.apache.hc.client5.http.impl.classic.ProtocolExec.execute(ProtocolExec.java:192)
	at org.apache.hc.client5.http.impl.classic.ExecChainElement.execute(ExecChainElement.java:51)
	at org.apache.hc.client5.http.impl.classic.ContentCompressionExec.execute(ContentCompressionExec.java:150)
	at org.apache.hc.client5.http.impl.classic.ExecChainElement.execute(ExecChainElement.java:51)
	at org.apache.hc.client5.http.impl.classic.HttpRequestRetryExec.execute(HttpRequestRetryExec.java:113)
	at org.apache.hc.client5.http.impl.classic.ExecChainElement.execute(ExecChainElement.java:51)
	at org.apache.hc.client5.http.impl.classic.RedirectExec.execute(RedirectExec.java:110)
	at org.apache.hc.client5.http.impl.classic.ExecChainElement.execute(ExecChainElement.java:51)
	at org.apache.hc.client5.http.impl.classic.InternalHttpClient.doExecute(InternalHttpClient.java:183)
	at org.apache.hc.client5.http.impl.classic.CloseableHttpClient.execute(CloseableHttpClient.java:87)
	at org.apache.hc.client5.http.impl.classic.CloseableHttpClient.execute(CloseableHttpClient.java:55)
	at org.apache.hc.client5.http.classic.HttpClient.executeOpen(HttpClient.java:183)
	at org.springframework.http.client.HttpComponentsClientHttpRequest.executeInternal(HttpComponentsClientHttpRequest.java:99)
	at org.springframework.http.client.AbstractStreamingClientHttpRequest.executeInternal(AbstractStreamingClientHttpRequest.java:71)
	at org.springframework.http.client.AbstractClientHttpRequest.execute(AbstractClientHttpRequest.java:81)
	at org.springframework.http.client.InterceptingClientHttpRequest$InterceptingRequestExecution.execute(InterceptingClientHttpRequest.java:117)
	at org.springframework.cloud.netflix.eureka.http.RestTemplateTransportClientFactory.lambda$restTemplate$3(RestTemplateTransportClientFactory.java:141)
	at org.springframework.http.client.InterceptingClientHttpRequest$InterceptingRequestExecution.execute(InterceptingClientHttpRequest.java:88)
	at org.springframework.http.client.InterceptingClientHttpRequest.executeInternal(InterceptingClientHttpRequest.java:72)
	at org.springframework.http.client.AbstractBufferingClientHttpRequest.executeInternal(AbstractBufferingClientHttpRequest.java:48)
	at org.springframework.http.client.AbstractClientHttpRequest.execute(AbstractClientHttpRequest.java:81)
	at org.springframework.web.client.RestTemplate.doExecute(RestTemplate.java:900)
	... 69 more

2025-10-29T03:20:01.296-05:00  WARN 9244 --- [user-service] [RMI TCP Connection(56)-127.0.0.1] c.n.d.s.t.d.RetryableEurekaHttpClient    : Request execution failed with message: I/O error on DELETE request for "http://localhost:8761/eureka/apps/USER-SERVICE/user-service:765966670da8cec013c897c227736713": Connect to http://localhost:8761 [localhost/127.0.0.1, localhost/0:0:0:0:0:0:0:1] failed: Connection refused: getsockopt
2025-10-29T03:20:01.296-05:00 ERROR 9244 --- [user-service] [RMI TCP Connection(56)-127.0.0.1] com.netflix.discovery.DiscoveryClient    : DiscoveryClient_USER-SERVICE/user-service:765966670da8cec013c897c227736713 - de-registration failedCannot execute request on any known server

com.netflix.discovery.shared.transport.TransportException: Cannot execute request on any known server
	at com.netflix.discovery.shared.transport.decorator.RetryableEurekaHttpClient.execute(RetryableEurekaHttpClient.java:112) ~[eureka-client-2.0.4.jar:2.0.4]
	at com.netflix.discovery.shared.transport.decorator.EurekaHttpClientDecorator.cancel(EurekaHttpClientDecorator.java:71) ~[eureka-client-2.0.4.jar:2.0.4]
	at com.netflix.discovery.shared.transport.decorator.EurekaHttpClientDecorator$2.execute(EurekaHttpClientDecorator.java:74) ~[eureka-client-2.0.4.jar:2.0.4]
	at com.netflix.discovery.shared.transport.decorator.SessionedEurekaHttpClient.execute(SessionedEurekaHttpClient.java:76) ~[eureka-client-2.0.4.jar:2.0.4]
	at com.netflix.discovery.shared.transport.decorator.EurekaHttpClientDecorator.cancel(EurekaHttpClientDecorator.java:71) ~[eureka-client-2.0.4.jar:2.0.4]
	at com.netflix.discovery.DiscoveryClient.unregister(DiscoveryClient.java:919) ~[eureka-client-2.0.4.jar:2.0.4]
	at com.netflix.discovery.DiscoveryClient.shutdown(DiscoveryClient.java:900) ~[eureka-client-2.0.4.jar:2.0.4]
	at java.base/jdk.internal.reflect.DirectMethodHandleAccessor.invoke(DirectMethodHandleAccessor.java:103) ~[na:na]
	at java.base/java.lang.reflect.Method.invoke(Method.java:580) ~[na:na]
	at org.springframework.beans.factory.annotation.InitDestroyAnnotationBeanPostProcessor$LifecycleMethod.invoke(InitDestroyAnnotationBeanPostProcessor.java:457) ~[spring-beans-6.2.11.jar:6.2.11]
	at org.springframework.beans.factory.annotation.InitDestroyAnnotationBeanPostProcessor$LifecycleMetadata.invokeDestroyMethods(InitDestroyAnnotationBeanPostProcessor.java:415) ~[spring-beans-6.2.11.jar:6.2.11]
	at org.springframework.beans.factory.annotation.InitDestroyAnnotationBeanPostProcessor.postProcessBeforeDestruction(InitDestroyAnnotationBeanPostProcessor.java:239) ~[spring-beans-6.2.11.jar:6.2.11]
	at org.springframework.beans.factory.support.DisposableBeanAdapter.destroy(DisposableBeanAdapter.java:203) ~[spring-beans-6.2.11.jar:6.2.11]
	at org.springframework.beans.factory.support.DisposableBeanAdapter.run(DisposableBeanAdapter.java:196) ~[spring-beans-6.2.11.jar:6.2.11]
	at org.springframework.cloud.context.scope.GenericScope$BeanLifecycleWrapper.destroy(GenericScope.java:389) ~[spring-cloud-context-4.2.0.jar:4.2.0]
	at org.springframework.cloud.context.scope.GenericScope.destroy(GenericScope.java:136) ~[spring-cloud-context-4.2.0.jar:4.2.0]
	at org.springframework.beans.factory.support.DisposableBeanAdapter.destroy(DisposableBeanAdapter.java:212) ~[spring-beans-6.2.11.jar:6.2.11]
	at org.springframework.beans.factory.support.DefaultSingletonBeanRegistry.destroyBean(DefaultSingletonBeanRegistry.java:798) ~[spring-beans-6.2.11.jar:6.2.11]
	at org.springframework.beans.factory.support.DefaultSingletonBeanRegistry.destroySingleton(DefaultSingletonBeanRegistry.java:748) ~[spring-beans-6.2.11.jar:6.2.11]
	at org.springframework.beans.factory.support.DefaultListableBeanFactory.destroySingleton(DefaultListableBeanFactory.java:1489) ~[spring-beans-6.2.11.jar:6.2.11]
	at org.springframework.beans.factory.support.DefaultSingletonBeanRegistry.destroySingletons(DefaultSingletonBeanRegistry.java:707) ~[spring-beans-6.2.11.jar:6.2.11]
	at org.springframework.beans.factory.support.DefaultListableBeanFactory.destroySingletons(DefaultListableBeanFactory.java:1482) ~[spring-beans-6.2.11.jar:6.2.11]
	at org.springframework.context.support.AbstractApplicationContext.destroyBeans(AbstractApplicationContext.java:1219) ~[spring-context-6.2.11.jar:6.2.11]
	at org.springframework.context.support.AbstractApplicationContext.doClose(AbstractApplicationContext.java:1180) ~[spring-context-6.2.11.jar:6.2.11]
	at org.springframework.boot.web.servlet.context.ServletWebServerApplicationContext.doClose(ServletWebServerApplicationContext.java:179) ~[spring-boot-3.4.10.jar:3.4.10]
	at org.springframework.context.support.AbstractApplicationContext.close(AbstractApplicationContext.java:1126) ~[spring-context-6.2.11.jar:6.2.11]
	at org.springframework.boot.admin.SpringApplicationAdminMXBeanRegistrar$SpringApplicationAdmin.shutdown(SpringApplicationAdminMXBeanRegistrar.java:160) ~[spring-boot-3.4.10.jar:3.4.10]
	at java.base/jdk.internal.reflect.DirectMethodHandleAccessor.invoke(DirectMethodHandleAccessor.java:103) ~[na:na]
	at java.base/java.lang.reflect.Method.invoke(Method.java:580) ~[na:na]
	at sun.reflect.misc.Trampoline.invoke(MethodUtil.java:64) ~[na:na]
	at java.base/jdk.internal.reflect.DirectMethodHandleAccessor.invoke(DirectMethodHandleAccessor.java:103) ~[na:na]
	at java.base/java.lang.reflect.Method.invoke(Method.java:580) ~[na:na]
	at java.base/sun.reflect.misc.MethodUtil.invoke(MethodUtil.java:97) ~[na:na]
	at java.management/com.sun.jmx.mbeanserver.ConvertingMethod.invokeWithOpenReturn(ConvertingMethod.java:193) ~[na:na]
	at java.management/com.sun.jmx.mbeanserver.ConvertingMethod.invokeWithOpenReturn(ConvertingMethod.java:175) ~[na:na]
	at java.management/com.sun.jmx.mbeanserver.MXBeanIntrospector.invokeM2(MXBeanIntrospector.java:115) ~[na:na]
	at java.management/com.sun.jmx.mbeanserver.MXBeanIntrospector.invokeM2(MXBeanIntrospector.java:52) ~[na:na]
	at java.management/com.sun.jmx.mbeanserver.MBeanIntrospector.invokeM(MBeanIntrospector.java:236) ~[na:na]
	at java.management/com.sun.jmx.mbeanserver.PerInterface.invoke(PerInterface.java:138) ~[na:na]
	at java.management/com.sun.jmx.mbeanserver.MBeanSupport.invoke(MBeanSupport.java:252) ~[na:na]
	at java.management/com.sun.jmx.interceptor.DefaultMBeanServerInterceptor.invoke(DefaultMBeanServerInterceptor.java:803) ~[na:na]
	at java.management/com.sun.jmx.mbeanserver.JmxMBeanServer.invoke(JmxMBeanServer.java:802) ~[na:na]
	at java.management.rmi/javax.management.remote.rmi.RMIConnectionImpl.doOperation(RMIConnectionImpl.java:1472) ~[na:na]
	at java.management.rmi/javax.management.remote.rmi.RMIConnectionImpl$PrivilegedOperation.run(RMIConnectionImpl.java:1310) ~[na:na]
	at java.management.rmi/javax.management.remote.rmi.RMIConnectionImpl.doPrivilegedOperation(RMIConnectionImpl.java:1405) ~[na:na]
	at java.management.rmi/javax.management.remote.rmi.RMIConnectionImpl.invoke(RMIConnectionImpl.java:829) ~[na:na]
	at java.base/jdk.internal.reflect.DirectMethodHandleAccessor.invoke(DirectMethodHandleAccessor.java:103) ~[na:na]
	at java.base/java.lang.reflect.Method.invoke(Method.java:580) ~[na:na]
	at java.rmi/sun.rmi.server.UnicastServerRef.dispatch(UnicastServerRef.java:360) ~[na:na]
	at java.rmi/sun.rmi.transport.Transport$1.run(Transport.java:200) ~[na:na]
	at java.rmi/sun.rmi.transport.Transport$1.run(Transport.java:197) ~[na:na]
	at java.base/java.security.AccessController.doPrivileged(AccessController.java:714) ~[na:na]
	at java.rmi/sun.rmi.transport.Transport.serviceCall(Transport.java:196) ~[na:na]
	at java.rmi/sun.rmi.transport.tcp.TCPTransport.handleMessages(TCPTransport.java:598) ~[na:na]
	at java.rmi/sun.rmi.transport.tcp.TCPTransport$ConnectionHandler.run0(TCPTransport.java:844) ~[na:na]
	at java.rmi/sun.rmi.transport.tcp.TCPTransport$ConnectionHandler.lambda$run$0(TCPTransport.java:721) ~[na:na]
	at java.base/java.security.AccessController.doPrivileged(AccessController.java:400) ~[na:na]
	at java.rmi/sun.rmi.transport.tcp.TCPTransport$ConnectionHandler.run(TCPTransport.java:720) ~[na:na]
	at java.base/java.util.concurrent.ThreadPoolExecutor.runWorker(ThreadPoolExecutor.java:1144) ~[na:na]
	at java.base/java.util.concurrent.ThreadPoolExecutor$Worker.run(ThreadPoolExecutor.java:642) ~[na:na]
	at java.base/java.lang.Thread.run(Thread.java:1583) ~[na:na]

2025-10-29T03:20:01.298-05:00  INFO 9244 --- [user-service] [RMI TCP Connection(56)-127.0.0.1] com.netflix.discovery.DiscoveryClient    : Completed shut down of DiscoveryClient
